{
    "distance_to_goal": 10.463052639464793,
    "success": 0.02699228791773779,
    "spl": 0.022659585022989138,
    "ndtw": 0.28053735509988087,
    "path_length": 5.117415346093891,
    "oracle_success": 0.06555269922879177,
    "steps_taken": 182.0
}