{
    "distance_to_goal": 10.779168763779737,
    "success": 0.05398457583547558,
    "spl": 0.049859007479529885,
    "ndtw": 0.29151554168716315,
    "path_length": 5.908795605400387,
    "oracle_success": 0.09640102827763496,
    "steps_taken": 71.51542416452442
}