{
    "distance_to_goal": 10.527935905137834,
    "success": 0.10668380462724936,
    "spl": 0.09200880196199535,
    "ndtw": 0.3334789301920778,
    "path_length": 7.977869073722282,
    "oracle_success": 0.15938303341902313,
    "steps_taken": 59.20051413881748
}