{
    "distance_to_goal": 10.22998424090809,
    "success": 0.12853470437017994,
    "spl": 0.10890305117164527,
    "ndtw": 0.3497618881205047,
    "path_length": 8.230559137720466,
    "oracle_success": 0.17866323907455012,
    "steps_taken": 59.12210796915167
}