{
    "distance_to_goal": 9.844334287765246,
    "success": 0.11696658097686376,
    "spl": 0.09883301896320851,
    "ndtw": 0.36261382471523684,
    "path_length": 7.60307912377091,
    "oracle_success": 0.17737789203084833,
    "steps_taken": 52.412596401028274
}