{
    "distance_to_goal": 10.212002719027064,
    "success": 0.11182519280205655,
    "spl": 0.09553857769004531,
    "ndtw": 0.3491022601849412,
    "path_length": 7.625445777156859,
    "oracle_success": 0.15809768637532134,
    "steps_taken": 56.631105398457585
}