{
    "distance_to_goal": 10.156152161159062,
    "success": 0.14267352185089974,
    "spl": 0.12370994932581524,
    "ndtw": 0.3506557743007558,
    "path_length": 8.195585272734046,
    "oracle_success": 0.19665809768637532,
    "steps_taken": 57.354755784061695
}