{
    "distance_to_goal": 10.083306548202405,
    "success": 0.09768637532133675,
    "spl": 0.08902818888149161,
    "ndtw": 0.36723558281053803,
    "path_length": 6.713571679703638,
    "oracle_success": 0.15424164524421594,
    "steps_taken": 49.577120822622106
}