{
    "distance_to_goal": 9.85520580512469,
    "success": 0.11182519280205655,
    "spl": 0.09593517884888537,
    "ndtw": 0.36042380675449265,
    "path_length": 7.512046103930671,
    "oracle_success": 0.17737789203084833,
    "steps_taken": 55.58997429305913
}