{
    "distance_to_goal": 10.4262136220932,
    "success": 0.03470437017994859,
    "spl": 0.03195577691405125,
    "ndtw": 0.2939027675509878,
    "path_length": 4.651807842097589,
    "oracle_success": 0.06940874035989718,
    "steps_taken": 182.0
}