{
    "distance_to_goal": 8.971034847295682,
    "success": 0.19665809768637532,
    "spl": 0.18223056666267967,
    "ndtw": 0.43663046811756207,
    "path_length": 8.70764437528213,
    "oracle_success": 0.30205655526992287,
    "steps_taken": 63.0694087403599
}