{
    "distance_to_goal": 8.397543033417362,
    "success": 0.2416452442159383,
    "spl": 0.2298666158730491,
    "ndtw": 0.4605342946339431,
    "path_length": 8.140593329657317,
    "oracle_success": 0.3380462724935733,
    "steps_taken": 66.60539845758355
}