{
    "distance_to_goal": 9.048218221776896,
    "success": 0.1370309951060359,
    "spl": 0.12727685877652165,
    "ndtw": 0.4103428545444326,
    "path_length": 7.963920766726927,
    "oracle_success": 0.2561174551386623,
    "steps_taken": 61.264274061990214
}