{
    "distance_to_goal": 8.882288877665996,
    "success": 0.1625,
    "spl": 0.15932279401327062,
    "ndtw": 0.43694609939242596,
    "path_length": 7.771606411418179,
    "oracle_success": 0.2375,
    "steps_taken": 57.3625
}