{
    "distance_to_goal": 8.603180493019847,
    "success": 0.20822622107969152,
    "spl": 0.19596805586374302,
    "ndtw": 0.4587114264037373,
    "path_length": 7.918102975568978,
    "oracle_success": 0.3046272493573265,
    "steps_taken": 57.34575835475579
}