{
    "distance_to_goal": 9.402025110818503,
    "success": 0.2043701799485861,
    "spl": 0.1926326155911981,
    "ndtw": 0.42172423276224924,
    "path_length": 8.704724662217364,
    "oracle_success": 0.3059125964010283,
    "steps_taken": 70.87789203084833
}