{
    "distance_to_goal": 8.851608324050904,
    "success": 0.225,
    "spl": 0.2097889138843314,
    "ndtw": 0.44878079053713443,
    "path_length": 8.264959901038674,
    "oracle_success": 0.325,
    "steps_taken": 67.6875
}