{
    "distance_to_goal": 9.318396457451202,
    "success": 0.1375747688961392,
    "spl": 0.12199386659386408,
    "ndtw": 0.3952975346812531,
    "path_length": 8.597951597253855,
    "oracle_success": 0.23817292006525284,
    "steps_taken": 71.61609570418706
}