{
    "distance_to_goal": 8.844658264483309,
    "success": 0.18380462724935734,
    "spl": 0.17345958367163472,
    "ndtw": 0.43852174784550335,
    "path_length": 8.382435623220456,
    "oracle_success": 0.2776349614395887,
    "steps_taken": 65.98714652956298
}