{
    "distance_to_goal": 10.4450612783432,
    "success": 0.125,
    "spl": 0.1207134969749452,
    "ndtw": 0.3642373260289295,
    "path_length": 8.075277301490132,
    "oracle_success": 0.1875,
    "steps_taken": 66.8875
}