{
    "distance_to_goal": 8.503499595740461,
    "success": 0.21979434447300772,
    "spl": 0.2040308073231088,
    "ndtw": 0.46331789647184735,
    "path_length": 8.339348870871264,
    "oracle_success": 0.3277634961439589,
    "steps_taken": 59.87017994858612
}