{
    "distance_to_goal": 9.037161996029317,
    "success": 0.1375,
    "spl": 0.12669543786728313,
    "ndtw": 0.421475586779255,
    "path_length": 7.90775882508162,
    "oracle_success": 0.2625,
    "steps_taken": 63.5875
}