{
    "distance_to_goal": 8.571984457057974,
    "success": 0.20822622107969152,
    "spl": 0.19385213087133216,
    "ndtw": 0.4501676104185977,
    "path_length": 8.32816794372765,
    "oracle_success": 0.3161953727506427,
    "steps_taken": 59.20565552699229
}