{
    "distance_to_goal": 10.480663638561964,
    "success": 0.1125,
    "spl": 0.1081496792109055,
    "ndtw": 0.36020127425243936,
    "path_length": 9.140181669746482,
    "oracle_success": 0.2125,
    "steps_taken": 65.45
}