{
    "distance_to_goal": 9.518176487833262,
    "success": 0.175,
    "spl": 0.16667037269651916,
    "ndtw": 0.4209408728553853,
    "path_length": 7.672520352108404,
    "oracle_success": 0.2125,
    "steps_taken": 70.075
}