{
    "distance_to_goal": 9.894912567362189,
    "success": 0.1125,
    "spl": 0.10215611340717186,
    "ndtw": 0.36977489209604075,
    "path_length": 8.010904188896529,
    "oracle_success": 0.1875,
    "steps_taken": 64.8375
}