{
    "distance_to_goal": 10.149533536285162,
    "success": 0.1625,
    "spl": 0.15174807972781326,
    "ndtw": 0.393337933485703,
    "path_length": 7.304400236520451,
    "oracle_success": 0.2,
    "steps_taken": 61.5625
}