{
    "distance_to_goal": 8.944308486580848,
    "success": 0.25,
    "spl": 0.23981528783966288,
    "ndtw": 0.44643828334324037,
    "path_length": 7.645727259258274,
    "oracle_success": 0.2625,
    "steps_taken": 58.75
}