{
    "distance_to_goal": 9.620711924817135,
    "success": 0.1408374116367591,
    "spl": 0.13044755647899692,
    "ndtw": 0.3934468512758178,
    "path_length": 7.712455100002807,
    "oracle_success": 0.24850462207721588,
    "steps_taken": 66.09679173463839
}