{
    "distance_to_goal": 8.983459466218527,
    "success": 0.16367591082109842,
    "spl": 0.1513303472220286,
    "ndtw": 0.4237436337168898,
    "path_length": 7.390910337717073,
    "oracle_success": 0.22892876563349646,
    "steps_taken": 59.158238172920065
}