{
    "distance_to_goal": 10.19017169997096,
    "success": 0.1375,
    "spl": 0.13354793208684573,
    "ndtw": 0.36954166605067046,
    "path_length": 8.095008217380382,
    "oracle_success": 0.2,
    "steps_taken": 69.7
}