{
    "distance_to_goal": 9.021356782217564,
    "success": 0.19922879177377892,
    "spl": 0.1860736786581882,
    "ndtw": 0.43894432853121945,
    "path_length": 8.22321849297195,
    "oracle_success": 0.2814910025706941,
    "steps_taken": 63.19922879177378
}