{
    "distance_to_goal": 8.47913326881826,
    "success": 0.2125,
    "spl": 0.20332409086818223,
    "ndtw": 0.4834343958096878,
    "path_length": 6.930676365533257,
    "oracle_success": 0.2875,
    "steps_taken": 50.2375
}