{
    "distance_to_goal": 8.981460067629815,
    "success": 0.2,
    "spl": 0.1855739607535541,
    "ndtw": 0.42708061584360857,
    "path_length": 7.396967928204686,
    "oracle_success": 0.2625,
    "steps_taken": 59.85
}