{
    "distance_to_goal": 8.96930769942701,
    "success": 0.225,
    "spl": 0.21255823062010268,
    "ndtw": 0.4593498933508534,
    "path_length": 7.586734195356257,
    "oracle_success": 0.2875,
    "steps_taken": 53.325
}