{
    "distance_to_goal": 9.099183687195183,
    "success": 0.1875,
    "spl": 0.17836663287457996,
    "ndtw": 0.4502364349653848,
    "path_length": 6.952297957334667,
    "oracle_success": 0.2625,
    "steps_taken": 46.025
}