{
    "distance_to_goal": 8.95121024865657,
    "success": 0.2125,
    "spl": 0.19802938736092282,
    "ndtw": 0.45603051817784523,
    "path_length": 7.698705762450118,
    "oracle_success": 0.3125,
    "steps_taken": 58.6
}