{
    "distance_to_goal": 9.145737341791392,
    "success": 0.1875,
    "spl": 0.1802624130966692,
    "ndtw": 0.4547808526323241,
    "path_length": 7.071808329317719,
    "oracle_success": 0.2875,
    "steps_taken": 49.9375
}