{
    "distance_to_goal": 9.117478101108631,
    "success": 0.15171288743882544,
    "spl": 0.14081573359551455,
    "ndtw": 0.4145305483158918,
    "path_length": 6.61698328316001,
    "oracle_success": 0.18923327895595432,
    "steps_taken": 51.125611745513865
}