{
    "distance_to_goal": 8.851884833686439,
    "success": 0.15388798259923872,
    "spl": 0.14312098945760635,
    "ndtw": 0.42537427609861,
    "path_length": 6.699786963097722,
    "oracle_success": 0.19956498096791733,
    "steps_taken": 54.51604132680805
}