{
    "distance_to_goal": 9.07219201400876,
    "success": 0.175,
    "spl": 0.1634498831523426,
    "ndtw": 0.44436018046569686,
    "path_length": 7.493652641115477,
    "oracle_success": 0.25,
    "steps_taken": 51.7875
}