{
    "distance_to_goal": 9.152877156436443,
    "success": 0.1125,
    "spl": 0.10441686390452094,
    "ndtw": 0.41532125073919957,
    "path_length": 7.235719019389944,
    "oracle_success": 0.225,
    "steps_taken": 54.725
}