{
    "distance_to_goal": 8.436342012453201,
    "success": 0.19665809768637532,
    "spl": 0.1870633680541656,
    "ndtw": 0.46901856723435803,
    "path_length": 7.471613592859404,
    "oracle_success": 0.2750642673521851,
    "steps_taken": 54.577120822622106
}