{
    "distance_to_goal": 8.072853804381618,
    "success": 0.2069408740359897,
    "spl": 0.1989798188218632,
    "ndtw": 0.48693881402630346,
    "path_length": 7.17508460703214,
    "oracle_success": 0.2776349614395887,
    "steps_taken": 50.4293059125964
}