{
    "distance_to_goal": 8.97426956553314,
    "success": 0.1533442088091354,
    "spl": 0.144149857394741,
    "ndtw": 0.420165248992921,
    "path_length": 6.524287301049104,
    "oracle_success": 0.19684611201740077,
    "steps_taken": 52.20445894507885
}