{
    "distance_to_goal": 9.261319929361344,
    "success": 0.175,
    "spl": 0.16929097947964472,
    "ndtw": 0.43614015573248077,
    "path_length": 7.539538477943279,
    "oracle_success": 0.25,
    "steps_taken": 51.9875
}