{
    "distance_to_goal": 8.851173534616828,
    "success": 0.2,
    "spl": 0.19099836847684037,
    "ndtw": 0.4703198840034644,
    "path_length": 6.786036345624598,
    "oracle_success": 0.2625,
    "steps_taken": 50.2625
}