{
    "distance_to_goal": 9.395252526178956,
    "success": 0.1625,
    "spl": 0.15056544888976495,
    "ndtw": 0.4374189839464492,
    "path_length": 7.486969872493205,
    "oracle_success": 0.25,
    "steps_taken": 56.5625
}