{
    "distance_to_goal": 8.095105232742728,
    "success": 0.2133676092544987,
    "spl": 0.20258350526870436,
    "ndtw": 0.4823774254890505,
    "path_length": 7.309275563618858,
    "oracle_success": 0.31362467866323906,
    "steps_taken": 54.254498714652954
}