{
    "distance_to_goal": 8.66600592173636,
    "success": 0.1875,
    "spl": 0.1751694570897587,
    "ndtw": 0.4637480595528494,
    "path_length": 7.457357846060768,
    "oracle_success": 0.2875,
    "steps_taken": 56.5625
}