{
    "distance_to_goal": 8.307653675866158,
    "success": 0.19665809768637532,
    "spl": 0.18768713117620683,
    "ndtw": 0.4664667959547001,
    "path_length": 7.456634482418815,
    "oracle_success": 0.2802056555269923,
    "steps_taken": 53.53598971722365
}