{
    "distance_to_goal": 8.187640896531487,
    "success": 0.19408740359897173,
    "spl": 0.18588267130721772,
    "ndtw": 0.47277360275898916,
    "path_length": 6.868668131152464,
    "oracle_success": 0.2699228791773779,
    "steps_taken": 49.145244215938305
}