{
    "distance_to_goal": 8.096181670237323,
    "success": 0.2236503856041131,
    "spl": 0.21502800627553884,
    "ndtw": 0.48611088476259534,
    "path_length": 7.361804839108063,
    "oracle_success": 0.2917737789203085,
    "steps_taken": 54.84961439588689
}