{
    "distance_to_goal": 9.510375402495265,
    "success": 0.1625,
    "spl": 0.15495644099699993,
    "ndtw": 0.43477458715497763,
    "path_length": 7.436942975432612,
    "oracle_success": 0.225,
    "steps_taken": 51.45
}