{
    "distance_to_goal": 9.035438313164615,
    "success": 0.1631321370309951,
    "spl": 0.15318249358955024,
    "ndtw": 0.42407668162996226,
    "path_length": 6.737217955243698,
    "oracle_success": 0.20282762370853724,
    "steps_taken": 54.26753670473083
}