{
    "distance_to_goal": 8.536353624984622,
    "success": 0.2125,
    "spl": 0.20764133875511837,
    "ndtw": 0.4790699243809605,
    "path_length": 7.075041893683374,
    "oracle_success": 0.275,
    "steps_taken": 50.7875
}