{
    "distance_to_goal": 9.594147301651537,
    "success": 0.2125,
    "spl": 0.19437264189751258,
    "ndtw": 0.41955814770081207,
    "path_length": 7.041696875618072,
    "oracle_success": 0.275,
    "steps_taken": 58.2
}