{
    "distance_to_goal": 9.178394851833582,
    "success": 0.1875,
    "spl": 0.18013378476940728,
    "ndtw": 0.43697797068248406,
    "path_length": 6.909314145840471,
    "oracle_success": 0.2375,
    "steps_taken": 49.275
}