{
    "distance_to_goal": 7.960669924138751,
    "success": 0.2326478149100257,
    "spl": 0.22255232473526937,
    "ndtw": 0.4960105708976717,
    "path_length": 7.284017339977901,
    "oracle_success": 0.3097686375321337,
    "steps_taken": 51.82133676092545
}