{
    "distance_to_goal": 9.515120503678919,
    "success": 0.1125,
    "spl": 0.1062758503037374,
    "ndtw": 0.4262260655546113,
    "path_length": 7.411067209218163,
    "oracle_success": 0.225,
    "steps_taken": 55.925
}