{
    "distance_to_goal": 9.389305361732841,
    "success": 0.175,
    "spl": 0.1608544933427669,
    "ndtw": 0.4307534953084362,
    "path_length": 7.393385234246715,
    "oracle_success": 0.2125,
    "steps_taken": 58.2625
}