{
    "distance_to_goal": 9.886486972868443,
    "success": 0.1625,
    "spl": 0.14767989975231532,
    "ndtw": 0.41168229804772694,
    "path_length": 7.125106663786573,
    "oracle_success": 0.2125,
    "steps_taken": 50.5
}