{
    "distance_to_goal": 9.63432702049613,
    "success": 0.1125,
    "spl": 0.10483932790911332,
    "ndtw": 0.408778534437553,
    "path_length": 7.431310003402177,
    "oracle_success": 0.2125,
    "steps_taken": 59.4875
}