{
    "distance_to_goal": 8.970064429193735,
    "success": 0.225,
    "spl": 0.21707380258573097,
    "ndtw": 0.4595330450700281,
    "path_length": 7.3709772681759205,
    "oracle_success": 0.275,
    "steps_taken": 54.5875
}