{
    "distance_to_goal": 7.890790093718887,
    "success": 0.2043701799485861,
    "spl": 0.1963606146457146,
    "ndtw": 0.4992651613232111,
    "path_length": 6.658948253638116,
    "oracle_success": 0.27249357326478146,
    "steps_taken": 47.93958868894602
}