{
    "distance_to_goal": 8.80390272643417,
    "success": 0.2125,
    "spl": 0.20149565559550003,
    "ndtw": 0.46267459554092866,
    "path_length": 7.064675563352648,
    "oracle_success": 0.2625,
    "steps_taken": 51.425
}