{
    "distance_to_goal": 9.18444081582129,
    "success": 0.1625,
    "spl": 0.15811397397243934,
    "ndtw": 0.4415272997307459,
    "path_length": 7.146300042289653,
    "oracle_success": 0.2375,
    "steps_taken": 51.75
}