{
    "distance_to_goal": 9.476162111014128,
    "success": 0.15,
    "spl": 0.14428156488668523,
    "ndtw": 0.401094720193128,
    "path_length": 7.782780542830006,
    "oracle_success": 0.2625,
    "steps_taken": 47.6375
}