{
    "distance_to_goal": 9.928039262257517,
    "success": 0.1375,
    "spl": 0.12853066692477658,
    "ndtw": 0.3786170138139363,
    "path_length": 8.318462764452851,
    "oracle_success": 0.2,
    "steps_taken": 61.55
}