{
    "distance_to_goal": 9.907074630819261,
    "success": 0.1375,
    "spl": 0.13193889449496915,
    "ndtw": 0.389616890945954,
    "path_length": 8.337290224293247,
    "oracle_success": 0.225,
    "steps_taken": 63.4375
}