{
    "distance_to_goal": 8.619472290016711,
    "success": 0.225,
    "spl": 0.21405273714919182,
    "ndtw": 0.46721856847453813,
    "path_length": 8.247672015801072,
    "oracle_success": 0.3625,
    "steps_taken": 59.25
}