{
    "distance_to_goal": 9.798760985583067,
    "success": 0.1625,
    "spl": 0.15254637550788605,
    "ndtw": 0.3861126553198924,
    "path_length": 8.361418780952226,
    "oracle_success": 0.2125,
    "steps_taken": 60.4
}