{
    "distance_to_goal": 8.704231543652714,
    "success": 0.175,
    "spl": 0.1714330418743773,
    "ndtw": 0.45387519598151255,
    "path_length": 7.824882775335572,
    "oracle_success": 0.2875,
    "steps_taken": 61.4875
}