{
    "distance_to_goal": 9.182455517537893,
    "success": 0.2125,
    "spl": 0.20109690746281572,
    "ndtw": 0.4450944234050054,
    "path_length": 8.417132746370044,
    "oracle_success": 0.325,
    "steps_taken": 69.65
}