{
    "distance_to_goal": 8.968435315554123,
    "success": 0.16966580976863754,
    "spl": 0.1603806435729236,
    "ndtw": 0.4420415047896845,
    "path_length": 8.215763243561614,
    "oracle_success": 0.2866323907455013,
    "steps_taken": 61.74807197943445
}