{
    "distance_to_goal": 8.660508413700947,
    "success": 0.20822622107969152,
    "spl": 0.19209316155603845,
    "ndtw": 0.45417212556472203,
    "path_length": 8.383014569707688,
    "oracle_success": 0.3161953727506427,
    "steps_taken": 64.206940874036
}