{
    "distance_to_goal": 9.361987088806927,
    "success": 0.125,
    "spl": 0.1136676764557731,
    "ndtw": 0.4144934901349667,
    "path_length": 7.608201067242772,
    "oracle_success": 0.2625,
    "steps_taken": 59.075
}