{
    "distance_to_goal": 8.799025060422718,
    "success": 0.2375,
    "spl": 0.2266400531699284,
    "ndtw": 0.4618989356950555,
    "path_length": 8.684606798109598,
    "oracle_success": 0.3625,
    "steps_taken": 55.5875
}