{
    "distance_to_goal": 9.793145647644996,
    "success": 0.1375,
    "spl": 0.12744191016177192,
    "ndtw": 0.3728298850421491,
    "path_length": 8.048665142216487,
    "oracle_success": 0.2625,
    "steps_taken": 64.2875
}