{
    "distance_to_goal": 9.125531110726296,
    "success": 0.2125,
    "spl": 0.20011576068920034,
    "ndtw": 0.45891327710386126,
    "path_length": 8.41121026945766,
    "oracle_success": 0.3375,
    "steps_taken": 65.4875
}