{
    "distance_to_goal": 9.432851694896817,
    "success": 0.15,
    "spl": 0.14198560087848897,
    "ndtw": 0.40982294654080675,
    "path_length": 8.489887967763934,
    "oracle_success": 0.2875,
    "steps_taken": 61.7375
}