{
    "distance_to_goal": 9.979519741732249,
    "success": 0.12833061446438282,
    "spl": 0.1149953016992975,
    "ndtw": 0.3753217601168411,
    "path_length": 8.607539052138605,
    "oracle_success": 0.24361065796628603,
    "steps_taken": 63.94725394235998
}