{
    "distance_to_goal": 9.658769016160694,
    "success": 0.14192495921696574,
    "spl": 0.12852834670735755,
    "ndtw": 0.3862970045175911,
    "path_length": 7.770075793274049,
    "oracle_success": 0.22240348015225667,
    "steps_taken": 60.73300706905927
}