{
    "distance_to_goal": 9.078757993131877,
    "success": 0.1875,
    "spl": 0.17218898940680868,
    "ndtw": 0.4281305847947367,
    "path_length": 8.17070269412361,
    "oracle_success": 0.3125,
    "steps_taken": 62.5875
}