{
    "distance_to_goal": 8.629325336590409,
    "success": 0.2375,
    "spl": 0.2204938707185379,
    "ndtw": 0.47735325403146983,
    "path_length": 8.00327707556348,
    "oracle_success": 0.3625,
    "steps_taken": 59.725
}