{
    "distance_to_goal": 8.709099758975208,
    "success": 0.2125,
    "spl": 0.2057466539598316,
    "ndtw": 0.4270907137778819,
    "path_length": 8.567602315708964,
    "oracle_success": 0.3125,
    "steps_taken": 67.1375
}