{
    "distance_to_goal": 8.952186203747988,
    "success": 0.1625,
    "spl": 0.15944240982809763,
    "ndtw": 0.4225480592075092,
    "path_length": 9.222118031070568,
    "oracle_success": 0.3375,
    "steps_taken": 59.0625
}