{
    "distance_to_goal": 8.345618890746854,
    "success": 0.2403598971722365,
    "spl": 0.22728686748652463,
    "ndtw": 0.47354975911448294,
    "path_length": 8.713224096269355,
    "oracle_success": 0.3676092544987147,
    "steps_taken": 58.65167095115681
}