{
    "distance_to_goal": 9.067445512488485,
    "success": 0.1875,
    "spl": 0.17997760450917147,
    "ndtw": 0.44040763872604416,
    "path_length": 7.682758060493507,
    "oracle_success": 0.2625,
    "steps_taken": 50.2125
}