{
    "distance_to_goal": 9.150293272361159,
    "success": 0.175,
    "spl": 0.1671873568555969,
    "ndtw": 0.44177782768631735,
    "path_length": 8.512434452492744,
    "oracle_success": 0.3375,
    "steps_taken": 56.775
}