{
    "distance_to_goal": 10.305747739598155,
    "success": 0.075,
    "spl": 0.06927529143155477,
    "ndtw": 0.37733714442889643,
    "path_length": 8.441526387899648,
    "oracle_success": 0.2125,
    "steps_taken": 58.2875
}