{
    "distance_to_goal": 8.794117169928734,
    "success": 0.2377892030848329,
    "spl": 0.22490113747262414,
    "ndtw": 0.45163166080501005,
    "path_length": 9.403431721481025,
    "oracle_success": 0.39331619537275064,
    "steps_taken": 62.65552699228792
}