{
    "distance_to_goal": 9.360410901904107,
    "success": 0.15,
    "spl": 0.14096688742293734,
    "ndtw": 0.43640339593825006,
    "path_length": 7.514317761303391,
    "oracle_success": 0.2375,
    "steps_taken": 53.325
}