{
    "distance_to_goal": 9.830448298156261,
    "success": 0.1125,
    "spl": 0.10843564022551469,
    "ndtw": 0.3864464468168368,
    "path_length": 8.784934813703876,
    "oracle_success": 0.225,
    "steps_taken": 67.8
}