{
    "distance_to_goal": 9.734788064377472,
    "success": 0.13866231647634583,
    "spl": 0.12847105018399493,
    "ndtw": 0.3980871046291049,
    "path_length": 7.896845407058954,
    "oracle_success": 0.2234910277324633,
    "steps_taken": 61.57911908646003
}