{
    "distance_to_goal": 9.142211093567312,
    "success": 0.1125,
    "spl": 0.11149299724272321,
    "ndtw": 0.4359275780762525,
    "path_length": 8.519173796661198,
    "oracle_success": 0.3125,
    "steps_taken": 53.175
}