{
    "distance_to_goal": 9.925701425224542,
    "success": 0.1625,
    "spl": 0.15850396563975427,
    "ndtw": 0.42018764933717234,
    "path_length": 7.791757144895382,
    "oracle_success": 0.225,
    "steps_taken": 59.95
}