{
    "distance_to_goal": 8.31628143563292,
    "success": 0.2365038560411311,
    "spl": 0.22152253411142137,
    "ndtw": 0.47234810389565957,
    "path_length": 8.663475802407524,
    "oracle_success": 0.3676092544987147,
    "steps_taken": 61.6426735218509
}