{
    "distance_to_goal": 8.485625742506093,
    "success": 0.2210796915167095,
    "spl": 0.2096637663767649,
    "ndtw": 0.46556288553379405,
    "path_length": 8.274360440251877,
    "oracle_success": 0.32390745501285345,
    "steps_taken": 60.73778920308483
}