{
    "distance_to_goal": 8.738631783402823,
    "success": 0.2185089974293059,
    "spl": 0.203085550562201,
    "ndtw": 0.45744039640767786,
    "path_length": 8.596058809131403,
    "oracle_success": 0.3226221079691517,
    "steps_taken": 66.50899742930591
}