{
    "distance_to_goal": 8.947601934336125,
    "success": 0.2125,
    "spl": 0.20554151014775296,
    "ndtw": 0.45438629077244946,
    "path_length": 8.185418027080596,
    "oracle_success": 0.3125,
    "steps_taken": 61.4625
}