{
    "distance_to_goal": 8.795297236342204,
    "success": 0.17352185089974292,
    "spl": 0.1648189758267348,
    "ndtw": 0.41005859871780737,
    "path_length": 8.547872318519453,
    "oracle_success": 0.2943444730077121,
    "steps_taken": 66.58226221079691
}