{
    "distance_to_goal": 9.274889250844717,
    "success": 0.25,
    "spl": 0.22900903696688008,
    "ndtw": 0.4404902280485283,
    "path_length": 9.350989380059763,
    "oracle_success": 0.375,
    "steps_taken": 60.0625
}