{
    "distance_to_goal": 9.066456775871258,
    "success": 0.17346383904295812,
    "spl": 0.15788690809516545,
    "ndtw": 0.41484339698401057,
    "path_length": 8.084455569667975,
    "oracle_success": 0.2523110386079391,
    "steps_taken": 63.00598151169114
}