{
    "distance_to_goal": 9.186109055578708,
    "success": 0.1125,
    "spl": 0.10309866709579577,
    "ndtw": 0.4338489376919178,
    "path_length": 9.167752450599801,
    "oracle_success": 0.325,
    "steps_taken": 70.725
}