{
    "distance_to_goal": 10.220736411282827,
    "success": 0.10411311053984576,
    "spl": 0.09722663171956503,
    "ndtw": 0.35988872857621995,
    "path_length": 7.507626664890581,
    "oracle_success": 0.17866323907455012,
    "steps_taken": 65.18380462724936
}