{
    "distance_to_goal": 10.812850548897734,
    "success": 0.08611825192802057,
    "spl": 0.07543428528223493,
    "ndtw": 0.3254979266520795,
    "path_length": 9.14793641614225,
    "oracle_success": 0.2326478149100257,
    "steps_taken": 85.83933161953728
}