{
    "distance_to_goal": 9.769136778110097,
    "success": 0.12982005141388175,
    "spl": 0.11911970771861821,
    "ndtw": 0.36449057544436925,
    "path_length": 8.605661914544932,
    "oracle_success": 0.24293059125964012,
    "steps_taken": 67.94087403598972
}