{
    "distance_to_goal": 7.065731902917226,
    "success": 0.3333333333333333,
    "spl": 0.3333333333333333,
    "ndtw": 0.5692936195147219,
    "path_length": 9.332935972643705,
    "oracle_success": 0.3333333333333333,
    "steps_taken": 79.33333333333333
}