{
    "distance_to_goal": 5.207878957192103,
    "success": 0.16666666666666666,
    "spl": 0.16666666666666666,
    "ndtw": 0.6791951904355433,
    "path_length": 8.817025313774744,
    "oracle_success": 0.16666666666666666,
    "steps_taken": 76.83333333333333
}