{
    "distance_to_goal": 8.801263213157654,
    "success": 0.16666666666666666,
    "spl": 0.16666666666666666,
    "ndtw": 0.4188125392882462,
    "path_length": 8.612699516117573,
    "oracle_success": 0.3333333333333333,
    "steps_taken": 70.66666666666667
}