{
    "distance_to_goal": 9.395776423811913,
    "success": 0.1375,
    "spl": 0.13387899672977868,
    "ndtw": 0.41572119349946446,
    "path_length": 7.140662617101704,
    "oracle_success": 0.25,
    "steps_taken": 66.25
}