{
    "distance_to_goal": 8.643642499726889,
    "success": 0.17609254498714652,
    "spl": 0.1619620862679441,
    "ndtw": 0.43961125159732983,
    "path_length": 7.424478916183219,
    "oracle_success": 0.2455012853470437,
    "steps_taken": 70.86375321336762
}