{
    "distance_to_goal": 9.054623810368517,
    "success": 0.17480719794344474,
    "spl": 0.16261687401019778,
    "ndtw": 0.4158111919843128,
    "path_length": 8.376173721797224,
    "oracle_success": 0.3046272493573265,
    "steps_taken": 83.82262210796915
}