{
    "distance_to_goal": 9.373032384365796,
    "success": 0.1875,
    "spl": 0.16924132617798276,
    "ndtw": 0.4257770179125585,
    "path_length": 7.532506204167147,
    "oracle_success": 0.2625,
    "steps_taken": 73.925
}