{
    "distance_to_goal": 10.107042510807513,
    "success": 0.125,
    "spl": 0.11938864014732871,
    "ndtw": 0.3750495712387801,
    "path_length": 8.111294368460076,
    "oracle_success": 0.1875,
    "steps_taken": 70.125
}