{
    "distance_to_goal": 8.876270733946086,
    "success": 0.17480719794344474,
    "spl": 0.15799241658158172,
    "ndtw": 0.42832121930288364,
    "path_length": 7.374627342786167,
    "oracle_success": 0.2596401028277635,
    "steps_taken": 70.94858611825192
}