{
    "distance_to_goal": 8.396846179024418,
    "success": 0.17994858611825193,
    "spl": 0.167114954221921,
    "ndtw": 0.45284912983132036,
    "path_length": 6.74419633676345,
    "oracle_success": 0.2365038560411311,
    "steps_taken": 64.90488431876607
}