{
    "distance_to_goal": 8.560229426790938,
    "success": 0.1928020565552699,
    "spl": 0.17656517053641035,
    "ndtw": 0.4413807891774958,
    "path_length": 7.529515823456941,
    "oracle_success": 0.2892030848329049,
    "steps_taken": 71.02570694087403
}