{
    "distance_to_goal": 9.88864085227251,
    "success": 0.15,
    "spl": 0.14091391490658825,
    "ndtw": 0.4004495702384192,
    "path_length": 8.306076339585706,
    "oracle_success": 0.2125,
    "steps_taken": 71.0875
}