{
    "distance_to_goal": 9.135862031579018,
    "success": 0.125,
    "spl": 0.11107397771114451,
    "ndtw": 0.42607867582710357,
    "path_length": 6.555283702820033,
    "oracle_success": 0.1875,
    "steps_taken": 60.1625
}