{
    "distance_to_goal": 8.95629039183259,
    "success": 0.1875,
    "spl": 0.17699846975345143,
    "ndtw": 0.45290044651686595,
    "path_length": 6.842881954421057,
    "oracle_success": 0.2375,
    "steps_taken": 63.25
}