{
    "distance_to_goal": 9.121725752645858,
    "success": 0.11691136487221315,
    "spl": 0.10262750142592647,
    "ndtw": 0.38916450616992737,
    "path_length": 6.8227188291001815,
    "oracle_success": 0.1756389342033714,
    "steps_taken": 73.5589994562262
}