{
    "distance_to_goal": 8.994129710339948,
    "success": 0.18637532133676094,
    "spl": 0.16969358316419972,
    "ndtw": 0.4132695460558422,
    "path_length": 7.4889832458629355,
    "oracle_success": 0.2570694087403599,
    "steps_taken": 70.09383033419023
}