{
    "distance_to_goal": 9.022783689200878,
    "success": 0.1125,
    "spl": 0.11066324384778081,
    "ndtw": 0.4309879830592035,
    "path_length": 6.006659570196644,
    "oracle_success": 0.1875,
    "steps_taken": 50.55
}