{
    "distance_to_goal": 9.40645141415298,
    "success": 0.1375,
    "spl": 0.1175875026597523,
    "ndtw": 0.39025792852218993,
    "path_length": 8.315540239557528,
    "oracle_success": 0.275,
    "steps_taken": 72.675
}