{
    "distance_to_goal": 9.487790361791848,
    "success": 0.1125,
    "spl": 0.09286786013168971,
    "ndtw": 0.40595517617802523,
    "path_length": 8.040681224018476,
    "oracle_success": 0.2375,
    "steps_taken": 70.425
}