{
    "distance_to_goal": 10.913178317993879,
    "success": 0.075,
    "spl": 0.0708358766173695,
    "ndtw": 0.32733703261319913,
    "path_length": 8.354224427115502,
    "oracle_success": 0.2125,
    "steps_taken": 84.425
}