{
    "distance_to_goal": 8.754063605457775,
    "success": 0.17352185089974292,
    "spl": 0.16379470690627027,
    "ndtw": 0.4317045173813651,
    "path_length": 7.476551630543502,
    "oracle_success": 0.2609254498714653,
    "steps_taken": 64.54241645244215
}