{
    "distance_to_goal": 9.515094805551392,
    "success": 0.11854268624252311,
    "spl": 0.10776114032049516,
    "ndtw": 0.3753872243686185,
    "path_length": 7.0150853785072265,
    "oracle_success": 0.18379554105492116,
    "steps_taken": 75.22729744426319
}