{
    "distance_to_goal": 9.94276960529387,
    "success": 0.15,
    "spl": 0.1430396580278548,
    "ndtw": 0.39737375915046114,
    "path_length": 8.885238053614739,
    "oracle_success": 0.2375,
    "steps_taken": 79.4625
}