{
    "distance_to_goal": 9.549457815568895,
    "success": 0.1625,
    "spl": 0.1429061540957755,
    "ndtw": 0.41432312428210627,
    "path_length": 6.171722409413566,
    "oracle_success": 0.1875,
    "steps_taken": 61.8375
}