{
    "distance_to_goal": 9.475732062011957,
    "success": 0.2125,
    "spl": 0.1858605599736952,
    "ndtw": 0.40663265595404186,
    "path_length": 7.469645371071238,
    "oracle_success": 0.2875,
    "steps_taken": 68.9125
}