{
    "distance_to_goal": 9.174817243733765,
    "success": 0.11473626971179988,
    "spl": 0.10876694337547634,
    "ndtw": 0.3997146353055236,
    "path_length": 6.414686097375033,
    "oracle_success": 0.16639477977161501,
    "steps_taken": 71.2126155519304
}