{
    "distance_to_goal": 8.825726935635188,
    "success": 0.20308483290488433,
    "spl": 0.18827189292193094,
    "ndtw": 0.42721773089733367,
    "path_length": 7.470692080097051,
    "oracle_success": 0.2583547557840617,
    "steps_taken": 72.8611825192802
}