{
    "distance_to_goal": 9.424954119763859,
    "success": 0.1120174007612833,
    "spl": 0.10234283324600771,
    "ndtw": 0.374049404056823,
    "path_length": 7.0628256833405025,
    "oracle_success": 0.17944535073409462,
    "steps_taken": 73.573681348559
}