{
    "distance_to_goal": 10.450484149158001,
    "success": 0.075,
    "spl": 0.0743208707362937,
    "ndtw": 0.3744294682261865,
    "path_length": 8.264411620857295,
    "oracle_success": 0.2125,
    "steps_taken": 78.0375
}