{
    "distance_to_goal": 8.64795013219118,
    "success": 0.2125,
    "spl": 0.19467261480044976,
    "ndtw": 0.47215420871322145,
    "path_length": 7.2108358617639166,
    "oracle_success": 0.2375,
    "steps_taken": 50.3625
}