{
    "distance_to_goal": 8.101016089692711,
    "success": 0.1625,
    "spl": 0.16067878994341456,
    "ndtw": 0.4965445548470315,
    "path_length": 4.989717945159645,
    "oracle_success": 0.1625,
    "steps_taken": 35.275
}