{
    "distance_to_goal": 9.806151643022895,
    "success": 0.1125,
    "spl": 0.10164724852012288,
    "ndtw": 0.3976798190638123,
    "path_length": 8.443642314709724,
    "oracle_success": 0.2375,
    "steps_taken": 54.5375
}