{
    "distance_to_goal": 8.754007276421076,
    "success": 0.1533442088091354,
    "spl": 0.1472071818979477,
    "ndtw": 0.43823165253892377,
    "path_length": 5.7790394109879495,
    "oracle_success": 0.1859706362153344,
    "steps_taken": 40.99347471451876
}