{
    "distance_to_goal": 8.128278278120838,
    "success": 0.2275064267352185,
    "spl": 0.21825231598340575,
    "ndtw": 0.49751474394147716,
    "path_length": 6.678947234938641,
    "oracle_success": 0.2660668380462725,
    "steps_taken": 45.991002570694086
}