{
    "distance_to_goal": 7.7911859950323645,
    "success": 0.19665809768637532,
    "spl": 0.1928502476222798,
    "ndtw": 0.4955315109335209,
    "path_length": 5.010476691499921,
    "oracle_success": 0.2120822622107969,
    "steps_taken": 34.49228791773779
}