{
    "distance_to_goal": 9.537943186797202,
    "success": 0.1875,
    "spl": 0.17020913091759926,
    "ndtw": 0.41037923519365105,
    "path_length": 8.467531103092188,
    "oracle_success": 0.325,
    "steps_taken": 62.175
}