{
    "distance_to_goal": 9.648378156883163,
    "success": 0.16476345840130505,
    "spl": 0.1472851495192443,
    "ndtw": 0.38433044154161633,
    "path_length": 8.15146208713986,
    "oracle_success": 0.2365415986949429,
    "steps_taken": 59.64056552474171
}