{
    "distance_to_goal": 8.931678419932723,
    "success": 0.1875,
    "spl": 0.17677633582016533,
    "ndtw": 0.46149755638022255,
    "path_length": 6.631692678667605,
    "oracle_success": 0.2125,
    "steps_taken": 46.6625
}