{
    "distance_to_goal": 8.496264510897918,
    "success": 0.14355628058727568,
    "spl": 0.1352919781864988,
    "ndtw": 0.44500508204854217,
    "path_length": 6.239849530582544,
    "oracle_success": 0.18977705274605763,
    "steps_taken": 47.69222403480152
}