{
    "distance_to_goal": 8.251669324934483,
    "success": 0.2,
    "spl": 0.2,
    "ndtw": 0.4905255969270478,
    "path_length": 5.289034014055505,
    "oracle_success": 0.2125,
    "steps_taken": 35.3625
}