{
    "distance_to_goal": 8.334366987645627,
    "success": 0.175,
    "spl": 0.17172083470128033,
    "ndtw": 0.48140667938794274,
    "path_length": 5.106332594668492,
    "oracle_success": 0.1875,
    "steps_taken": 37.2
}