{
    "distance_to_goal": 6.028583983580272,
    "success": 0.3333333333333333,
    "spl": 0.3333333333333333,
    "ndtw": 0.6592439377938067,
    "path_length": 9.392259299755096,
    "oracle_success": 0.3333333333333333,
    "steps_taken": 62.666666666666664
}