{
    "distance_to_goal": 9.687939290329814,
    "success": 0.2125,
    "spl": 0.1978298593584013,
    "ndtw": 0.42241676743977896,
    "path_length": 8.406504192495778,
    "oracle_success": 0.3125,
    "steps_taken": 67.475
}