{
    "distance_to_goal": 9.55805105343461,
    "success": 0.2375,
    "spl": 0.21143360866597583,
    "ndtw": 0.4278577296992325,
    "path_length": 7.910353077482432,
    "oracle_success": 0.275,
    "steps_taken": 74.7375
}