{
    "distance_to_goal": 8.964800115090563,
    "success": 0.23136246786632392,
    "spl": 0.21609241134211674,
    "ndtw": 0.44941632508879026,
    "path_length": 8.515433848086218,
    "oracle_success": 0.30848329048843187,
    "steps_taken": 69.6478149100257
}