{
    "distance_to_goal": 9.634369450807572,
    "success": 0.1875,
    "spl": 0.17279339284044926,
    "ndtw": 0.42166513933616834,
    "path_length": 7.802506443136371,
    "oracle_success": 0.275,
    "steps_taken": 58.05
}