{
    "distance_to_goal": 8.752810664474964,
    "success": 0.2125,
    "spl": 0.19355635682715538,
    "ndtw": 0.4657540334540714,
    "path_length": 7.955155561480206,
    "oracle_success": 0.2375,
    "steps_taken": 58.95
}