{
    "distance_to_goal": 9.186320008565188,
    "success": 0.13213703099510604,
    "spl": 0.12485031057210527,
    "ndtw": 0.4131642171044455,
    "path_length": 7.394714172505779,
    "oracle_success": 0.20989668297988037,
    "steps_taken": 63.86731919521479
}