{
    "distance_to_goal": 8.451989587444267,
    "success": 0.23393316195372751,
    "spl": 0.217372790948635,
    "ndtw": 0.47742652460442353,
    "path_length": 8.263088518693142,
    "oracle_success": 0.3341902313624679,
    "steps_taken": 62.401028277634964
}