{
    "distance_to_goal": 8.798862341791391,
    "success": 0.175,
    "spl": 0.16459940185460342,
    "ndtw": 0.45018795035290704,
    "path_length": 7.620335977408104,
    "oracle_success": 0.2375,
    "steps_taken": 63.4375
}