{
    "distance_to_goal": 9.817429291628313,
    "success": 0.13594344752582926,
    "spl": 0.12312508276792004,
    "ndtw": 0.3893852206940115,
    "path_length": 8.232610215269933,
    "oracle_success": 0.21750951604132682,
    "steps_taken": 71.82436106579662
}