{
    "distance_to_goal": 9.406226801963005,
    "success": 0.15171288743882544,
    "spl": 0.13977160186579324,
    "ndtw": 0.41040221856564013,
    "path_length": 7.593510676007095,
    "oracle_success": 0.22729744426318652,
    "steps_taken": 68.23436650353453
}