{
    "distance_to_goal": 8.865628770679466,
    "success": 0.1953727506426735,
    "spl": 0.18043081843034356,
    "ndtw": 0.4489411301554713,
    "path_length": 8.560499861589259,
    "oracle_success": 0.3110539845758355,
    "steps_taken": 62.30719794344473
}