{
    "distance_to_goal": 9.229710636567324,
    "success": 0.2375,
    "spl": 0.21869544855021816,
    "ndtw": 0.43666106293961066,
    "path_length": 8.011296084825881,
    "oracle_success": 0.325,
    "steps_taken": 56.8625
}