{
    "distance_to_goal": 9.24063250720501,
    "success": 0.225,
    "spl": 0.20948495643271245,
    "ndtw": 0.42639035137631975,
    "path_length": 8.53524330330256,
    "oracle_success": 0.35,
    "steps_taken": 63.3
}