{
    "distance_to_goal": 8.81459560017353,
    "success": 0.2133676092544987,
    "spl": 0.19910283225621547,
    "ndtw": 0.44782466801003296,
    "path_length": 8.086881380455077,
    "oracle_success": 0.30719794344473006,
    "steps_taken": 69.03727506426735
}