{
    "distance_to_goal": 8.901978568825871,
    "success": 0.225,
    "spl": 0.20506580652332004,
    "ndtw": 0.46255575740224736,
    "path_length": 8.165834169148003,
    "oracle_success": 0.275,
    "steps_taken": 63.4
}