{
    "distance_to_goal": 9.92946348885452,
    "success": 0.14845024469820556,
    "spl": 0.13817414013152035,
    "ndtw": 0.39112930913989535,
    "path_length": 7.8429157029138326,
    "oracle_success": 0.22022838499184338,
    "steps_taken": 65.15551930396956
}