{
    "distance_to_goal": 8.78791893788812,
    "success": 0.21465295629820053,
    "spl": 0.199336264554909,
    "ndtw": 0.4540626270763299,
    "path_length": 8.649639853306486,
    "oracle_success": 0.31876606683804626,
    "steps_taken": 61.63367609254499
}