{
    "distance_to_goal": 8.659228670805845,
    "success": 0.21979434447300772,
    "spl": 0.20574457558203427,
    "ndtw": 0.45962759013450266,
    "path_length": 7.913629614414547,
    "oracle_success": 0.3110539845758355,
    "steps_taken": 58.62596401028278
}