{
    "distance_to_goal": 8.017850094288587,
    "success": 0.3375,
    "spl": 0.3184955297861135,
    "ndtw": 0.4933064638273219,
    "path_length": 7.63313426382374,
    "oracle_success": 0.3875,
    "steps_taken": 63.0125
}