{
    "distance_to_goal": 7.715749854830053,
    "success": 0.2326478149100257,
    "spl": 0.21890172019580417,
    "ndtw": 0.4975807358190198,
    "path_length": 7.572448552656845,
    "oracle_success": 0.34061696658097684,
    "steps_taken": 58.739074550128535
}