{
    "distance_to_goal": 8.951239586994053,
    "success": 0.2875,
    "spl": 0.2625953501341959,
    "ndtw": 0.4593767609480044,
    "path_length": 7.9953747103485515,
    "oracle_success": 0.325,
    "steps_taken": 58.725
}