{
    "distance_to_goal": 10.7756687739864,
    "success": 0.1125,
    "spl": 0.10746403825823794,
    "ndtw": 0.36239306284310424,
    "path_length": 8.904500639624894,
    "oracle_success": 0.275,
    "steps_taken": 71.275
}