{
    "distance_to_goal": 8.178580338312528,
    "success": 0.24293059125964012,
    "spl": 0.23010636925784073,
    "ndtw": 0.4850332499241807,
    "path_length": 8.052013623452767,
    "oracle_success": 0.3329048843187661,
    "steps_taken": 59.18637532133676
}