{
    "distance_to_goal": 9.33502218350768,
    "success": 0.225,
    "spl": 0.20940472764759863,
    "ndtw": 0.4243473539989007,
    "path_length": 8.188271709327818,
    "oracle_success": 0.3375,
    "steps_taken": 70.7625
}