{
    "distance_to_goal": 9.409106953814625,
    "success": 0.1875,
    "spl": 0.1797124774460196,
    "ndtw": 0.43296734237094936,
    "path_length": 7.997687774710357,
    "oracle_success": 0.2875,
    "steps_taken": 58.8
}