{
    "distance_to_goal": 9.346001298725605,
    "success": 0.2375,
    "spl": 0.21599718878873847,
    "ndtw": 0.4151237433620265,
    "path_length": 8.038484763453017,
    "oracle_success": 0.3125,
    "steps_taken": 70.6375
}