{
    "distance_to_goal": 9.5272670481354,
    "success": 0.1625,
    "spl": 0.1463423354698139,
    "ndtw": 0.4326743890019468,
    "path_length": 8.399515822797548,
    "oracle_success": 0.2625,
    "steps_taken": 62.9875
}