{
    "distance_to_goal": 9.192225634679199,
    "success": 0.225,
    "spl": 0.20693930486208273,
    "ndtw": 0.45517161276117746,
    "path_length": 7.551673606055556,
    "oracle_success": 0.2375,
    "steps_taken": 60.8875
}