{
    "distance_to_goal": 7.92905623551008,
    "success": 0.19922879177377892,
    "spl": 0.194365879538984,
    "ndtw": 0.4776696636182631,
    "path_length": 5.875327714279536,
    "oracle_success": 0.24293059125964012,
    "steps_taken": 43.087403598971726
}