{
    "distance_to_goal": 7.988387670339226,
    "success": 0.20565552699228792,
    "spl": 0.19325499854043646,
    "ndtw": 0.4796860956827617,
    "path_length": 7.300377769709969,
    "oracle_success": 0.29048843187660667,
    "steps_taken": 53.69922879177378
}