{
    "distance_to_goal": 8.764822503179312,
    "success": 0.1,
    "spl": 0.09634582302892475,
    "ndtw": 0.43417100917365004,
    "path_length": 4.765637096902355,
    "oracle_success": 0.1125,
    "steps_taken": 32.4625
}