{
    "distance_to_goal": 7.927175627276301,
    "success": 0.175,
    "spl": 0.16797060694334875,
    "ndtw": 0.5014790361299141,
    "path_length": 6.421261431649327,
    "oracle_success": 0.25,
    "steps_taken": 44.3375
}