{
    "distance_to_goal": 9.446182454377412,
    "success": 0.1625,
    "spl": 0.15320047737337245,
    "ndtw": 0.4072021816168324,
    "path_length": 6.928521810425446,
    "oracle_success": 0.2125,
    "steps_taken": 49.25
}