{
    "distance_to_goal": 8.148598262384189,
    "success": 0.2236503856041131,
    "spl": 0.2111113925122049,
    "ndtw": 0.47853761188493327,
    "path_length": 7.0762406029807305,
    "oracle_success": 0.2930591259640103,
    "steps_taken": 54.2866323907455
}