{
    "distance_to_goal": 9.122345593944193,
    "success": 0.125,
    "spl": 0.1190413069871914,
    "ndtw": 0.4240403004978465,
    "path_length": 6.434328065160662,
    "oracle_success": 0.1875,
    "steps_taken": 47.4625
}