{
    "distance_to_goal": 10.170714882016181,
    "success": 0.1125,
    "spl": 0.09937057716688828,
    "ndtw": 0.34739004506865745,
    "path_length": 9.703824092831928,
    "oracle_success": 0.2625,
    "steps_taken": 77.0
}