{
    "distance_to_goal": 9.03031073100865,
    "success": 0.15,
    "spl": 0.14263948383695224,
    "ndtw": 0.4235841720862199,
    "path_length": 6.6209422605577855,
    "oracle_success": 0.2125,
    "steps_taken": 46.025
}