{
    "distance_to_goal": 8.308558952063322,
    "success": 0.2125,
    "spl": 0.19902799118958675,
    "ndtw": 0.4909598961535787,
    "path_length": 7.511764564947225,
    "oracle_success": 0.3125,
    "steps_taken": 53.9125
}