{
    "distance_to_goal": 8.388070114329457,
    "success": 0.175,
    "spl": 0.16391917995970773,
    "ndtw": 0.48091367016058734,
    "path_length": 6.3975501804670785,
    "oracle_success": 0.225,
    "steps_taken": 40.075
}