{
    "distance_to_goal": 9.423051826283336,
    "success": 0.1125,
    "spl": 0.09177107429017894,
    "ndtw": 0.41982217340541517,
    "path_length": 7.10730236498639,
    "oracle_success": 0.2,
    "steps_taken": 52.6125
}