{
    "distance_to_goal": 9.267118328809739,
    "success": 0.2375,
    "spl": 0.20135145955511868,
    "ndtw": 0.3994654351482182,
    "path_length": 7.8036812353762794,
    "oracle_success": 0.3,
    "steps_taken": 74.0375
}