{
    "distance_to_goal": 8.484242957830428,
    "success": 0.1625,
    "spl": 0.1588486376288591,
    "ndtw": 0.4634506524016926,
    "path_length": 4.936194219160825,
    "oracle_success": 0.1625,
    "steps_taken": 34.7875
}