{
    "distance_to_goal": 10.764962765946985,
    "success": 0.0625,
    "spl": 0.05776722715253243,
    "ndtw": 0.33819092591679656,
    "path_length": 8.04733338925289,
    "oracle_success": 0.15,
    "steps_taken": 64.2375
}