{
    "distance_to_goal": 9.308684887827383,
    "success": 0.08809135399673736,
    "spl": 0.08452928970554673,
    "ndtw": 0.39280829504780157,
    "path_length": 4.972380029947257,
    "oracle_success": 0.10766721044045677,
    "steps_taken": 45.60576400217509
}