{
    "distance_to_goal": 8.994954476206928,
    "success": 0.14138118542686243,
    "spl": 0.13325945136557446,
    "ndtw": 0.41716705816796945,
    "path_length": 6.302580548509527,
    "oracle_success": 0.19032082653616095,
    "steps_taken": 56.61392060902664
}