{
    "distance_to_goal": 11.120108525454999,
    "success": 0.0625,
    "spl": 0.05597123256256986,
    "ndtw": 0.29962673808656387,
    "path_length": 10.569548085075803,
    "oracle_success": 0.2625,
    "steps_taken": 81.3875
}