{
    "distance_to_goal": 9.156095921248198,
    "success": 0.0625,
    "spl": 0.057225864018401205,
    "ndtw": 0.43132058804153306,
    "path_length": 6.968676330684684,
    "oracle_success": 0.1375,
    "steps_taken": 42.225
}