{
    "distance_to_goal": 8.139913399517535,
    "success": 0.175,
    "spl": 0.16518411678743117,
    "ndtw": 0.4915769526578721,
    "path_length": 6.731224234832917,
    "oracle_success": 0.2375,
    "steps_taken": 48.9625
}