{
    "distance_to_goal": 9.114883255958556,
    "success": 0.2,
    "spl": 0.18560237173107802,
    "ndtw": 0.4499341085887979,
    "path_length": 7.018293239502237,
    "oracle_success": 0.2125,
    "steps_taken": 50.8625
}