{
    "distance_to_goal": 8.317967796157136,
    "success": 0.2120822622107969,
    "spl": 0.20285304340159688,
    "ndtw": 0.4728846122514337,
    "path_length": 7.497217068206912,
    "oracle_success": 0.2814910025706941,
    "steps_taken": 59.05784061696658
}