{
    "distance_to_goal": 10.221925662457943,
    "success": 0.1,
    "spl": 0.09702402108714932,
    "ndtw": 0.38523876678131636,
    "path_length": 7.517502861237153,
    "oracle_success": 0.2125,
    "steps_taken": 51.4125
}