{
    "distance_to_goal": 9.453831160255689,
    "success": 0.11691136487221315,
    "spl": 0.11083765254645632,
    "ndtw": 0.39747311565454163,
    "path_length": 6.348178365913597,
    "oracle_success": 0.16911364872213158,
    "steps_taken": 59.190864600326265
}