{
    "distance_to_goal": 8.039200595393776,
    "success": 0.1625,
    "spl": 0.16027230252724411,
    "ndtw": 0.49167368105793957,
    "path_length": 5.360398751992034,
    "oracle_success": 0.1875,
    "steps_taken": 42.2125
}