{
    "distance_to_goal": 8.35386918708682,
    "success": 0.15,
    "spl": 0.14575031669460145,
    "ndtw": 0.4582365774029943,
    "path_length": 5.4019126784522085,
    "oracle_success": 0.1625,
    "steps_taken": 38.375
}