{
    "distance_to_goal": 8.427418795600534,
    "success": 0.2,
    "spl": 0.18677938873590258,
    "ndtw": 0.47927299101799453,
    "path_length": 7.676061540027149,
    "oracle_success": 0.275,
    "steps_taken": 51.5125
}