{
    "distance_to_goal": 7.938144013658166,
    "success": 0.2125,
    "spl": 0.1937415629480076,
    "ndtw": 0.5077451998471246,
    "path_length": 7.005750012816861,
    "oracle_success": 0.275,
    "steps_taken": 51.9625
}