{
    "distance_to_goal": 7.978944527440175,
    "success": 0.1928020565552699,
    "spl": 0.19005655890569664,
    "ndtw": 0.4855869162128894,
    "path_length": 6.203976267026235,
    "oracle_success": 0.2506426735218509,
    "steps_taken": 45.72622107969152
}