{
    "distance_to_goal": 8.330329113826156,
    "success": 0.1625,
    "spl": 0.15747737382336574,
    "ndtw": 0.4783587919252931,
    "path_length": 5.5888916097581385,
    "oracle_success": 0.2,
    "steps_taken": 38.0875
}