{
    "distance_to_goal": 8.394281053170563,
    "success": 0.2125,
    "spl": 0.2032696007873689,
    "ndtw": 0.5014216069942877,
    "path_length": 7.748322754376568,
    "oracle_success": 0.2625,
    "steps_taken": 56.675
}