{
    "distance_to_goal": 8.389898918626548,
    "success": 0.20051413881748073,
    "spl": 0.19034696549790361,
    "ndtw": 0.46125593802228304,
    "path_length": 6.515155003018493,
    "oracle_success": 0.2467866323907455,
    "steps_taken": 49.46529562982005
}