{
    "distance_to_goal": 9.153792525233944,
    "success": 0.1468189233278956,
    "spl": 0.13631840587109686,
    "ndtw": 0.40980471205322005,
    "path_length": 6.382835897941389,
    "oracle_success": 0.1984774333877107,
    "steps_taken": 61.876019575856446
}