{
    "distance_to_goal": 8.104949298128485,
    "success": 0.1875,
    "spl": 0.18480065329669637,
    "ndtw": 0.50112108818375,
    "path_length": 6.778388105425984,
    "oracle_success": 0.2625,
    "steps_taken": 42.125
}