{
    "distance_to_goal": 8.658356662839651,
    "success": 0.125,
    "spl": 0.12102969562388036,
    "ndtw": 0.44460543876440584,
    "path_length": 4.816264903591946,
    "oracle_success": 0.125,
    "steps_taken": 35.7875
}