{
    "distance_to_goal": 8.446943570838183,
    "success": 0.18380462724935734,
    "spl": 0.17221751222355394,
    "ndtw": 0.45213068755616714,
    "path_length": 6.453637907513072,
    "oracle_success": 0.21979434447300772,
    "steps_taken": 51.75964010282777
}