{
    "distance_to_goal": 7.873258841503412,
    "success": 0.1875,
    "spl": 0.1762261832451661,
    "ndtw": 0.47673907483554456,
    "path_length": 6.9406814250047315,
    "oracle_success": 0.25,
    "steps_taken": 48.075
}