{
    "distance_to_goal": 10.285685429163276,
    "success": 0.1125,
    "spl": 0.10480496446107843,
    "ndtw": 0.32687881987736056,
    "path_length": 8.425383923746995,
    "oracle_success": 0.2375,
    "steps_taken": 73.3625
}