{
    "distance_to_goal": 8.524515283852816,
    "success": 0.175,
    "spl": 0.1687591350859569,
    "ndtw": 0.46827896954267906,
    "path_length": 6.148216897377279,
    "oracle_success": 0.1875,
    "steps_taken": 40.75
}