{
    "distance_to_goal": 9.293393498138167,
    "success": 0.16709511568123395,
    "spl": 0.15412787050808155,
    "ndtw": 0.3992484736380202,
    "path_length": 7.3860676313791425,
    "oracle_success": 0.25578406169665807,
    "steps_taken": 76.1452442159383
}