{
    "distance_to_goal": 8.736021197587252,
    "success": 0.1,
    "spl": 0.0933944565535351,
    "ndtw": 0.4491104651736374,
    "path_length": 5.1901456918734095,
    "oracle_success": 0.1375,
    "steps_taken": 34.2375
}