{
    "distance_to_goal": 8.167312721411387,
    "success": 0.16666666666666666,
    "spl": 0.16666666666666666,
    "ndtw": 0.46240038331558875,
    "path_length": 7.004791026934981,
    "oracle_success": 0.16666666666666666,
    "steps_taken": 70.33333333333333
}