{
    "distance_to_goal": 10.156383355458578,
    "success": 0.16666666666666666,
    "spl": 0.15570305327337,
    "ndtw": 0.42014225332378907,
    "path_length": 8.37913648535808,
    "oracle_success": 0.16666666666666666,
    "steps_taken": 72.33333333333333
}