{
    "distance_to_goal": 10.641476849714914,
    "success": 0.3333333333333333,
    "spl": 0.3333333333333333,
    "ndtw": 0.4411965735685892,
    "path_length": 7.280641548335552,
    "oracle_success": 0.3333333333333333,
    "steps_taken": 45.333333333333336
}