{
    "distance_to_goal": 9.02268343035166,
    "success": 0.1408374116367591,
    "spl": 0.13293575402665445,
    "ndtw": 0.41520135517795537,
    "path_length": 6.838562373634559,
    "oracle_success": 0.21587819467101685,
    "steps_taken": 55.917346383904295
}