{
    "distance_to_goal": 9.469612662866712,
    "success": 0.1125,
    "spl": 0.1013415808901748,
    "ndtw": 0.40726846693991786,
    "path_length": 8.48051435045307,
    "oracle_success": 0.2125,
    "steps_taken": 58.425
}