{
    "distance_to_goal": 9.406366683542728,
    "success": 0.1875,
    "spl": 0.17437429883814587,
    "ndtw": 0.4239828173201026,
    "path_length": 8.049194062768947,
    "oracle_success": 0.2875,
    "steps_taken": 54.9375
}