{
    "distance_to_goal": 8.448645886847784,
    "success": 0.2120822622107969,
    "spl": 0.1998770937706575,
    "ndtw": 0.468679013639889,
    "path_length": 8.040400291003154,
    "oracle_success": 0.30848329048843187,
    "steps_taken": 56.83161953727507
}