{
    "distance_to_goal": 8.79158650122219,
    "success": 0.21465295629820053,
    "spl": 0.203595750719973,
    "ndtw": 0.44466249126192264,
    "path_length": 8.260410268697564,
    "oracle_success": 0.3264781491002571,
    "steps_taken": 58.005141388174806
}