{
    "distance_to_goal": 8.838651791983285,
    "success": 0.1625,
    "spl": 0.15607735354437277,
    "ndtw": 0.45093686924313536,
    "path_length": 7.495565721503226,
    "oracle_success": 0.275,
    "steps_taken": 52.525
}