{
    "distance_to_goal": 9.408345355372877,
    "success": 0.175,
    "spl": 0.1566635741659828,
    "ndtw": 0.41883864844221746,
    "path_length": 8.592367729113903,
    "oracle_success": 0.275,
    "steps_taken": 56.3875
}