{
    "distance_to_goal": 9.372422300125185,
    "success": 0.15497553017944535,
    "spl": 0.14384562354073685,
    "ndtw": 0.39287600772727743,
    "path_length": 7.785673293288373,
    "oracle_success": 0.22892876563349646,
    "steps_taken": 63.89777052746058
}