{
    "distance_to_goal": 9.290671708993614,
    "success": 0.1375,
    "spl": 0.12259167595946319,
    "ndtw": 0.4094171425076064,
    "path_length": 8.58890625431668,
    "oracle_success": 0.25,
    "steps_taken": 56.075
}