{
    "distance_to_goal": 8.837582067213953,
    "success": 0.225,
    "spl": 0.21448894546386255,
    "ndtw": 0.4642719947967874,
    "path_length": 8.236168451583945,
    "oracle_success": 0.2875,
    "steps_taken": 56.2375
}