{
    "distance_to_goal": 8.33320960700512,
    "success": 0.2375,
    "spl": 0.22717521833490822,
    "ndtw": 0.48213595645137286,
    "path_length": 7.798799475106397,
    "oracle_success": 0.2875,
    "steps_taken": 53.4125
}