{
    "distance_to_goal": 8.817398566752672,
    "success": 0.2625,
    "spl": 0.24047796208832964,
    "ndtw": 0.4592040095545936,
    "path_length": 8.186960632906443,
    "oracle_success": 0.3625,
    "steps_taken": 56.1
}