{
    "distance_to_goal": 9.153048975473192,
    "success": 0.15171288743882544,
    "spl": 0.14427232735005116,
    "ndtw": 0.4164991458198359,
    "path_length": 6.751952027140977,
    "oracle_success": 0.19086460032626426,
    "steps_taken": 53.89450788471996
}