{
    "distance_to_goal": 8.63072666861117,
    "success": 0.2625,
    "spl": 0.25269090200360156,
    "ndtw": 0.47580138294339563,
    "path_length": 7.669707935629413,
    "oracle_success": 0.3,
    "steps_taken": 52.9875
}