{
    "distance_to_goal": 8.930915465205908,
    "success": 0.2125,
    "spl": 0.20496912441610293,
    "ndtw": 0.4351716755066438,
    "path_length": 8.26374334137654,
    "oracle_success": 0.2875,
    "steps_taken": 57.525
}