{
    "distance_to_goal": 8.72139652937191,
    "success": 0.2120822622107969,
    "spl": 0.20258680413513613,
    "ndtw": 0.4401190179143361,
    "path_length": 8.213894647528697,
    "oracle_success": 0.3393316195372751,
    "steps_taken": 61.04370179948586
}