{
    "distance_to_goal": 8.536978302337229,
    "success": 0.2875,
    "spl": 0.2706282868058151,
    "ndtw": 0.4924869815909637,
    "path_length": 7.88367361263372,
    "oracle_success": 0.35,
    "steps_taken": 53.55
}