{
    "distance_to_goal": 9.123576445877552,
    "success": 0.1875,
    "spl": 0.1687249135832734,
    "ndtw": 0.4441460137116103,
    "path_length": 7.739454053148802,
    "oracle_success": 0.275,
    "steps_taken": 55.5875
}