{
    "distance_to_goal": 8.157569046881633,
    "success": 0.2390745501285347,
    "spl": 0.22338478014912277,
    "ndtw": 0.47369284710076714,
    "path_length": 7.767732398813456,
    "oracle_success": 0.3277634961439589,
    "steps_taken": 55.376606683804624
}