{
    "distance_to_goal": 9.082667358474863,
    "success": 0.15823817292006526,
    "spl": 0.14954752244723218,
    "ndtw": 0.41595817102178245,
    "path_length": 7.612346081960784,
    "oracle_success": 0.24741707449700925,
    "steps_taken": 57.643828167482326
}