{
    "distance_to_goal": 8.63504429757595,
    "success": 0.25,
    "spl": 0.23025332229238762,
    "ndtw": 0.4673989375190672,
    "path_length": 8.162242764653637,
    "oracle_success": 0.3375,
    "steps_taken": 53.6375
}