{
    "distance_to_goal": 8.801665403880179,
    "success": 0.2125,
    "spl": 0.19532704923579006,
    "ndtw": 0.43481788677276223,
    "path_length": 7.93244917478587,
    "oracle_success": 0.2875,
    "steps_taken": 50.65
}