{
    "distance_to_goal": 10.106286535412073,
    "success": 0.15,
    "spl": 0.14584324127107043,
    "ndtw": 0.4038046049820541,
    "path_length": 8.061100717238151,
    "oracle_success": 0.2375,
    "steps_taken": 54.1625
}