{
    "distance_to_goal": 8.561881724372506,
    "success": 0.25,
    "spl": 0.23456009471174558,
    "ndtw": 0.48290870815975895,
    "path_length": 7.5204239479731765,
    "oracle_success": 0.2625,
    "steps_taken": 56.8625
}