{
    "distance_to_goal": 9.788565845787526,
    "success": 0.175,
    "spl": 0.16546007795538478,
    "ndtw": 0.41265659725005854,
    "path_length": 7.970685265923384,
    "oracle_success": 0.275,
    "steps_taken": 49.1375
}