{
    "distance_to_goal": 8.553916480019689,
    "success": 0.2625,
    "spl": 0.24215585270664838,
    "ndtw": 0.4620571382647225,
    "path_length": 8.152459514932707,
    "oracle_success": 0.325,
    "steps_taken": 55.15
}