{
    "distance_to_goal": 8.791696517169475,
    "success": 0.2875,
    "spl": 0.2677509007783298,
    "ndtw": 0.4733214938911955,
    "path_length": 7.892627000703942,
    "oracle_success": 0.3375,
    "steps_taken": 53.8125
}