{
    "distance_to_goal": 8.994075438380241,
    "success": 0.175,
    "spl": 0.16298849792986467,
    "ndtw": 0.43503736561280615,
    "path_length": 7.7174500835061535,
    "oracle_success": 0.2625,
    "steps_taken": 53.4375
}