{
    "distance_to_goal": 8.384897836586964,
    "success": 0.2159383033419023,
    "spl": 0.2025123191071055,
    "ndtw": 0.46056860360275764,
    "path_length": 7.6245681368936,
    "oracle_success": 0.3059125964010283,
    "steps_taken": 55.05526992287918
}