{
    "distance_to_goal": 8.20661829178315,
    "success": 0.2300771208226221,
    "spl": 0.21994679361260125,
    "ndtw": 0.4678757578285473,
    "path_length": 7.462330631789879,
    "oracle_success": 0.31362467866323906,
    "steps_taken": 56.94601542416452
}