{
    "distance_to_goal": 8.855213632864595,
    "success": 0.20565552699228792,
    "spl": 0.1931901785659873,
    "ndtw": 0.44603807974536536,
    "path_length": 8.293745980927982,
    "oracle_success": 0.32005141388174807,
    "steps_taken": 58.70179948586118
}