{
    "distance_to_goal": 9.577953227609395,
    "success": 0.1375,
    "spl": 0.12857071363715294,
    "ndtw": 0.4260198435518189,
    "path_length": 7.841310670969541,
    "oracle_success": 0.175,
    "steps_taken": 54.15
}