{
    "distance_to_goal": 9.351224077492953,
    "success": 0.2125,
    "spl": 0.19999129968296667,
    "ndtw": 0.4368626429915407,
    "path_length": 7.673838875161936,
    "oracle_success": 0.2625,
    "steps_taken": 52.0
}