{
    "distance_to_goal": 8.81142109596101,
    "success": 0.2133676092544987,
    "spl": 0.2005654056220339,
    "ndtw": 0.4391997638844683,
    "path_length": 7.9677021087085755,
    "oracle_success": 0.2866323907455013,
    "steps_taken": 60.095115681233935
}