{
    "distance_to_goal": 3.8350565880537033,
    "success": 0.6666666666666666,
    "spl": 0.6365047149604598,
    "ndtw": 0.7475978779614255,
    "path_length": 10.951947229603926,
    "oracle_success": 0.6666666666666666,
    "steps_taken": 84.5
}