{
    "distance_to_goal": 4.910791173577309,
    "success": 0.5,
    "spl": 0.5,
    "ndtw": 0.6945685392197807,
    "path_length": 11.162313605348269,
    "oracle_success": 0.6666666666666666,
    "steps_taken": 73.33333333333333
}