{
    "distance_to_goal": 8.032658215449372,
    "success": 0.24293059125964012,
    "spl": 0.22573278914348904,
    "ndtw": 0.4817162986778568,
    "path_length": 8.236136250797664,
    "oracle_success": 0.34704370179948585,
    "steps_taken": 59.73650385604113
}