{
    "distance_to_goal": 8.551530231162905,
    "success": 0.275,
    "spl": 0.2554080380562772,
    "ndtw": 0.48191161293520146,
    "path_length": 7.633184176933719,
    "oracle_success": 0.3125,
    "steps_taken": 61.275
}