{
    "distance_to_goal": 9.439895377587527,
    "success": 0.1125,
    "spl": 0.10359794220780563,
    "ndtw": 0.37357055370164527,
    "path_length": 10.126787470059934,
    "oracle_success": 0.3,
    "steps_taken": 74.5875
}