{
    "distance_to_goal": 8.98742581157661,
    "success": 0.1723762914627515,
    "spl": 0.16269669514112353,
    "ndtw": 0.4234769126778342,
    "path_length": 7.343572196767362,
    "oracle_success": 0.23491027732463296,
    "steps_taken": 63.81674823273518
}