{
    "distance_to_goal": 9.416766129806637,
    "success": 0.15,
    "spl": 0.13716285950933557,
    "ndtw": 0.40339198840285684,
    "path_length": 8.703467383864336,
    "oracle_success": 0.2375,
    "steps_taken": 76.7125
}