{
    "distance_to_goal": 9.883422306738794,
    "success": 0.1375,
    "spl": 0.1334466164755713,
    "ndtw": 0.3837598495077033,
    "path_length": 8.457675612884007,
    "oracle_success": 0.2125,
    "steps_taken": 60.2875
}