{
    "distance_to_goal": 9.406804560124874,
    "success": 0.175,
    "spl": 0.1725652496195849,
    "ndtw": 0.39041712428615327,
    "path_length": 8.238493812996918,
    "oracle_success": 0.2875,
    "steps_taken": 62.05
}