{
    "distance_to_goal": 8.421694233802873,
    "success": 0.2352185089974293,
    "spl": 0.22124068480640682,
    "ndtw": 0.46803545031670335,
    "path_length": 8.034612453324812,
    "oracle_success": 0.33547557840616965,
    "steps_taken": 60.915167095115685
}