{
    "distance_to_goal": 8.484933374607625,
    "success": 0.19794344473007713,
    "spl": 0.18260583121415902,
    "ndtw": 0.45228530292496727,
    "path_length": 7.944130327620544,
    "oracle_success": 0.2943444730077121,
    "steps_taken": 61.0694087403599
}