{
    "distance_to_goal": 9.216470394283533,
    "success": 0.1875,
    "spl": 0.16945368857503793,
    "ndtw": 0.4419518422237763,
    "path_length": 7.9030531713530525,
    "oracle_success": 0.2375,
    "steps_taken": 62.375
}