{
    "distance_to_goal": 9.335709358368508,
    "success": 0.15497553017944535,
    "spl": 0.14152442961133774,
    "ndtw": 0.4015372430120639,
    "path_length": 7.794632627955468,
    "oracle_success": 0.24796084828711257,
    "steps_taken": 64.50407830342577
}