{
    "distance_to_goal": 8.0167590961205,
    "success": 0.2159383033419023,
    "spl": 0.2023731592207204,
    "ndtw": 0.47514854845277144,
    "path_length": 7.404737613592639,
    "oracle_success": 0.2776349614395887,
    "steps_taken": 56.688946015424165
}