{
    "distance_to_goal": 8.225530312691065,
    "success": 0.2159383033419023,
    "spl": 0.20046648542879772,
    "ndtw": 0.45730706279060523,
    "path_length": 8.160485471139545,
    "oracle_success": 0.3277634961439589,
    "steps_taken": 60.753213367609256
}