{
    "distance_to_goal": 10.395182140171528,
    "success": 0.1125,
    "spl": 0.06120754718639683,
    "ndtw": 0.21050015502253233,
    "path_length": 16.373996293880822,
    "oracle_success": 0.4125,
    "steps_taken": 182.0
}