{
    "distance_to_goal": 11.721740993857384,
    "success": 0.075,
    "spl": 0.042057013519788515,
    "ndtw": 0.1588412454454476,
    "path_length": 16.02299700331748,
    "oracle_success": 0.35,
    "steps_taken": 182.0
}