{
    "distance_to_goal": 10.425619522621975,
    "success": 0.12339331619537275,
    "spl": 0.08012944976411338,
    "ndtw": 0.24421714503059766,
    "path_length": 15.570147962271419,
    "oracle_success": 0.39845758354755784,
    "steps_taken": 182.0
}