{
    "distance_to_goal": 12.683836740255355,
    "success": 0.05,
    "spl": 0.026063453610465758,
    "ndtw": 0.1813965442405429,
    "path_length": 15.76543926671864,
    "oracle_success": 0.3,
    "steps_taken": 182.0
}