{
    "distance_to_goal": 12.416703455150127,
    "success": 0.05,
    "spl": 0.02910600509060149,
    "ndtw": 0.13486905240550018,
    "path_length": 16.48774877641224,
    "oracle_success": 0.2875,
    "steps_taken": 182.0
}