{
    "distance_to_goal": 10.44893097329722,
    "success": 0.10025706940874037,
    "spl": 0.06441287061026446,
    "ndtw": 0.22216952107705493,
    "path_length": 16.695691221400583,
    "oracle_success": 0.480719794344473,
    "steps_taken": 182.0
}