{
    "distance_to_goal": 11.179518700391053,
    "success": 0.125,
    "spl": 0.07233398289737894,
    "ndtw": 0.20176361635653278,
    "path_length": 16.201394533088216,
    "oracle_success": 0.4625,
    "steps_taken": 182.0
}