{
    "distance_to_goal": 10.155572560804975,
    "success": 0.11439588688946016,
    "spl": 0.06978258820095867,
    "ndtw": 0.2154242051390119,
    "path_length": 16.771210591864744,
    "oracle_success": 0.4717223650385604,
    "steps_taken": 182.0
}