{
    "distance_to_goal": 11.488589636050165,
    "success": 0.075,
    "spl": 0.034677963477892024,
    "ndtw": 0.16752575206664663,
    "path_length": 17.599758228319114,
    "oracle_success": 0.3125,
    "steps_taken": 182.0
}