{
    "distance_to_goal": 10.149694829765968,
    "success": 0.10712343665035345,
    "spl": 0.07378093345959778,
    "ndtw": 0.2604869894283192,
    "path_length": 13.57674513125577,
    "oracle_success": 0.31484502446982054,
    "steps_taken": 182.0
}