{
    "distance_to_goal": 12.617262913286686,
    "success": 0.0625,
    "spl": 0.04282481672689124,
    "ndtw": 0.1253047867403363,
    "path_length": 18.153887662081978,
    "oracle_success": 0.3625,
    "steps_taken": 182.0
}