{
    "distance_to_goal": 12.024195238202811,
    "success": 0.075,
    "spl": 0.035509767574200345,
    "ndtw": 0.1560648779947558,
    "path_length": 18.03292714089627,
    "oracle_success": 0.4125,
    "steps_taken": 182.0
}