{
    "distance_to_goal": 10.621507302250727,
    "success": 0.10059815116911365,
    "spl": 0.05933200490359815,
    "ndtw": 0.20433401190979447,
    "path_length": 15.342219915926023,
    "oracle_success": 0.32137030995106036,
    "steps_taken": 182.0
}