{
    "distance_to_goal": 10.471374782174825,
    "success": 0.125,
    "spl": 0.0651882273759373,
    "ndtw": 0.21611569152029522,
    "path_length": 16.132965634239422,
    "oracle_success": 0.425,
    "steps_taken": 182.0
}