{
    "distance_to_goal": 11.477710296213626,
    "success": 0.125,
    "spl": 0.05860899784313346,
    "ndtw": 0.151229369014438,
    "path_length": 16.860123045472037,
    "oracle_success": 0.325,
    "steps_taken": 182.0
}