{
    "distance_to_goal": 10.389307668492352,
    "success": 0.10494834148994019,
    "spl": 0.065027350913575,
    "ndtw": 0.22895392613235765,
    "path_length": 14.483193621413587,
    "oracle_success": 0.3164763458401305,
    "steps_taken": 182.0
}