{
    "distance_to_goal": 10.017020269423954,
    "success": 0.11953727506426735,
    "spl": 0.07525351039699228,
    "ndtw": 0.2525641548671392,
    "path_length": 14.92101481602378,
    "oracle_success": 0.40616966580976865,
    "steps_taken": 182.0
}