{
    "distance_to_goal": 10.832811374169388,
    "success": 0.11053984575835475,
    "spl": 0.0702177879923408,
    "ndtw": 0.20025705974609606,
    "path_length": 17.125530486137077,
    "oracle_success": 0.4498714652956298,
    "steps_taken": 182.0
}