{
    "distance_to_goal": 10.468364884212914,
    "success": 0.08210984230560087,
    "spl": 0.049094225734781324,
    "ndtw": 0.21959113164713842,
    "path_length": 15.037505232260768,
    "oracle_success": 0.33713974986405654,
    "steps_taken": 182.0
}