{
    "distance_to_goal": 12.604331837967038,
    "success": 0.075,
    "spl": 0.0365542663242775,
    "ndtw": 0.13959555168412713,
    "path_length": 17.141155366241,
    "oracle_success": 0.4,
    "steps_taken": 182.0
}