{
    "distance_to_goal": 10.400135927461088,
    "success": 0.125,
    "spl": 0.06413960925266853,
    "ndtw": 0.17818431056168488,
    "path_length": 17.11556642433389,
    "oracle_success": 0.375,
    "steps_taken": 182.0
}