{
    "distance_to_goal": 9.872416679247026,
    "success": 0.16066838046272494,
    "spl": 0.10571613198336118,
    "ndtw": 0.2596474239448437,
    "path_length": 14.547067902256796,
    "oracle_success": 0.40102827763496146,
    "steps_taken": 182.0
}