{
    "distance_to_goal": 11.10152343660593,
    "success": 0.0875,
    "spl": 0.0482005277128377,
    "ndtw": 0.18898469986432617,
    "path_length": 17.05661159268063,
    "oracle_success": 0.4625,
    "steps_taken": 182.0
}