{
    "distance_to_goal": 11.433192010223866,
    "success": 0.05,
    "spl": 0.024913258898517966,
    "ndtw": 0.18429117772076248,
    "path_length": 16.972538879867383,
    "oracle_success": 0.35,
    "steps_taken": 182.0
}