{
    "distance_to_goal": 11.276755732297897,
    "success": 0.1,
    "spl": 0.06373570899451247,
    "ndtw": 0.21783784615708165,
    "path_length": 14.69865269790679,
    "oracle_success": 0.3625,
    "steps_taken": 182.0
}