{
    "distance_to_goal": 10.990351183712482,
    "success": 0.05,
    "spl": 0.0343263122667936,
    "ndtw": 0.22307256940792647,
    "path_length": 13.877349978053704,
    "oracle_success": 0.2375,
    "steps_taken": 182.0
}