{
    "distance_to_goal": 11.545401441305875,
    "success": 0.1125,
    "spl": 0.06706517464060872,
    "ndtw": 0.22374550176092142,
    "path_length": 13.693372434673629,
    "oracle_success": 0.275,
    "steps_taken": 182.0
}