{
    "distance_to_goal": 11.65924174580723,
    "success": 0.0625,
    "spl": 0.03873587010524128,
    "ndtw": 0.16544196803327368,
    "path_length": 16.64124285362373,
    "oracle_success": 0.3375,
    "steps_taken": 182.0
}