{
    "distance_to_goal": 11.739308919012547,
    "success": 0.1,
    "spl": 0.04743821924936183,
    "ndtw": 0.1885010599827361,
    "path_length": 15.979295986203615,
    "oracle_success": 0.3375,
    "steps_taken": 182.0
}