{
    "distance_to_goal": 10.899361255019903,
    "success": 0.0625,
    "spl": 0.04483025549021431,
    "ndtw": 0.23994119636372538,
    "path_length": 13.548590256502132,
    "oracle_success": 0.3,
    "steps_taken": 182.0
}