{
    "distance_to_goal": 10.714027947700728,
    "success": 0.11439588688946016,
    "spl": 0.07272703189239323,
    "ndtw": 0.23201856136171506,
    "path_length": 15.150314947517389,
    "oracle_success": 0.36889460154241643,
    "steps_taken": 182.0
}