{
    "distance_to_goal": 11.472675956040622,
    "success": 0.075,
    "spl": 0.04114621397413844,
    "ndtw": 0.1651138231232474,
    "path_length": 17.541569060532645,
    "oracle_success": 0.3875,
    "steps_taken": 182.0
}