{
    "distance_to_goal": 10.196197099351638,
    "success": 0.12982005141388175,
    "spl": 0.08368140570475817,
    "ndtw": 0.24401022198611938,
    "path_length": 15.725646644355084,
    "oracle_success": 0.44473007712082263,
    "steps_taken": 182.0
}