{
    "distance_to_goal": 11.780113373696803,
    "success": 0.1,
    "spl": 0.06439514273987222,
    "ndtw": 0.17153706295001467,
    "path_length": 16.80693600824041,
    "oracle_success": 0.3875,
    "steps_taken": 182.0
}