{
    "distance_to_goal": 10.5481344122861,
    "success": 0.12210796915167095,
    "spl": 0.07952480695027733,
    "ndtw": 0.26974288555731074,
    "path_length": 14.584888785897503,
    "oracle_success": 0.390745501285347,
    "steps_taken": 182.0
}