{
    "distance_to_goal": 11.069642867147923,
    "success": 0.1125,
    "spl": 0.05877313567034105,
    "ndtw": 0.2134041922058567,
    "path_length": 16.405722515253522,
    "oracle_success": 0.3875,
    "steps_taken": 182.0
}