{
    "distance_to_goal": 12.106873033940792,
    "success": 0.0625,
    "spl": 0.033341678671774365,
    "ndtw": 0.1410911448192187,
    "path_length": 18.19165089243247,
    "oracle_success": 0.35,
    "steps_taken": 182.0
}