{
    "distance_to_goal": 12.246828290820122,
    "success": 0.025,
    "spl": 0.020147539783549256,
    "ndtw": 0.1770484715234812,
    "path_length": 16.939059786008148,
    "oracle_success": 0.4,
    "steps_taken": 182.0
}