{
    "distance_to_goal": 11.8480637319386,
    "success": 0.075,
    "spl": 0.04037513956388531,
    "ndtw": 0.18637358726316244,
    "path_length": 16.92525238217275,
    "oracle_success": 0.3875,
    "steps_taken": 182.0
}