{
    "distance_to_goal": 10.371098632677661,
    "success": 0.13110539845758354,
    "spl": 0.0900136217449531,
    "ndtw": 0.2324330124805209,
    "path_length": 16.22224615186445,
    "oracle_success": 0.45758354755784064,
    "steps_taken": 182.0
}