{
    "distance_to_goal": 9.885134376585484,
    "success": 0.0375,
    "spl": 0.02490325597012324,
    "ndtw": 0.22813439800267052,
    "path_length": 16.050910828742396,
    "oracle_success": 0.4,
    "steps_taken": 182.0
}