{
    "distance_to_goal": 10.415914678740528,
    "success": 0.11745513866231648,
    "spl": 0.07021734749297363,
    "ndtw": 0.22752228134540567,
    "path_length": 15.401526590731065,
    "oracle_success": 0.3719412724306688,
    "steps_taken": 181.9815116911365
}