{
    "distance_to_goal": 2.0302757074435553,
    "success": 0.8333333333333334,
    "spl": 0.8201838851990272,
    "ndtw": 0.8322323332561238,
    "path_length": 10.985678141315779,
    "oracle_success": 0.8333333333333334,
    "steps_taken": 63.166666666666664
}