{
    "distance_to_goal": 3.044765959183375,
    "success": 0.6666666666666666,
    "spl": 0.6625183275899319,
    "ndtw": 0.7692068667286575,
    "path_length": 8.559471768637499,
    "oracle_success": 0.6666666666666666,
    "steps_taken": 64.33333333333333
}