{
    "distance_to_goal": 12.076551438297281,
    "success": 0.07326478149100257,
    "spl": 0.04553365264673154,
    "ndtw": 0.16280807329260127,
    "path_length": 17.293914492644035,
    "oracle_success": 0.34704370179948585,
    "steps_taken": 182.0
}