{
    "distance_to_goal": 12.353651274740695,
    "success": 0.15,
    "spl": 0.06215907610255687,
    "ndtw": 0.09289657138082612,
    "path_length": 20.303299463785162,
    "oracle_success": 0.4375,
    "steps_taken": 182.0
}