{
    "distance_to_goal": 12.459622645378113,
    "success": 0.0875,
    "spl": 0.058604406371520465,
    "ndtw": 0.141652162921217,
    "path_length": 18.243222956193495,
    "oracle_success": 0.3375,
    "steps_taken": 181.35
}