{
    "distance_to_goal": 12.328174832463265,
    "success": 0.05,
    "spl": 0.0211898538055525,
    "ndtw": 0.10366098320788524,
    "path_length": 18.995573776457455,
    "oracle_success": 0.3625,
    "steps_taken": 182.0
}