{
    "distance_to_goal": 11.054840862005545,
    "success": 0.07504078303425775,
    "spl": 0.04640468744022106,
    "ndtw": 0.17235513139425326,
    "path_length": 16.995526170433877,
    "oracle_success": 0.3126699293094073,
    "steps_taken": 175.18814573137576
}