{
    "distance_to_goal": 11.087920473902882,
    "success": 0.11953727506426735,
    "spl": 0.06710219534188955,
    "ndtw": 0.1551924799023095,
    "path_length": 18.92299011702167,
    "oracle_success": 0.42802056555269924,
    "steps_taken": 180.46143958868893
}