{
    "distance_to_goal": 12.92813309263438,
    "success": 0.0875,
    "spl": 0.03617525442754082,
    "ndtw": 0.10182229831067033,
    "path_length": 19.072236947327454,
    "oracle_success": 0.4,
    "steps_taken": 181.9875
}