{
    "distance_to_goal": 12.706796203553676,
    "success": 0.05,
    "spl": 0.02486701399765808,
    "ndtw": 0.09765981111648221,
    "path_length": 19.637407805543802,
    "oracle_success": 0.35,
    "steps_taken": 182.0
}