{
    "distance_to_goal": 12.86594399511814,
    "success": 0.075,
    "spl": 0.04049397195339151,
    "ndtw": 0.1050131428508099,
    "path_length": 19.10054189593125,
    "oracle_success": 0.3375,
    "steps_taken": 182.0
}