{
    "distance_to_goal": 13.463142937421798,
    "success": 0.075,
    "spl": 0.0352726310094006,
    "ndtw": 0.11675460477913154,
    "path_length": 18.25196023679076,
    "oracle_success": 0.2625,
    "steps_taken": 182.0
}