{
    "distance_to_goal": 11.681172801554203,
    "success": 0.0625,
    "spl": 0.04192816113275969,
    "ndtw": 0.16680973935346108,
    "path_length": 15.986213449883888,
    "oracle_success": 0.3,
    "steps_taken": 166.025
}