{
    "distance_to_goal": 12.204685521125793,
    "success": 0.1,
    "spl": 0.05178549544350649,
    "ndtw": 0.13749806333766246,
    "path_length": 19.07327194244317,
    "oracle_success": 0.4,
    "steps_taken": 180.0
}