{
    "distance_to_goal": 11.58533778434241,
    "success": 0.08997429305912596,
    "spl": 0.058976633097508134,
    "ndtw": 0.1621084892295917,
    "path_length": 17.340349277853083,
    "oracle_success": 0.38817480719794345,
    "steps_taken": 181.74935732647816
}