{
    "distance_to_goal": 11.395370990076225,
    "success": 0.08611825192802057,
    "spl": 0.04570087374273846,
    "ndtw": 0.1350441405462925,
    "path_length": 19.15909702497128,
    "oracle_success": 0.37275064267352187,
    "steps_taken": 181.49485861182518
}