{
    "distance_to_goal": 12.86848105341196,
    "success": 0.075,
    "spl": 0.04030857918611208,
    "ndtw": 0.11241631310214517,
    "path_length": 16.830813750189648,
    "oracle_success": 0.375,
    "steps_taken": 182.0
}