{
    "distance_to_goal": 11.613090273538715,
    "success": 0.07069408740359898,
    "spl": 0.04624059814887036,
    "ndtw": 0.16343497893804734,
    "path_length": 17.865192196984275,
    "oracle_success": 0.36375321336760924,
    "steps_taken": 170.75578406169666
}