{
    "distance_to_goal": 12.028417932987214,
    "success": 0.05,
    "spl": 0.02493636756896664,
    "ndtw": 0.13954009216965182,
    "path_length": 17.314321965361888,
    "oracle_success": 0.325,
    "steps_taken": 180.3375
}