{
    "distance_to_goal": 11.572503751646584,
    "success": 0.11696658097686376,
    "spl": 0.060956185018984574,
    "ndtw": 0.14423699056076078,
    "path_length": 19.004448945075396,
    "oracle_success": 0.4318766066838046,
    "steps_taken": 181.69922879177378
}