{
    "distance_to_goal": 12.679367975890637,
    "success": 0.05,
    "spl": 0.020974318111036127,
    "ndtw": 0.13628997772395895,
    "path_length": 16.02701595067692,
    "oracle_success": 0.325,
    "steps_taken": 182.0
}