{
    "distance_to_goal": 14.078402075171471,
    "success": 0.0625,
    "spl": 0.040989817380005206,
    "ndtw": 0.12382950655759957,
    "path_length": 18.52665287700289,
    "oracle_success": 0.3,
    "steps_taken": 182.0
}