{
    "distance_to_goal": 11.584662810591915,
    "success": 0.04513322457857531,
    "spl": 0.022714512080802506,
    "ndtw": 0.14412225622727523,
    "path_length": 16.851827036047837,
    "oracle_success": 0.26046764545948886,
    "steps_taken": 181.90701468189232
}