{
    "distance_to_goal": 12.283645773071862,
    "success": 0.06940874035989718,
    "spl": 0.03807964280177577,
    "ndtw": 0.1389585376737152,
    "path_length": 18.808360843052043,
    "oracle_success": 0.34190231362467866,
    "steps_taken": 182.0
}