{
    "distance_to_goal": 11.583230495728378,
    "success": 0.06797172376291463,
    "spl": 0.0378570939889324,
    "ndtw": 0.16443530807103843,
    "path_length": 16.47366355115086,
    "oracle_success": 0.2903752039151713,
    "steps_taken": 182.0
}