{
    "distance_to_goal": 11.059977997627156,
    "success": 0.0864600326264274,
    "spl": 0.045866722244489594,
    "ndtw": 0.1606784493704136,
    "path_length": 17.158119362033684,
    "oracle_success": 0.31593257205002717,
    "steps_taken": 181.25013594344753
}