{
    "distance_to_goal": 12.123348546020475,
    "success": 0.07197943444730077,
    "spl": 0.04033248204257169,
    "ndtw": 0.15055091928096037,
    "path_length": 18.18354581918303,
    "oracle_success": 0.38817480719794345,
    "steps_taken": 182.0
}