{
    "distance_to_goal": 12.200369589030743,
    "success": 0.1125,
    "spl": 0.0597660813957452,
    "ndtw": 0.125775756609826,
    "path_length": 17.864287941736972,
    "oracle_success": 0.325,
    "steps_taken": 182.0
}