{
    "distance_to_goal": 9.25143808867677,
    "success": 0.14395886889460155,
    "spl": 0.1354498595387972,
    "ndtw": 0.4041409338357082,
    "path_length": 6.318109224902334,
    "oracle_success": 0.2095115681233933,
    "steps_taken": 46.66452442159383
}