{
    "distance_to_goal": 9.067768540978431,
    "success": 0.225,
    "spl": 0.2219479787251538,
    "ndtw": 0.4434170949324521,
    "path_length": 7.853444448976108,
    "oracle_success": 0.275,
    "steps_taken": 58.3625
}