{
    "distance_to_goal": 8.649176013088548,
    "success": 0.22879177377892032,
    "spl": 0.21036292790642416,
    "ndtw": 0.45142546660735566,
    "path_length": 8.278964885205111,
    "oracle_success": 0.3059125964010283,
    "steps_taken": 60.61568123393316
}