{
    "distance_to_goal": 9.430945519637469,
    "success": 0.14192495921696574,
    "spl": 0.12904139190715017,
    "ndtw": 0.39320129932582426,
    "path_length": 7.122470845138931,
    "oracle_success": 0.200652528548124,
    "steps_taken": 60.83034257748776
}