{
    "distance_to_goal": 9.423249593696367,
    "success": 0.14355628058727568,
    "spl": 0.13446817417100682,
    "ndtw": 0.40128929887712594,
    "path_length": 7.217722605203665,
    "oracle_success": 0.19902120717781402,
    "steps_taken": 61.848287112561174
}