{
    "distance_to_goal": 9.06298403069377,
    "success": 0.225,
    "spl": 0.2159119297548518,
    "ndtw": 0.44627631303482984,
    "path_length": 6.972298967430743,
    "oracle_success": 0.2375,
    "steps_taken": 52.4375
}