{
    "distance_to_goal": 9.3755021430552,
    "success": 0.1625,
    "spl": 0.15602549921213643,
    "ndtw": 0.40539723781932074,
    "path_length": 7.629611124872463,
    "oracle_success": 0.2625,
    "steps_taken": 55.6875
}