{
    "distance_to_goal": 8.983236870071595,
    "success": 0.16639477977161501,
    "spl": 0.15308471287432412,
    "ndtw": 0.4139458700455991,
    "path_length": 7.32130252967666,
    "oracle_success": 0.2365415986949429,
    "steps_taken": 60.319195214790646
}