{
    "distance_to_goal": 9.058018218073993,
    "success": 0.175,
    "spl": 0.17442230531487207,
    "ndtw": 0.4470456755465847,
    "path_length": 7.386304933216889,
    "oracle_success": 0.2625,
    "steps_taken": 55.375
}