{
    "distance_to_goal": 8.613594159043387,
    "success": 0.2326478149100257,
    "spl": 0.2192617965266222,
    "ndtw": 0.45805093456683904,
    "path_length": 7.414366295387684,
    "oracle_success": 0.29048843187660667,
    "steps_taken": 53.39845758354756
}