{
    "distance_to_goal": 9.709760494157672,
    "success": 0.1125,
    "spl": 0.1083418030455433,
    "ndtw": 0.3789987157141429,
    "path_length": 7.702752749691717,
    "oracle_success": 0.15,
    "steps_taken": 56.3375
}