{
    "distance_to_goal": 8.56464887559797,
    "success": 0.2095115681233933,
    "spl": 0.19871637082133958,
    "ndtw": 0.45649789468586716,
    "path_length": 8.299033637454487,
    "oracle_success": 0.30205655526992287,
    "steps_taken": 61.08997429305913
}