{
    "distance_to_goal": 9.085779909044504,
    "success": 0.225,
    "spl": 0.21158846792950053,
    "ndtw": 0.43905557807213624,
    "path_length": 7.08196103650395,
    "oracle_success": 0.2625,
    "steps_taken": 56.0375
}