{
    "distance_to_goal": 9.175660287030041,
    "success": 0.2625,
    "spl": 0.25320828540025764,
    "ndtw": 0.4396549022386845,
    "path_length": 7.419811595177885,
    "oracle_success": 0.275,
    "steps_taken": 56.1875
}