{
    "distance_to_goal": 8.504684747337988,
    "success": 0.21722365038560412,
    "spl": 0.20247460457997749,
    "ndtw": 0.45292411501640234,
    "path_length": 7.549613781495327,
    "oracle_success": 0.29048843187660667,
    "steps_taken": 55.75835475578406
}