{
    "distance_to_goal": 10.199065844714642,
    "success": 0.1375,
    "spl": 0.12177700262844024,
    "ndtw": 0.3659264792795279,
    "path_length": 7.355597236292669,
    "oracle_success": 0.1875,
    "steps_taken": 54.3125
}