{
    "distance_to_goal": 8.216602514634403,
    "success": 0.2596401028277635,
    "spl": 0.24728531155015218,
    "ndtw": 0.4707396049221579,
    "path_length": 7.731492935055192,
    "oracle_success": 0.34061696658097684,
    "steps_taken": 58.134961439588686
}