{
    "distance_to_goal": 9.407768100406974,
    "success": 0.15,
    "spl": 0.1379853002898018,
    "ndtw": 0.41812818502304905,
    "path_length": 7.342272402421804,
    "oracle_success": 0.2375,
    "steps_taken": 51.025
}