{
    "distance_to_goal": 9.138464196398854,
    "success": 0.125,
    "spl": 0.12258671344371981,
    "ndtw": 0.4258928191497443,
    "path_length": 6.7673287525804655,
    "oracle_success": 0.2125,
    "steps_taken": 57.025
}