{
    "distance_to_goal": 9.325346162576125,
    "success": 0.1402936378466558,
    "spl": 0.1299650897087085,
    "ndtw": 0.4129780651991872,
    "path_length": 7.738556246934762,
    "oracle_success": 0.2267536704730832,
    "steps_taken": 59.61011419249592
}