{
    "distance_to_goal": 8.736045272096723,
    "success": 0.24293059125964012,
    "spl": 0.22746305709454015,
    "ndtw": 0.44581799024289337,
    "path_length": 8.372110340620171,
    "oracle_success": 0.3393316195372751,
    "steps_taken": 62.04755784061697
}