{
    "distance_to_goal": 8.477985742992715,
    "success": 0.2249357326478149,
    "spl": 0.21354407826397734,
    "ndtw": 0.461749193536363,
    "path_length": 7.647324175260961,
    "oracle_success": 0.31362467866323906,
    "steps_taken": 55.68380462724936
}