{
    "distance_to_goal": 8.507270304088728,
    "success": 0.22879177377892032,
    "spl": 0.2184077636304053,
    "ndtw": 0.4625117597041201,
    "path_length": 8.16614683493015,
    "oracle_success": 0.32519280205655526,
    "steps_taken": 57.10796915167095
}