{
    "distance_to_goal": 9.388894639909267,
    "success": 0.1375,
    "spl": 0.13501124026320108,
    "ndtw": 0.3916203439606035,
    "path_length": 7.401194705488161,
    "oracle_success": 0.2125,
    "steps_taken": 55.4
}