{
    "distance_to_goal": 8.951709528267383,
    "success": 0.1875,
    "spl": 0.177965004909322,
    "ndtw": 0.43284000186642213,
    "path_length": 6.977980435144855,
    "oracle_success": 0.2125,
    "steps_taken": 56.075
}