{
    "distance_to_goal": 9.105292619764805,
    "success": 0.2125,
    "spl": 0.19885263488203445,
    "ndtw": 0.4277035063297137,
    "path_length": 7.800944110963222,
    "oracle_success": 0.275,
    "steps_taken": 59.8125
}