{
    "distance_to_goal": 14.858912825584412,
    "success": 0.16666666666666666,
    "spl": 0.16666666666666666,
    "ndtw": 0.22017682005566022,
    "path_length": 12.220835231555006,
    "oracle_success": 0.16666666666666666,
    "steps_taken": 119.5
}