{
    "distance_to_goal": 14.775039990743002,
    "success": 0.0,
    "spl": 0.0,
    "ndtw": 0.15215250466077843,
    "path_length": 10.674991966768479,
    "oracle_success": 0.0,
    "steps_taken": 114.5
}