{
    "distance_to_goal": 14.832216103871664,
    "success": 0.0,
    "spl": 0.0,
    "ndtw": 0.13596602699798999,
    "path_length": 10.906205970173081,
    "oracle_success": 0.0,
    "steps_taken": 161.66666666666666
}