{
    "distance_to_goal": 16.090094407399494,
    "success": 0.0,
    "spl": 0.0,
    "ndtw": 0.19249448093966756,
    "path_length": 10.632454444964727,
    "oracle_success": 0.0,
    "steps_taken": 85.16666666666667
}