{
    "distance_to_goal": 14.183237115542093,
    "success": 0.16666666666666666,
    "spl": 0.16666666666666666,
    "ndtw": 0.32553015972353055,
    "path_length": 9.22048428033789,
    "oracle_success": 0.16666666666666666,
    "steps_taken": 126.0
}