{
    "distance_to_goal": 15.347470919291178,
    "success": 0.0,
    "spl": 0.0,
    "ndtw": 0.2136947263481985,
    "path_length": 11.053942315280437,
    "oracle_success": 0.16666666666666666,
    "steps_taken": 128.33333333333334
}