{
    "distance_to_goal": 14.034886519114176,
    "success": 0.0,
    "spl": 0.0,
    "ndtw": 0.30050496108647934,
    "path_length": 10.277550632832572,
    "oracle_success": 0.16666666666666666,
    "steps_taken": 106.5
}