{
    "distance_to_goal": 13.603257497151693,
    "success": 0.16666666666666666,
    "spl": 0.12575291131181962,
    "ndtw": 0.24293426983409505,
    "path_length": 10.239276858279482,
    "oracle_success": 0.16666666666666666,
    "steps_taken": 91.0
}