{
    "distance_to_goal": 11.014641722043356,
    "success": 0.3333333333333333,
    "spl": 0.3333333333333333,
    "ndtw": 0.4311568862002342,
    "path_length": 11.543935795625051,
    "oracle_success": 0.3333333333333333,
    "steps_taken": 83.16666666666667
}