{
    "distance_to_goal": 9.99023384526372,
    "success": 0.125,
    "spl": 0.11964043675543237,
    "ndtw": 0.3896665489217183,
    "path_length": 6.913092207955197,
    "oracle_success": 0.1875,
    "steps_taken": 54.9625
}