{
    "distance_to_goal": 9.085545874387027,
    "success": 0.1625,
    "spl": 0.15776732344150754,
    "ndtw": 0.42734001447937864,
    "path_length": 7.637933712289781,
    "oracle_success": 0.25,
    "steps_taken": 55.7125
}