{
    "distance_to_goal": 9.169856935506687,
    "success": 0.225,
    "spl": 0.2051064522681323,
    "ndtw": 0.4475732735830011,
    "path_length": 8.338857579277828,
    "oracle_success": 0.3125,
    "steps_taken": 57.825
}