{
    "distance_to_goal": 9.173986203223468,
    "success": 0.225,
    "spl": 0.2011718601219093,
    "ndtw": 0.43751004851000513,
    "path_length": 8.207002316530314,
    "oracle_success": 0.3125,
    "steps_taken": 59.9625
}