{
    "distance_to_goal": 9.63276607627049,
    "success": 0.1375,
    "spl": 0.13070741367158817,
    "ndtw": 0.39233753686094525,
    "path_length": 7.030930070914474,
    "oracle_success": 0.1875,
    "steps_taken": 55.0125
}