{
    "distance_to_goal": 8.278741497086758,
    "success": 0.21465295629820053,
    "spl": 0.20011838820553457,
    "ndtw": 0.47226056466447347,
    "path_length": 8.015590974465573,
    "oracle_success": 0.3264781491002571,
    "steps_taken": 59.34961439588689
}