{
    "distance_to_goal": 8.42799600180248,
    "success": 0.20822622107969152,
    "spl": 0.19941340373697558,
    "ndtw": 0.45762537742008735,
    "path_length": 7.15844188018657,
    "oracle_success": 0.2853470437017995,
    "steps_taken": 53.670951156812336
}