{
    "distance_to_goal": 9.261790342535773,
    "success": 0.13594344752582926,
    "spl": 0.12875616044047108,
    "ndtw": 0.41134087982392714,
    "path_length": 6.748327308128763,
    "oracle_success": 0.20609026644915715,
    "steps_taken": 55.87221315932572
}