{
    "distance_to_goal": 9.210718801560093,
    "success": 0.15171288743882544,
    "spl": 0.14138719440485042,
    "ndtw": 0.4096423035559635,
    "path_length": 6.900414878078038,
    "oracle_success": 0.21587819467101685,
    "steps_taken": 56.115280043501905
}