{
    "distance_to_goal": 9.07353846227741,
    "success": 0.15606307775965197,
    "spl": 0.14172260207584972,
    "ndtw": 0.4093139150189865,
    "path_length": 7.158242602440787,
    "oracle_success": 0.22512234910277323,
    "steps_taken": 60.201196302338225
}