{
    "distance_to_goal": 10.120076881814748,
    "success": 0.15,
    "spl": 0.1364701101061463,
    "ndtw": 0.3899462779121573,
    "path_length": 7.439560625137529,
    "oracle_success": 0.175,
    "steps_taken": 56.4625
}