{
    "distance_to_goal": 9.293143439665437,
    "success": 0.125,
    "spl": 0.11853655455712989,
    "ndtw": 0.4048353080416781,
    "path_length": 7.111087327281824,
    "oracle_success": 0.2,
    "steps_taken": 55.7375
}