{
    "distance_to_goal": 9.857986790314317,
    "success": 0.125,
    "spl": 0.12161887977327634,
    "ndtw": 0.3991536184035437,
    "path_length": 7.3912789663242835,
    "oracle_success": 0.1875,
    "steps_taken": 64.6625
}