{
    "distance_to_goal": 8.39571159017921,
    "success": 0.21079691516709512,
    "spl": 0.19913710162010356,
    "ndtw": 0.46584850997572674,
    "path_length": 7.243701815594324,
    "oracle_success": 0.30077120822622105,
    "steps_taken": 53.059125964010285
}