{
    "distance_to_goal": 9.762083093822003,
    "success": 0.1375,
    "spl": 0.1260799734831193,
    "ndtw": 0.4184599961591632,
    "path_length": 8.058790513596135,
    "oracle_success": 0.275,
    "steps_taken": 55.6375
}