{
    "distance_to_goal": 9.036919763311744,
    "success": 0.225,
    "spl": 0.19643838078438797,
    "ndtw": 0.4495026794387199,
    "path_length": 7.723356008849805,
    "oracle_success": 0.3125,
    "steps_taken": 56.075
}