{
    "distance_to_goal": 8.733681720402092,
    "success": 0.2375,
    "spl": 0.22138984307874185,
    "ndtw": 0.46530807284116343,
    "path_length": 8.03715438352665,
    "oracle_success": 0.3375,
    "steps_taken": 54.5125
}