{
    "distance_to_goal": 8.590650544102019,
    "success": 0.2390745501285347,
    "spl": 0.22761850380833915,
    "ndtw": 0.46862467413625347,
    "path_length": 7.673926820781909,
    "oracle_success": 0.3213367609254499,
    "steps_taken": 55.68637532133676
}