{
    "distance_to_goal": 8.494174231317823,
    "success": 0.2377892030848329,
    "spl": 0.2229837471932186,
    "ndtw": 0.46919797277712966,
    "path_length": 7.950067273971267,
    "oracle_success": 0.34704370179948585,
    "steps_taken": 58.634961439588686
}