{
    "distance_to_goal": 9.269484550505876,
    "success": 0.2,
    "spl": 0.18597865906034103,
    "ndtw": 0.44441167800239906,
    "path_length": 8.220618261344498,
    "oracle_success": 0.325,
    "steps_taken": 56.7625
}