{
    "distance_to_goal": 8.908475353471111,
    "success": 0.19665809768637532,
    "spl": 0.18060221702338242,
    "ndtw": 0.4293741941873611,
    "path_length": 8.668597766908594,
    "oracle_success": 0.3110539845758355,
    "steps_taken": 63.2120822622108
}