{
    "distance_to_goal": 9.253073735535144,
    "success": 0.1625,
    "spl": 0.14980280125808157,
    "ndtw": 0.4347399303308947,
    "path_length": 7.950216493196786,
    "oracle_success": 0.2375,
    "steps_taken": 55.575
}