{
    "distance_to_goal": 9.743663565814495,
    "success": 0.15,
    "spl": 0.13805986016483776,
    "ndtw": 0.4365621333881008,
    "path_length": 7.284538638556842,
    "oracle_success": 0.225,
    "steps_taken": 53.7375
}