{
    "distance_to_goal": 9.624088653177022,
    "success": 0.1375,
    "spl": 0.1274487497648052,
    "ndtw": 0.42179315909322473,
    "path_length": 7.854395612701774,
    "oracle_success": 0.2375,
    "steps_taken": 58.4375
}