{
    "distance_to_goal": 8.505243117511656,
    "success": 0.2236503856041131,
    "spl": 0.20747498467699543,
    "ndtw": 0.4587840902055241,
    "path_length": 7.787950818629798,
    "oracle_success": 0.2969151670951157,
    "steps_taken": 58.33419023136247
}