{
    "distance_to_goal": 9.653364906087518,
    "success": 0.1625,
    "spl": 0.15313366978071202,
    "ndtw": 0.4229283544372072,
    "path_length": 7.452811540977564,
    "oracle_success": 0.225,
    "steps_taken": 57.6125
}