{
    "distance_to_goal": 8.529258176914217,
    "success": 0.2352185089974293,
    "spl": 0.2227886045996004,
    "ndtw": 0.46564951177133895,
    "path_length": 7.668848780360371,
    "oracle_success": 0.30848329048843187,
    "steps_taken": 55.552699228791774
}