{
    "distance_to_goal": 9.397082108224359,
    "success": 0.14246873300706905,
    "spl": 0.13233612637433836,
    "ndtw": 0.41021445443153964,
    "path_length": 7.381799194960734,
    "oracle_success": 0.2169657422512235,
    "steps_taken": 60.04132680804785
}