{
    "distance_to_goal": 9.496292877197266,
    "success": 0.1875,
    "spl": 0.169380301994479,
    "ndtw": 0.4238369886426844,
    "path_length": 8.49216529413825,
    "oracle_success": 0.3125,
    "steps_taken": 59.7625
}