{
    "distance_to_goal": 9.888889383524656,
    "success": 0.1625,
    "spl": 0.14671899153963588,
    "ndtw": 0.41942297273777174,
    "path_length": 7.862865409895312,
    "oracle_success": 0.225,
    "steps_taken": 57.05
}