{
    "distance_to_goal": 9.048040127009154,
    "success": 0.1875,
    "spl": 0.17636686113754035,
    "ndtw": 0.44206030546747366,
    "path_length": 7.081198055686352,
    "oracle_success": 0.2625,
    "steps_taken": 57.4125
}