{
    "distance_to_goal": 9.110998061299323,
    "success": 0.1625,
    "spl": 0.15596268113340345,
    "ndtw": 0.4469037199108715,
    "path_length": 6.8864701806161275,
    "oracle_success": 0.225,
    "steps_taken": 53.0625
}