{
    "distance_to_goal": 9.436525473743677,
    "success": 0.1875,
    "spl": 0.17330247426593282,
    "ndtw": 0.4534567594694119,
    "path_length": 7.108799141703639,
    "oracle_success": 0.2375,
    "steps_taken": 51.7875
}