{
    "distance_to_goal": 9.35012390576303,
    "success": 0.1875,
    "spl": 0.18070105817680585,
    "ndtw": 0.449193290316107,
    "path_length": 7.6399590047076344,
    "oracle_success": 0.2375,
    "steps_taken": 54.275
}