{
    "distance_to_goal": 19.33116626739502,
    "success": 0.0,
    "spl": 0.0,
    "ndtw": 0.10533879805862667,
    "path_length": 16.18748014975184,
    "oracle_success": 0.16666666666666666,
    "steps_taken": 132.5
}