{
    "distance_to_goal": 12.255922277768454,
    "success": 0.16666666666666666,
    "spl": 0.16666666666666666,
    "ndtw": 0.30382029101976654,
    "path_length": 10.393986029239992,
    "oracle_success": 0.16666666666666666,
    "steps_taken": 126.5
}