{
    "distance_to_goal": 16.883650302886963,
    "success": 0.0,
    "spl": 0.0,
    "ndtw": 0.18425637074834364,
    "path_length": 12.758673175548514,
    "oracle_success": 0.16666666666666666,
    "steps_taken": 130.83333333333334
}