{
    "distance_to_goal": 12.148014227549234,
    "success": 0.16666666666666666,
    "spl": 0.1298771615677123,
    "ndtw": 0.3061203570983004,
    "path_length": 14.147852226160467,
    "oracle_success": 0.3333333333333333,
    "steps_taken": 84.33333333333333
}