{
    "distance_to_goal": 14.53094736735026,
    "success": 0.0,
    "spl": 0.0,
    "ndtw": 0.1719727077846401,
    "path_length": 12.73029735730961,
    "oracle_success": 0.16666666666666666,
    "steps_taken": 151.16666666666666
}