{
    "distance_to_goal": 13.457566181818644,
    "success": 0.0,
    "spl": 0.0,
    "ndtw": 0.3230287545040333,
    "path_length": 10.121945158578455,
    "oracle_success": 0.16666666666666666,
    "steps_taken": 64.66666666666667
}