{
    "distance_to_goal": 15.507643620173136,
    "success": 0.16666666666666666,
    "spl": 0.13420630583681742,
    "ndtw": 0.14898673151307176,
    "path_length": 14.413736952701584,
    "oracle_success": 0.3333333333333333,
    "steps_taken": 129.16666666666666
}