{
    "distance_to_goal": 17.58084503809611,
    "success": 0.0,
    "spl": 0.0,
    "ndtw": 0.16155157073009724,
    "path_length": 14.216235656601688,
    "oracle_success": 0.0,
    "steps_taken": 107.66666666666667
}