{
    "distance_to_goal": 15.302042802174887,
    "success": 0.0,
    "spl": 0.0,
    "ndtw": 0.13304723457626133,
    "path_length": 16.514395983424038,
    "oracle_success": 0.16666666666666666,
    "steps_taken": 122.83333333333333
}