{
    "distance_to_goal": 11.769145627816519,
    "success": 0.3333333333333333,
    "spl": 0.2120247170017658,
    "ndtw": 0.25352971175439243,
    "path_length": 12.3712035920859,
    "oracle_success": 0.3333333333333333,
    "steps_taken": 108.33333333333333
}