{
    "distance_to_goal": 8.579029293730855,
    "success": 0.2,
    "spl": 0.1850641929839983,
    "ndtw": 0.44944615028422286,
    "path_length": 7.26254513975,
    "oracle_success": 0.2625,
    "steps_taken": 60.7125
}