{
    "distance_to_goal": 8.327853699537966,
    "success": 0.2249357326478149,
    "spl": 0.21072112669386206,
    "ndtw": 0.47179018342733114,
    "path_length": 8.046807732033091,
    "oracle_success": 0.3496143958868895,
    "steps_taken": 67.10925449871465
}