{
    "distance_to_goal": 8.797162678465247,
    "success": 0.2125,
    "spl": 0.19843307581944075,
    "ndtw": 0.45612857557037617,
    "path_length": 7.654162722051066,
    "oracle_success": 0.2875,
    "steps_taken": 62.3125
}