{
    "distance_to_goal": 9.214244740083814,
    "success": 0.2625,
    "spl": 0.2455526119113116,
    "ndtw": 0.44881082956617463,
    "path_length": 8.230284980044235,
    "oracle_success": 0.3125,
    "steps_taken": 68.3875
}