{
    "distance_to_goal": 9.204927326738835,
    "success": 0.1375,
    "spl": 0.12448852580823433,
    "ndtw": 0.4018027931736176,
    "path_length": 7.91829216008191,
    "oracle_success": 0.2625,
    "steps_taken": 64.975
}