{
    "distance_to_goal": 8.206633996590972,
    "success": 0.2375,
    "spl": 0.22389761618338794,
    "ndtw": 0.470426718600114,
    "path_length": 7.1192664269474335,
    "oracle_success": 0.275,
    "steps_taken": 67.3875
}