{
    "distance_to_goal": 9.334771368249465,
    "success": 0.1500815660685155,
    "spl": 0.1382018512558086,
    "ndtw": 0.3974212748589024,
    "path_length": 7.213126424301404,
    "oracle_success": 0.21805328983143013,
    "steps_taken": 69.3768352365416
}