{
    "distance_to_goal": 9.04546586498618,
    "success": 0.1875,
    "spl": 0.1688640982926605,
    "ndtw": 0.42679807522652136,
    "path_length": 8.116825760510983,
    "oracle_success": 0.3,
    "steps_taken": 72.8375
}