{
    "distance_to_goal": 8.44604845046997,
    "success": 0.2875,
    "spl": 0.27264330939738957,
    "ndtw": 0.47114115839810716,
    "path_length": 8.042621669813524,
    "oracle_success": 0.3875,
    "steps_taken": 68.9875
}