{
    "distance_to_goal": 9.559363230775238,
    "success": 0.12615551930396954,
    "spl": 0.11582810444141317,
    "ndtw": 0.3915124861755488,
    "path_length": 7.113269907885456,
    "oracle_success": 0.18162044589450788,
    "steps_taken": 68.56117455138663
}