{
    "distance_to_goal": 8.304924455285072,
    "success": 0.25,
    "spl": 0.22901393217970756,
    "ndtw": 0.4847392989711413,
    "path_length": 7.393307987035951,
    "oracle_success": 0.3125,
    "steps_taken": 59.125
}