{
    "distance_to_goal": 8.122780767455698,
    "success": 0.275,
    "spl": 0.25946520752824265,
    "ndtw": 0.4779042229447413,
    "path_length": 7.759575349627994,
    "oracle_success": 0.3875,
    "steps_taken": 66.9375
}