{
    "distance_to_goal": 8.470207779718548,
    "success": 0.2377892030848329,
    "spl": 0.22161709743783617,
    "ndtw": 0.46035789591785653,
    "path_length": 7.951702256849504,
    "oracle_success": 0.3213367609254499,
    "steps_taken": 70.81748071979435
}