{
    "distance_to_goal": 8.964183143153786,
    "success": 0.2375,
    "spl": 0.22935996257929991,
    "ndtw": 0.44461848274429816,
    "path_length": 8.52351058013088,
    "oracle_success": 0.4,
    "steps_taken": 60.8625
}