{
    "distance_to_goal": 8.043045449475244,
    "success": 0.2647814910025707,
    "spl": 0.2511978353401317,
    "ndtw": 0.4882191396270838,
    "path_length": 8.058618555875519,
    "oracle_success": 0.37532133676092544,
    "steps_taken": 60.12210796915167
}