{
    "distance_to_goal": 8.541882234811784,
    "success": 0.2875,
    "spl": 0.26766664022496406,
    "ndtw": 0.4589187348291334,
    "path_length": 7.829408259910997,
    "oracle_success": 0.3625,
    "steps_taken": 66.45
}