{
    "distance_to_goal": 8.096586244180799,
    "success": 0.25,
    "spl": 0.22562185509589275,
    "ndtw": 0.49316403871330616,
    "path_length": 8.163250066793989,
    "oracle_success": 0.3375,
    "steps_taken": 59.025
}