{
    "distance_to_goal": 8.661052508380235,
    "success": 0.19665809768637532,
    "spl": 0.18456888786950018,
    "ndtw": 0.4563817992258638,
    "path_length": 7.897288396697098,
    "oracle_success": 0.30719794344473006,
    "steps_taken": 68.01670951156812
}