{
    "distance_to_goal": 9.635228000066732,
    "success": 0.1397498640565525,
    "spl": 0.12674879930945637,
    "ndtw": 0.38170127880712135,
    "path_length": 7.851659120297574,
    "oracle_success": 0.22512234910277323,
    "steps_taken": 74.68080478520935
}