{
    "distance_to_goal": 8.088915176689625,
    "success": 0.2375,
    "spl": 0.22619422226571126,
    "ndtw": 0.49576546240626385,
    "path_length": 7.986732066811916,
    "oracle_success": 0.3375,
    "steps_taken": 54.875
}