{
    "distance_to_goal": 8.323621979914606,
    "success": 0.2125,
    "spl": 0.19054667646950896,
    "ndtw": 0.4439318572387926,
    "path_length": 8.354761184600648,
    "oracle_success": 0.35,
    "steps_taken": 63.275
}