{
    "distance_to_goal": 8.808642448298633,
    "success": 0.2375,
    "spl": 0.22618590848976788,
    "ndtw": 0.4458472490691319,
    "path_length": 7.719690381793771,
    "oracle_success": 0.325,
    "steps_taken": 65.2125
}