{
    "distance_to_goal": 8.013366684317589,
    "success": 0.2416452442159383,
    "spl": 0.22862547634544494,
    "ndtw": 0.4814885782185912,
    "path_length": 7.806979403533508,
    "oracle_success": 0.3496143958868895,
    "steps_taken": 62.62982005141388
}