{
    "distance_to_goal": 8.972858269512653,
    "success": 0.2,
    "spl": 0.18713619133107934,
    "ndtw": 0.4379647772255898,
    "path_length": 7.7447292221826505,
    "oracle_success": 0.2875,
    "steps_taken": 57.125
}