{
    "distance_to_goal": 9.798754066601395,
    "success": 0.225,
    "spl": 0.20488716485570854,
    "ndtw": 0.417020080920388,
    "path_length": 8.429671272344422,
    "oracle_success": 0.2875,
    "steps_taken": 69.3375
}