{
    "distance_to_goal": 8.618194506317376,
    "success": 0.1875,
    "spl": 0.17489978310785337,
    "ndtw": 0.45259427006175945,
    "path_length": 7.71555199631257,
    "oracle_success": 0.275,
    "steps_taken": 60.975
}