{
    "distance_to_goal": 7.7449426762759686,
    "success": 0.225,
    "spl": 0.20370281975205282,
    "ndtw": 0.5011016155304772,
    "path_length": 7.016152648249408,
    "oracle_success": 0.3125,
    "steps_taken": 68.9625
}