{
    "distance_to_goal": 8.14871588728575,
    "success": 0.2352185089974293,
    "spl": 0.21981757373624777,
    "ndtw": 0.48560139749373377,
    "path_length": 7.627821134498572,
    "oracle_success": 0.34061696658097684,
    "steps_taken": 57.00642673521851
}