{
    "distance_to_goal": 8.270205341279507,
    "success": 0.1625,
    "spl": 0.14939114500506628,
    "ndtw": 0.4786394924637844,
    "path_length": 7.986624083062634,
    "oracle_success": 0.2875,
    "steps_taken": 62.9
}