{
    "distance_to_goal": 8.775151673704386,
    "success": 0.225,
    "spl": 0.2144413562010457,
    "ndtw": 0.46027643396365425,
    "path_length": 8.181443868752103,
    "oracle_success": 0.3375,
    "steps_taken": 63.2125
}