{
    "distance_to_goal": 8.287608629212281,
    "success": 0.19794344473007713,
    "spl": 0.18715289775710658,
    "ndtw": 0.4663278055534364,
    "path_length": 7.680838506693805,
    "oracle_success": 0.30848329048843187,
    "steps_taken": 68.74807197943444
}