{
    "distance_to_goal": 9.439331872016192,
    "success": 0.15,
    "spl": 0.14599327154039407,
    "ndtw": 0.40710757061254155,
    "path_length": 7.723533552326262,
    "oracle_success": 0.25,
    "steps_taken": 66.5125
}