{
    "distance_to_goal": 10.093880330060992,
    "success": 0.11147362697117999,
    "spl": 0.09914390823667431,
    "ndtw": 0.35522032346286725,
    "path_length": 7.769754864148237,
    "oracle_success": 0.18760195758564438,
    "steps_taken": 78.54594888526373
}