{
    "distance_to_goal": 8.877096968144178,
    "success": 0.2125,
    "spl": 0.20403288132991376,
    "ndtw": 0.45393530942856214,
    "path_length": 7.549006693263072,
    "oracle_success": 0.2875,
    "steps_taken": 67.4125
}