{
    "distance_to_goal": 8.337426630037916,
    "success": 0.21079691516709512,
    "spl": 0.20230926775556932,
    "ndtw": 0.4783144159683018,
    "path_length": 7.527342206188105,
    "oracle_success": 0.32005141388174807,
    "steps_taken": 61.566838046272494
}