{
    "distance_to_goal": 11.782245568186045,
    "success": 0.0875,
    "spl": 0.06458287166057093,
    "ndtw": 0.20365580583336165,
    "path_length": 16.295256864768454,
    "oracle_success": 0.3625,
    "steps_taken": 182.0
}