{
    "distance_to_goal": 11.121580713282514,
    "success": 0.13110539845758354,
    "spl": 0.08546921495170075,
    "ndtw": 0.2412145101450786,
    "path_length": 15.2155444617853,
    "oracle_success": 0.40102827763496146,
    "steps_taken": 182.0
}