{
    "distance_to_goal": 10.88941817265004,
    "success": 0.1375,
    "spl": 0.09030750157191444,
    "ndtw": 0.2474491800376739,
    "path_length": 14.200438521413227,
    "oracle_success": 0.35,
    "steps_taken": 182.0
}