{
    "distance_to_goal": 11.806630086898803,
    "success": 0.0875,
    "spl": 0.0680454628920041,
    "ndtw": 0.20698891662651694,
    "path_length": 15.340872603519363,
    "oracle_success": 0.375,
    "steps_taken": 182.0
}