{
    "distance_to_goal": 10.323263678272307,
    "success": 0.12398042414355628,
    "spl": 0.07868848973010306,
    "ndtw": 0.24094827662256116,
    "path_length": 14.516072855362768,
    "oracle_success": 0.3539967373572594,
    "steps_taken": 182.0
}