{
    "distance_to_goal": 12.255703258514405,
    "success": 0.0875,
    "spl": 0.04765533218289526,
    "ndtw": 0.19613154973959776,
    "path_length": 16.464662788674083,
    "oracle_success": 0.4,
    "steps_taken": 182.0
}