{
    "distance_to_goal": 10.767373042272112,
    "success": 0.11953727506426735,
    "spl": 0.0763151972209844,
    "ndtw": 0.23095850678440943,
    "path_length": 15.50135899811409,
    "oracle_success": 0.41259640102827766,
    "steps_taken": 182.0
}