{
    "distance_to_goal": 10.992635955661536,
    "success": 0.1125,
    "spl": 0.06945558566831606,
    "ndtw": 0.19098065431348224,
    "path_length": 16.275007199269343,
    "oracle_success": 0.3875,
    "steps_taken": 182.0
}