{
    "distance_to_goal": 10.663580174636362,
    "success": 0.13268080478520936,
    "spl": 0.07821831439492238,
    "ndtw": 0.22467255753576174,
    "path_length": 15.361772398777358,
    "oracle_success": 0.3762914627514954,
    "steps_taken": 182.0
}