{
    "distance_to_goal": 11.081544252567396,
    "success": 0.09511568123393316,
    "spl": 0.05876306592813365,
    "ndtw": 0.21758003212749893,
    "path_length": 15.802502997853464,
    "oracle_success": 0.39331619537275064,
    "steps_taken": 182.0
}