{
    "distance_to_goal": 11.119877742230893,
    "success": 0.05,
    "spl": 0.03452035636599426,
    "ndtw": 0.20621171039816324,
    "path_length": 15.724986960323019,
    "oracle_success": 0.3625,
    "steps_taken": 182.0
}