{
    "distance_to_goal": 11.545728381723166,
    "success": 0.1375,
    "spl": 0.08110649238691954,
    "ndtw": 0.20019711399837808,
    "path_length": 15.48440970504025,
    "oracle_success": 0.3375,
    "steps_taken": 182.0
}