{
    "distance_to_goal": 12.245364144071937,
    "success": 0.0625,
    "spl": 0.026327132787495423,
    "ndtw": 0.18671820148050286,
    "path_length": 16.903832309133918,
    "oracle_success": 0.4,
    "steps_taken": 182.0
}