{
    "distance_to_goal": 12.05178743004799,
    "success": 0.125,
    "spl": 0.07813809018145679,
    "ndtw": 0.19850896675635996,
    "path_length": 15.483581617300905,
    "oracle_success": 0.3125,
    "steps_taken": 182.0
}