{
    "distance_to_goal": 10.594860250130296,
    "success": 0.0625,
    "spl": 0.03502433261003427,
    "ndtw": 0.20354749396913768,
    "path_length": 15.873193122285011,
    "oracle_success": 0.3875,
    "steps_taken": 182.0
}