{
    "distance_to_goal": 10.77311674579978,
    "success": 0.1,
    "spl": 0.07102089840497293,
    "ndtw": 0.24455651295131955,
    "path_length": 15.652366528701254,
    "oracle_success": 0.3625,
    "steps_taken": 182.0
}