{
    "distance_to_goal": 10.769965057622803,
    "success": 0.11182519280205655,
    "spl": 0.07512234992072898,
    "ndtw": 0.2426091194872497,
    "path_length": 14.756007488836426,
    "oracle_success": 0.3676092544987147,
    "steps_taken": 182.0
}