{
    "distance_to_goal": 11.573116536438466,
    "success": 0.05,
    "spl": 0.02926594552904077,
    "ndtw": 0.18421386774443724,
    "path_length": 16.253618810484927,
    "oracle_success": 0.375,
    "steps_taken": 182.0
}