{
    "distance_to_goal": 11.62856684923172,
    "success": 0.125,
    "spl": 0.08942052992514764,
    "ndtw": 0.22486128556361867,
    "path_length": 14.485105907509222,
    "oracle_success": 0.325,
    "steps_taken": 182.0
}