{
    "distance_to_goal": 11.41791663877666,
    "success": 0.15,
    "spl": 0.08606483851876014,
    "ndtw": 0.20052694153006784,
    "path_length": 16.07657657902164,
    "oracle_success": 0.3375,
    "steps_taken": 182.0
}