{
    "distance_to_goal": 10.87874383148007,
    "success": 0.12210796915167095,
    "spl": 0.07421156512368755,
    "ndtw": 0.20767726820980673,
    "path_length": 16.418482351108242,
    "oracle_success": 0.39588688946015427,
    "steps_taken": 182.0
}