{
    "distance_to_goal": 11.037663968652486,
    "success": 0.1375,
    "spl": 0.07614046061255086,
    "ndtw": 0.22250046599064074,
    "path_length": 14.632312002702784,
    "oracle_success": 0.3875,
    "steps_taken": 182.0
}