{
    "distance_to_goal": 10.407557751098167,
    "success": 0.1120174007612833,
    "spl": 0.07500349564359882,
    "ndtw": 0.26524018837176805,
    "path_length": 13.640905142024284,
    "oracle_success": 0.32572050027188687,
    "steps_taken": 181.8852637302882
}