{
    "distance_to_goal": 11.393333930522203,
    "success": 0.125,
    "spl": 0.08409575361546938,
    "ndtw": 0.20817838473317574,
    "path_length": 15.902709370217917,
    "oracle_success": 0.425,
    "steps_taken": 182.0
}