{
    "distance_to_goal": 11.722573448717593,
    "success": 0.1,
    "spl": 0.04963174708398623,
    "ndtw": 0.20144293814122868,
    "path_length": 15.67045651442633,
    "oracle_success": 0.3875,
    "steps_taken": 182.0
}