{
    "distance_to_goal": 11.50413533076644,
    "success": 0.125,
    "spl": 0.06489691391919712,
    "ndtw": 0.21333028618724076,
    "path_length": 15.392668981055612,
    "oracle_success": 0.35,
    "steps_taken": 182.0
}