{
    "distance_to_goal": 12.573281760886312,
    "success": 0.0875,
    "spl": 0.047982361126402466,
    "ndtw": 0.20440467565218595,
    "path_length": 15.76027798102012,
    "oracle_success": 0.35,
    "steps_taken": 182.0
}