{
    "distance_to_goal": 11.170037481694418,
    "success": 0.10925449871465295,
    "spl": 0.06553607942854266,
    "ndtw": 0.20956804287340744,
    "path_length": 16.131238587617638,
    "oracle_success": 0.41002570694087404,
    "steps_taken": 182.0
}