{
    "distance_to_goal": 9.017449572471696,
    "success": 0.14267352185089974,
    "spl": 0.13236858248351527,
    "ndtw": 0.43173130061877557,
    "path_length": 6.176696741112467,
    "oracle_success": 0.18894601542416453,
    "steps_taken": 43.54627249357326
}