{
    "distance_to_goal": 8.959286679327487,
    "success": 0.125,
    "spl": 0.11885380390439881,
    "ndtw": 0.43755092685294505,
    "path_length": 6.129695385834202,
    "oracle_success": 0.1625,
    "steps_taken": 41.475
}