{
    "distance_to_goal": 8.675107237880518,
    "success": 0.13367609254498714,
    "spl": 0.12821893904111217,
    "ndtw": 0.43859450944592787,
    "path_length": 6.156114427633889,
    "oracle_success": 0.17223650385604114,
    "steps_taken": 42.54370179948586
}