{
    "distance_to_goal": 8.961007417285488,
    "success": 0.1402936378466558,
    "spl": 0.13420826845022477,
    "ndtw": 0.41809933693458173,
    "path_length": 5.771738070216116,
    "oracle_success": 0.16204458945078848,
    "steps_taken": 41.0494834148994
}