{
    "distance_to_goal": 8.908372340058424,
    "success": 0.1625883632408918,
    "spl": 0.15734224162223076,
    "ndtw": 0.42834837039899404,
    "path_length": 6.002456045159096,
    "oracle_success": 0.18433931484502447,
    "steps_taken": 42.68733007069059
}