{
    "distance_to_goal": 9.161580066755414,
    "success": 0.0875,
    "spl": 0.08125738175334729,
    "ndtw": 0.4036720608740795,
    "path_length": 5.016684724137304,
    "oracle_success": 0.1375,
    "steps_taken": 31.575
}