{
    "distance_to_goal": 9.00981627757108,
    "success": 0.14138817480719795,
    "spl": 0.13358547529530343,
    "ndtw": 0.42557800540065094,
    "path_length": 6.205424584272228,
    "oracle_success": 0.19151670951156813,
    "steps_taken": 40.44344473007712
}