{
    "distance_to_goal": 8.8839449621737,
    "success": 0.2,
    "spl": 0.19165176867116443,
    "ndtw": 0.4409876542015888,
    "path_length": 5.95141530019464,
    "oracle_success": 0.2125,
    "steps_taken": 39.6125
}