{
    "distance_to_goal": 8.423756318391902,
    "success": 0.14010282776349614,
    "spl": 0.13394594405744115,
    "ndtw": 0.45559438419702986,
    "path_length": 5.9793434803594,
    "oracle_success": 0.18766066838046272,
    "steps_taken": 41.22236503856041
}