{
    "distance_to_goal": 9.118066561315208,
    "success": 0.125,
    "spl": 0.11376799339778843,
    "ndtw": 0.43205725160432296,
    "path_length": 6.104930747152497,
    "oracle_success": 0.1375,
    "steps_taken": 42.4375
}