{
    "distance_to_goal": 8.964559362176566,
    "success": 0.15167095115681234,
    "spl": 0.14678487670808274,
    "ndtw": 0.4239073284190175,
    "path_length": 5.713550984598124,
    "oracle_success": 0.17095115681233933,
    "steps_taken": 42.18508997429306
}