{
    "distance_to_goal": 9.102050922065974,
    "success": 0.1125,
    "spl": 0.108814225421528,
    "ndtw": 0.41615073480791515,
    "path_length": 6.304309336296865,
    "oracle_success": 0.175,
    "steps_taken": 41.1625
}