{
    "distance_to_goal": 9.011320761708282,
    "success": 0.14301250679717237,
    "spl": 0.1386770753077667,
    "ndtw": 0.4163076900108905,
    "path_length": 5.615368728954911,
    "oracle_success": 0.1533442088091354,
    "steps_taken": 39.848287112561174
}