{
    "distance_to_goal": 8.7111427505096,
    "success": 0.16580976863753213,
    "spl": 0.1602627326963458,
    "ndtw": 0.44343011260710263,
    "path_length": 5.93986040882567,
    "oracle_success": 0.18894601542416453,
    "steps_taken": 39.512853470437015
}