{
    "distance_to_goal": 8.562341377684957,
    "success": 0.15295629820051415,
    "spl": 0.14487186600809215,
    "ndtw": 0.44610902083848064,
    "path_length": 5.99868328588906,
    "oracle_success": 0.18380462724935734,
    "steps_taken": 43.383033419023135
}