{
    "distance_to_goal": 8.961272726207971,
    "success": 0.1,
    "spl": 0.09283804303688517,
    "ndtw": 0.4144146472915079,
    "path_length": 5.86578051758415,
    "oracle_success": 0.15,
    "steps_taken": 36.725
}