{
    "distance_to_goal": 8.787483110651374,
    "success": 0.1125,
    "spl": 0.11186523390497242,
    "ndtw": 0.4388886335384212,
    "path_length": 5.37789076778572,
    "oracle_success": 0.1625,
    "steps_taken": 36.1125
}