{
    "distance_to_goal": 9.196620474755765,
    "success": 0.0875,
    "spl": 0.08597438175220745,
    "ndtw": 0.43188156891249346,
    "path_length": 5.502490984252654,
    "oracle_success": 0.1375,
    "steps_taken": 37.5625
}