{
    "distance_to_goal": 9.639156131446361,
    "success": 0.125,
    "spl": 0.11177942889875654,
    "ndtw": 0.4100752990186763,
    "path_length": 6.3610398923944915,
    "oracle_success": 0.175,
    "steps_taken": 43.825
}