{
    "distance_to_goal": 8.647492452710868,
    "success": 0.125,
    "spl": 0.11867155252724308,
    "ndtw": 0.4449447154303531,
    "path_length": 5.998929904626888,
    "oracle_success": 0.175,
    "steps_taken": 40.8375
}