{
    "distance_to_goal": 8.606101273149635,
    "success": 0.11825192802056556,
    "spl": 0.11486525883493275,
    "ndtw": 0.4441293828550561,
    "path_length": 5.36601952834904,
    "oracle_success": 0.15938303341902313,
    "steps_taken": 36.96015424164524
}