{
    "distance_to_goal": 8.931846739940017,
    "success": 0.11908646003262642,
    "spl": 0.11570341073574784,
    "ndtw": 0.408954911507959,
    "path_length": 5.624348580191599,
    "oracle_success": 0.1348558999456226,
    "steps_taken": 42.59651984774334
}