{
    "distance_to_goal": 9.021646400587633,
    "success": 0.1625,
    "spl": 0.15890124719349497,
    "ndtw": 0.4234767565610295,
    "path_length": 5.790499376117576,
    "oracle_success": 0.175,
    "steps_taken": 43.25
}