{
    "distance_to_goal": 12.451282501220703,
    "success": 0.16666666666666666,
    "spl": 0.14541031065518314,
    "ndtw": 0.29076413890855435,
    "path_length": 9.671402554959059,
    "oracle_success": 0.16666666666666666,
    "steps_taken": 72.33333333333333
}