{
    "distance_to_goal": 8.408939319875829,
    "success": 0.21465295629820053,
    "spl": 0.20472051029718374,
    "ndtw": 0.4735836015529996,
    "path_length": 7.298585674201348,
    "oracle_success": 0.2634961439588689,
    "steps_taken": 52.96529562982005
}