{
    "distance_to_goal": 9.123395417630672,
    "success": 0.1875,
    "spl": 0.16340249722495417,
    "ndtw": 0.4178462785656737,
    "path_length": 8.28727857125968,
    "oracle_success": 0.2375,
    "steps_taken": 61.2125
}