{
    "distance_to_goal": 8.555849284230513,
    "success": 0.2377892030848329,
    "spl": 0.21747648128668118,
    "ndtw": 0.46259393481669275,
    "path_length": 8.474142678003295,
    "oracle_success": 0.3329048843187661,
    "steps_taken": 65.82904884318766
}