{
    "distance_to_goal": 8.605142580345273,
    "success": 0.2125,
    "spl": 0.19812728479507372,
    "ndtw": 0.47615284350109527,
    "path_length": 7.691079893801361,
    "oracle_success": 0.25,
    "steps_taken": 52.45
}