{
    "distance_to_goal": 8.83883289694786,
    "success": 0.1875,
    "spl": 0.16381964010079447,
    "ndtw": 0.4285188325569534,
    "path_length": 9.171917058690902,
    "oracle_success": 0.325,
    "steps_taken": 79.0625
}