{
    "distance_to_goal": 8.85359000209671,
    "success": 0.2043701799485861,
    "spl": 0.1868095082377507,
    "ndtw": 0.44475462932028925,
    "path_length": 8.71783635045745,
    "oracle_success": 0.31748071979434445,
    "steps_taken": 62.55012853470437
}