{
    "distance_to_goal": 10.125542348623275,
    "success": 0.1875,
    "spl": 0.16088716932064412,
    "ndtw": 0.3697631244822796,
    "path_length": 10.005678366961988,
    "oracle_success": 0.275,
    "steps_taken": 82.0375
}