{
    "distance_to_goal": 9.261531251435567,
    "success": 0.12180532898314302,
    "spl": 0.11357782088097751,
    "ndtw": 0.3924449166268695,
    "path_length": 6.8250603812087425,
    "oracle_success": 0.17944535073409462,
    "steps_taken": 60.15443175638934
}