{
    "distance_to_goal": 8.922575400665183,
    "success": 0.15171288743882544,
    "spl": 0.136180191631771,
    "ndtw": 0.40682938938377555,
    "path_length": 7.056065685693522,
    "oracle_success": 0.19902120717781402,
    "steps_taken": 59.17020119630234
}