{
    "distance_to_goal": 9.453816241398453,
    "success": 0.15,
    "spl": 0.1365458741345162,
    "ndtw": 0.3827407583291075,
    "path_length": 9.808073144772788,
    "oracle_success": 0.2875,
    "steps_taken": 74.175
}