{
    "distance_to_goal": 8.625930029153825,
    "success": 0.225,
    "spl": 0.20590401731521818,
    "ndtw": 0.4343243081166338,
    "path_length": 9.331478183553193,
    "oracle_success": 0.3125,
    "steps_taken": 74.725
}