{
    "distance_to_goal": 9.167070911290725,
    "success": 0.13866231647634583,
    "spl": 0.12760035713099238,
    "ndtw": 0.40377010670978214,
    "path_length": 7.419327479670005,
    "oracle_success": 0.19902120717781402,
    "steps_taken": 63.627514953779226
}