{
    "distance_to_goal": 9.473271029703056,
    "success": 0.1653072321914084,
    "spl": 0.14424765331683556,
    "ndtw": 0.38938446031863516,
    "path_length": 8.516839108351082,
    "oracle_success": 0.24197933659597606,
    "steps_taken": 75.33442088091354
}