{
    "distance_to_goal": 8.303753366966786,
    "success": 0.2352185089974293,
    "spl": 0.21870336453405312,
    "ndtw": 0.4688873145365786,
    "path_length": 7.873809455829888,
    "oracle_success": 0.32390745501285345,
    "steps_taken": 59.15552699228792
}