{
    "distance_to_goal": 8.466503451887164,
    "success": 0.20308483290488433,
    "spl": 0.192359128747388,
    "ndtw": 0.4690842584547649,
    "path_length": 7.120383902909781,
    "oracle_success": 0.2506426735218509,
    "steps_taken": 49.754498714652954
}