{
    "distance_to_goal": 9.023748242514145,
    "success": 0.20308483290488433,
    "spl": 0.18530596222898213,
    "ndtw": 0.42813986576709545,
    "path_length": 9.360215616637184,
    "oracle_success": 0.3277634961439589,
    "steps_taken": 75.89074550128535
}