{
    "distance_to_goal": 8.693491671971765,
    "success": 0.20308483290488433,
    "spl": 0.18919690360359306,
    "ndtw": 0.44606003854942505,
    "path_length": 7.738660494967809,
    "oracle_success": 0.2699228791773779,
    "steps_taken": 57.44473007712082
}