{
    "distance_to_goal": 9.851516056060792,
    "success": 0.175,
    "spl": 0.15448761798042351,
    "ndtw": 0.37768227662261833,
    "path_length": 9.023764300614129,
    "oracle_success": 0.2875,
    "steps_taken": 60.5
}