{
    "distance_to_goal": 9.029729665443302,
    "success": 0.1125,
    "spl": 0.10131191900498324,
    "ndtw": 0.42326330052952843,
    "path_length": 8.633394414070063,
    "oracle_success": 0.25,
    "steps_taken": 61.4375
}