{
    "distance_to_goal": 8.707144720852375,
    "success": 0.175,
    "spl": 0.1628439884537209,
    "ndtw": 0.46069520824652255,
    "path_length": 7.337931347748953,
    "oracle_success": 0.2125,
    "steps_taken": 54.45
}