{
    "distance_to_goal": 9.819241077080369,
    "success": 0.125,
    "spl": 0.11020357287185804,
    "ndtw": 0.3972504070799401,
    "path_length": 9.465765497437678,
    "oracle_success": 0.2625,
    "steps_taken": 75.9375
}