{
    "distance_to_goal": 9.060659481925953,
    "success": 0.16838046272493573,
    "spl": 0.15535204914207765,
    "ndtw": 0.42456035462976505,
    "path_length": 9.144493392912906,
    "oracle_success": 0.31233933161953725,
    "steps_taken": 73.05141388174808
}