{
    "distance_to_goal": 9.13148434497416,
    "success": 0.1375,
    "spl": 0.12281549766967478,
    "ndtw": 0.41722501764531106,
    "path_length": 9.09958033253788,
    "oracle_success": 0.225,
    "steps_taken": 66.5875
}