{
    "distance_to_goal": 5.796682665745418,
    "success": 0.3333333333333333,
    "spl": 0.3333333333333333,
    "ndtw": 0.6404431102021446,
    "path_length": 8.658386672536531,
    "oracle_success": 0.3333333333333333,
    "steps_taken": 82.5
}