{
    "distance_to_goal": 3.9161115090052285,
    "success": 0.5,
    "spl": 0.4982288483514068,
    "ndtw": 0.7071804077749726,
    "path_length": 10.408703073859215,
    "oracle_success": 0.5,
    "steps_taken": 77.16666666666667
}