{
    "distance_to_goal": 7.963193435365559,
    "success": 0.1928020565552699,
    "spl": 0.18566067346649648,
    "ndtw": 0.4851072241112352,
    "path_length": 6.189239510534481,
    "oracle_success": 0.24293059125964012,
    "steps_taken": 43.60668380462725
}