{
    "distance_to_goal": 8.569533668152012,
    "success": 0.22879177377892032,
    "spl": 0.21552726478555578,
    "ndtw": 0.468139442280806,
    "path_length": 7.420134574561096,
    "oracle_success": 0.2982005141388175,
    "steps_taken": 54.40874035989717
}