{
    "distance_to_goal": 8.031838905997574,
    "success": 0.2125,
    "spl": 0.20040583098018025,
    "ndtw": 0.4923151970936951,
    "path_length": 6.269588469015434,
    "oracle_success": 0.225,
    "steps_taken": 42.0125
}