{
    "distance_to_goal": 9.367876924946904,
    "success": 0.1375,
    "spl": 0.1314279120029908,
    "ndtw": 0.40273019587940107,
    "path_length": 8.738954355518217,
    "oracle_success": 0.2,
    "steps_taken": 61.3625
}