{
    "distance_to_goal": 8.475676148757339,
    "success": 0.15,
    "spl": 0.13730994133388852,
    "ndtw": 0.4520536812173993,
    "path_length": 5.4647156753263095,
    "oracle_success": 0.15,
    "steps_taken": 34.4375
}