{
    "distance_to_goal": 8.542348857404027,
    "success": 0.18894601542416453,
    "spl": 0.17219719555277674,
    "ndtw": 0.442612049971765,
    "path_length": 7.85699709068546,
    "oracle_success": 0.2544987146529563,
    "steps_taken": 58.43958868894602
}