{
    "distance_to_goal": 8.440179891884327,
    "success": 0.125,
    "spl": 0.11811751123807919,
    "ndtw": 0.4456450854497002,
    "path_length": 4.256382068747189,
    "oracle_success": 0.1375,
    "steps_taken": 28.125
}