{
    "distance_to_goal": 8.470285870879888,
    "success": 0.1375,
    "spl": 0.12945293102664762,
    "ndtw": 0.4561152141927548,
    "path_length": 7.014005662780255,
    "oracle_success": 0.2125,
    "steps_taken": 46.125
}