{
    "distance_to_goal": 8.071187916290791,
    "success": 0.18508997429305912,
    "spl": 0.18115073341050658,
    "ndtw": 0.4682440771593727,
    "path_length": 5.141423654690808,
    "oracle_success": 0.19665809768637532,
    "steps_taken": 33.88046272493573
}