{
    "distance_to_goal": 9.09184284284711,
    "success": 0.1125,
    "spl": 0.10170370620589879,
    "ndtw": 0.41602716006177465,
    "path_length": 5.8254748528124765,
    "oracle_success": 0.1125,
    "steps_taken": 38.575
}