{
    "distance_to_goal": 8.197735638307423,
    "success": 0.1928020565552699,
    "spl": 0.18764469229881717,
    "ndtw": 0.46180278916415407,
    "path_length": 5.01436285658505,
    "oracle_success": 0.21465295629820053,
    "steps_taken": 34.50642673521851
}