{
    "distance_to_goal": 8.025458590632692,
    "success": 0.2416452442159383,
    "spl": 0.22237205297781715,
    "ndtw": 0.4738860009516021,
    "path_length": 7.970740944537664,
    "oracle_success": 0.3380462724935733,
    "steps_taken": 57.26221079691517
}