{
    "distance_to_goal": 8.533274083584548,
    "success": 0.1,
    "spl": 0.09083485111820108,
    "ndtw": 0.4521845578245564,
    "path_length": 5.980333043285645,
    "oracle_success": 0.15,
    "steps_taken": 36.9375
}