{
    "distance_to_goal": 9.328238253897464,
    "success": 0.15551930396954866,
    "spl": 0.1421113825838878,
    "ndtw": 0.39610020230239557,
    "path_length": 7.040385515657324,
    "oracle_success": 0.20609026644915715,
    "steps_taken": 61.35508428493747
}