{
    "distance_to_goal": 8.878996175201838,
    "success": 0.11745513866231648,
    "spl": 0.10963612980784516,
    "ndtw": 0.41527206899959734,
    "path_length": 5.684295196832599,
    "oracle_success": 0.13539967373572595,
    "steps_taken": 42.00489396411093
}