{
    "distance_to_goal": 8.153629326268762,
    "success": 0.20051413881748073,
    "spl": 0.1939080837680308,
    "ndtw": 0.4720012990622732,
    "path_length": 5.943836198130465,
    "oracle_success": 0.23136246786632392,
    "steps_taken": 42.0025706940874
}