{
    "distance_to_goal": 8.520321155339479,
    "success": 0.15,
    "spl": 0.13588822500520903,
    "ndtw": 0.467747034179833,
    "path_length": 6.036970652081072,
    "oracle_success": 0.1625,
    "steps_taken": 38.0375
}