{
    "distance_to_goal": 8.848233556747436,
    "success": 0.1875,
    "spl": 0.16307896964286692,
    "ndtw": 0.4224320101379161,
    "path_length": 8.407744487041782,
    "oracle_success": 0.3,
    "steps_taken": 59.1875
}