{
    "distance_to_goal": 8.699784392066595,
    "success": 0.1658510059815117,
    "spl": 0.1543856051599561,
    "ndtw": 0.43752490415018275,
    "path_length": 7.480254031082277,
    "oracle_success": 0.25122349102773245,
    "steps_taken": 58.87221315932572
}