{
    "distance_to_goal": 8.680550761435782,
    "success": 0.14410005437737902,
    "spl": 0.13792468599991486,
    "ndtw": 0.42687315721524594,
    "path_length": 5.840536156075251,
    "oracle_success": 0.18325176726481784,
    "steps_taken": 45.241435562805876
}