{
    "distance_to_goal": 8.065265642301895,
    "success": 0.2120822622107969,
    "spl": 0.20185068891573407,
    "ndtw": 0.4896263840390505,
    "path_length": 6.495598656486027,
    "oracle_success": 0.2390745501285347,
    "steps_taken": 43.48071979434447
}