{
    "distance_to_goal": 9.474718481302261,
    "success": 0.1375,
    "spl": 0.126402351664667,
    "ndtw": 0.40221015434709306,
    "path_length": 8.506294938724022,
    "oracle_success": 0.2625,
    "steps_taken": 61.3375
}