{
    "distance_to_goal": 9.15497277341783,
    "success": 0.125,
    "spl": 0.11342544543821487,
    "ndtw": 0.42489967221024577,
    "path_length": 8.383726829942315,
    "oracle_success": 0.2375,
    "steps_taken": 56.5375
}