{
    "distance_to_goal": 8.682823323085904,
    "success": 0.15,
    "spl": 0.13683893052986745,
    "ndtw": 0.45918927732973075,
    "path_length": 8.248377109551802,
    "oracle_success": 0.275,
    "steps_taken": 56.0125
}