{
    "distance_to_goal": 8.577191178873182,
    "success": 0.1875,
    "spl": 0.16970182416064025,
    "ndtw": 0.45156753673257877,
    "path_length": 8.398665166946012,
    "oracle_success": 0.2375,
    "steps_taken": 63.0625
}