{
    "distance_to_goal": 9.17679249838019,
    "success": 0.13376835236541598,
    "spl": 0.12846819149081548,
    "ndtw": 0.4191236741380375,
    "path_length": 5.987911196556907,
    "oracle_success": 0.16476345840130505,
    "steps_taken": 39.450244698205545
}