{
    "distance_to_goal": 9.38533140186479,
    "success": 0.11953727506426735,
    "spl": 0.11274004538352997,
    "ndtw": 0.40481242614210244,
    "path_length": 6.077316287724289,
    "oracle_success": 0.15424164524421594,
    "steps_taken": 39.32262210796915
}