{
    "distance_to_goal": 9.468667379399642,
    "success": 0.11419249592169657,
    "spl": 0.10795752274135809,
    "ndtw": 0.4004041746972172,
    "path_length": 5.931507091659112,
    "oracle_success": 0.13539967373572595,
    "steps_taken": 38.57096247960848
}