{
    "distance_to_goal": 9.380155633608297,
    "success": 0.11182519280205655,
    "spl": 0.10382802635557428,
    "ndtw": 0.39912531193776607,
    "path_length": 6.59187051879681,
    "oracle_success": 0.16580976863753213,
    "steps_taken": 43.60668380462725
}