{
    "distance_to_goal": 9.458751668998604,
    "success": 0.1272430668841762,
    "spl": 0.11712836126463272,
    "ndtw": 0.399825367754969,
    "path_length": 6.5455537942746185,
    "oracle_success": 0.15823817292006526,
    "steps_taken": 43.46982055464927
}