{
    "distance_to_goal": 9.277056512931821,
    "success": 0.12398042414355628,
    "spl": 0.11685522372534085,
    "ndtw": 0.412663717116998,
    "path_length": 6.284125309441883,
    "oracle_success": 0.15823817292006526,
    "steps_taken": 42.10440456769984
}