{
    "distance_to_goal": 8.807966692745685,
    "success": 0.1375,
    "spl": 0.12683686323740453,
    "ndtw": 0.452093157240541,
    "path_length": 6.024575407373583,
    "oracle_success": 0.1625,
    "steps_taken": 38.4125
}