{
    "distance_to_goal": 8.721937704055659,
    "success": 0.16195372750642673,
    "spl": 0.1518731097136074,
    "ndtw": 0.44764661950162965,
    "path_length": 6.559424242256956,
    "oracle_success": 0.1928020565552699,
    "steps_taken": 41.8586118251928
}