{
    "distance_to_goal": 8.989533643642858,
    "success": 0.11953727506426735,
    "spl": 0.11200290817561571,
    "ndtw": 0.42849023598232666,
    "path_length": 5.972792777169723,
    "oracle_success": 0.13881748071979436,
    "steps_taken": 38.41388174807198
}