{
    "distance_to_goal": 8.77235966026783,
    "success": 0.175,
    "spl": 0.15629112224847128,
    "ndtw": 0.4474628733947961,
    "path_length": 6.647705458994605,
    "oracle_success": 0.1875,
    "steps_taken": 41.8625
}