{
    "distance_to_goal": 9.633227839912731,
    "success": 0.13881748071979436,
    "spl": 0.13376745648254915,
    "ndtw": 0.3957622577201727,
    "path_length": 7.1725189072877,
    "oracle_success": 0.22236503856041132,
    "steps_taken": 49.29562982005142
}