{
    "distance_to_goal": 9.390135199291235,
    "success": 0.14010282776349614,
    "spl": 0.13151224268074685,
    "ndtw": 0.4035382646849736,
    "path_length": 6.4655815839011375,
    "oracle_success": 0.19408740359897173,
    "steps_taken": 42.754498714652954
}