{
    "distance_to_goal": 9.320901550544106,
    "success": 0.14524421593830333,
    "spl": 0.1392999991307238,
    "ndtw": 0.40772903712128844,
    "path_length": 5.916993925493757,
    "oracle_success": 0.17866323907455012,
    "steps_taken": 43.124678663239074
}