{
    "distance_to_goal": 8.432029910557986,
    "success": 0.20565552699228792,
    "spl": 0.19187487993047495,
    "ndtw": 0.4558062991666414,
    "path_length": 7.438093983602027,
    "oracle_success": 0.2827763496143959,
    "steps_taken": 56.703084832904885
}