{
    "distance_to_goal": 10.811136116087436,
    "success": 0.125,
    "spl": 0.10470580518998732,
    "ndtw": 0.3482073300381953,
    "path_length": 9.763409316324395,
    "oracle_success": 0.225,
    "steps_taken": 81.075
}