{
    "distance_to_goal": 9.921885871887207,
    "success": 0.1,
    "spl": 0.08361711213702744,
    "ndtw": 0.3739623229346981,
    "path_length": 8.484960335539654,
    "oracle_success": 0.2125,
    "steps_taken": 62.9125
}