{
    "distance_to_goal": 9.187593299150468,
    "success": 0.2,
    "spl": 0.17560186164820724,
    "ndtw": 0.4182450936597505,
    "path_length": 8.269813492072112,
    "oracle_success": 0.2875,
    "steps_taken": 60.5625
}