{
    "distance_to_goal": 7.9842839563184045,
    "success": 0.2300771208226221,
    "spl": 0.21238181212642732,
    "ndtw": 0.4788846008603335,
    "path_length": 7.271321458407001,
    "oracle_success": 0.2853470437017995,
    "steps_taken": 57.512853470437015
}