{
    "distance_to_goal": 8.4821198284626,
    "success": 0.1875,
    "spl": 0.18188055675787257,
    "ndtw": 0.4479827230278678,
    "path_length": 6.285630648815099,
    "oracle_success": 0.2125,
    "steps_taken": 45.3125
}