{
    "distance_to_goal": 8.807891774177552,
    "success": 0.1625,
    "spl": 0.14813868889821935,
    "ndtw": 0.44220317930329484,
    "path_length": 7.849588779613259,
    "oracle_success": 0.2375,
    "steps_taken": 60.2625
}