{
    "distance_to_goal": 9.156444342434407,
    "success": 0.1125,
    "spl": 0.09488137640418898,
    "ndtw": 0.4183062985701305,
    "path_length": 7.9348436429678255,
    "oracle_success": 0.2,
    "steps_taken": 54.525
}