{
    "distance_to_goal": 8.854935789469664,
    "success": 0.13866231647634583,
    "spl": 0.12886379396512632,
    "ndtw": 0.41084701385666134,
    "path_length": 6.600687371621421,
    "oracle_success": 0.18760195758564438,
    "steps_taken": 61.41653072321914
}