{
    "distance_to_goal": 8.307068106744698,
    "success": 0.19665809768637532,
    "spl": 0.1806619984184776,
    "ndtw": 0.4517822381598579,
    "path_length": 7.138581272702835,
    "oracle_success": 0.2634961439588689,
    "steps_taken": 55.095115681233935
}