{
    "distance_to_goal": 9.263866827094471,
    "success": 0.13594344752582926,
    "spl": 0.12407142309355568,
    "ndtw": 0.3972412534873554,
    "path_length": 7.197394578497471,
    "oracle_success": 0.2077215878194671,
    "steps_taken": 65.10222947253942
}