{
    "distance_to_goal": 7.918836365585577,
    "success": 0.2352185089974293,
    "spl": 0.21997094370547077,
    "ndtw": 0.47923156323939614,
    "path_length": 7.7698392745145455,
    "oracle_success": 0.31876606683804626,
    "steps_taken": 62.58611825192802
}