{
    "distance_to_goal": 9.689389368332922,
    "success": 0.1125,
    "spl": 0.09865537617238504,
    "ndtw": 0.3656210386519861,
    "path_length": 8.731846339401875,
    "oracle_success": 0.2375,
    "steps_taken": 67.0375
}