{
    "distance_to_goal": 8.599500627867437,
    "success": 0.2069408740359897,
    "spl": 0.1904870252052822,
    "ndtw": 0.43945711227079653,
    "path_length": 8.297457955777343,
    "oracle_success": 0.2943444730077121,
    "steps_taken": 64.46015424164524
}