{
    "distance_to_goal": 8.917926900311615,
    "success": 0.13213703099510604,
    "spl": 0.12389309584223519,
    "ndtw": 0.41019845999618776,
    "path_length": 6.8793942784405075,
    "oracle_success": 0.19684611201740077,
    "steps_taken": 60.31810766721044
}