{
    "distance_to_goal": 8.124672794594863,
    "success": 0.18251928020565553,
    "spl": 0.16918984503979165,
    "ndtw": 0.4647512215324906,
    "path_length": 7.346973484558035,
    "oracle_success": 0.2506426735218509,
    "steps_taken": 58.91645244215938
}