{
    "distance_to_goal": 10.436546055227518,
    "success": 0.1125,
    "spl": 0.09757340220949699,
    "ndtw": 0.33865215311166824,
    "path_length": 10.481527909650465,
    "oracle_success": 0.2625,
    "steps_taken": 76.025
}