{
    "distance_to_goal": 9.685130045190453,
    "success": 0.1125,
    "spl": 0.09684034571369561,
    "ndtw": 0.38710565891025245,
    "path_length": 7.572210885496224,
    "oracle_success": 0.1625,
    "steps_taken": 59.7375
}