{
    "distance_to_goal": 9.881320361047983,
    "success": 0.0875,
    "spl": 0.07829934643278262,
    "ndtw": 0.3652628408578781,
    "path_length": 8.660087999764709,
    "oracle_success": 0.2125,
    "steps_taken": 59.8375
}