{
    "distance_to_goal": 8.363425090163947,
    "success": 0.2625,
    "spl": 0.24394137353277764,
    "ndtw": 0.47581578147766124,
    "path_length": 7.477261795511003,
    "oracle_success": 0.2875,
    "steps_taken": 57.85
}