{
    "distance_to_goal": 8.583132813224966,
    "success": 0.20822622107969152,
    "spl": 0.1889766327336244,
    "ndtw": 0.4369560714165709,
    "path_length": 8.510466358758157,
    "oracle_success": 0.3110539845758355,
    "steps_taken": 66.69280205655527
}