{
    "distance_to_goal": 8.043225350868733,
    "success": 0.18766066838046272,
    "spl": 0.17868448741942683,
    "ndtw": 0.46550014625302827,
    "path_length": 6.356495073387667,
    "oracle_success": 0.2300771208226221,
    "steps_taken": 49.38174807197944
}