{
    "distance_to_goal": 9.339703100730928,
    "success": 0.12561174551386622,
    "spl": 0.11291505912276441,
    "ndtw": 0.38307814601304874,
    "path_length": 7.955627261301005,
    "oracle_success": 0.22838499184339314,
    "steps_taken": 73.88200108754758
}