{
    "distance_to_goal": 7.113705066873052,
    "success": 0.2352185089974293,
    "spl": 0.2339585550553422,
    "ndtw": 0.5341938652904585,
    "path_length": 5.573913919512637,
    "oracle_success": 0.24293059125964012,
    "steps_taken": 37.69151670951157
}