{
    "distance_to_goal": 8.8380260694772,
    "success": 0.1625,
    "spl": 0.15726391262246747,
    "ndtw": 0.44987835395863807,
    "path_length": 7.197534009499941,
    "oracle_success": 0.2625,
    "steps_taken": 51.4375
}