{
    "distance_to_goal": 7.454323332632262,
    "success": 0.2776349614395887,
    "spl": 0.26365463380537474,
    "ndtw": 0.5240348522005054,
    "path_length": 7.869051132099833,
    "oracle_success": 0.34704370179948585,
    "steps_taken": 56.02442159383033
}