{
    "distance_to_goal": 8.137150041759014,
    "success": 0.2375,
    "spl": 0.2345317914674852,
    "ndtw": 0.48610394698439396,
    "path_length": 7.122862676536897,
    "oracle_success": 0.2625,
    "steps_taken": 49.8
}