{
    "distance_to_goal": 7.213305500505975,
    "success": 0.2737789203084833,
    "spl": 0.2657712063025001,
    "ndtw": 0.5433478728836221,
    "path_length": 6.788927641675139,
    "oracle_success": 0.30848329048843187,
    "steps_taken": 46.34318766066838
}