{
    "distance_to_goal": 8.400406550243497,
    "success": 0.2125,
    "spl": 0.20333831528064034,
    "ndtw": 0.47793454130683183,
    "path_length": 6.967381258297246,
    "oracle_success": 0.25,
    "steps_taken": 47.05
}