{
    "distance_to_goal": 8.057519430084971,
    "success": 0.19902120717781402,
    "spl": 0.18853487640181438,
    "ndtw": 0.48397476036954074,
    "path_length": 6.3995865455941106,
    "oracle_success": 0.233278955954323,
    "steps_taken": 47.2626427406199
}