{
    "distance_to_goal": 8.156950221583248,
    "success": 0.1875,
    "spl": 0.1774555739690729,
    "ndtw": 0.4880412607194451,
    "path_length": 7.085801373689901,
    "oracle_success": 0.2625,
    "steps_taken": 49.5375
}