{
    "distance_to_goal": 8.755923636630177,
    "success": 0.2125,
    "spl": 0.19473760192300668,
    "ndtw": 0.47476962283024227,
    "path_length": 6.384385427681264,
    "oracle_success": 0.2625,
    "steps_taken": 44.45
}