{
    "distance_to_goal": 8.513463256880641,
    "success": 0.125,
    "spl": 0.11537462142026586,
    "ndtw": 0.4511913218620224,
    "path_length": 6.038109608180821,
    "oracle_success": 0.2,
    "steps_taken": 49.925
}