{
    "distance_to_goal": 7.974301785603165,
    "success": 0.2125,
    "spl": 0.2062262003153193,
    "ndtw": 0.5034706965111997,
    "path_length": 5.781577791064047,
    "oracle_success": 0.225,
    "steps_taken": 39.4875
}