{
    "distance_to_goal": 8.325141180027277,
    "success": 0.1875,
    "spl": 0.18393474950091818,
    "ndtw": 0.4805084095580175,
    "path_length": 6.466362948564347,
    "oracle_success": 0.2375,
    "steps_taken": 42.9125
}