{
    "distance_to_goal": 9.215032744407655,
    "success": 0.1375,
    "spl": 0.12769786859205295,
    "ndtw": 0.42186671845300044,
    "path_length": 6.5977657758397985,
    "oracle_success": 0.2125,
    "steps_taken": 56.45
}