{
    "distance_to_goal": 7.7157159727066755,
    "success": 0.275,
    "spl": 0.2670632731233612,
    "ndtw": 0.519617662020451,
    "path_length": 6.309025191864907,
    "oracle_success": 0.275,
    "steps_taken": 50.0875
}