{
    "distance_to_goal": 8.377685227058828,
    "success": 0.2125,
    "spl": 0.1980107737848748,
    "ndtw": 0.4924834203497979,
    "path_length": 6.1689401613082735,
    "oracle_success": 0.25,
    "steps_taken": 42.675
}