{
    "distance_to_goal": 8.609385174140334,
    "success": 0.2125,
    "spl": 0.20978273507947348,
    "ndtw": 0.47332283241837825,
    "path_length": 6.604794091067743,
    "oracle_success": 0.25,
    "steps_taken": 46.7375
}