{
    "distance_to_goal": 8.549768429994582,
    "success": 0.175,
    "spl": 0.16891982235310468,
    "ndtw": 0.46575472207750457,
    "path_length": 4.962872698530555,
    "oracle_success": 0.1875,
    "steps_taken": 33.45
}