{
    "distance_to_goal": 6.307308483357523,
    "success": 0.35444947209653094,
    "spl": 0.33261077875524686,
    "ndtw": 0.5459768700339178,
    "path_length": 6.418114644520932,
    "oracle_success": 0.42684766214177977,
    "steps_taken": 45.542986425339365
}