{
    "distance_to_goal": 8.851015767268837,
    "success": 0.175,
    "spl": 0.16939818899742193,
    "ndtw": 0.4586934302461529,
    "path_length": 6.002595751533226,
    "oracle_success": 0.1875,
    "steps_taken": 41.675
}