{
    "distance_to_goal": 8.550012720376253,
    "success": 0.2125,
    "spl": 0.1965055578200961,
    "ndtw": 0.47226310388708165,
    "path_length": 6.555569992167875,
    "oracle_success": 0.2375,
    "steps_taken": 44.4625
}