{
    "distance_to_goal": 8.423411955870687,
    "success": 0.175,
    "spl": 0.17150328378995439,
    "ndtw": 0.48112573747607357,
    "path_length": 6.465433736820705,
    "oracle_success": 0.2375,
    "steps_taken": 50.1875
}