{
    "distance_to_goal": 9.73876151368022,
    "success": 0.1625,
    "spl": 0.15231171935541216,
    "ndtw": 0.4160069235011676,
    "path_length": 7.9746486876683775,
    "oracle_success": 0.2625,
    "steps_taken": 64.5875
}