{
    "distance_to_goal": 9.284659990109503,
    "success": 0.1375,
    "spl": 0.13340440827169533,
    "ndtw": 0.4270955660123724,
    "path_length": 7.874429019948903,
    "oracle_success": 0.225,
    "steps_taken": 56.2875
}