{
    "distance_to_goal": 8.174811504594981,
    "success": 0.2625,
    "spl": 0.25687694907777237,
    "ndtw": 0.4967435847288275,
    "path_length": 7.337583169892605,
    "oracle_success": 0.3625,
    "steps_taken": 60.95
}