{
    "distance_to_goal": 8.151528939159101,
    "success": 0.16150081566068517,
    "spl": 0.15300917777404113,
    "ndtw": 0.4691918397163682,
    "path_length": 6.40637799803242,
    "oracle_success": 0.20717781402936378,
    "steps_taken": 51.293094072865685
}