{
    "distance_to_goal": 8.751376022212208,
    "success": 0.1625,
    "spl": 0.15780328479987282,
    "ndtw": 0.46082090117674007,
    "path_length": 6.584921122470405,
    "oracle_success": 0.225,
    "steps_taken": 47.8875
}