{
    "distance_to_goal": 8.306412456184626,
    "success": 0.2125,
    "spl": 0.19714718585694904,
    "ndtw": 0.5055969776911564,
    "path_length": 7.277980256115552,
    "oracle_success": 0.275,
    "steps_taken": 52.75
}