{
    "distance_to_goal": 7.944754428602755,
    "success": 0.275,
    "spl": 0.2583068658658941,
    "ndtw": 0.5059143411859988,
    "path_length": 7.440366274910048,
    "oracle_success": 0.325,
    "steps_taken": 52.0125
}