{
    "distance_to_goal": 8.401833868111003,
    "success": 0.17346383904295812,
    "spl": 0.1676099416893947,
    "ndtw": 0.4606264189334299,
    "path_length": 5.992516422386999,
    "oracle_success": 0.2077215878194671,
    "steps_taken": 43.21642196846112
}