{
    "distance_to_goal": 9.046686983008419,
    "success": 0.1130952380952381,
    "spl": 0.10888229034627361,
    "ndtw": 0.447794578285737,
    "path_length": 6.386437508128643,
    "oracle_success": 0.12670068027210885,
    "steps_taken": 48.33078231292517
}