{
    "distance_to_goal": 8.100847659632564,
    "success": 0.2125,
    "spl": 0.201122572057412,
    "ndtw": 0.5053173662668946,
    "path_length": 6.805538777611218,
    "oracle_success": 0.2375,
    "steps_taken": 43.8125
}