{
    "distance_to_goal": 5.223658209185252,
    "success": 0.4044943820224719,
    "spl": 0.38810933753556737,
    "ndtw": 0.6207827068877143,
    "path_length": 6.310946004405053,
    "oracle_success": 0.5056179775280899,
    "steps_taken": 45.831460674157306
}