{
    "distance_to_goal": 8.624803776404597,
    "success": 0.16150081566068517,
    "spl": 0.15309971692318627,
    "ndtw": 0.4464409047135729,
    "path_length": 6.528188193489818,
    "oracle_success": 0.20228384991843393,
    "steps_taken": 52.11256117455139
}