{
    "distance_to_goal": 7.950285068899393,
    "success": 0.2,
    "spl": 0.19843157036176545,
    "ndtw": 0.5027760932390379,
    "path_length": 6.056852481409441,
    "oracle_success": 0.2375,
    "steps_taken": 48.1375
}