{
    "distance_to_goal": 8.596938847377896,
    "success": 0.1625,
    "spl": 0.15839628391838886,
    "ndtw": 0.47936503744618947,
    "path_length": 6.574909108248539,
    "oracle_success": 0.225,
    "steps_taken": 48.925
}