{
    "distance_to_goal": 7.258376822986456,
    "success": 0.2544987146529563,
    "spl": 0.2486496694006067,
    "ndtw": 0.5419089636318013,
    "path_length": 6.232935779714286,
    "oracle_success": 0.2814910025706941,
    "steps_taken": 40.76349614395887
}