{
    "distance_to_goal": 7.196140156077235,
    "success": 0.2544987146529563,
    "spl": 0.24661370344238687,
    "ndtw": 0.5433665822965323,
    "path_length": 6.362515135419253,
    "oracle_success": 0.2892030848329049,
    "steps_taken": 44.23393316195373
}