{
    "distance_to_goal": 8.198144380748271,
    "success": 0.2125,
    "spl": 0.20715811423712158,
    "ndtw": 0.4942060426999334,
    "path_length": 5.362868923228234,
    "oracle_success": 0.225,
    "steps_taken": 40.75
}