{
    "distance_to_goal": 9.16325344145298,
    "success": 0.125,
    "spl": 0.10731452128968859,
    "ndtw": 0.4226741479958793,
    "path_length": 6.7840138769766725,
    "oracle_success": 0.2125,
    "steps_taken": 49.15
}