{
    "distance_to_goal": 6.90157519571081,
    "success": 0.2853470437017995,
    "spl": 0.27184750682779846,
    "ndtw": 0.556672986375547,
    "path_length": 7.306896373369264,
    "oracle_success": 0.3508997429305913,
    "steps_taken": 50.83161953727507
}