{
    "distance_to_goal": 8.436107158106834,
    "success": 0.19373776908023482,
    "spl": 0.1885663197122361,
    "ndtw": 0.4856358467406907,
    "path_length": 8.022035210507726,
    "oracle_success": 0.2172211350293542,
    "steps_taken": 51.74559686888454
}