{
    "distance_to_goal": 7.330463738254916,
    "success": 0.2660668380462725,
    "spl": 0.2571173751908111,
    "ndtw": 0.5322036725221904,
    "path_length": 7.429653686282737,
    "oracle_success": 0.3161953727506427,
    "steps_taken": 49.67866323907455
}