{
    "distance_to_goal": 9.46440203115344,
    "success": 0.1375,
    "spl": 0.12515030911958316,
    "ndtw": 0.40087846704259783,
    "path_length": 8.090162095287814,
    "oracle_success": 0.2875,
    "steps_taken": 61.3875
}