{
    "distance_to_goal": 8.127920702472329,
    "success": 0.2375,
    "spl": 0.22590811536611116,
    "ndtw": 0.5056314288860276,
    "path_length": 6.069370104558766,
    "oracle_success": 0.275,
    "steps_taken": 45.3125
}