{
    "distance_to_goal": 8.279523525759577,
    "success": 0.1875,
    "spl": 0.18593618074763965,
    "ndtw": 0.49031298634287596,
    "path_length": 5.340334041952156,
    "oracle_success": 0.1875,
    "steps_taken": 37.275
}