{
  "test_split": {
    "length": 6.317754775865317,
    "error": 8.846607115187467,
    "oracle success": 0.19718309859154928,
    "success": 0.15757042253521128,
    "spl": 0.1507282862815015
  }
}