{
    "distance_to_goal": 7.64271024114675,
    "success": 0.23136246786632392,
    "spl": 0.2187865671762623,
    "ndtw": 0.5196578946604931,
    "path_length": 7.900594897710122,
    "oracle_success": 0.33547557840616965,
    "steps_taken": 51.196658097686374
}