{
    "distance_to_goal": 8.199565996788442,
    "success": 0.2125,
    "spl": 0.20305615727795173,
    "ndtw": 0.49884192684310485,
    "path_length": 6.7703338310588155,
    "oracle_success": 0.275,
    "steps_taken": 45.1125
}