{
    "distance_to_goal": 7.7289224322885275,
    "success": 0.225,
    "spl": 0.21361013978336912,
    "ndtw": 0.5219542801363155,
    "path_length": 6.990476004010998,
    "oracle_success": 0.3125,
    "steps_taken": 46.575
}