{
    "distance_to_goal": 10.8438863100484,
    "success": 0.0875,
    "spl": 0.08424732580095198,
    "ndtw": 0.3252621432990275,
    "path_length": 9.727618403511588,
    "oracle_success": 0.3125,
    "steps_taken": 81.7625
}