{
    "distance_to_goal": 9.595594260927797,
    "success": 0.2133676092544987,
    "spl": 0.20039244531612946,
    "ndtw": 0.4206479050067379,
    "path_length": 9.563576855895509,
    "oracle_success": 0.34832904884318766,
    "steps_taken": 67.89588688946016
}