{
    "distance_to_goal": 9.196366517031255,
    "success": 0.2095115681233933,
    "spl": 0.19993528193320115,
    "ndtw": 0.44026745731219985,
    "path_length": 8.984760834513457,
    "oracle_success": 0.31748071979434445,
    "steps_taken": 60.566838046272494
}