{
    "distance_to_goal": 9.390963249653577,
    "success": 0.175,
    "spl": 0.16449265278244543,
    "ndtw": 0.4159197948111796,
    "path_length": 8.232940995279932,
    "oracle_success": 0.225,
    "steps_taken": 55.3875
}