{
    "distance_to_goal": 9.731402841210365,
    "success": 0.1625,
    "spl": 0.1602753281704152,
    "ndtw": 0.42200267767718724,
    "path_length": 9.06703424572479,
    "oracle_success": 0.2875,
    "steps_taken": 59.1625
}