{
    "distance_to_goal": 9.691215904802084,
    "success": 0.125,
    "spl": 0.11714897927683927,
    "ndtw": 0.41466301919154774,
    "path_length": 8.337745782916318,
    "oracle_success": 0.25,
    "steps_taken": 57.7875
}