{
    "distance_to_goal": 9.728983684831368,
    "success": 0.1370309951060359,
    "spl": 0.12812693100902148,
    "ndtw": 0.38465878239143175,
    "path_length": 8.013730880505047,
    "oracle_success": 0.23817292006525284,
    "steps_taken": 59.82218597063621
}