{
    "distance_to_goal": 10.402845123410225,
    "success": 0.05,
    "spl": 0.045645780482152676,
    "ndtw": 0.3544116986295174,
    "path_length": 8.882511076156515,
    "oracle_success": 0.1625,
    "steps_taken": 64.7875
}