{
    "distance_to_goal": 9.255809040084136,
    "success": 0.2159383033419023,
    "spl": 0.20288875464927125,
    "ndtw": 0.44226675706039903,
    "path_length": 8.603608615171513,
    "oracle_success": 0.3046272493573265,
    "steps_taken": 59.46786632390746
}