{
    "distance_to_goal": 9.819598256982559,
    "success": 0.1272430668841762,
    "spl": 0.11792757327609148,
    "ndtw": 0.38222982833223657,
    "path_length": 8.589031685791978,
    "oracle_success": 0.24796084828711257,
    "steps_taken": 66.69331158238172
}