{
    "distance_to_goal": 10.075731188431382,
    "success": 0.125,
    "spl": 0.11746337589565123,
    "ndtw": 0.40653019129367063,
    "path_length": 9.215683523705229,
    "oracle_success": 0.275,
    "steps_taken": 64.5375
}