{
    "distance_to_goal": 9.478964588232339,
    "success": 0.1875,
    "spl": 0.1782586083674595,
    "ndtw": 0.40648977244464374,
    "path_length": 9.096928371913965,
    "oracle_success": 0.2625,
    "steps_taken": 59.6
}