{
    "distance_to_goal": 10.327344239503145,
    "success": 0.1125,
    "spl": 0.10111872604973182,
    "ndtw": 0.3785217245099376,
    "path_length": 9.252459893366904,
    "oracle_success": 0.2125,
    "steps_taken": 63.3
}