{
    "distance_to_goal": 10.947675864771009,
    "success": 0.0875,
    "spl": 0.08038737181508289,
    "ndtw": 0.33817540285075437,
    "path_length": 9.950325991424325,
    "oracle_success": 0.275,
    "steps_taken": 69.625
}