{
    "distance_to_goal": 9.904895977675915,
    "success": 0.15,
    "spl": 0.13352765391792296,
    "ndtw": 0.37894089855412744,
    "path_length": 8.880948719731531,
    "oracle_success": 0.25,
    "steps_taken": 60.0875
}