{
    "distance_to_goal": 9.076953194231026,
    "success": 0.17737789203084833,
    "spl": 0.16892751786804633,
    "ndtw": 0.42303118826461195,
    "path_length": 8.690462457018187,
    "oracle_success": 0.2969151670951157,
    "steps_taken": 60.06041131105398
}