{
    "distance_to_goal": 9.611242278292774,
    "success": 0.125,
    "spl": 0.11798199151011424,
    "ndtw": 0.41334422444482444,
    "path_length": 8.997347497579176,
    "oracle_success": 0.2375,
    "steps_taken": 58.6
}