{
    "distance_to_goal": 9.751493791090917,
    "success": 0.1500815660685155,
    "spl": 0.13732540754506234,
    "ndtw": 0.3918658308905262,
    "path_length": 8.05485652749099,
    "oracle_success": 0.233278955954323,
    "steps_taken": 63.70636215334421
}