{
    "distance_to_goal": 9.539568891003729,
    "success": 0.175,
    "spl": 0.1696947436906661,
    "ndtw": 0.4148571561672606,
    "path_length": 8.994291860493831,
    "oracle_success": 0.2625,
    "steps_taken": 56.8625
}