{
    "distance_to_goal": 9.874666114737565,
    "success": 0.15167095115681234,
    "spl": 0.14134252487583543,
    "ndtw": 0.4047826141420628,
    "path_length": 9.938721092265892,
    "oracle_success": 0.3213367609254499,
    "steps_taken": 68.31876606683805
}