{
    "distance_to_goal": 9.893172829225659,
    "success": 0.1375,
    "spl": 0.12812632882576355,
    "ndtw": 0.3978176648741182,
    "path_length": 9.196771037648432,
    "oracle_success": 0.2375,
    "steps_taken": 63.2
}