{
    "distance_to_goal": 8.736450238340081,
    "success": 0.2133676092544987,
    "spl": 0.20154982344468542,
    "ndtw": 0.4425849987860125,
    "path_length": 8.442994347290856,
    "oracle_success": 0.34832904884318766,
    "steps_taken": 58.7879177377892
}