{
    "distance_to_goal": 9.614859703183175,
    "success": 0.125,
    "spl": 0.12090164336256173,
    "ndtw": 0.40838229407754545,
    "path_length": 8.567429674649611,
    "oracle_success": 0.225,
    "steps_taken": 54.275
}