{
    "distance_to_goal": 9.33248349436766,
    "success": 0.16802610114192496,
    "spl": 0.15763076098969245,
    "ndtw": 0.408629927254923,
    "path_length": 7.601250197157005,
    "oracle_success": 0.2561174551386623,
    "steps_taken": 59.34692767808592
}