{
    "distance_to_goal": 9.83547568018608,
    "success": 0.14781491002570693,
    "spl": 0.1377305055546011,
    "ndtw": 0.3769496841697144,
    "path_length": 9.034862994307819,
    "oracle_success": 0.29048843187660667,
    "steps_taken": 66.46658097686375
}