{
    "distance_to_goal": 9.929095429182052,
    "success": 0.1,
    "spl": 0.09563862370230974,
    "ndtw": 0.38007352682883444,
    "path_length": 9.051825558754535,
    "oracle_success": 0.2375,
    "steps_taken": 63.975
}