{
    "distance_to_goal": 9.547073456738143,
    "success": 0.175,
    "spl": 0.1648355573070909,
    "ndtw": 0.4191251112358767,
    "path_length": 7.468666828627465,
    "oracle_success": 0.2375,
    "steps_taken": 51.4375
}