{
    "distance_to_goal": 10.117132723331451,
    "success": 0.1125,
    "spl": 0.10867784272130754,
    "ndtw": 0.3718121714513519,
    "path_length": 9.833437001805871,
    "oracle_success": 0.25,
    "steps_taken": 72.875
}