{
    "distance_to_goal": 8.61190779409479,
    "success": 0.2403598971722365,
    "spl": 0.22299825901479645,
    "ndtw": 0.4624507201964977,
    "path_length": 9.008542716302287,
    "oracle_success": 0.35989717223650386,
    "steps_taken": 60.25578406169666
}