{
    "distance_to_goal": 8.87707590907812,
    "success": 0.225,
    "spl": 0.2099715426347793,
    "ndtw": 0.45421462771523097,
    "path_length": 8.657172199746128,
    "oracle_success": 0.3375,
    "steps_taken": 53.975
}