{
    "distance_to_goal": 9.323548473417759,
    "success": 0.1625,
    "spl": 0.14606131108906553,
    "ndtw": 0.4381561791388668,
    "path_length": 8.12445361086866,
    "oracle_success": 0.2375,
    "steps_taken": 64.7125
}