{
    "distance_to_goal": 9.057630560174584,
    "success": 0.2,
    "spl": 0.1848694129501673,
    "ndtw": 0.4631016394199364,
    "path_length": 8.22263422748074,
    "oracle_success": 0.325,
    "steps_taken": 59.2
}