{
    "distance_to_goal": 9.631743820802456,
    "success": 0.12071778140293637,
    "spl": 0.11053545705852019,
    "ndtw": 0.3890970930604017,
    "path_length": 7.070692160392242,
    "oracle_success": 0.188689505165851,
    "steps_taken": 64.55084284937466
}