{
    "distance_to_goal": 8.886596513167024,
    "success": 0.2375,
    "spl": 0.21125797113153522,
    "ndtw": 0.44322436560245393,
    "path_length": 8.620711285609286,
    "oracle_success": 0.35,
    "steps_taken": 59.2125
}