{
    "distance_to_goal": 9.025211860239505,
    "success": 0.225,
    "spl": 0.2008415640807068,
    "ndtw": 0.4711052227833693,
    "path_length": 8.186604245967464,
    "oracle_success": 0.3125,
    "steps_taken": 61.6
}