{
    "distance_to_goal": 9.809770181661653,
    "success": 0.13920609026644915,
    "spl": 0.1260683221936401,
    "ndtw": 0.3770235734774347,
    "path_length": 8.429604539918532,
    "oracle_success": 0.23436650353452965,
    "steps_taken": 70.52909189777053
}