{
    "distance_to_goal": 8.503066870654457,
    "success": 0.2403598971722365,
    "spl": 0.22746769167784536,
    "ndtw": 0.464417277303828,
    "path_length": 7.941703600517636,
    "oracle_success": 0.31748071979434445,
    "steps_taken": 59.32262210796915
}