{
    "distance_to_goal": 8.842641257494687,
    "success": 0.225,
    "spl": 0.20168299062644585,
    "ndtw": 0.47617867633029726,
    "path_length": 8.217013340885751,
    "oracle_success": 0.275,
    "steps_taken": 56.275
}