{
    "distance_to_goal": 9.798630122840404,
    "success": 0.1625,
    "spl": 0.15214674009488166,
    "ndtw": 0.40424076448919566,
    "path_length": 7.841267463495024,
    "oracle_success": 0.2,
    "steps_taken": 66.3125
}