{
    "distance_to_goal": 9.326644239574671,
    "success": 0.15,
    "spl": 0.14152519277967843,
    "ndtw": 0.4215348972756777,
    "path_length": 8.919129423395498,
    "oracle_success": 0.3125,
    "steps_taken": 66.0875
}