{
    "distance_to_goal": 9.653632254072866,
    "success": 0.14355628058727568,
    "spl": 0.13125177292980073,
    "ndtw": 0.39640660854496695,
    "path_length": 7.543879517288372,
    "oracle_success": 0.1979336595976074,
    "steps_taken": 63.40456769983687
}