{
    "distance_to_goal": 9.689661717414856,
    "success": 0.1875,
    "spl": 0.1714441528228775,
    "ndtw": 0.4190868431600864,
    "path_length": 8.239108505357388,
    "oracle_success": 0.2375,
    "steps_taken": 59.3625
}