{
    "distance_to_goal": 8.389816583227367,
    "success": 0.275,
    "spl": 0.2577207903054229,
    "ndtw": 0.4796896402812562,
    "path_length": 9.234023129082956,
    "oracle_success": 0.4625,
    "steps_taken": 65.4375
}