{
    "distance_to_goal": 9.815750878067234,
    "success": 0.1402936378466558,
    "spl": 0.12549907652022893,
    "ndtw": 0.38356178645210504,
    "path_length": 8.279925782801723,
    "oracle_success": 0.23219140837411636,
    "steps_taken": 70.2784121805329
}