{
    "distance_to_goal": 9.082621519453824,
    "success": 0.225,
    "spl": 0.20632841907507515,
    "ndtw": 0.44446070354416295,
    "path_length": 8.366118339763489,
    "oracle_success": 0.3375,
    "steps_taken": 54.25
}