{
    "distance_to_goal": 8.287309791193676,
    "success": 0.23393316195372751,
    "spl": 0.21796615433209157,
    "ndtw": 0.48068870873127445,
    "path_length": 8.178313389019669,
    "oracle_success": 0.3213367609254499,
    "steps_taken": 59.0025706940874
}