{
    "distance_to_goal": 8.5760438042791,
    "success": 0.24293059125964012,
    "spl": 0.22847632742472432,
    "ndtw": 0.46155337499041804,
    "path_length": 8.884841993077792,
    "oracle_success": 0.37532133676092544,
    "steps_taken": 63.61053984575835
}