{
    "distance_to_goal": 8.669222146406732,
    "success": 0.22879177377892032,
    "spl": 0.21115427478545484,
    "ndtw": 0.46126944788621416,
    "path_length": 8.832702028376305,
    "oracle_success": 0.33161953727506427,
    "steps_taken": 63.20822622107969
}