{
    "distance_to_goal": 8.669108433002524,
    "success": 0.2185089974293059,
    "spl": 0.20714423448093724,
    "ndtw": 0.457574657321293,
    "path_length": 7.937485242836493,
    "oracle_success": 0.2853470437017995,
    "steps_taken": 61.245501285347046
}