{
    "distance_to_goal": 8.71486556790769,
    "success": 0.225,
    "spl": 0.20600067025911167,
    "ndtw": 0.4725580300577116,
    "path_length": 8.874922433609026,
    "oracle_success": 0.3625,
    "steps_taken": 59.2875
}