{
    "distance_to_goal": 9.605165808275341,
    "success": 0.1875,
    "spl": 0.18164543413400386,
    "ndtw": 0.43141527082609105,
    "path_length": 8.464767859270797,
    "oracle_success": 0.275,
    "steps_taken": 63.425
}