{
    "distance_to_goal": 8.689225096380037,
    "success": 0.2095115681233933,
    "spl": 0.19783786818818677,
    "ndtw": 0.45438102559315763,
    "path_length": 8.099341831385242,
    "oracle_success": 0.30077120822622105,
    "steps_taken": 60.1401028277635
}