{
    "distance_to_goal": 9.115205226093531,
    "success": 0.2,
    "spl": 0.18188469546055253,
    "ndtw": 0.45792141062216407,
    "path_length": 8.713913859927562,
    "oracle_success": 0.3125,
    "steps_taken": 70.0625
}