{
    "distance_to_goal": 9.771002569235861,
    "success": 0.1625,
    "spl": 0.14877516865385482,
    "ndtw": 0.4276908658925313,
    "path_length": 8.51495936671272,
    "oracle_success": 0.2625,
    "steps_taken": 66.25
}