{
    "distance_to_goal": 8.945766681991518,
    "success": 0.225,
    "spl": 0.21814754713745604,
    "ndtw": 0.45900365268957904,
    "path_length": 7.910088075940584,
    "oracle_success": 0.2875,
    "steps_taken": 58.825
}