{
    "distance_to_goal": 8.80243694812902,
    "success": 0.19408740359897173,
    "spl": 0.1851234860414298,
    "ndtw": 0.4479674395175566,
    "path_length": 8.082480555040553,
    "oracle_success": 0.2853470437017995,
    "steps_taken": 61.947300771208226
}