{
    "distance_to_goal": 10.299740501819178,
    "success": 0.1375,
    "spl": 0.13252951654683015,
    "ndtw": 0.37510965706096766,
    "path_length": 8.035723597178002,
    "oracle_success": 0.225,
    "steps_taken": 63.2125
}