{
    "distance_to_goal": 9.565420598536729,
    "success": 0.2125,
    "spl": 0.19842136094705592,
    "ndtw": 0.4233091043255223,
    "path_length": 9.309678944945336,
    "oracle_success": 0.325,
    "steps_taken": 65.775
}