{
    "distance_to_goal": 9.07885572835803,
    "success": 0.2375,
    "spl": 0.21546689632556215,
    "ndtw": 0.44868303367536794,
    "path_length": 7.87743870957056,
    "oracle_success": 0.2625,
    "steps_taken": 62.1375
}