{
    "distance_to_goal": 8.736950290281623,
    "success": 0.21079691516709512,
    "spl": 0.19558341808684981,
    "ndtw": 0.44536741218279563,
    "path_length": 9.387302660185872,
    "oracle_success": 0.3393316195372751,
    "steps_taken": 68.76992287917737
}