{
    "distance_to_goal": 8.261841001386507,
    "success": 0.2249357326478149,
    "spl": 0.21045553188986252,
    "ndtw": 0.4707693861077686,
    "path_length": 8.379470578339319,
    "oracle_success": 0.35218508997429304,
    "steps_taken": 61.008997429305914
}