{
    "distance_to_goal": 9.58754734545946,
    "success": 0.225,
    "spl": 0.20955961914251414,
    "ndtw": 0.43462280563731276,
    "path_length": 8.287599354621488,
    "oracle_success": 0.2875,
    "steps_taken": 54.4625
}