{
    "distance_to_goal": 8.347221988361031,
    "success": 0.2416452442159383,
    "spl": 0.22271925313863689,
    "ndtw": 0.46353513167893146,
    "path_length": 9.045868486621844,
    "oracle_success": 0.38431876606683807,
    "steps_taken": 66.03598971722366
}