{
    "distance_to_goal": 9.466797071695328,
    "success": 0.225,
    "spl": 0.2044141553113759,
    "ndtw": 0.42588737286361444,
    "path_length": 9.375596355483868,
    "oracle_success": 0.3875,
    "steps_taken": 58.6875
}