{
    "distance_to_goal": 9.523645262420178,
    "success": 0.175,
    "spl": 0.16080545885027703,
    "ndtw": 0.4325055071396364,
    "path_length": 7.769714298471809,
    "oracle_success": 0.2375,
    "steps_taken": 50.3125
}