{
    "distance_to_goal": 8.92038807310164,
    "success": 0.225,
    "spl": 0.2103815904003891,
    "ndtw": 0.4462914213634198,
    "path_length": 8.114037011400796,
    "oracle_success": 0.3125,
    "steps_taken": 61.95
}