{
    "distance_to_goal": 7.6848213663827485,
    "success": 0.2776349614395887,
    "spl": 0.25957187201386706,
    "ndtw": 0.5047258048626213,
    "path_length": 8.147104053661044,
    "oracle_success": 0.3740359897172236,
    "steps_taken": 58.08354755784062
}