{
    "distance_to_goal": 8.830515375308176,
    "success": 0.20179948586118251,
    "spl": 0.18861626742707663,
    "ndtw": 0.43685807255985004,
    "path_length": 8.062870080789061,
    "oracle_success": 0.3046272493573265,
    "steps_taken": 60.29562982005142
}