{
    "distance_to_goal": 10.203750525725283,
    "success": 0.11691136487221315,
    "spl": 0.10565788046772936,
    "ndtw": 0.3538079205735756,
    "path_length": 8.885056786006107,
    "oracle_success": 0.23110386079390974,
    "steps_taken": 76.62969004893964
}