{
    "distance_to_goal": 9.364457852020859,
    "success": 0.2125,
    "spl": 0.19861187695237467,
    "ndtw": 0.442226775952994,
    "path_length": 7.403171720186947,
    "oracle_success": 0.275,
    "steps_taken": 55.7875
}