{
    "distance_to_goal": 8.738087530434132,
    "success": 0.2625,
    "spl": 0.23454392698679144,
    "ndtw": 0.42908414472637474,
    "path_length": 9.356327252002666,
    "oracle_success": 0.4125,
    "steps_taken": 62.7125
}