{
    "distance_to_goal": 8.276636323214037,
    "success": 0.2596401028277635,
    "spl": 0.2423309193912652,
    "ndtw": 0.47782181800152507,
    "path_length": 8.43121686872941,
    "oracle_success": 0.3740359897172236,
    "steps_taken": 64.16452442159382
}