{
    "distance_to_goal": 8.773571913702781,
    "success": 0.23136246786632392,
    "spl": 0.21541399032594677,
    "ndtw": 0.4501696521119009,
    "path_length": 8.561910973112504,
    "oracle_success": 0.35347043701799485,
    "steps_taken": 60.991002570694086
}