{
    "distance_to_goal": 9.407028232514858,
    "success": 0.1875,
    "spl": 0.18405254216986433,
    "ndtw": 0.4411842764664676,
    "path_length": 8.30430001418863,
    "oracle_success": 0.3125,
    "steps_taken": 63.7625
}