{
    "distance_to_goal": 9.171570270135998,
    "success": 0.15,
    "spl": 0.14561428579249452,
    "ndtw": 0.4292473444534929,
    "path_length": 8.102874481561594,
    "oracle_success": 0.3375,
    "steps_taken": 64.375
}