{
    "distance_to_goal": 8.852672761678695,
    "success": 0.25,
    "spl": 0.22555617225628605,
    "ndtw": 0.4463375377536356,
    "path_length": 8.218747990674398,
    "oracle_success": 0.3125,
    "steps_taken": 57.3625
}