{
    "distance_to_goal": 9.08646856509149,
    "success": 0.275,
    "spl": 0.2564095855999107,
    "ndtw": 0.45277647997189796,
    "path_length": 8.71447091154987,
    "oracle_success": 0.375,
    "steps_taken": 66.95
}