{
    "distance_to_goal": 9.48289352803288,
    "success": 0.13866231647634583,
    "spl": 0.12623459672139303,
    "ndtw": 0.3905687617054935,
    "path_length": 7.730477382634303,
    "oracle_success": 0.21914083741163676,
    "steps_taken": 68.7547580206634
}