{
    "distance_to_goal": 9.16420478336513,
    "success": 0.175,
    "spl": 0.16724731684120014,
    "ndtw": 0.43825472206289895,
    "path_length": 8.195802454673686,
    "oracle_success": 0.275,
    "steps_taken": 52.625
}