{
    "distance_to_goal": 8.54430811945349,
    "success": 0.25,
    "spl": 0.22346139808742524,
    "ndtw": 0.48380934993890523,
    "path_length": 7.372804906324018,
    "oracle_success": 0.275,
    "steps_taken": 52.3125
}