{
    "distance_to_goal": 7.443223415493276,
    "success": 0.2737789203084833,
    "spl": 0.25539954959048433,
    "ndtw": 0.506721347473127,
    "path_length": 7.860740197264673,
    "oracle_success": 0.34704370179948585,
    "steps_taken": 73.8586118251928
}