{
    "distance_to_goal": 7.60213388860762,
    "success": 0.2596401028277635,
    "spl": 0.24382502130442496,
    "ndtw": 0.5099432575284394,
    "path_length": 8.35661137701133,
    "oracle_success": 0.38817480719794345,
    "steps_taken": 79.8650385604113
}