{
    "distance_to_goal": 8.165774634666741,
    "success": 0.2625,
    "spl": 0.23579307049270498,
    "ndtw": 0.49379592949828693,
    "path_length": 8.247627477213973,
    "oracle_success": 0.35,
    "steps_taken": 72.6625
}