{
    "distance_to_goal": 8.89284214265989,
    "success": 0.1598694942903752,
    "spl": 0.1502014294264186,
    "ndtw": 0.42366905748555306,
    "path_length": 7.010099835603496,
    "oracle_success": 0.200652528548124,
    "steps_taken": 64.31593257205003
}