{
    "distance_to_goal": 9.049548245589651,
    "success": 0.17455138662316477,
    "spl": 0.16110254040110916,
    "ndtw": 0.42538596589372263,
    "path_length": 7.67507824778743,
    "oracle_success": 0.23817292006525284,
    "steps_taken": 74.08972267536704
}