{
    "distance_to_goal": 8.316504061594605,
    "success": 0.2125,
    "spl": 0.19743660443291627,
    "ndtw": 0.48402061830752163,
    "path_length": 7.564226756396238,
    "oracle_success": 0.325,
    "steps_taken": 87.0625
}