{
    "distance_to_goal": 8.427956514246763,
    "success": 0.225,
    "spl": 0.21145662672419632,
    "ndtw": 0.4751849715851174,
    "path_length": 8.377025035140104,
    "oracle_success": 0.2875,
    "steps_taken": 74.0625
}