{
    "distance_to_goal": 8.422223615832626,
    "success": 0.2625,
    "spl": 0.24586868338050802,
    "ndtw": 0.47913685223883745,
    "path_length": 7.9376662884140385,
    "oracle_success": 0.3375,
    "steps_taken": 64.8
}