{
    "distance_to_goal": 7.409536471882485,
    "success": 0.2776349614395887,
    "spl": 0.2640498966324603,
    "ndtw": 0.5189419498858511,
    "path_length": 7.736928964128125,
    "oracle_success": 0.38174807197943444,
    "steps_taken": 62.152956298200515
}