{
    "distance_to_goal": 7.558616217886574,
    "success": 0.2660668380462725,
    "spl": 0.24357926689294174,
    "ndtw": 0.5097155708356572,
    "path_length": 7.625281808510041,
    "oracle_success": 0.35475578406169667,
    "steps_taken": 76.70308483290488
}