{
    "distance_to_goal": 8.232172395847737,
    "success": 0.275,
    "spl": 0.2551912468293652,
    "ndtw": 0.5022887137590144,
    "path_length": 7.025273409532383,
    "oracle_success": 0.3375,
    "steps_taken": 72.9375
}