{
    "distance_to_goal": 7.596499546803534,
    "success": 0.275,
    "spl": 0.2563925057988309,
    "ndtw": 0.5057449412862225,
    "path_length": 7.750372062588577,
    "oracle_success": 0.3125,
    "steps_taken": 79.9
}