{
    "distance_to_goal": 8.557439854476943,
    "success": 0.16476345840130505,
    "spl": 0.15452116735448057,
    "ndtw": 0.4450654702262767,
    "path_length": 6.988250365733188,
    "oracle_success": 0.21207177814029363,
    "steps_taken": 71.76073953235453
}