{
    "distance_to_goal": 7.958146331625916,
    "success": 0.2506426735218509,
    "spl": 0.23440132554879572,
    "ndtw": 0.488112483141627,
    "path_length": 8.294805307450176,
    "oracle_success": 0.36632390745501286,
    "steps_taken": 69.5694087403599
}