{
    "distance_to_goal": 8.734755327366292,
    "success": 0.175,
    "spl": 0.16240879148130624,
    "ndtw": 0.45953017374946165,
    "path_length": 8.205893601372372,
    "oracle_success": 0.2625,
    "steps_taken": 82.9
}