{
    "distance_to_goal": 8.579881056956946,
    "success": 0.225,
    "spl": 0.20540930912278613,
    "ndtw": 0.46556474810348514,
    "path_length": 7.942256967030699,
    "oracle_success": 0.2625,
    "steps_taken": 69.525
}