{
    "distance_to_goal": 7.672015319082761,
    "success": 0.2699228791773779,
    "spl": 0.2533103976969795,
    "ndtw": 0.5044149185327764,
    "path_length": 8.213382384941374,
    "oracle_success": 0.3740359897172236,
    "steps_taken": 69.00899742930591
}