{
    "distance_to_goal": 8.004115603677928,
    "success": 0.275,
    "spl": 0.25912442548958964,
    "ndtw": 0.5257935788052785,
    "path_length": 7.889848497300409,
    "oracle_success": 0.35,
    "steps_taken": 61.6625
}