{
    "distance_to_goal": 8.495787586458027,
    "success": 0.25,
    "spl": 0.23384475831209825,
    "ndtw": 0.4758844842556834,
    "path_length": 7.9583001596911345,
    "oracle_success": 0.2875,
    "steps_taken": 71.95
}