{
    "distance_to_goal": 7.805225854227199,
    "success": 0.2647814910025707,
    "spl": 0.24794741085903815,
    "ndtw": 0.5050110020372364,
    "path_length": 8.127709796225329,
    "oracle_success": 0.36118251928020567,
    "steps_taken": 61.67609254498715
}