{
    "distance_to_goal": 8.478781287185848,
    "success": 0.225,
    "spl": 0.20489720661324168,
    "ndtw": 0.48590711072709747,
    "path_length": 8.053803054802296,
    "oracle_success": 0.275,
    "steps_taken": 61.2375
}