{
    "distance_to_goal": 8.175532758049666,
    "success": 0.2875,
    "spl": 0.2661827625946723,
    "ndtw": 0.5019189558903606,
    "path_length": 8.04789531173301,
    "oracle_success": 0.3375,
    "steps_taken": 73.1375
}