{
    "distance_to_goal": 8.37642023787348,
    "success": 0.1761827079934747,
    "spl": 0.16157161244659102,
    "ndtw": 0.4496370763139479,
    "path_length": 7.009482546075253,
    "oracle_success": 0.22838499184339314,
    "steps_taken": 82.62262098966829
}