{
    "distance_to_goal": 8.341363714076579,
    "success": 0.25,
    "spl": 0.23103631224681656,
    "ndtw": 0.48858595484575496,
    "path_length": 7.854102706065168,
    "oracle_success": 0.2875,
    "steps_taken": 62.4125
}