{
    "distance_to_goal": 7.660826338517329,
    "success": 0.2814910025706941,
    "spl": 0.2649260782575348,
    "ndtw": 0.5172269977446875,
    "path_length": 7.721274501998854,
    "oracle_success": 0.35861182519280205,
    "steps_taken": 55.82262210796915
}