{
    "distance_to_goal": 8.164932112954556,
    "success": 0.2125,
    "spl": 0.20205728259706762,
    "ndtw": 0.48678222739063043,
    "path_length": 7.928473154135281,
    "oracle_success": 0.3375,
    "steps_taken": 61.3875
}