{
    "distance_to_goal": 7.952662257291377,
    "success": 0.2375,
    "spl": 0.21935521140369402,
    "ndtw": 0.4843337280528054,
    "path_length": 8.356123349396512,
    "oracle_success": 0.35,
    "steps_taken": 69.6125
}