{
    "distance_to_goal": 7.911374196223915,
    "success": 0.2625,
    "spl": 0.243134940628526,
    "ndtw": 0.5205510978177822,
    "path_length": 7.469515643152408,
    "oracle_success": 0.3375,
    "steps_taken": 59.3125
}