{
    "distance_to_goal": 8.214254650473595,
    "success": 0.25,
    "spl": 0.2322043940833493,
    "ndtw": 0.47871491634673546,
    "path_length": 8.031202000164194,
    "oracle_success": 0.325,
    "steps_taken": 75.6625
}