{
    "distance_to_goal": 17.72412872314453,
    "success": 0.0,
    "spl": 0.0,
    "ndtw": 0.10704220278314097,
    "path_length": 13.447264335428676,
    "oracle_success": 0.16666666666666666,
    "steps_taken": 111.66666666666667
}