{
    "distance_to_goal": 18.091960271199543,
    "success": 0.0,
    "spl": 0.0,
    "ndtw": 0.1417989095014331,
    "path_length": 10.669867746531963,
    "oracle_success": 0.0,
    "steps_taken": 117.83333333333333
}