{
    "distance_to_goal": 17.4535919825236,
    "success": 0.0,
    "spl": 0.0,
    "ndtw": 0.15862075949247478,
    "path_length": 12.496609322726727,
    "oracle_success": 0.16666666666666666,
    "steps_taken": 110.5
}