{
    "distance_to_goal": 15.604944944381714,
    "success": 0.0,
    "spl": 0.0,
    "ndtw": 0.22319711952208907,
    "path_length": 10.177247948944569,
    "oracle_success": 0.16666666666666666,
    "steps_taken": 109.66666666666667
}