{
    "distance_to_goal": 16.81831391652425,
    "success": 0.0,
    "spl": 0.0,
    "ndtw": 0.1346532759585433,
    "path_length": 17.823615590731304,
    "oracle_success": 0.16666666666666666,
    "steps_taken": 167.33333333333334
}