{
    "distance_to_goal": 15.698444366455078,
    "success": 0.16666666666666666,
    "spl": 0.13254715295608135,
    "ndtw": 0.28301123550747315,
    "path_length": 11.334432012401521,
    "oracle_success": 0.16666666666666666,
    "steps_taken": 89.66666666666667
}