{
    "distance_to_goal": 12.366079250971476,
    "success": 0.16666666666666666,
    "spl": 0.12676481020943467,
    "ndtw": 0.28455576788119585,
    "path_length": 9.285522251700362,
    "oracle_success": 0.16666666666666666,
    "steps_taken": 101.33333333333333
}