{
    "distance_to_goal": 17.971280058224995,
    "success": 0.0,
    "spl": 0.0,
    "ndtw": 0.22557054932047968,
    "path_length": 16.986230162127566,
    "oracle_success": 0.3333333333333333,
    "steps_taken": 111.33333333333333
}