{
    "distance_to_goal": 8.662670311145485,
    "success": 0.1875,
    "spl": 0.17348868941879608,
    "ndtw": 0.45154636686344557,
    "path_length": 7.726324222143155,
    "oracle_success": 0.225,
    "steps_taken": 57.875
}