{
    "distance_to_goal": 8.667183223278633,
    "success": 0.18251928020565553,
    "spl": 0.17362875893216548,
    "ndtw": 0.4404687710201161,
    "path_length": 7.620461444325717,
    "oracle_success": 0.2622107969151671,
    "steps_taken": 52.623393316195376
}