{
    "distance_to_goal": 8.42803458161652,
    "success": 0.2,
    "spl": 0.18429185670239337,
    "ndtw": 0.46481212855183207,
    "path_length": 7.694535896982416,
    "oracle_success": 0.2375,
    "steps_taken": 52.3375
}