{
    "distance_to_goal": 10.061487750709057,
    "success": 0.1125,
    "spl": 0.10081431165964912,
    "ndtw": 0.3801869709669886,
    "path_length": 5.917941379783224,
    "oracle_success": 0.1375,
    "steps_taken": 54.8625
}