{
    "distance_to_goal": 9.681713344635622,
    "success": 0.11582381729200653,
    "spl": 0.1061192300197632,
    "ndtw": 0.3846087120541966,
    "path_length": 7.200411203784554,
    "oracle_success": 0.1756389342033714,
    "steps_taken": 61.72702555736814
}