{
    "distance_to_goal": 8.952098060399294,
    "success": 0.1125,
    "spl": 0.10022570171436451,
    "ndtw": 0.43190734583863105,
    "path_length": 8.093797153963532,
    "oracle_success": 0.1875,
    "steps_taken": 61.5125
}