{
    "distance_to_goal": 9.468166202306747,
    "success": 0.1625,
    "spl": 0.15351863474661856,
    "ndtw": 0.42598545198705945,
    "path_length": 6.968719452288132,
    "oracle_success": 0.175,
    "steps_taken": 50.3625
}