{
    "distance_to_goal": 9.851921292953193,
    "success": 0.125,
    "spl": 0.10424609208588972,
    "ndtw": 0.38853407825994013,
    "path_length": 6.60498116801327,
    "oracle_success": 0.175,
    "steps_taken": 52.6875
}