{
    "distance_to_goal": 9.80694081345573,
    "success": 0.0375,
    "spl": 0.03682834224707252,
    "ndtw": 0.32295827794723336,
    "path_length": 3.4586175511591137,
    "oracle_success": 0.0375,
    "steps_taken": 27.75
}