{
    "distance_to_goal": 9.166421990812898,
    "success": 0.15424164524421594,
    "spl": 0.1449100936154229,
    "ndtw": 0.4241795249136837,
    "path_length": 7.262347210997659,
    "oracle_success": 0.22236503856041132,
    "steps_taken": 55.09640102827763
}