{
    "distance_to_goal": 8.945089905055905,
    "success": 0.16323907455012854,
    "spl": 0.152227976754936,
    "ndtw": 0.42572486677948757,
    "path_length": 6.778316378608598,
    "oracle_success": 0.2455012853470437,
    "steps_taken": 56.066838046272494
}