{
    "distance_to_goal": 9.91093310937812,
    "success": 0.12071778140293637,
    "spl": 0.11397454709038042,
    "ndtw": 0.3862326528969457,
    "path_length": 6.715639626145353,
    "oracle_success": 0.16204458945078848,
    "steps_taken": 57.44426318651441
}