{
    "distance_to_goal": 8.851860163412548,
    "success": 0.16323907455012854,
    "spl": 0.15590834110940602,
    "ndtw": 0.4315329084384019,
    "path_length": 6.344249053485005,
    "oracle_success": 0.21079691516709512,
    "steps_taken": 48.897172236503856
}