{
    "distance_to_goal": 9.435689248889684,
    "success": 0.125,
    "spl": 0.10870108772091405,
    "ndtw": 0.37089097124866083,
    "path_length": 4.8444866015692245,
    "oracle_success": 0.15,
    "steps_taken": 36.1
}