{
    "distance_to_goal": 9.924630877748132,
    "success": 0.075,
    "spl": 0.07122338000549386,
    "ndtw": 0.3212709756658312,
    "path_length": 3.891400579479523,
    "oracle_success": 0.0875,
    "steps_taken": 39.175
}