{
    "distance_to_goal": 8.693148113681833,
    "success": 0.20179948586118251,
    "spl": 0.18909895156595144,
    "ndtw": 0.4520210556859374,
    "path_length": 6.938490786545042,
    "oracle_success": 0.2493573264781491,
    "steps_taken": 51.03984575835476
}