{
    "distance_to_goal": 9.973749289102852,
    "success": 0.1,
    "spl": 0.08718393573172659,
    "ndtw": 0.4031937906316692,
    "path_length": 7.2391325120785925,
    "oracle_success": 0.1375,
    "steps_taken": 61.3125
}