{
    "distance_to_goal": 9.091089458391071,
    "success": 0.2,
    "spl": 0.18820311926096842,
    "ndtw": 0.4498817626571057,
    "path_length": 6.866858434057301,
    "oracle_success": 0.2375,
    "steps_taken": 48.9875
}