{
    "distance_to_goal": 9.650253071299288,
    "success": 0.11691136487221315,
    "spl": 0.11109980599104134,
    "ndtw": 0.39359831917010507,
    "path_length": 6.428572538753565,
    "oracle_success": 0.1631321370309951,
    "steps_taken": 53.866775421424684
}