{
    "distance_to_goal": 9.649277817054797,
    "success": 0.12071778140293637,
    "spl": 0.11328009436984747,
    "ndtw": 0.38811433865120204,
    "path_length": 6.784071155501681,
    "oracle_success": 0.16095704187058185,
    "steps_taken": 59.32626427406199
}