{
    "distance_to_goal": 8.57481400119883,
    "success": 0.20051413881748073,
    "spl": 0.18946632457575574,
    "ndtw": 0.44994788263312735,
    "path_length": 7.431888860431245,
    "oracle_success": 0.2943444730077121,
    "steps_taken": 55.89588688946015
}