{
    "distance_to_goal": 9.261786458082497,
    "success": 0.125,
    "spl": 0.11174556882789344,
    "ndtw": 0.42947538108464756,
    "path_length": 7.2885595053026915,
    "oracle_success": 0.1625,
    "steps_taken": 51.975
}