{
    "distance_to_goal": 8.980782009594162,
    "success": 0.19023136246786632,
    "spl": 0.1772609357490962,
    "ndtw": 0.4282549033909828,
    "path_length": 7.563327143323828,
    "oracle_success": 0.2750642673521851,
    "steps_taken": 59.55398457583548
}