{
    "distance_to_goal": 9.373753168154508,
    "success": 0.1,
    "spl": 0.09682095674937082,
    "ndtw": 0.38673976372560237,
    "path_length": 4.881988103926415,
    "oracle_success": 0.1125,
    "steps_taken": 39.475
}