{
    "distance_to_goal": 9.863737140223384,
    "success": 0.0125,
    "spl": 0.012455121994402522,
    "ndtw": 0.30452056905924174,
    "path_length": 2.112357730261283,
    "oracle_success": 0.0125,
    "steps_taken": 21.9875
}