{
    "distance_to_goal": 8.520211310362908,
    "success": 0.20051413881748073,
    "spl": 0.1897111306058842,
    "ndtw": 0.4585655066593739,
    "path_length": 7.421944587170995,
    "oracle_success": 0.2686375321336761,
    "steps_taken": 57.20179948586118
}