{
    "distance_to_goal": 9.324226463586092,
    "success": 0.175,
    "spl": 0.16056774959248832,
    "ndtw": 0.4373471904051575,
    "path_length": 5.980149696107037,
    "oracle_success": 0.2125,
    "steps_taken": 46.8875
}