{
    "distance_to_goal": 9.029465981386602,
    "success": 0.1125,
    "spl": 0.1061186923503433,
    "ndtw": 0.43204060791113913,
    "path_length": 7.333991280471674,
    "oracle_success": 0.1625,
    "steps_taken": 56.8125
}