{
    "distance_to_goal": 9.489623694121837,
    "success": 0.125,
    "spl": 0.11358901531166476,
    "ndtw": 0.3895750545128823,
    "path_length": 5.429195699823322,
    "oracle_success": 0.1375,
    "steps_taken": 47.5625
}