{
    "distance_to_goal": 9.697148265130817,
    "success": 0.1125,
    "spl": 0.09952728301064473,
    "ndtw": 0.38898939296200385,
    "path_length": 6.156787670124322,
    "oracle_success": 0.125,
    "steps_taken": 55.5
}