{
    "distance_to_goal": 9.964931417815388,
    "success": 0.1375,
    "spl": 0.1246504337327147,
    "ndtw": 0.3841490577385508,
    "path_length": 6.1058566626194075,
    "oracle_success": 0.1625,
    "steps_taken": 55.7625
}