{
    "distance_to_goal": 10.149469983577728,
    "success": 0.1125,
    "spl": 0.08791090115456054,
    "ndtw": 0.34429680943353497,
    "path_length": 9.197453841950159,
    "oracle_success": 0.25,
    "steps_taken": 93.1
}