{
    "distance_to_goal": 10.075894464179873,
    "success": 0.075,
    "spl": 0.07281295920572299,
    "ndtw": 0.3300507848941535,
    "path_length": 9.53734019145486,
    "oracle_success": 0.2625,
    "steps_taken": 94.225
}