{
    "distance_to_goal": 10.364681798845222,
    "success": 0.09679173463839043,
    "spl": 0.08297231190812322,
    "ndtw": 0.34381184314193974,
    "path_length": 9.227900866422617,
    "oracle_success": 0.23273518216421968,
    "steps_taken": 89.30614464382816
}