{
    "distance_to_goal": 9.464003188163042,
    "success": 0.1125,
    "spl": 0.106209533916508,
    "ndtw": 0.40849619859294994,
    "path_length": 8.489122019378488,
    "oracle_success": 0.2125,
    "steps_taken": 78.775
}