{
    "distance_to_goal": 11.138631209731102,
    "success": 0.1125,
    "spl": 0.08583544557854719,
    "ndtw": 0.313821324864241,
    "path_length": 10.659044759596888,
    "oracle_success": 0.3,
    "steps_taken": 100.6875
}