{
    "distance_to_goal": 9.261011139247131,
    "success": 0.13268080478520936,
    "spl": 0.11860247587054029,
    "ndtw": 0.39727580517088473,
    "path_length": 7.087591126498307,
    "oracle_success": 0.1952147906470908,
    "steps_taken": 68.74279499728114
}