{
    "distance_to_goal": 10.003004695288837,
    "success": 0.125,
    "spl": 0.10234944975123283,
    "ndtw": 0.34365590954223046,
    "path_length": 9.499408638465685,
    "oracle_success": 0.2625,
    "steps_taken": 93.0
}