{
    "distance_to_goal": 10.470299947261811,
    "success": 0.1125,
    "spl": 0.09846740772820681,
    "ndtw": 0.33420786297028166,
    "path_length": 9.539526692321603,
    "oracle_success": 0.2625,
    "steps_taken": 96.925
}