{
    "distance_to_goal": 10.299465063586831,
    "success": 0.1375,
    "spl": 0.10925087070160022,
    "ndtw": 0.34688589575806095,
    "path_length": 9.453929624671582,
    "oracle_success": 0.2625,
    "steps_taken": 88.2125
}