{
    "distance_to_goal": 9.104222995877878,
    "success": 0.17866323907455012,
    "spl": 0.16110299795837793,
    "ndtw": 0.4157745395542413,
    "path_length": 8.469808838406983,
    "oracle_success": 0.2866323907455013,
    "steps_taken": 76.64652956298201
}