{
    "distance_to_goal": 10.658610454201698,
    "success": 0.0625,
    "spl": 0.05526196784864974,
    "ndtw": 0.30669412333672846,
    "path_length": 10.149316610793175,
    "oracle_success": 0.2375,
    "steps_taken": 97.4625
}