{
    "distance_to_goal": 10.334205320267937,
    "success": 0.15,
    "spl": 0.13963079298674783,
    "ndtw": 0.3601704365082785,
    "path_length": 8.91899051958227,
    "oracle_success": 0.2375,
    "steps_taken": 85.975
}