{
    "distance_to_goal": 10.713544069975615,
    "success": 0.15,
    "spl": 0.12417061255632375,
    "ndtw": 0.31203323884280476,
    "path_length": 10.238918254796591,
    "oracle_success": 0.2625,
    "steps_taken": 100.125
}