{
    "distance_to_goal": 9.074866559059577,
    "success": 0.16195372750642673,
    "spl": 0.14322589061895305,
    "ndtw": 0.42023525030050746,
    "path_length": 8.802840239218185,
    "oracle_success": 0.2982005141388175,
    "steps_taken": 76.70951156812339
}