{
    "distance_to_goal": 9.63440816555948,
    "success": 0.16195372750642673,
    "spl": 0.14385409024297058,
    "ndtw": 0.37856563495877116,
    "path_length": 9.585852189977677,
    "oracle_success": 0.3149100257069409,
    "steps_taken": 91.03598971722366
}