{
    "distance_to_goal": 10.339049268305269,
    "success": 0.09624796084828711,
    "spl": 0.08228461316983231,
    "ndtw": 0.3363194028143786,
    "path_length": 9.40881460340171,
    "oracle_success": 0.21859706362153344,
    "steps_taken": 96.49700924415443
}