{
    "distance_to_goal": 9.9221960493294,
    "success": 0.13496143958868895,
    "spl": 0.1208606877758585,
    "ndtw": 0.3695957495248,
    "path_length": 9.979918194331903,
    "oracle_success": 0.3277634961439589,
    "steps_taken": 91.80848329048843
}