{
    "distance_to_goal": 11.32701829597354,
    "success": 0.0875,
    "spl": 0.07483057274417253,
    "ndtw": 0.3066525190869668,
    "path_length": 11.316832148324465,
    "oracle_success": 0.2375,
    "steps_taken": 92.2625
}