{
    "distance_to_goal": 9.566276269877262,
    "success": 0.13376835236541598,
    "spl": 0.11528627382337012,
    "ndtw": 0.38089529532319294,
    "path_length": 7.404456891566657,
    "oracle_success": 0.18651441000543773,
    "steps_taken": 78.93039695486678
}