{
    "distance_to_goal": 10.126983462274074,
    "success": 0.0875,
    "spl": 0.08071155945894708,
    "ndtw": 0.35668950306485325,
    "path_length": 9.806192114463192,
    "oracle_success": 0.3125,
    "steps_taken": 90.6125
}