{
    "distance_to_goal": 10.622096022963524,
    "success": 0.0875,
    "spl": 0.07994691296966536,
    "ndtw": 0.3333408772603025,
    "path_length": 9.964032397861592,
    "oracle_success": 0.275,
    "steps_taken": 94.625
}