{
    "distance_to_goal": 10.366590494289994,
    "success": 0.1125,
    "spl": 0.1021063522370346,
    "ndtw": 0.3630304258733569,
    "path_length": 9.028637432621327,
    "oracle_success": 0.2375,
    "steps_taken": 79.875
}