{
    "distance_to_goal": 10.28335700072348,
    "success": 0.1125,
    "spl": 0.10340460807452734,
    "ndtw": 0.3377986706579118,
    "path_length": 9.648737436323426,
    "oracle_success": 0.3,
    "steps_taken": 90.6125
}