{
    "distance_to_goal": 10.072484738752246,
    "success": 0.0875,
    "spl": 0.07057054223681006,
    "ndtw": 0.33932417066346177,
    "path_length": 9.875479518840347,
    "oracle_success": 0.325,
    "steps_taken": 86.9375
}