{
    "distance_to_goal": 8.525668399231293,
    "success": 0.20051413881748073,
    "spl": 0.17862063751751492,
    "ndtw": 0.451586802798017,
    "path_length": 8.186704585610324,
    "oracle_success": 0.31876606683804626,
    "steps_taken": 66.6413881748072
}