{
    "distance_to_goal": 10.70799694955349,
    "success": 0.075,
    "spl": 0.06554701200497945,
    "ndtw": 0.31943677643687074,
    "path_length": 9.578571843982207,
    "oracle_success": 0.2625,
    "steps_taken": 87.8625
}