{
    "distance_to_goal": 10.148859644763574,
    "success": 0.14652956298200515,
    "spl": 0.12558332790686913,
    "ndtw": 0.3347837145090462,
    "path_length": 10.163933723594697,
    "oracle_success": 0.31748071979434445,
    "steps_taken": 95.34704370179949
}