{
    "distance_to_goal": 10.175197046250105,
    "success": 0.125,
    "spl": 0.09646795438300079,
    "ndtw": 0.3400857664769325,
    "path_length": 8.74920209920965,
    "oracle_success": 0.2625,
    "steps_taken": 80.675
}