{
    "distance_to_goal": 10.412150899134577,
    "success": 0.0875,
    "spl": 0.07377984732204904,
    "ndtw": 0.3186387100724226,
    "path_length": 9.42789175742655,
    "oracle_success": 0.2625,
    "steps_taken": 74.25
}