{
    "distance_to_goal": 9.954841905716414,
    "success": 0.18380462724935734,
    "spl": 0.16128680364292605,
    "ndtw": 0.36567726824568453,
    "path_length": 9.927495596113927,
    "oracle_success": 0.3110539845758355,
    "steps_taken": 88.77506426735218
}