{
    "distance_to_goal": 10.317091083526611,
    "success": 0.15,
    "spl": 0.13860348493580008,
    "ndtw": 0.3637414494623249,
    "path_length": 8.576209528290201,
    "oracle_success": 0.2375,
    "steps_taken": 77.0875
}