{
    "distance_to_goal": 11.645764337480069,
    "success": 0.075,
    "spl": 0.06623333525732909,
    "ndtw": 0.2890355836086881,
    "path_length": 10.575056970166042,
    "oracle_success": 0.2875,
    "steps_taken": 91.8375
}