{
    "distance_to_goal": 9.92121691852808,
    "success": 0.0875,
    "spl": 0.07989240316971133,
    "ndtw": 0.35853926669723724,
    "path_length": 8.561245499719046,
    "oracle_success": 0.25,
    "steps_taken": 75.175
}