{
    "distance_to_goal": 10.50908163934946,
    "success": 0.1,
    "spl": 0.08838737531453851,
    "ndtw": 0.3230254694084064,
    "path_length": 9.47916965369908,
    "oracle_success": 0.2625,
    "steps_taken": 90.525
}