{
    "distance_to_goal": 9.836852917075158,
    "success": 0.1125,
    "spl": 0.09915515024464973,
    "ndtw": 0.3756160316430637,
    "path_length": 8.88606809538896,
    "oracle_success": 0.275,
    "steps_taken": 90.275
}