{
    "distance_to_goal": 10.5202774874866,
    "success": 0.125,
    "spl": 0.10497486507742396,
    "ndtw": 0.3473315752926077,
    "path_length": 9.369157504260254,
    "oracle_success": 0.2125,
    "steps_taken": 98.275
}