{
    "distance_to_goal": 10.813483271189034,
    "success": 0.1,
    "spl": 0.0869268277108993,
    "ndtw": 0.33636632309156733,
    "path_length": 8.42847688314796,
    "oracle_success": 0.1625,
    "steps_taken": 87.0625
}