{
    "distance_to_goal": 10.37427094206214,
    "success": 0.0625,
    "spl": 0.05277941413295739,
    "ndtw": 0.31995358247309946,
    "path_length": 9.686270070655178,
    "oracle_success": 0.2875,
    "steps_taken": 84.9625
}