{
    "distance_to_goal": 9.98535036444664,
    "success": 0.1125,
    "spl": 0.09799717997635453,
    "ndtw": 0.3695059384179779,
    "path_length": 8.351713240274695,
    "oracle_success": 0.1875,
    "steps_taken": 68.5625
}