{
    "distance_to_goal": 10.291241186481821,
    "success": 0.10796915167095116,
    "spl": 0.09232173279412541,
    "ndtw": 0.3331473125800826,
    "path_length": 9.734076479783406,
    "oracle_success": 0.2583547557840617,
    "steps_taken": 96.5771208226221
}