{
    "distance_to_goal": 10.114970283024013,
    "success": 0.1125,
    "spl": 0.10727375438087239,
    "ndtw": 0.37523699646616954,
    "path_length": 9.475043543953314,
    "oracle_success": 0.275,
    "steps_taken": 70.425
}