{
    "distance_to_goal": 9.368961675092578,
    "success": 0.1625,
    "spl": 0.15228761035743615,
    "ndtw": 0.42415686701470934,
    "path_length": 9.43624650275451,
    "oracle_success": 0.325,
    "steps_taken": 62.875
}