{
    "distance_to_goal": 9.368212338623167,
    "success": 0.18251928020565553,
    "spl": 0.1687818780677694,
    "ndtw": 0.4183898727368001,
    "path_length": 8.577808375680828,
    "oracle_success": 0.3059125964010283,
    "steps_taken": 67.20179948586119
}