{
    "distance_to_goal": 8.702129103988408,
    "success": 0.1625,
    "spl": 0.15234238092430744,
    "ndtw": 0.4568937330490625,
    "path_length": 8.396493675478268,
    "oracle_success": 0.3125,
    "steps_taken": 61.3875
}