{
    "distance_to_goal": 9.397436508722603,
    "success": 0.1125,
    "spl": 0.10889617610528628,
    "ndtw": 0.42222582510845824,
    "path_length": 9.241594444003471,
    "oracle_success": 0.2625,
    "steps_taken": 64.65
}