{
    "distance_to_goal": 9.301321415929124,
    "success": 0.1875,
    "spl": 0.16884864893418652,
    "ndtw": 0.42591384641340674,
    "path_length": 9.579449882020707,
    "oracle_success": 0.2875,
    "steps_taken": 69.7125
}