{
    "distance_to_goal": 9.20891889370499,
    "success": 0.16580976863753213,
    "spl": 0.1570524425473825,
    "ndtw": 0.41584744683333735,
    "path_length": 9.40747980630295,
    "oracle_success": 0.3149100257069409,
    "steps_taken": 66.3586118251928
}