{
    "distance_to_goal": 9.784097806364297,
    "success": 0.125,
    "spl": 0.11569522753238222,
    "ndtw": 0.3926654448021464,
    "path_length": 9.026951146533246,
    "oracle_success": 0.2125,
    "steps_taken": 61.15
}