{
    "distance_to_goal": 10.563709914311767,
    "success": 0.1125,
    "spl": 0.0982413004517994,
    "ndtw": 0.34134458982682364,
    "path_length": 10.606309869993856,
    "oracle_success": 0.325,
    "steps_taken": 80.5
}