{
    "distance_to_goal": 10.108057248592377,
    "success": 0.1375,
    "spl": 0.12304266967822766,
    "ndtw": 0.3928515005876329,
    "path_length": 9.948978981975234,
    "oracle_success": 0.3,
    "steps_taken": 76.3125
}