{
    "distance_to_goal": 9.422557927668095,
    "success": 0.1375,
    "spl": 0.12813615230591857,
    "ndtw": 0.43222262281635604,
    "path_length": 9.193890867362983,
    "oracle_success": 0.2875,
    "steps_taken": 62.6125
}