{
    "distance_to_goal": 9.186425686255097,
    "success": 0.1625,
    "spl": 0.14730798191303268,
    "ndtw": 0.42753516886455545,
    "path_length": 9.62844913052395,
    "oracle_success": 0.35,
    "steps_taken": 65.775
}