{
    "distance_to_goal": 9.878136197483325,
    "success": 0.14267352185089974,
    "spl": 0.13202662044067195,
    "ndtw": 0.3907487917249207,
    "path_length": 8.692598456918912,
    "oracle_success": 0.2866323907455013,
    "steps_taken": 64.53984575835476
}