{
    "distance_to_goal": 8.779581222869457,
    "success": 0.175,
    "spl": 0.15827352478031723,
    "ndtw": 0.43110053606010845,
    "path_length": 9.373033863090678,
    "oracle_success": 0.3375,
    "steps_taken": 63.6375
}