{
    "distance_to_goal": 9.014102778583766,
    "success": 0.15,
    "spl": 0.14145431660332397,
    "ndtw": 0.42230242273629087,
    "path_length": 9.447872765711509,
    "oracle_success": 0.3375,
    "steps_taken": 60.575
}