{
    "distance_to_goal": 10.068534817174077,
    "success": 0.1625,
    "spl": 0.14888110829982182,
    "ndtw": 0.3939882957117003,
    "path_length": 9.515151612227783,
    "oracle_success": 0.2875,
    "steps_taken": 65.0375
}