{
    "distance_to_goal": 10.522241733642653,
    "success": 0.11182519280205655,
    "spl": 0.1026155174776105,
    "ndtw": 0.3478178380501347,
    "path_length": 8.9349636662702,
    "oracle_success": 0.26735218508997427,
    "steps_taken": 72.2917737789203
}