{
    "distance_to_goal": 10.102111479267478,
    "success": 0.1375,
    "spl": 0.11754258434822422,
    "ndtw": 0.36798705547095867,
    "path_length": 9.407834852510582,
    "oracle_success": 0.25,
    "steps_taken": 64.5
}