{
    "distance_to_goal": 9.724828609451652,
    "success": 0.15,
    "spl": 0.14209699381195567,
    "ndtw": 0.38788546323876394,
    "path_length": 9.610522458847845,
    "oracle_success": 0.2875,
    "steps_taken": 66.6375
}