{
    "distance_to_goal": 8.745938361436128,
    "success": 0.1875,
    "spl": 0.17256927796486826,
    "ndtw": 0.4276488269066487,
    "path_length": 8.79612223787699,
    "oracle_success": 0.3625,
    "steps_taken": 60.125
}