{
    "distance_to_goal": 8.93759819045663,
    "success": 0.1625,
    "spl": 0.15105535112468238,
    "ndtw": 0.44730385027315755,
    "path_length": 8.8946100774745,
    "oracle_success": 0.325,
    "steps_taken": 58.5375
}