{
    "distance_to_goal": 9.915525499731302,
    "success": 0.075,
    "spl": 0.07353105005994832,
    "ndtw": 0.38351797890309347,
    "path_length": 9.73140076979762,
    "oracle_success": 0.2875,
    "steps_taken": 70.05
}