{
    "distance_to_goal": 10.368863834658676,
    "success": 0.12941816204458945,
    "spl": 0.11447037839490687,
    "ndtw": 0.35289803852922724,
    "path_length": 8.657071017916179,
    "oracle_success": 0.2365415986949429,
    "steps_taken": 71.27406199021208
}