{
    "distance_to_goal": 10.280539890956852,
    "success": 0.12289287656334964,
    "spl": 0.11046915899599231,
    "ndtw": 0.36246211333199035,
    "path_length": 8.640377170203633,
    "oracle_success": 0.22947253942359977,
    "steps_taken": 68.58346927678086
}