{
    "distance_to_goal": 8.915291406773031,
    "success": 0.125,
    "spl": 0.115825214695249,
    "ndtw": 0.42962439455763707,
    "path_length": 9.120849336928222,
    "oracle_success": 0.3125,
    "steps_taken": 59.2625
}