{
    "distance_to_goal": 10.208473413569761,
    "success": 0.15038560411311053,
    "spl": 0.14029671690410792,
    "ndtw": 0.3739717042827549,
    "path_length": 8.789649133117104,
    "oracle_success": 0.2892030848329049,
    "steps_taken": 68.09383033419023
}