{
    "distance_to_goal": 10.226152368720424,
    "success": 0.1245241979336596,
    "spl": 0.11192792315986803,
    "ndtw": 0.3691929525265256,
    "path_length": 8.67353289092727,
    "oracle_success": 0.24034801522566612,
    "steps_taken": 68.15443175638934
}