{
    "distance_to_goal": 9.868554472923279,
    "success": 0.1125,
    "spl": 0.09430669784084245,
    "ndtw": 0.38994768401678126,
    "path_length": 9.12877987518441,
    "oracle_success": 0.225,
    "steps_taken": 65.125
}