{
    "distance_to_goal": 9.451503510773183,
    "success": 0.1375,
    "spl": 0.13266986238293307,
    "ndtw": 0.41555037623972213,
    "path_length": 9.332018408642762,
    "oracle_success": 0.2875,
    "steps_taken": 64.4
}