{
    "distance_to_goal": 10.444213110915081,
    "success": 0.1348558999456226,
    "spl": 0.11962583242597555,
    "ndtw": 0.3621645996056661,
    "path_length": 9.435097066310979,
    "oracle_success": 0.2588363240891789,
    "steps_taken": 68.97770527460577
}