{
    "distance_to_goal": 10.086263938435858,
    "success": 0.14267352185089974,
    "spl": 0.1314417801379507,
    "ndtw": 0.3872351882865433,
    "path_length": 8.859701031013815,
    "oracle_success": 0.2866323907455013,
    "steps_taken": 69.47686375321337
}