{
    "distance_to_goal": 9.95296940527818,
    "success": 0.14652956298200515,
    "spl": 0.13636368716988786,
    "ndtw": 0.37892210389198916,
    "path_length": 9.023676284823665,
    "oracle_success": 0.2879177377892031,
    "steps_taken": 68.80334190231362
}