{
    "distance_to_goal": 9.985425240104027,
    "success": 0.14010282776349614,
    "spl": 0.12839520584968395,
    "ndtw": 0.3778214734039185,
    "path_length": 9.115416201175398,
    "oracle_success": 0.2892030848329049,
    "steps_taken": 74.7866323907455
}