{
    "distance_to_goal": 10.111437423154712,
    "success": 0.175,
    "spl": 0.15733768036444212,
    "ndtw": 0.38596348729459,
    "path_length": 9.928780594118871,
    "oracle_success": 0.3125,
    "steps_taken": 63.2625
}