{
    "distance_to_goal": 9.707390973810107,
    "success": 0.15,
    "spl": 0.14198590252855556,
    "ndtw": 0.4046909792042106,
    "path_length": 8.883840912844317,
    "oracle_success": 0.2875,
    "steps_taken": 58.7625
}