{
    "distance_to_goal": 9.781796804070472,
    "success": 0.1625,
    "spl": 0.149597334572769,
    "ndtw": 0.4041620149089914,
    "path_length": 9.299452252460469,
    "oracle_success": 0.2875,
    "steps_taken": 61.8375
}