{
    "distance_to_goal": 8.578101747101867,
    "success": 0.2120822622107969,
    "spl": 0.19414342012530914,
    "ndtw": 0.45191401328549674,
    "path_length": 8.552540158159168,
    "oracle_success": 0.2969151670951157,
    "steps_taken": 65.28149100257069
}