{
    "distance_to_goal": 9.339802290499211,
    "success": 0.1375,
    "spl": 0.1294863863858547,
    "ndtw": 0.3803331019165392,
    "path_length": 8.440198122465517,
    "oracle_success": 0.2625,
    "steps_taken": 76.7625
}