{
    "distance_to_goal": 9.780892861908775,
    "success": 0.13920609026644915,
    "spl": 0.12567254555138258,
    "ndtw": 0.3798596312737746,
    "path_length": 8.306895957281428,
    "oracle_success": 0.24306688417618272,
    "steps_taken": 63.511147362697116
}