{
    "distance_to_goal": 9.910908474400639,
    "success": 0.125,
    "spl": 0.11980685728766116,
    "ndtw": 0.3830029220792425,
    "path_length": 8.314658932237121,
    "oracle_success": 0.2125,
    "steps_taken": 63.925
}