{
    "distance_to_goal": 8.868780665844678,
    "success": 0.2125,
    "spl": 0.1934283087572696,
    "ndtw": 0.44637741850746526,
    "path_length": 9.111623532511294,
    "oracle_success": 0.3625,
    "steps_taken": 60.55
}