{
    "distance_to_goal": 8.65756224856202,
    "success": 0.2249357326478149,
    "spl": 0.21041026028640872,
    "ndtw": 0.44927173476018856,
    "path_length": 8.704524136506947,
    "oracle_success": 0.33676092544987146,
    "steps_taken": 58.33033419023136
}