{
    "distance_to_goal": 9.530171442031861,
    "success": 0.1375,
    "spl": 0.12396489620848665,
    "ndtw": 0.38891677216627596,
    "path_length": 7.88490821714513,
    "oracle_success": 0.225,
    "steps_taken": 66.0125
}