{
    "distance_to_goal": 8.317800285462242,
    "success": 0.2403598971722365,
    "spl": 0.22207512579385338,
    "ndtw": 0.4702889605452923,
    "path_length": 8.351456742248075,
    "oracle_success": 0.3329048843187661,
    "steps_taken": 58.70051413881748
}