{
    "distance_to_goal": 8.884688544242731,
    "success": 0.18251928020565553,
    "spl": 0.17078158632979532,
    "ndtw": 0.43870731293945575,
    "path_length": 8.549334399476434,
    "oracle_success": 0.3097686375321337,
    "steps_taken": 63.55655526992288
}