{
    "distance_to_goal": 9.506157570422838,
    "success": 0.14518760195758565,
    "spl": 0.1348789141840199,
    "ndtw": 0.3924371438498816,
    "path_length": 7.934302624448141,
    "oracle_success": 0.23817292006525284,
    "steps_taken": 59.93909733550843
}