{
    "distance_to_goal": 9.095717571675777,
    "success": 0.1875,
    "spl": 0.17264957825628718,
    "ndtw": 0.4397490931286768,
    "path_length": 7.765572065860033,
    "oracle_success": 0.275,
    "steps_taken": 53.8125
}