{
    "distance_to_goal": 8.795966980978847,
    "success": 0.2375,
    "spl": 0.2241455572821897,
    "ndtw": 0.46012640000251404,
    "path_length": 8.237715630675666,
    "oracle_success": 0.3125,
    "steps_taken": 63.775
}