{
    "distance_to_goal": 9.443085470614127,
    "success": 0.15932572050027188,
    "spl": 0.1446513172599612,
    "ndtw": 0.401654464553848,
    "path_length": 8.031154467468436,
    "oracle_success": 0.2425231103860794,
    "steps_taken": 61.92604676454595
}