{
    "distance_to_goal": 9.706443957739335,
    "success": 0.13322457857531267,
    "spl": 0.1198384531618936,
    "ndtw": 0.38068764217229284,
    "path_length": 8.427915586072158,
    "oracle_success": 0.24578575312669929,
    "steps_taken": 63.57531266992931
}