{
    "distance_to_goal": 9.57085411325097,
    "success": 0.175,
    "spl": 0.16294511314561128,
    "ndtw": 0.4122731984453999,
    "path_length": 8.739473910257221,
    "oracle_success": 0.3125,
    "steps_taken": 62.6625
}