{
    "distance_to_goal": 8.260348745092635,
    "success": 0.2249357326478149,
    "spl": 0.20961265611488733,
    "ndtw": 0.4750973953081074,
    "path_length": 8.356916889169321,
    "oracle_success": 0.35218508997429304,
    "steps_taken": 59.501285347043705
}