{
    "distance_to_goal": 9.002293829918674,
    "success": 0.20179948586118251,
    "spl": 0.18471677973717546,
    "ndtw": 0.4262019342732306,
    "path_length": 8.531974109672852,
    "oracle_success": 0.3059125964010283,
    "steps_taken": 68.50257069408741
}