{
    "distance_to_goal": 9.74291812852025,
    "success": 0.1375,
    "spl": 0.12753530908523786,
    "ndtw": 0.39714902864508655,
    "path_length": 8.221150943706743,
    "oracle_success": 0.2125,
    "steps_taken": 62.575
}