{
    "distance_to_goal": 9.201514947414399,
    "success": 0.1625,
    "spl": 0.15132402895346364,
    "ndtw": 0.41286693908159666,
    "path_length": 8.976924028602662,
    "oracle_success": 0.2625,
    "steps_taken": 63.525
}