{
    "distance_to_goal": 8.74966410653795,
    "success": 0.20565552699228792,
    "spl": 0.19132925482572005,
    "ndtw": 0.4487008758441559,
    "path_length": 8.45874085689047,
    "oracle_success": 0.3046272493573265,
    "steps_taken": 60.48071979434447
}