{
    "distance_to_goal": 8.811662956306131,
    "success": 0.18766066838046272,
    "spl": 0.1741284318990535,
    "ndtw": 0.4470192943765564,
    "path_length": 8.549590397367142,
    "oracle_success": 0.2943444730077121,
    "steps_taken": 64.05012853470437
}