{
    "distance_to_goal": 8.286443589255214,
    "success": 0.2625,
    "spl": 0.24464653895133318,
    "ndtw": 0.48504524895348267,
    "path_length": 8.533755212696269,
    "oracle_success": 0.3625,
    "steps_taken": 61.4125
}