{
    "distance_to_goal": 8.225250702278405,
    "success": 0.1729200652528548,
    "spl": 0.1632335859970299,
    "ndtw": 0.4641668820488399,
    "path_length": 5.962903412277037,
    "oracle_success": 0.20554649265905384,
    "steps_taken": 48.908646003262646
}