{
    "distance_to_goal": 8.137561681121587,
    "success": 0.1875,
    "spl": 0.17002752627428772,
    "ndtw": 0.4985095246348422,
    "path_length": 6.480014891317114,
    "oracle_success": 0.2625,
    "steps_taken": 47.6125
}