{
    "distance_to_goal": 8.910231587663294,
    "success": 0.1875,
    "spl": 0.16675683652464898,
    "ndtw": 0.45143507474519506,
    "path_length": 7.82930275471881,
    "oracle_success": 0.2375,
    "steps_taken": 51.25
}