{
    "distance_to_goal": 8.422068054042757,
    "success": 0.1625,
    "spl": 0.15163671041166826,
    "ndtw": 0.48180214916743047,
    "path_length": 6.930137321585789,
    "oracle_success": 0.3,
    "steps_taken": 48.725
}