{
    "distance_to_goal": 7.808644163731131,
    "success": 0.2275064267352185,
    "spl": 0.21470221371604858,
    "ndtw": 0.5047591441647467,
    "path_length": 6.350767084788552,
    "oracle_success": 0.2596401028277635,
    "steps_taken": 48.53984575835476
}