{
    "distance_to_goal": 8.863918861746788,
    "success": 0.175,
    "spl": 0.16028554895692693,
    "ndtw": 0.4641262444908235,
    "path_length": 6.830232683941722,
    "oracle_success": 0.25,
    "steps_taken": 48.3875
}