{
    "distance_to_goal": 9.090084344148636,
    "success": 0.1875,
    "spl": 0.17100754278347247,
    "ndtw": 0.45727516469210167,
    "path_length": 7.702116515894886,
    "oracle_success": 0.3125,
    "steps_taken": 52.15
}