{
    "distance_to_goal": 7.5824398710595915,
    "success": 0.1953727506426735,
    "spl": 0.18647936971562104,
    "ndtw": 0.5014571559906239,
    "path_length": 5.9286368790386605,
    "oracle_success": 0.23136246786632392,
    "steps_taken": 48.89845758354756
}