{
    "distance_to_goal": 8.955730704963207,
    "success": 0.175,
    "spl": 0.16159058884457292,
    "ndtw": 0.45343408374448896,
    "path_length": 7.470258573046886,
    "oracle_success": 0.2625,
    "steps_taken": 48.425
}