{
    "distance_to_goal": 8.576979212462902,
    "success": 0.225,
    "spl": 0.20766743368991092,
    "ndtw": 0.47955284243030805,
    "path_length": 6.7143485982902344,
    "oracle_success": 0.2875,
    "steps_taken": 48.6
}