{
    "distance_to_goal": 8.532258132100106,
    "success": 0.225,
    "spl": 0.20733985193406107,
    "ndtw": 0.4813342381765186,
    "path_length": 5.859678050817456,
    "oracle_success": 0.2625,
    "steps_taken": 47.4625
}