{
    "distance_to_goal": 8.187614054605366,
    "success": 0.25,
    "spl": 0.23686838469376456,
    "ndtw": 0.5044478410177821,
    "path_length": 6.403665728075429,
    "oracle_success": 0.2625,
    "steps_taken": 46.375
}