{
    "distance_to_goal": 8.547047296911478,
    "success": 0.225,
    "spl": 0.20527816395650636,
    "ndtw": 0.47471788865255915,
    "path_length": 6.540691936016083,
    "oracle_success": 0.2875,
    "steps_taken": 48.95
}