{
    "distance_to_goal": 8.413502875077393,
    "success": 0.15171288743882544,
    "spl": 0.14593421678657767,
    "ndtw": 0.4574858624715866,
    "path_length": 5.749766379950658,
    "oracle_success": 0.18107667210440456,
    "steps_taken": 49.28711256117455
}