{
    "distance_to_goal": 8.891571706160903,
    "success": 0.1875,
    "spl": 0.17379072425328607,
    "ndtw": 0.46661062307439555,
    "path_length": 6.353996639163233,
    "oracle_success": 0.2375,
    "steps_taken": 47.2625
}