{
    "distance_to_goal": 8.485188299417496,
    "success": 0.1875,
    "spl": 0.17296283273090945,
    "ndtw": 0.47404843252950346,
    "path_length": 7.014589774329215,
    "oracle_success": 0.2625,
    "steps_taken": 49.2125
}