{
    "distance_to_goal": 9.764081578107987,
    "success": 0.10154241645244216,
    "spl": 0.09316177913507705,
    "ndtw": 0.3753096547162722,
    "path_length": 7.754036359828982,
    "oracle_success": 0.2120822622107969,
    "steps_taken": 56.99228791773779
}