{
    "distance_to_goal": 9.085268243668471,
    "success": 0.15681233933161953,
    "spl": 0.14818167192698667,
    "ndtw": 0.4180374778453249,
    "path_length": 6.81504161954708,
    "oracle_success": 0.2185089974293059,
    "steps_taken": 47.82262210796915
}