{
    "distance_to_goal": 4.131566022833188,
    "success": 0.3333333333333333,
    "spl": 0.3333333333333333,
    "ndtw": 0.7455206566380622,
    "path_length": 9.383264146745205,
    "oracle_success": 0.3333333333333333,
    "steps_taken": 78.5
}