{
    "distance_to_goal": 5.1728067845106125,
    "success": 0.3333333333333333,
    "spl": 0.3333333333333333,
    "ndtw": 0.6729588184704419,
    "path_length": 7.4874721591671305,
    "oracle_success": 0.3333333333333333,
    "steps_taken": 45.166666666666664
}