{
    "distance_to_goal": 6.491167664527893,
    "success": 0.16666666666666666,
    "spl": 0.13241936052513997,
    "ndtw": 0.5619183194199171,
    "path_length": 9.089368489881357,
    "oracle_success": 0.16666666666666666,
    "steps_taken": 52.833333333333336
}