{
    "distance_to_goal": 4.061073372761409,
    "success": 0.5,
    "spl": 0.4915976287614958,
    "ndtw": 0.7455423777405489,
    "path_length": 9.68251140912374,
    "oracle_success": 0.5,
    "steps_taken": 63.666666666666664
}