{
    "distance_to_goal": 8.729119519144296,
    "success": 0.125,
    "spl": 0.12410158905204863,
    "ndtw": 0.4737863136158194,
    "path_length": 5.694935487146722,
    "oracle_success": 0.1375,
    "steps_taken": 36.125
}