{
    "distance_to_goal": 8.842182261809299,
    "success": 0.16802610114192496,
    "spl": 0.1628341275997464,
    "ndtw": 0.43530661079241395,
    "path_length": 6.3799127566868945,
    "oracle_success": 0.20717781402936378,
    "steps_taken": 46.133224578575316
}