{
    "distance_to_goal": 8.6787343647331,
    "success": 0.125,
    "spl": 0.12444726047200165,
    "ndtw": 0.46545252584261576,
    "path_length": 5.623883129563183,
    "oracle_success": 0.15,
    "steps_taken": 37.925
}