{
    "distance_to_goal": 7.958254165966591,
    "success": 0.18894601542416453,
    "spl": 0.18690704230498648,
    "ndtw": 0.4824303881151599,
    "path_length": 5.13683202937316,
    "oracle_success": 0.2120822622107969,
    "steps_taken": 35.14781491002571
}