{
    "distance_to_goal": 7.845073513131215,
    "success": 0.20822622107969152,
    "spl": 0.20608643454828068,
    "ndtw": 0.5054717791514034,
    "path_length": 5.837957843223041,
    "oracle_success": 0.2352185089974293,
    "steps_taken": 40.38946015424165
}