{
    "distance_to_goal": 8.342352914645463,
    "success": 0.2352185089974293,
    "spl": 0.20970228576301003,
    "ndtw": 0.4587333421935112,
    "path_length": 8.644002884985568,
    "oracle_success": 0.34704370179948585,
    "steps_taken": 61.724935732647815
}