{
    "distance_to_goal": 9.20022681877017,
    "success": 0.1125,
    "spl": 0.09300083321130101,
    "ndtw": 0.41628184399381063,
    "path_length": 7.558136798697523,
    "oracle_success": 0.225,
    "steps_taken": 48.9625
}