{
    "distance_to_goal": 8.852493827790022,
    "success": 0.125,
    "spl": 0.12053773124221741,
    "ndtw": 0.4591496708189382,
    "path_length": 6.075388069916516,
    "oracle_success": 0.175,
    "steps_taken": 37.8625
}