{
    "distance_to_goal": 8.301603614538909,
    "success": 0.1625,
    "spl": 0.16090029426867833,
    "ndtw": 0.4825263052156397,
    "path_length": 4.850394673703704,
    "oracle_success": 0.175,
    "steps_taken": 32.3375
}