{
    "distance_to_goal": 9.081292667239904,
    "success": 0.1,
    "spl": 0.09382920508584609,
    "ndtw": 0.45144196342117066,
    "path_length": 6.856975862145191,
    "oracle_success": 0.1875,
    "steps_taken": 49.9625
}