{
    "distance_to_goal": 8.497016764881495,
    "success": 0.14355628058727568,
    "spl": 0.1352919781864987,
    "ndtw": 0.44496476299957705,
    "path_length": 6.239441700531669,
    "oracle_success": 0.18977705274605763,
    "steps_taken": 47.69385535617183
}