{
    "distance_to_goal": 8.987409300357104,
    "success": 0.1375,
    "spl": 0.11995268967524905,
    "ndtw": 0.43575285113408047,
    "path_length": 6.680299377301708,
    "oracle_success": 0.2,
    "steps_taken": 48.9375
}