{
    "distance_to_goal": 8.656478744000196,
    "success": 0.1625,
    "spl": 0.16200598998952853,
    "ndtw": 0.4785661831934487,
    "path_length": 5.821419085626258,
    "oracle_success": 0.2,
    "steps_taken": 40.1375
}