{
    "distance_to_goal": 8.153808621368862,
    "success": 0.2159383033419023,
    "spl": 0.2042692665652254,
    "ndtw": 0.4863934895680125,
    "path_length": 6.824349906297446,
    "oracle_success": 0.2583547557840617,
    "steps_taken": 47.375321336760926
}