{
    "distance_to_goal": 8.848215027401592,
    "success": 0.16476345840130505,
    "spl": 0.15957148485912653,
    "ndtw": 0.43473305617004615,
    "path_length": 6.372068189485239,
    "oracle_success": 0.2039151712887439,
    "steps_taken": 46.11310494834149
}