{
    "distance_to_goal": 8.754760118024125,
    "success": 0.1533442088091354,
    "spl": 0.14720718189794776,
    "ndtw": 0.43820011987335333,
    "path_length": 5.778767524271161,
    "oracle_success": 0.1859706362153344,
    "steps_taken": 40.992387166938556
}