{
    "distance_to_goal": 8.058059761180976,
    "success": 0.16966580976863754,
    "spl": 0.16569164513430665,
    "ndtw": 0.4782196838578036,
    "path_length": 5.091679700179015,
    "oracle_success": 0.18123393316195371,
    "steps_taken": 35.98586118251928
}