{
    "distance_to_goal": 7.958254165966591,
    "success": 0.18894601542416453,
    "spl": 0.18690704230498653,
    "ndtw": 0.4824302691744333,
    "path_length": 5.136832029488079,
    "oracle_success": 0.2120822622107969,
    "steps_taken": 35.152956298200515
}