{
    "distance_to_goal": 9.647966603113945,
    "success": 0.16476345840130505,
    "spl": 0.14728514951924432,
    "ndtw": 0.384348733798787,
    "path_length": 8.150374539575857,
    "oracle_success": 0.2365415986949429,
    "steps_taken": 59.62642740619902
}