{
    "distance_to_goal": 8.701926260171483,
    "success": 0.18251928020565553,
    "spl": 0.17163184654357588,
    "ndtw": 0.4460179992251949,
    "path_length": 8.616079783570017,
    "oracle_success": 0.3329048843187661,
    "steps_taken": 61.422879177377894
}