{
    "distance_to_goal": 8.867540258541704,
    "success": 0.1875,
    "spl": 0.15465141340957245,
    "ndtw": 0.429376664951993,
    "path_length": 8.856779005663702,
    "oracle_success": 0.275,
    "steps_taken": 74.0625
}