{
    "distance_to_goal": 8.79574261475498,
    "success": 0.17352185089974292,
    "spl": 0.1624724108819507,
    "ndtw": 0.4357968999667047,
    "path_length": 7.83113746950732,
    "oracle_success": 0.2583547557840617,
    "steps_taken": 59.825192802056556
}