{
    "distance_to_goal": 9.08876416441484,
    "success": 0.19023136246786632,
    "spl": 0.17649581077362023,
    "ndtw": 0.4298685015973001,
    "path_length": 8.41218760409551,
    "oracle_success": 0.3097686375321337,
    "steps_taken": 67.63367609254499
}