{
    "distance_to_goal": 8.760980774895085,
    "success": 0.20179948586118251,
    "spl": 0.18960310748746986,
    "ndtw": 0.4341081913108198,
    "path_length": 8.089409650548824,
    "oracle_success": 0.2982005141388175,
    "steps_taken": 61.87017994858612
}