{
    "distance_to_goal": 8.519568443857134,
    "success": 0.1375,
    "spl": 0.13377545636910698,
    "ndtw": 0.4697095226406659,
    "path_length": 8.150902419896738,
    "oracle_success": 0.2875,
    "steps_taken": 63.0625
}