{
    "distance_to_goal": 9.12864725086838,
    "success": 0.15,
    "spl": 0.14695640610227073,
    "ndtw": 0.41829342806550124,
    "path_length": 8.884694577941264,
    "oracle_success": 0.3125,
    "steps_taken": 60.625
}