{
    "distance_to_goal": 9.589608850829656,
    "success": 0.1533442088091354,
    "spl": 0.13935461566949572,
    "ndtw": 0.3937782988404626,
    "path_length": 7.596619648043102,
    "oracle_success": 0.233278955954323,
    "steps_taken": 62.249592169657426
}