{
    "distance_to_goal": 9.304727347567677,
    "success": 0.1625,
    "spl": 0.15510456030146835,
    "ndtw": 0.42418471277025915,
    "path_length": 8.544534147019828,
    "oracle_success": 0.25,
    "steps_taken": 69.0625
}