{
    "distance_to_goal": 9.968779673427344,
    "success": 0.075,
    "spl": 0.07259343615957937,
    "ndtw": 0.36732639182267707,
    "path_length": 8.899009181564907,
    "oracle_success": 0.2,
    "steps_taken": 60.0125
}