{
    "distance_to_goal": 8.655946545302868,
    "success": 0.1625,
    "spl": 0.14969492355066844,
    "ndtw": 0.4431939280884999,
    "path_length": 8.693345750367735,
    "oracle_success": 0.275,
    "steps_taken": 63.4875
}