{
    "distance_to_goal": 8.585819134488702,
    "success": 0.1875,
    "spl": 0.17072910984210365,
    "ndtw": 0.43499182239876905,
    "path_length": 8.993392943626255,
    "oracle_success": 0.3125,
    "steps_taken": 62.4125
}