{
    "distance_to_goal": 9.676462447427744,
    "success": 0.14845024469820556,
    "spl": 0.13143052379484182,
    "ndtw": 0.39137728933114735,
    "path_length": 8.41556202376922,
    "oracle_success": 0.2463295269168026,
    "steps_taken": 66.2620989668298
}