{
    "distance_to_goal": 10.353017830375487,
    "success": 0.11310494834148994,
    "spl": 0.10204382290745538,
    "ndtw": 0.3510286496502185,
    "path_length": 8.525280027308368,
    "oracle_success": 0.2234910277324633,
    "steps_taken": 70.14410005437738
}