{
    "distance_to_goal": 9.566307060793042,
    "success": 0.125,
    "spl": 0.11571610525336791,
    "ndtw": 0.393319223646878,
    "path_length": 8.615343996975572,
    "oracle_success": 0.2625,
    "steps_taken": 68.9375
}