{
    "distance_to_goal": 9.373146489913788,
    "success": 0.16709511568123395,
    "spl": 0.1538536692719653,
    "ndtw": 0.40193840675843673,
    "path_length": 8.496220536869982,
    "oracle_success": 0.2712082262210797,
    "steps_taken": 69.67352185089975
}