{
    "distance_to_goal": 9.074849615991116,
    "success": 0.1625,
    "spl": 0.15508329302627746,
    "ndtw": 0.41403753139557137,
    "path_length": 8.507302464381791,
    "oracle_success": 0.2375,
    "steps_taken": 67.7875
}