{
    "distance_to_goal": 9.59355170428753,
    "success": 0.0375,
    "spl": 0.03604918571070469,
    "ndtw": 0.3862439117263597,
    "path_length": 9.438945681595943,
    "oracle_success": 0.2125,
    "steps_taken": 63.675
}