{
    "distance_to_goal": 8.547808154421478,
    "success": 0.2069408740359897,
    "spl": 0.19632845418167286,
    "ndtw": 0.4503536476937297,
    "path_length": 8.185036050272931,
    "oracle_success": 0.31876606683804626,
    "steps_taken": 59.203084832904885
}