{
    "distance_to_goal": 10.369257287681103,
    "success": 0.0625,
    "spl": 0.06067237147025663,
    "ndtw": 0.35015948013896525,
    "path_length": 8.00428108072956,
    "oracle_success": 0.2125,
    "steps_taken": 63.8375
}