{
    "distance_to_goal": 9.290863758953801,
    "success": 0.19794344473007713,
    "spl": 0.18155973893810484,
    "ndtw": 0.42000741617270376,
    "path_length": 8.71337608905606,
    "oracle_success": 0.32904884318766064,
    "steps_taken": 62.3586118251928
}