{
    "distance_to_goal": 9.857590081795134,
    "success": 0.13050570962479607,
    "spl": 0.11945850359506674,
    "ndtw": 0.38082391254474973,
    "path_length": 7.416764544222893,
    "oracle_success": 0.22185970636215335,
    "steps_taken": 68.24904839586732
}