{
    "distance_to_goal": 8.997311186591274,
    "success": 0.17352185089974292,
    "spl": 0.15930902678166342,
    "ndtw": 0.42786545428095024,
    "path_length": 8.849668296549652,
    "oracle_success": 0.31362467866323906,
    "steps_taken": 68.00642673521851
}