{
    "distance_to_goal": 10.078523803129793,
    "success": 0.1875,
    "spl": 0.1732839834432229,
    "ndtw": 0.4057948987318637,
    "path_length": 7.8005284159211445,
    "oracle_success": 0.2375,
    "steps_taken": 60.225
}