{
    "distance_to_goal": 8.278214633541426,
    "success": 0.2416452442159383,
    "spl": 0.22876727916324352,
    "ndtw": 0.47538588567352696,
    "path_length": 6.652830642980032,
    "oracle_success": 0.2802056555269923,
    "steps_taken": 54.548843187660665
}