{
    "distance_to_goal": 8.272862615940044,
    "success": 0.2120822622107969,
    "spl": 0.20710409909800137,
    "ndtw": 0.48269905171895017,
    "path_length": 6.260448242431977,
    "oracle_success": 0.2583547557840617,
    "steps_taken": 48.90359897172237
}