{
    "distance_to_goal": 8.602087133005261,
    "success": 0.175,
    "spl": 0.17175241086515847,
    "ndtw": 0.4545950867897279,
    "path_length": 5.414477791404352,
    "oracle_success": 0.25,
    "steps_taken": 36.5875
}