{
    "distance_to_goal": 8.589041966199876,
    "success": 0.2375,
    "spl": 0.2223878568889422,
    "ndtw": 0.48199662333537513,
    "path_length": 6.5907454797066745,
    "oracle_success": 0.25,
    "steps_taken": 44.1625
}