{
    "distance_to_goal": 8.878448293686658,
    "success": 0.14192495921696574,
    "spl": 0.1376488127822556,
    "ndtw": 0.4318531491783587,
    "path_length": 5.508237298603508,
    "oracle_success": 0.1598694942903752,
    "steps_taken": 48.01794453507341
}