{
    "distance_to_goal": 9.75802038218826,
    "success": 0.125,
    "spl": 0.11952845402967696,
    "ndtw": 0.41659101283807765,
    "path_length": 6.984525819076225,
    "oracle_success": 0.1625,
    "steps_taken": 50.15
}