{
    "distance_to_goal": 8.095266018436316,
    "success": 0.21722365038560412,
    "spl": 0.20849769760301654,
    "ndtw": 0.47758531825903566,
    "path_length": 5.828214691396525,
    "oracle_success": 0.2480719794344473,
    "steps_taken": 44.695372750642676
}