{
    "distance_to_goal": 8.071499240390745,
    "success": 0.1928020565552699,
    "spl": 0.18856498597883978,
    "ndtw": 0.47096572699973815,
    "path_length": 5.290795227689744,
    "oracle_success": 0.23136246786632392,
    "steps_taken": 39.92416452442159
}