{
    "distance_to_goal": 8.71762455701828,
    "success": 0.1625,
    "spl": 0.16054969858910106,
    "ndtw": 0.4596377418731142,
    "path_length": 5.522356831881122,
    "oracle_success": 0.1875,
    "steps_taken": 36.45
}