{
    "distance_to_goal": 8.486607622154114,
    "success": 0.23136246786632392,
    "spl": 0.21820935352388882,
    "ndtw": 0.46914651118427025,
    "path_length": 7.35360483196869,
    "oracle_success": 0.31233933161953725,
    "steps_taken": 59.911311053984576
}