{
    "distance_to_goal": 9.071017992123961,
    "success": 0.1625,
    "spl": 0.15594574510613415,
    "ndtw": 0.44402670727425947,
    "path_length": 7.098667503381148,
    "oracle_success": 0.25,
    "steps_taken": 52.225
}