{
    "distance_to_goal": 8.317301869392395,
    "success": 0.15,
    "spl": 0.14635216850765023,
    "ndtw": 0.4532843132039404,
    "path_length": 6.844818040577229,
    "oracle_success": 0.1875,
    "steps_taken": 55.2125
}