{
    "distance_to_goal": 8.180671643465757,
    "success": 0.1625,
    "spl": 0.156707056331578,
    "ndtw": 0.49239115481956847,
    "path_length": 6.1104761863876105,
    "oracle_success": 0.2125,
    "steps_taken": 47.575
}