{
    "distance_to_goal": 9.35830125602417,
    "success": 0.13539967373572595,
    "spl": 0.12708261391938977,
    "ndtw": 0.4030159281916386,
    "path_length": 6.953939364935354,
    "oracle_success": 0.19086460032626426,
    "steps_taken": 71.18705818379554
}