{
    "distance_to_goal": 7.862816773967908,
    "success": 0.21979434447300772,
    "spl": 0.21245033688788886,
    "ndtw": 0.49317005152534305,
    "path_length": 6.1796743924112,
    "oracle_success": 0.2660668380462725,
    "steps_taken": 45.116966580976865
}