{
    "distance_to_goal": 9.076023101328571,
    "success": 0.13213703099510604,
    "spl": 0.12306356214490172,
    "ndtw": 0.4183387930279049,
    "path_length": 6.259103684025526,
    "oracle_success": 0.17183251767264818,
    "steps_taken": 58.758020663404025
}