{
    "distance_to_goal": 8.571517539955675,
    "success": 0.175,
    "spl": 0.17391041579737693,
    "ndtw": 0.47609643530552115,
    "path_length": 6.206183428427108,
    "oracle_success": 0.225,
    "steps_taken": 40.5125
}