{
    "distance_to_goal": 8.364808391034604,
    "success": 0.1625,
    "spl": 0.16084102640827264,
    "ndtw": 0.4759802896337014,
    "path_length": 5.353999657626264,
    "oracle_success": 0.175,
    "steps_taken": 34.075
}