{
    "distance_to_goal": 9.1291322541373,
    "success": 0.0989668297988037,
    "spl": 0.09445897460373974,
    "ndtw": 0.41093245938896356,
    "path_length": 5.587188524377316,
    "oracle_success": 0.1272430668841762,
    "steps_taken": 48.101141924959215
}