{
    "distance_to_goal": 9.40035314168781,
    "success": 0.1625,
    "spl": 0.14908557872321004,
    "ndtw": 0.42345664638655184,
    "path_length": 7.460449464887264,
    "oracle_success": 0.2625,
    "steps_taken": 57.175
}