{
    "distance_to_goal": 9.023368538729846,
    "success": 0.125,
    "spl": 0.12110605382279185,
    "ndtw": 0.4558517067145219,
    "path_length": 7.19083007274894,
    "oracle_success": 0.225,
    "steps_taken": 60.4625
}