{
    "distance_to_goal": 9.581634974479675,
    "success": 0.15,
    "spl": 0.14669478489462048,
    "ndtw": 0.4215831612399709,
    "path_length": 6.545564778297558,
    "oracle_success": 0.2125,
    "steps_taken": 51.9375
}