{
    "distance_to_goal": 9.17961283493787,
    "success": 0.1875,
    "spl": 0.173121083473333,
    "ndtw": 0.44835559091858024,
    "path_length": 6.768693776708096,
    "oracle_success": 0.2375,
    "steps_taken": 53.4375
}