{
    "distance_to_goal": 8.785273811593651,
    "success": 0.1375,
    "spl": 0.13061240701071936,
    "ndtw": 0.47141538125842636,
    "path_length": 5.971173951635926,
    "oracle_success": 0.2,
    "steps_taken": 43.8375
}