{
    "distance_to_goal": 8.424462182777706,
    "success": 0.2043701799485861,
    "spl": 0.19654866908274946,
    "ndtw": 0.4721366884139048,
    "path_length": 6.077051843963925,
    "oracle_success": 0.2390745501285347,
    "steps_taken": 45.40616966580977
}