{
    "distance_to_goal": 8.359495859593153,
    "success": 0.175,
    "spl": 0.17173749716839198,
    "ndtw": 0.4773251879792305,
    "path_length": 6.9147222429513935,
    "oracle_success": 0.2625,
    "steps_taken": 41.4125
}