{
    "distance_to_goal": 8.528337929025293,
    "success": 0.1375,
    "spl": 0.13084364593349304,
    "ndtw": 0.46722535200974014,
    "path_length": 5.865689768944867,
    "oracle_success": 0.1875,
    "steps_taken": 44.1
}