{
    "distance_to_goal": 7.954439040780986,
    "success": 0.24293059125964012,
    "spl": 0.23351368652371193,
    "ndtw": 0.49134008681974134,
    "path_length": 6.264340103486345,
    "oracle_success": 0.2814910025706941,
    "steps_taken": 46.96786632390746
}