{
    "distance_to_goal": 9.415153134057158,
    "success": 0.16150081566068517,
    "spl": 0.1484033777091478,
    "ndtw": 0.40237355347085957,
    "path_length": 8.193293930387672,
    "oracle_success": 0.25067971723762916,
    "steps_taken": 62.42033713974986
}