{
    "distance_to_goal": 8.311873888754906,
    "success": 0.2159383033419023,
    "spl": 0.2042221515298679,
    "ndtw": 0.47015023012687635,
    "path_length": 8.512622444584943,
    "oracle_success": 0.3393316195372751,
    "steps_taken": 61.50642673521851
}