{
    "distance_to_goal": 9.683553668484091,
    "success": 0.225,
    "spl": 0.2173586379398415,
    "ndtw": 0.43204902763756586,
    "path_length": 8.341937483893707,
    "oracle_success": 0.2875,
    "steps_taken": 58.9125
}