{
    "distance_to_goal": 8.70274562143498,
    "success": 0.2352185089974293,
    "spl": 0.22382105119673068,
    "ndtw": 0.4523366965290874,
    "path_length": 8.260421418607274,
    "oracle_success": 0.30848329048843187,
    "steps_taken": 60.501285347043705
}