{
    "distance_to_goal": 10.321509065618859,
    "success": 0.15038560411311053,
    "spl": 0.1404897298753327,
    "ndtw": 0.37757389258878954,
    "path_length": 8.887355117177675,
    "oracle_success": 0.2583547557840617,
    "steps_taken": 68.87403598971723
}