{
    "distance_to_goal": 9.778948920602186,
    "success": 0.15932572050027188,
    "spl": 0.14174324136601682,
    "ndtw": 0.38205639605258696,
    "path_length": 8.210668252869095,
    "oracle_success": 0.23817292006525284,
    "steps_taken": 64.54921152800435
}