{
    "distance_to_goal": 8.525729299281128,
    "success": 0.20308483290488433,
    "spl": 0.19119185842960065,
    "ndtw": 0.46139318655331124,
    "path_length": 8.189163654566126,
    "oracle_success": 0.3046272493573265,
    "steps_taken": 58.95372750642674
}