{
    "distance_to_goal": 9.437296022408322,
    "success": 0.1370309951060359,
    "spl": 0.12499578795172803,
    "ndtw": 0.4024109690157934,
    "path_length": 8.062877181738902,
    "oracle_success": 0.23491027732463296,
    "steps_taken": 64.2463295269168
}