{
    "distance_to_goal": 10.327930822968483,
    "success": 0.0125,
    "spl": 0.010298234523607466,
    "ndtw": 0.28083415088611086,
    "path_length": 1.649857721614535,
    "oracle_success": 0.0125,
    "steps_taken": 182.0
}