{
    "distance_to_goal": 8.054467361238437,
    "success": 0.2583547557840617,
    "spl": 0.24555049471801585,
    "ndtw": 0.480202690162997,
    "path_length": 8.358347283023303,
    "oracle_success": 0.3393316195372751,
    "steps_taken": 58.60796915167095
}