{
    "distance_to_goal": 9.937018808791448,
    "success": 0.012853470437017995,
    "spl": 0.011617350307200496,
    "ndtw": 0.27725425526333486,
    "path_length": 1.9340533962621782,
    "oracle_success": 0.017994858611825194,
    "steps_taken": 182.0
}