{
    "distance_to_goal": 10.541846552677452,
    "success": 0.125,
    "spl": 0.11124270344111323,
    "ndtw": 0.3984359602215622,
    "path_length": 8.828990163031033,
    "oracle_success": 0.2375,
    "steps_taken": 61.8
}