{
    "distance_to_goal": 9.300308709691697,
    "success": 0.15823817292006526,
    "spl": 0.1399290165794432,
    "ndtw": 0.39638611604954765,
    "path_length": 8.057620654088089,
    "oracle_success": 0.24850462207721588,
    "steps_taken": 64.57748776508973
}