{
    "distance_to_goal": 9.603487633168697,
    "success": 0.1125,
    "spl": 0.10405889527810108,
    "ndtw": 0.39905784937949873,
    "path_length": 6.285145395638344,
    "oracle_success": 0.1625,
    "steps_taken": 39.4625
}