{
    "distance_to_goal": 9.41946612219003,
    "success": 0.13496143958868895,
    "spl": 0.1287968429012172,
    "ndtw": 0.4107777045140709,
    "path_length": 6.251001467545313,
    "oracle_success": 0.16966580976863754,
    "steps_taken": 39.926735218508995
}