{
    "distance_to_goal": 9.753748964518309,
    "success": 0.125,
    "spl": 0.10298174432033962,
    "ndtw": 0.3970338967650943,
    "path_length": 7.064487123733852,
    "oracle_success": 0.175,
    "steps_taken": 44.625
}