{
    "distance_to_goal": 9.308602358390289,
    "success": 0.13866231647634583,
    "spl": 0.13294235442303465,
    "ndtw": 0.41482884463351355,
    "path_length": 6.225637846416594,
    "oracle_success": 0.16802610114192496,
    "steps_taken": 39.32952691680261
}