{
    "distance_to_goal": 9.676342102885247,
    "success": 0.1,
    "spl": 0.08687531699833788,
    "ndtw": 0.39261965961555023,
    "path_length": 6.760820098686963,
    "oracle_success": 0.1375,
    "steps_taken": 42.6875
}