{
    "distance_to_goal": 9.31509547457099,
    "success": 0.1375,
    "spl": 0.12713184309650133,
    "ndtw": 0.4179411409160025,
    "path_length": 6.2287817948323205,
    "oracle_success": 0.1625,
    "steps_taken": 39.525
}