{
    "distance_to_goal": 9.14072303943202,
    "success": 0.13496143958868895,
    "spl": 0.12823359583126911,
    "ndtw": 0.43010977725835503,
    "path_length": 6.242644715738632,
    "oracle_success": 0.16195372750642673,
    "steps_taken": 39.41388174807198
}