{
    "distance_to_goal": 9.214583954958192,
    "success": 0.14267352185089974,
    "spl": 0.13127823618878867,
    "ndtw": 0.42071953825914715,
    "path_length": 6.431534396543531,
    "oracle_success": 0.16966580976863754,
    "steps_taken": 40.10025706940874
}