{
    "distance_to_goal": 9.639768997579813,
    "success": 0.1125,
    "spl": 0.10228268737349562,
    "ndtw": 0.4062928501136483,
    "path_length": 6.308523998236342,
    "oracle_success": 0.1375,
    "steps_taken": 37.975
}