{
    "distance_to_goal": 9.693575895350383,
    "success": 0.11256117455138662,
    "spl": 0.10598266019883015,
    "ndtw": 0.39115405877881676,
    "path_length": 6.16531840358678,
    "oracle_success": 0.1402936378466558,
    "steps_taken": 40.71778140293638
}