{
    "distance_to_goal": 8.957016035339826,
    "success": 0.15424164524421594,
    "spl": 0.1490290525287457,
    "ndtw": 0.43883729817009415,
    "path_length": 6.458727856480267,
    "oracle_success": 0.20051413881748073,
    "steps_taken": 40.36375321336761
}