{
    "distance_to_goal": 9.383256824314595,
    "success": 0.1,
    "spl": 0.08903647644701065,
    "ndtw": 0.41799272594702036,
    "path_length": 6.790110320830718,
    "oracle_success": 0.1625,
    "steps_taken": 42.4625
}