{
    "distance_to_goal": 8.560797564685345,
    "success": 0.1875,
    "spl": 0.1767698664505239,
    "ndtw": 0.4631077238240059,
    "path_length": 6.316219473216916,
    "oracle_success": 0.2375,
    "steps_taken": 40.4625
}