{
    "distance_to_goal": 8.753796673566104,
    "success": 0.1375,
    "spl": 0.12668516903864607,
    "ndtw": 0.43848534977489245,
    "path_length": 6.573662137386952,
    "oracle_success": 0.1625,
    "steps_taken": 41.4375
}