{
    "distance_to_goal": 9.307363648712634,
    "success": 0.125,
    "spl": 0.11166746624305043,
    "ndtw": 0.4153972615900107,
    "path_length": 6.572463985143793,
    "oracle_success": 0.1375,
    "steps_taken": 41.4875
}