{
    "distance_to_goal": 9.504419102519751,
    "success": 0.1125,
    "spl": 0.10318758021578156,
    "ndtw": 0.40927500297226327,
    "path_length": 6.773272206488764,
    "oracle_success": 0.1625,
    "steps_taken": 42.6125
}