{
    "distance_to_goal": 9.616901136934757,
    "success": 0.1,
    "spl": 0.08927173908145136,
    "ndtw": 0.41987142005659905,
    "path_length": 6.786288722185418,
    "oracle_success": 0.1375,
    "steps_taken": 42.2625
}