{
    "distance_to_goal": 9.05499963030449,
    "success": 0.14010282776349614,
    "spl": 0.13354993130983497,
    "ndtw": 0.4311596286487334,
    "path_length": 6.286536299671432,
    "oracle_success": 0.17866323907455012,
    "steps_taken": 39.2840616966581
}