{
    "distance_to_goal": 9.217485781759024,
    "success": 0.1125,
    "spl": 0.0994474707612866,
    "ndtw": 0.42699404700409815,
    "path_length": 6.146492070751265,
    "oracle_success": 0.15,
    "steps_taken": 38.225
}