{
    "distance_to_goal": 9.870253656804561,
    "success": 0.1125,
    "spl": 0.10210036594341174,
    "ndtw": 0.3973739928788935,
    "path_length": 6.029995904711766,
    "oracle_success": 0.125,
    "steps_taken": 38.925
}