{
    "distance_to_goal": 9.626290307939053,
    "success": 0.125,
    "spl": 0.11705122248274438,
    "ndtw": 0.40457346059888505,
    "path_length": 6.215528526692651,
    "oracle_success": 0.1625,
    "steps_taken": 39.925
}