{
    "distance_to_goal": 9.307635599188506,
    "success": 0.125,
    "spl": 0.11645746398825918,
    "ndtw": 0.4086479480971728,
    "path_length": 6.398763866361696,
    "oracle_success": 0.15,
    "steps_taken": 39.2625
}