{
    "distance_to_goal": 9.368313525617122,
    "success": 0.125,
    "spl": 0.10959151266616103,
    "ndtw": 0.4219356819655037,
    "path_length": 6.528260056757233,
    "oracle_success": 0.2,
    "steps_taken": 40.9125
}