{
    "distance_to_goal": 9.317846217006444,
    "success": 0.0875,
    "spl": 0.0765008815067462,
    "ndtw": 0.4160322545880737,
    "path_length": 7.08760412732372,
    "oracle_success": 0.1375,
    "steps_taken": 42.5625
}