{
    "distance_to_goal": 8.848389511932751,
    "success": 0.15424164524421594,
    "spl": 0.1450719714866938,
    "ndtw": 0.439894725081267,
    "path_length": 6.545181317363894,
    "oracle_success": 0.17737789203084833,
    "steps_taken": 41.347043701799485
}