{
    "distance_to_goal": 8.760173993319235,
    "success": 0.16580976863753213,
    "spl": 0.15854986890881706,
    "ndtw": 0.4501766103102571,
    "path_length": 6.480581581454355,
    "oracle_success": 0.20822622107969152,
    "steps_taken": 40.55141388174807
}