{
    "distance_to_goal": 9.398726670110984,
    "success": 0.11582381729200653,
    "spl": 0.10792362816318125,
    "ndtw": 0.4032098730334529,
    "path_length": 6.121762682975326,
    "oracle_success": 0.14845024469820556,
    "steps_taken": 41.39967373572594
}