{
    "distance_to_goal": 9.321097204954889,
    "success": 0.14267352185089974,
    "spl": 0.1327801164932146,
    "ndtw": 0.41527494052837066,
    "path_length": 6.760150737669408,
    "oracle_success": 0.17737789203084833,
    "steps_taken": 42.44858611825193
}