{
    "distance_to_goal": 9.131925559788943,
    "success": 0.125,
    "spl": 0.11855100387559965,
    "ndtw": 0.4286000450663113,
    "path_length": 6.393018956801777,
    "oracle_success": 0.175,
    "steps_taken": 40.3625
}