{
    "distance_to_goal": 9.34874816671573,
    "success": 0.1402936378466558,
    "spl": 0.1329513528417031,
    "ndtw": 0.41385792589705606,
    "path_length": 6.273685976977026,
    "oracle_success": 0.16639477977161501,
    "steps_taken": 40.64437194127243
}