{
    "distance_to_goal": 9.746403661370277,
    "success": 0.2,
    "spl": 0.19178658336046925,
    "ndtw": 0.4213521297039818,
    "path_length": 8.291750095272437,
    "oracle_success": 0.35,
    "steps_taken": 59.4875
}