{
    "distance_to_goal": 7.921414151050361,
    "success": 0.2814910025706941,
    "spl": 0.2639942954371677,
    "ndtw": 0.49133254094365564,
    "path_length": 8.272999954475589,
    "oracle_success": 0.37789203084832906,
    "steps_taken": 58.886889460154244
}