{
    "distance_to_goal": 8.833448645845056,
    "success": 0.1875,
    "spl": 0.1714822983695189,
    "ndtw": 0.44935912391017163,
    "path_length": 8.367225232557393,
    "oracle_success": 0.275,
    "steps_taken": 58.65
}