{
    "distance_to_goal": 8.080265466682613,
    "success": 0.3125,
    "spl": 0.28347829750048303,
    "ndtw": 0.506187682536016,
    "path_length": 8.655586146947462,
    "oracle_success": 0.375,
    "steps_taken": 55.7625
}