{
    "distance_to_goal": 8.067699819616973,
    "success": 0.2625,
    "spl": 0.2504826628513009,
    "ndtw": 0.4971284969549027,
    "path_length": 8.070916659175419,
    "oracle_success": 0.325,
    "steps_taken": 51.45
}