{
    "distance_to_goal": 8.491529572568833,
    "success": 0.225,
    "spl": 0.20688711793285353,
    "ndtw": 0.4657216199955103,
    "path_length": 8.585638752731029,
    "oracle_success": 0.3375,
    "steps_taken": 61.2625
}