{
    "distance_to_goal": 9.06579281706363,
    "success": 0.2125,
    "spl": 0.20593128469371386,
    "ndtw": 0.44221288413072796,
    "path_length": 8.064831626308903,
    "oracle_success": 0.325,
    "steps_taken": 55.925
}