{
    "distance_to_goal": 8.912688600830734,
    "success": 0.2375,
    "spl": 0.22202933988238374,
    "ndtw": 0.45586278243571493,
    "path_length": 8.17961594510125,
    "oracle_success": 0.325,
    "steps_taken": 55.775
}