{
    "distance_to_goal": 8.60241032820195,
    "success": 0.2125,
    "spl": 0.20003742353591653,
    "ndtw": 0.45686730139440285,
    "path_length": 8.294269966694992,
    "oracle_success": 0.325,
    "steps_taken": 57.575
}