{
    "distance_to_goal": 8.847165594249963,
    "success": 0.1875,
    "spl": 0.17750460770859158,
    "ndtw": 0.46477625684090534,
    "path_length": 7.881915774918161,
    "oracle_success": 0.3375,
    "steps_taken": 56.7875
}