{
    "distance_to_goal": 8.400077845714986,
    "success": 0.2375,
    "spl": 0.21945707898512942,
    "ndtw": 0.4693495566850803,
    "path_length": 8.41984810755821,
    "oracle_success": 0.3375,
    "steps_taken": 58.55
}