{
    "distance_to_goal": 9.004327032156288,
    "success": 0.2,
    "spl": 0.19168982634891737,
    "ndtw": 0.44840274423295956,
    "path_length": 8.350888781412504,
    "oracle_success": 0.3125,
    "steps_taken": 53.175
}