{
    "distance_to_goal": 8.167376215942204,
    "success": 0.275,
    "spl": 0.259537561861345,
    "ndtw": 0.49540539318134275,
    "path_length": 8.299305360019208,
    "oracle_success": 0.3375,
    "steps_taken": 59.1875
}