{
    "distance_to_goal": 8.285346605814993,
    "success": 0.2125,
    "spl": 0.19657829597578494,
    "ndtw": 0.4757087275437432,
    "path_length": 8.673100901603174,
    "oracle_success": 0.3375,
    "steps_taken": 54.175
}