{
    "distance_to_goal": 8.175996764935553,
    "success": 0.2625,
    "spl": 0.2526809957592156,
    "ndtw": 0.5031150103340717,
    "path_length": 7.586115593742579,
    "oracle_success": 0.35,
    "steps_taken": 51.2125
}