{
    "distance_to_goal": 8.784113215468825,
    "success": 0.2,
    "spl": 0.18428368220774569,
    "ndtw": 0.44494904453794526,
    "path_length": 8.368321833061055,
    "oracle_success": 0.3125,
    "steps_taken": 56.05
}