{
    "distance_to_goal": 8.205513784661889,
    "success": 0.275,
    "spl": 0.25702358205744796,
    "ndtw": 0.4835564846874275,
    "path_length": 8.569244334998075,
    "oracle_success": 0.375,
    "steps_taken": 61.8
}