{
    "distance_to_goal": 10.035479448549449,
    "success": 0.1375,
    "spl": 0.1300419323109031,
    "ndtw": 0.3937613744006181,
    "path_length": 8.832083554827841,
    "oracle_success": 0.2625,
    "steps_taken": 60.475
}