{
    "distance_to_goal": 7.983794206940116,
    "success": 0.2583547557840617,
    "spl": 0.2421990112798842,
    "ndtw": 0.49263051701656474,
    "path_length": 8.059794604710113,
    "oracle_success": 0.35475578406169667,
    "steps_taken": 58.131105398457585
}