{
    "distance_to_goal": 8.609139048494399,
    "success": 0.1875,
    "spl": 0.17278481580434535,
    "ndtw": 0.4516186646739701,
    "path_length": 8.610410503204912,
    "oracle_success": 0.3125,
    "steps_taken": 57.525
}