{
    "distance_to_goal": 9.034443332068623,
    "success": 0.15,
    "spl": 0.1359258829236047,
    "ndtw": 0.42914571244123767,
    "path_length": 8.431435255886754,
    "oracle_success": 0.2875,
    "steps_taken": 64.925
}