{
    "distance_to_goal": 8.553510114364325,
    "success": 0.2125,
    "spl": 0.19854359435162344,
    "ndtw": 0.47627208666269033,
    "path_length": 8.148124064970762,
    "oracle_success": 0.325,
    "steps_taken": 60.925
}