{
    "distance_to_goal": 8.100935393385589,
    "success": 0.2125,
    "spl": 0.191688328850607,
    "ndtw": 0.4777816256324801,
    "path_length": 8.999311386235059,
    "oracle_success": 0.3625,
    "steps_taken": 58.925
}