{
    "distance_to_goal": 8.875945393554867,
    "success": 0.175,
    "spl": 0.1571769863270473,
    "ndtw": 0.45848177452489197,
    "path_length": 9.066254774323898,
    "oracle_success": 0.2875,
    "steps_taken": 60.325
}