{
    "distance_to_goal": 8.811473105169625,
    "success": 0.1631321370309951,
    "spl": 0.15335857214308837,
    "ndtw": 0.4339142102192427,
    "path_length": 7.050066219418263,
    "oracle_success": 0.2300163132137031,
    "steps_taken": 58.035889070146816
}