{
    "distance_to_goal": 7.967579422389327,
    "success": 0.2776349614395887,
    "spl": 0.25959831734156064,
    "ndtw": 0.48959602006337655,
    "path_length": 7.968781217474881,
    "oracle_success": 0.35475578406169667,
    "steps_taken": 57.82390745501285
}