{
    "distance_to_goal": 8.772752135060728,
    "success": 0.225,
    "spl": 0.21109689976979323,
    "ndtw": 0.47461227812642875,
    "path_length": 7.987260436709039,
    "oracle_success": 0.2875,
    "steps_taken": 59.4625
}