{
    "distance_to_goal": 9.085232958383859,
    "success": 0.1875,
    "spl": 0.17942878493769704,
    "ndtw": 0.4591857447379984,
    "path_length": 7.99043141475413,
    "oracle_success": 0.2875,
    "steps_taken": 53.15
}