{
    "distance_to_goal": 8.245431660301984,
    "success": 0.25,
    "spl": 0.23480320349501138,
    "ndtw": 0.4863980364632131,
    "path_length": 8.250918161182199,
    "oracle_success": 0.3375,
    "steps_taken": 57.225
}