{
    "distance_to_goal": 8.004111986540277,
    "success": 0.2493573264781491,
    "spl": 0.23317085049750313,
    "ndtw": 0.48601586810434627,
    "path_length": 8.230583032018396,
    "oracle_success": 0.36118251928020567,
    "steps_taken": 58.68766066838046
}