{
    "distance_to_goal": 8.341492251865565,
    "success": 0.2375,
    "spl": 0.22764232213692287,
    "ndtw": 0.48064236545026623,
    "path_length": 8.968923518207157,
    "oracle_success": 0.3625,
    "steps_taken": 62.375
}