{
    "distance_to_goal": 9.380552666820586,
    "success": 0.1625,
    "spl": 0.154906953512367,
    "ndtw": 0.42995302407917213,
    "path_length": 8.14927796171978,
    "oracle_success": 0.275,
    "steps_taken": 52.5125
}