{
    "distance_to_goal": 8.311435498856008,
    "success": 0.1875,
    "spl": 0.17074881405662184,
    "ndtw": 0.46452410798442234,
    "path_length": 8.68918797201477,
    "oracle_success": 0.3125,
    "steps_taken": 61.0375
}