{
    "distance_to_goal": 8.794105113856494,
    "success": 0.2375,
    "spl": 0.22024508190429154,
    "ndtw": 0.48198047755256523,
    "path_length": 8.358141798805445,
    "oracle_success": 0.325,
    "steps_taken": 57.05
}