{
    "distance_to_goal": 9.165857227990132,
    "success": 0.1566068515497553,
    "spl": 0.14879080418484794,
    "ndtw": 0.4245396849284426,
    "path_length": 7.692672211158631,
    "oracle_success": 0.23491027732463296,
    "steps_taken": 66.07667210440457
}