{
    "distance_to_goal": 8.155107994005084,
    "success": 0.2125,
    "spl": 0.19514411982174898,
    "ndtw": 0.4894505670835195,
    "path_length": 7.885462003509747,
    "oracle_success": 0.325,
    "steps_taken": 60.675
}