{
    "distance_to_goal": 8.334109629504383,
    "success": 0.2375,
    "spl": 0.21874427530519097,
    "ndtw": 0.4783477941261993,
    "path_length": 8.80730224554427,
    "oracle_success": 0.375,
    "steps_taken": 57.025
}