{
    "distance_to_goal": 8.941912974976002,
    "success": 0.2375,
    "spl": 0.22383763990555466,
    "ndtw": 0.47796315551053964,
    "path_length": 7.628884166898206,
    "oracle_success": 0.325,
    "steps_taken": 55.4125
}