{
    "distance_to_goal": 8.075285663641989,
    "success": 0.225,
    "spl": 0.20906854566018346,
    "ndtw": 0.48972302637099396,
    "path_length": 8.384196128230542,
    "oracle_success": 0.3625,
    "steps_taken": 53.9125
}