{
    "distance_to_goal": 8.421692419983447,
    "success": 0.1625,
    "spl": 0.1449358628053552,
    "ndtw": 0.44496457359096864,
    "path_length": 8.677184755497729,
    "oracle_success": 0.325,
    "steps_taken": 53.5625
}