{
    "distance_to_goal": 8.606824411917477,
    "success": 0.225,
    "spl": 0.20719557938487734,
    "ndtw": 0.46474794094407007,
    "path_length": 8.565693159913645,
    "oracle_success": 0.3375,
    "steps_taken": 59.5375
}