{
    "distance_to_goal": 8.028358378820121,
    "success": 0.225,
    "spl": 0.19875926997699483,
    "ndtw": 0.4861396573697996,
    "path_length": 7.861644914619769,
    "oracle_success": 0.325,
    "steps_taken": 56.2125
}