{
    "distance_to_goal": 7.970870483666658,
    "success": 0.2125,
    "spl": 0.19181060533616598,
    "ndtw": 0.4945326751248433,
    "path_length": 8.261123076616787,
    "oracle_success": 0.2875,
    "steps_taken": 58.175
}