{
    "distance_to_goal": 8.268847510777414,
    "success": 0.2625,
    "spl": 0.24661544572511945,
    "ndtw": 0.5012277753445551,
    "path_length": 8.670130713377148,
    "oracle_success": 0.35,
    "steps_taken": 59.0125
}