{
    "distance_to_goal": 8.646302888728679,
    "success": 0.175,
    "spl": 0.15749433351303171,
    "ndtw": 0.46354052990707073,
    "path_length": 8.254754194966518,
    "oracle_success": 0.275,
    "steps_taken": 54.825
}