{
    "distance_to_goal": 8.170937622897327,
    "success": 0.2125,
    "spl": 0.19410931852316993,
    "ndtw": 0.47441674010760265,
    "path_length": 8.71505611629109,
    "oracle_success": 0.3625,
    "steps_taken": 58.7
}