{
    "distance_to_goal": 7.918707455156471,
    "success": 0.2660668380462725,
    "spl": 0.24943824983534252,
    "ndtw": 0.4904672926951298,
    "path_length": 8.017911883382164,
    "oracle_success": 0.37017994858611825,
    "steps_taken": 56.67994858611825
}