{
    "distance_to_goal": 8.682084158621729,
    "success": 0.25,
    "spl": 0.22554144581794028,
    "ndtw": 0.4725539431823158,
    "path_length": 8.15154081552173,
    "oracle_success": 0.3625,
    "steps_taken": 57.2375
}