{
    "distance_to_goal": 8.152745077572764,
    "success": 0.25,
    "spl": 0.22683893169673222,
    "ndtw": 0.5026665878941643,
    "path_length": 8.449969854520168,
    "oracle_success": 0.375,
    "steps_taken": 59.9375
}