{
    "distance_to_goal": 8.465911788679659,
    "success": 0.275,
    "spl": 0.2580542478464264,
    "ndtw": 0.49949712860239703,
    "path_length": 8.087825083103962,
    "oracle_success": 0.35,
    "steps_taken": 57.9625
}