{
    "distance_to_goal": 8.190415530465543,
    "success": 0.2625,
    "spl": 0.2373673273754126,
    "ndtw": 0.4925732294602169,
    "path_length": 8.740341214981163,
    "oracle_success": 0.3625,
    "steps_taken": 56.025
}