{
    "distance_to_goal": 9.02479210626334,
    "success": 0.25,
    "spl": 0.2305391958305742,
    "ndtw": 0.46121859723293157,
    "path_length": 8.425483694975265,
    "oracle_success": 0.3625,
    "steps_taken": 60.0125
}