{
    "distance_to_goal": 8.495095832645893,
    "success": 0.1875,
    "spl": 0.1692906769616686,
    "ndtw": 0.46593782668701716,
    "path_length": 8.711875343997963,
    "oracle_success": 0.35,
    "steps_taken": 62.025
}