{
    "distance_to_goal": 8.194983621500432,
    "success": 0.275,
    "spl": 0.25532010079718787,
    "ndtw": 0.4806449982346511,
    "path_length": 8.615424690471439,
    "oracle_success": 0.35,
    "steps_taken": 57.1625
}