{
    "distance_to_goal": 7.900560553185642,
    "success": 0.2875,
    "spl": 0.2710229461901594,
    "ndtw": 0.5125444327106581,
    "path_length": 7.8516152001451704,
    "oracle_success": 0.3875,
    "steps_taken": 56.9375
}