{
    "distance_to_goal": 9.077865782752633,
    "success": 0.2125,
    "spl": 0.1961824802870918,
    "ndtw": 0.45300965755935085,
    "path_length": 8.303893543686717,
    "oracle_success": 0.325,
    "steps_taken": 64.075
}