{
    "distance_to_goal": 9.102841596521717,
    "success": 0.15823817292006526,
    "spl": 0.14703131673460199,
    "ndtw": 0.4185351237564722,
    "path_length": 7.794723655351026,
    "oracle_success": 0.2234910277324633,
    "steps_taken": 63.190864600326265
}