{
    "distance_to_goal": 9.871307996101677,
    "success": 0.1375,
    "spl": 0.1339555300581921,
    "ndtw": 0.39227315249903605,
    "path_length": 7.660624177003046,
    "oracle_success": 0.275,
    "steps_taken": 57.6875
}