{
    "distance_to_goal": 8.741725081019103,
    "success": 0.1625,
    "spl": 0.14842588232445877,
    "ndtw": 0.4637245598974878,
    "path_length": 7.857234882283956,
    "oracle_success": 0.2875,
    "steps_taken": 60.375
}