{
    "distance_to_goal": 8.746496042422951,
    "success": 0.1625,
    "spl": 0.14822921470671419,
    "ndtw": 0.45299212581538395,
    "path_length": 8.66906518067699,
    "oracle_success": 0.3125,
    "steps_taken": 60.4125
}