{
    "distance_to_goal": 7.983241458423436,
    "success": 0.2125,
    "spl": 0.1981050858159408,
    "ndtw": 0.49350288589442515,
    "path_length": 8.236719044251368,
    "oracle_success": 0.3125,
    "steps_taken": 53.0125
}