{
    "distance_to_goal": 8.41677707415074,
    "success": 0.2625,
    "spl": 0.24628007915565048,
    "ndtw": 0.4848122604863879,
    "path_length": 7.967619315115735,
    "oracle_success": 0.325,
    "steps_taken": 62.8375
}