{
    "distance_to_goal": 8.335400439426303,
    "success": 0.275,
    "spl": 0.25935847842727555,
    "ndtw": 0.4939362777278863,
    "path_length": 8.976796918641776,
    "oracle_success": 0.3875,
    "steps_taken": 56.7125
}