{
    "distance_to_goal": 7.955033073043762,
    "success": 0.2622107969151671,
    "spl": 0.2477897273320215,
    "ndtw": 0.4934741375582516,
    "path_length": 7.960163063466896,
    "oracle_success": 0.37017994858611825,
    "steps_taken": 56.840616966580974
}