{
    "distance_to_goal": 8.806679951399564,
    "success": 0.2375,
    "spl": 0.2144203770629804,
    "ndtw": 0.4655396903268187,
    "path_length": 8.229286923271138,
    "oracle_success": 0.325,
    "steps_taken": 56.075
}