{
    "distance_to_goal": 8.697387581877411,
    "success": 0.2375,
    "spl": 0.22010313936164527,
    "ndtw": 0.4751727636022456,
    "path_length": 8.692437587026507,
    "oracle_success": 0.35,
    "steps_taken": 58.925
}