{
    "distance_to_goal": 8.661071607656776,
    "success": 0.225,
    "spl": 0.2080874334229379,
    "ndtw": 0.48938937190213244,
    "path_length": 8.507141796823124,
    "oracle_success": 0.2875,
    "steps_taken": 54.15
}