{
    "distance_to_goal": 9.20213026739353,
    "success": 0.13539967373572595,
    "spl": 0.12706163695081565,
    "ndtw": 0.42089158990267295,
    "path_length": 7.110754234334033,
    "oracle_success": 0.19575856443719414,
    "steps_taken": 59.01305057096248
}