{
    "distance_to_goal": 8.950710380263626,
    "success": 0.2625,
    "spl": 0.24944487863223824,
    "ndtw": 0.46918753946030345,
    "path_length": 7.730874973069876,
    "oracle_success": 0.375,
    "steps_taken": 51.2375
}