{
    "distance_to_goal": 8.370180653035641,
    "success": 0.25,
    "spl": 0.2363010796741582,
    "ndtw": 0.48080897942726314,
    "path_length": 8.47651431208942,
    "oracle_success": 0.3375,
    "steps_taken": 57.35
}