{
    "distance_to_goal": 8.548024133034051,
    "success": 0.1875,
    "spl": 0.17247781494203304,
    "ndtw": 0.4588495996848829,
    "path_length": 8.190134024701546,
    "oracle_success": 0.275,
    "steps_taken": 55.3125
}