{
    "distance_to_goal": 8.906686123274266,
    "success": 0.125,
    "spl": 0.1193906229671244,
    "ndtw": 0.4291491403624631,
    "path_length": 8.376104261913559,
    "oracle_success": 0.2625,
    "steps_taken": 54.7375
}