{
    "distance_to_goal": 8.135449201538968,
    "success": 0.24293059125964012,
    "spl": 0.2336590461719686,
    "ndtw": 0.48368490550419607,
    "path_length": 8.273487823312742,
    "oracle_success": 0.34704370179948585,
    "steps_taken": 58.75706940874036
}