{
    "distance_to_goal": 8.511853021197021,
    "success": 0.1875,
    "spl": 0.16565252049570736,
    "ndtw": 0.4602611905389164,
    "path_length": 8.488900115841535,
    "oracle_success": 0.3125,
    "steps_taken": 61.4125
}