{
    "distance_to_goal": 9.407595492294059,
    "success": 0.15,
    "spl": 0.14357138331575753,
    "ndtw": 0.42754023523891804,
    "path_length": 7.572574591531695,
    "oracle_success": 0.3125,
    "steps_taken": 53.825
}