{
    "distance_to_goal": 8.002845505066215,
    "success": 0.225,
    "spl": 0.21687257348071837,
    "ndtw": 0.4892121812270693,
    "path_length": 8.066680199594703,
    "oracle_success": 0.35,
    "steps_taken": 51.2375
}