{
    "distance_to_goal": 8.270112079568207,
    "success": 0.2375,
    "spl": 0.22078002052579845,
    "ndtw": 0.49068974628393824,
    "path_length": 8.342235371210187,
    "oracle_success": 0.3375,
    "steps_taken": 60.025
}