{
    "distance_to_goal": 9.718653306551278,
    "success": 0.25,
    "spl": 0.2343872426723554,
    "ndtw": 0.4489818725773964,
    "path_length": 8.850934602855705,
    "oracle_success": 0.3375,
    "steps_taken": 62.0625
}