{
    "distance_to_goal": 7.712991201000379,
    "success": 0.2506426735218509,
    "spl": 0.23818355552292733,
    "ndtw": 0.4992370270235762,
    "path_length": 8.024893291415925,
    "oracle_success": 0.3676092544987147,
    "steps_taken": 56.29177377892031
}