{
    "distance_to_goal": 8.162315455824137,
    "success": 0.25,
    "spl": 0.22927124422230963,
    "ndtw": 0.4853333218502014,
    "path_length": 8.42508813566227,
    "oracle_success": 0.3375,
    "steps_taken": 53.9125
}