{
    "distance_to_goal": 8.025304137729108,
    "success": 0.2625,
    "spl": 0.24492440837151705,
    "ndtw": 0.4997046809069589,
    "path_length": 7.817204927233979,
    "oracle_success": 0.3375,
    "steps_taken": 59.2125
}