{
    "distance_to_goal": 8.886007711011917,
    "success": 0.1875,
    "spl": 0.17217711841852718,
    "ndtw": 0.4484648178513271,
    "path_length": 8.630272766560365,
    "oracle_success": 0.2875,
    "steps_taken": 64.575
}