{
    "distance_to_goal": 9.564629543386399,
    "success": 0.2125,
    "spl": 0.20229412418256115,
    "ndtw": 0.44545529611992285,
    "path_length": 7.8613002157770095,
    "oracle_success": 0.2625,
    "steps_taken": 52.6875
}