{
    "distance_to_goal": 8.5264663470909,
    "success": 0.2125,
    "spl": 0.19912047599042831,
    "ndtw": 0.46833282314536995,
    "path_length": 7.88048590272665,
    "oracle_success": 0.2625,
    "steps_taken": 57.2875
}