{
    "distance_to_goal": 7.778673489843818,
    "success": 0.2352185089974293,
    "spl": 0.2181738391529652,
    "ndtw": 0.4956687346360767,
    "path_length": 8.00995974001992,
    "oracle_success": 0.33547557840616965,
    "steps_taken": 59.69408740359897
}