{
    "distance_to_goal": 7.9504128999069605,
    "success": 0.2583547557840617,
    "spl": 0.2419031794323751,
    "ndtw": 0.5027927093614138,
    "path_length": 8.048423347520105,
    "oracle_success": 0.3393316195372751,
    "steps_taken": 54.07969151670951
}