{
    "distance_to_goal": 9.5195754598735,
    "success": 0.12996193583469276,
    "spl": 0.1209826018803654,
    "ndtw": 0.3868006836715819,
    "path_length": 7.412098605619588,
    "oracle_success": 0.21479064709081022,
    "steps_taken": 68.86351277868407
}