{
    "distance_to_goal": 8.954015081748366,
    "success": 0.175,
    "spl": 0.16854698914818708,
    "ndtw": 0.4413009017411139,
    "path_length": 9.139690918533597,
    "oracle_success": 0.3125,
    "steps_taken": 69.375
}