{
    "distance_to_goal": 9.265896173450304,
    "success": 0.1500815660685155,
    "spl": 0.13722727210950064,
    "ndtw": 0.40578136893018457,
    "path_length": 7.682093983061488,
    "oracle_success": 0.24469820554649266,
    "steps_taken": 66.04513322457858
}