{
    "distance_to_goal": 9.614893807733331,
    "success": 0.12887438825448613,
    "spl": 0.1185031305727458,
    "ndtw": 0.3963449324960829,
    "path_length": 7.70440531317979,
    "oracle_success": 0.21914083741163676,
    "steps_taken": 60.349646547036436
}