{
    "distance_to_goal": 8.398391666441466,
    "success": 0.2249357326478149,
    "spl": 0.2115617895910333,
    "ndtw": 0.47344738611757115,
    "path_length": 8.51530347789316,
    "oracle_success": 0.3277634961439589,
    "steps_taken": 56.62853470437018
}