{
    "distance_to_goal": 8.618778934017552,
    "success": 0.2095115681233933,
    "spl": 0.19487677558096472,
    "ndtw": 0.45362937726043906,
    "path_length": 9.38184757390276,
    "oracle_success": 0.35989717223650386,
    "steps_taken": 75.12982005141389
}