{
    "distance_to_goal": 9.761865140683948,
    "success": 0.175,
    "spl": 0.15965430278545015,
    "ndtw": 0.399431984278799,
    "path_length": 8.512888776545878,
    "oracle_success": 0.2375,
    "steps_taken": 57.3875
}