{
    "distance_to_goal": 9.315470147770569,
    "success": 0.1375747688961392,
    "spl": 0.12932251706072379,
    "ndtw": 0.4096301578387522,
    "path_length": 7.082318590231043,
    "oracle_success": 0.20228384991843393,
    "steps_taken": 59.73681348558999
}