{
    "distance_to_goal": 8.900298183783889,
    "success": 0.25,
    "spl": 0.2307397274036699,
    "ndtw": 0.4577003531704781,
    "path_length": 8.362081051513087,
    "oracle_success": 0.3125,
    "steps_taken": 55.7875
}