{
    "distance_to_goal": 8.334718376991834,
    "success": 0.2390745501285347,
    "spl": 0.22197084706228035,
    "ndtw": 0.4734907481126379,
    "path_length": 8.460186518331824,
    "oracle_success": 0.34318766066838047,
    "steps_taken": 58.89845758354756
}