{
    "distance_to_goal": 9.311262540891766,
    "success": 0.1625,
    "spl": 0.15742219018163245,
    "ndtw": 0.42208456215140205,
    "path_length": 8.204850957629194,
    "oracle_success": 0.25,
    "steps_taken": 58.4125
}