{
    "distance_to_goal": 8.71464026272297,
    "success": 0.175,
    "spl": 0.16076086597832331,
    "ndtw": 0.46476953353114664,
    "path_length": 7.791245570779748,
    "oracle_success": 0.2625,
    "steps_taken": 56.9875
}