{
    "distance_to_goal": 10.160669714026152,
    "success": 0.15,
    "spl": 0.14016371811341424,
    "ndtw": 0.3865994495651155,
    "path_length": 8.360669052196318,
    "oracle_success": 0.225,
    "steps_taken": 64.1625
}