{
    "distance_to_goal": 8.295272215267111,
    "success": 0.21079691516709512,
    "spl": 0.1976259460821046,
    "ndtw": 0.4608149257413693,
    "path_length": 8.671848628261602,
    "oracle_success": 0.33676092544987146,
    "steps_taken": 59.22107969151671
}