{
    "distance_to_goal": 10.043670477531851,
    "success": 0.1625,
    "spl": 0.1481232279392155,
    "ndtw": 0.4092769727591311,
    "path_length": 8.926640430977567,
    "oracle_success": 0.275,
    "steps_taken": 59.675
}