{
    "distance_to_goal": 8.99191887284076,
    "success": 0.16709511568123395,
    "spl": 0.1570633343500461,
    "ndtw": 0.4262242211651637,
    "path_length": 8.678817005408607,
    "oracle_success": 0.3161953727506427,
    "steps_taken": 63.03341902313625
}