{
    "distance_to_goal": 9.47821965739131,
    "success": 0.1375,
    "spl": 0.13227526644272694,
    "ndtw": 0.4118395837606835,
    "path_length": 8.279270762961824,
    "oracle_success": 0.275,
    "steps_taken": 65.3125
}