{
    "distance_to_goal": 8.679635682782507,
    "success": 0.2120822622107969,
    "spl": 0.20178376249742166,
    "ndtw": 0.4466817872554053,
    "path_length": 8.698088871840337,
    "oracle_success": 0.33161953727506427,
    "steps_taken": 66.38817480719794
}