{
    "distance_to_goal": 9.764556903764605,
    "success": 0.1375,
    "spl": 0.13487488644045106,
    "ndtw": 0.406832159472708,
    "path_length": 8.74310454770457,
    "oracle_success": 0.25,
    "steps_taken": 62.6875
}