{
    "distance_to_goal": 8.051382322956098,
    "success": 0.2326478149100257,
    "spl": 0.2198640993355482,
    "ndtw": 0.48498779158544203,
    "path_length": 7.817532833870779,
    "oracle_success": 0.30719794344473006,
    "steps_taken": 55.80848329048843
}