{
    "distance_to_goal": 8.59699964467436,
    "success": 0.2375,
    "spl": 0.2267974160624607,
    "ndtw": 0.458450599120196,
    "path_length": 8.541838492359966,
    "oracle_success": 0.3375,
    "steps_taken": 63.8
}