{
    "distance_to_goal": 9.317059384658933,
    "success": 0.1875,
    "spl": 0.16978718253163091,
    "ndtw": 0.4193020854826332,
    "path_length": 7.665791967714881,
    "oracle_success": 0.275,
    "steps_taken": 60.85
}