{
    "distance_to_goal": 9.50781602117518,
    "success": 0.15878194671016857,
    "spl": 0.14574652783668593,
    "ndtw": 0.39491534627895025,
    "path_length": 7.843086955327047,
    "oracle_success": 0.23273518216421968,
    "steps_taken": 63.457857531266995
}