{
    "distance_to_goal": 8.086538149795679,
    "success": 0.24293059125964012,
    "spl": 0.22830099319954023,
    "ndtw": 0.4781709305423776,
    "path_length": 8.54313982619305,
    "oracle_success": 0.37017994858611825,
    "steps_taken": 60.31491002570694
}