{
    "distance_to_goal": 9.777862973883748,
    "success": 0.1375,
    "spl": 0.13279802990427209,
    "ndtw": 0.3921297719705674,
    "path_length": 7.9823512302245945,
    "oracle_success": 0.2125,
    "steps_taken": 69.3625
}