{
    "distance_to_goal": 8.204818105325103,
    "success": 0.2125,
    "spl": 0.20237504018025917,
    "ndtw": 0.48726262892654415,
    "path_length": 8.28685874393427,
    "oracle_success": 0.3375,
    "steps_taken": 56.8375
}