{
    "distance_to_goal": 8.283931318431097,
    "success": 0.2493573264781491,
    "spl": 0.23873889092758008,
    "ndtw": 0.4780248537638044,
    "path_length": 8.010477147701478,
    "oracle_success": 0.3277634961439589,
    "steps_taken": 58.08354755784062
}