{
    "distance_to_goal": 9.537802411485393,
    "success": 0.14573137574768896,
    "spl": 0.13340183126433738,
    "ndtw": 0.3902403425658215,
    "path_length": 7.911814090915505,
    "oracle_success": 0.22838499184339314,
    "steps_taken": 62.61174551386623
}