{
    "distance_to_goal": 9.327333565428853,
    "success": 0.1625,
    "spl": 0.15752881334545582,
    "ndtw": 0.42755988322575667,
    "path_length": 8.914246042910964,
    "oracle_success": 0.2875,
    "steps_taken": 61.2625
}