{
    "distance_to_goal": 9.463842347645125,
    "success": 0.15878194671016857,
    "spl": 0.14655184344645733,
    "ndtw": 0.39920093139607526,
    "path_length": 7.416646051375416,
    "oracle_success": 0.21750951604132682,
    "steps_taken": 60.11201740076128
}