{
    "distance_to_goal": 8.270372685045004,
    "success": 0.2625,
    "spl": 0.24659574134596607,
    "ndtw": 0.47014525759370784,
    "path_length": 7.60654350387631,
    "oracle_success": 0.3125,
    "steps_taken": 63.4125
}