{
    "distance_to_goal": 8.290014751907439,
    "success": 0.225,
    "spl": 0.21735659228035376,
    "ndtw": 0.4818384508012844,
    "path_length": 7.7723808392533105,
    "oracle_success": 0.2625,
    "steps_taken": 52.325
}