{
    "distance_to_goal": 8.696772368904202,
    "success": 0.2375,
    "spl": 0.23031506222352266,
    "ndtw": 0.4440155088003449,
    "path_length": 8.834399075901569,
    "oracle_success": 0.3125,
    "steps_taken": 55.675
}