{
    "distance_to_goal": 9.28202815502882,
    "success": 0.2125,
    "spl": 0.20127201380459195,
    "ndtw": 0.43517230751379643,
    "path_length": 8.297535987378135,
    "oracle_success": 0.3125,
    "steps_taken": 60.325
}