{
    "distance_to_goal": 7.8974234246023975,
    "success": 0.2647814910025707,
    "spl": 0.24850386882901498,
    "ndtw": 0.48417027420813286,
    "path_length": 8.23887831424346,
    "oracle_success": 0.35861182519280205,
    "steps_taken": 59.72879177377892
}