{
    "distance_to_goal": 8.655174911079646,
    "success": 0.24293059125964012,
    "spl": 0.2228878831382054,
    "ndtw": 0.4587560407006867,
    "path_length": 8.981936814321191,
    "oracle_success": 0.35218508997429304,
    "steps_taken": 64.92030848329048
}