{
    "distance_to_goal": 9.759328669495881,
    "success": 0.1375,
    "spl": 0.1312216446525344,
    "ndtw": 0.3767629312206031,
    "path_length": 8.08901045704115,
    "oracle_success": 0.2125,
    "steps_taken": 60.9375
}