{
    "distance_to_goal": 8.776488364860416,
    "success": 0.2125,
    "spl": 0.20426897714393027,
    "ndtw": 0.45121516189745303,
    "path_length": 8.593036921106977,
    "oracle_success": 0.3125,
    "steps_taken": 58.675
}