{
    "distance_to_goal": 8.919663787260651,
    "success": 0.175,
    "spl": 0.17111610566653204,
    "ndtw": 0.4284640805797889,
    "path_length": 8.020275441071135,
    "oracle_success": 0.2125,
    "steps_taken": 57.25
}