{
    "distance_to_goal": 9.527773272036574,
    "success": 0.1125,
    "spl": 0.0987597728740706,
    "ndtw": 0.39833683569220707,
    "path_length": 7.9411928793007975,
    "oracle_success": 0.2,
    "steps_taken": 60.7125
}