{
    "distance_to_goal": 9.922954704176965,
    "success": 0.14627514953779228,
    "spl": 0.13245313717840573,
    "ndtw": 0.37479921898698415,
    "path_length": 8.36743963301084,
    "oracle_success": 0.2463295269168026,
    "steps_taken": 66.09352909189776
}