{
    "distance_to_goal": 8.934738029527136,
    "success": 0.21722365038560412,
    "spl": 0.205607338808787,
    "ndtw": 0.4428048723405633,
    "path_length": 9.02504994834314,
    "oracle_success": 0.3213367609254499,
    "steps_taken": 61.2814910025707
}