{
    "distance_to_goal": 8.335317958136757,
    "success": 0.2480719794344473,
    "spl": 0.23370505717256043,
    "ndtw": 0.4729250503174528,
    "path_length": 8.52195821113357,
    "oracle_success": 0.35347043701799485,
    "steps_taken": 61.58611825192802
}