{
    "distance_to_goal": 9.521006938070059,
    "success": 0.15,
    "spl": 0.14108561550625098,
    "ndtw": 0.39946784379237105,
    "path_length": 8.124776757246583,
    "oracle_success": 0.2125,
    "steps_taken": 59.825
}