{
    "distance_to_goal": 9.11394293954869,
    "success": 0.20051413881748073,
    "spl": 0.17886135054237295,
    "ndtw": 0.40894913187199844,
    "path_length": 8.296709417705983,
    "oracle_success": 0.2969151670951157,
    "steps_taken": 59.72365038560411
}