{
    "distance_to_goal": 9.46048863530159,
    "success": 0.15,
    "spl": 0.13366926311425278,
    "ndtw": 0.40339804673181767,
    "path_length": 8.865898199012737,
    "oracle_success": 0.275,
    "steps_taken": 58.5625
}