{
    "distance_to_goal": 9.33140488229692,
    "success": 0.15,
    "spl": 0.14345943896249194,
    "ndtw": 0.4216533634377142,
    "path_length": 8.671577800650265,
    "oracle_success": 0.2625,
    "steps_taken": 57.9375
}