{
    "distance_to_goal": 9.361968650279517,
    "success": 0.14518760195758565,
    "spl": 0.13582861990547632,
    "ndtw": 0.40928899049417344,
    "path_length": 6.714749813423847,
    "oracle_success": 0.19249592169657423,
    "steps_taken": 53.16095704187058
}