{
    "distance_to_goal": 9.269639586583144,
    "success": 0.1566068515497553,
    "spl": 0.14049417608457712,
    "ndtw": 0.41449046336203155,
    "path_length": 6.899280938007107,
    "oracle_success": 0.21044045676998369,
    "steps_taken": 58.9178901576944
}