{
    "distance_to_goal": 8.276021201908588,
    "success": 0.25,
    "spl": 0.23648592974195265,
    "ndtw": 0.4810407899180352,
    "path_length": 7.5508840157592205,
    "oracle_success": 0.3375,
    "steps_taken": 60.6625
}