{
    "distance_to_goal": 8.432123767226399,
    "success": 0.2236503856041131,
    "spl": 0.21367128531476856,
    "ndtw": 0.4638431925881889,
    "path_length": 7.556003243826725,
    "oracle_success": 0.32390745501285345,
    "steps_taken": 62.56041131105398
}