{
    "distance_to_goal": 9.240160608596293,
    "success": 0.1506253398586188,
    "spl": 0.14061495065770377,
    "ndtw": 0.41480922548350274,
    "path_length": 6.9186532033038235,
    "oracle_success": 0.18270799347471453,
    "steps_taken": 52.07177814029364
}