{
    "distance_to_goal": 7.788075290969573,
    "success": 0.2375,
    "spl": 0.22652353356335073,
    "ndtw": 0.5191769911434088,
    "path_length": 7.555819228722248,
    "oracle_success": 0.3125,
    "steps_taken": 55.7875
}