{
    "distance_to_goal": 8.37038910687736,
    "success": 0.2506426735218509,
    "spl": 0.2356306108517189,
    "ndtw": 0.4686863762831879,
    "path_length": 7.618798002644896,
    "oracle_success": 0.32005141388174807,
    "steps_taken": 62.368894601542415
}