{
    "distance_to_goal": 8.142629364165442,
    "success": 0.2467866323907455,
    "spl": 0.23395707873204521,
    "ndtw": 0.48254794013549385,
    "path_length": 7.355581499377101,
    "oracle_success": 0.31233933161953725,
    "steps_taken": 54.48586118251928
}