{
    "distance_to_goal": 7.3150941748172045,
    "success": 0.3625,
    "spl": 0.3420892689494163,
    "ndtw": 0.5379290409140104,
    "path_length": 7.5333132912986915,
    "oracle_success": 0.4375,
    "steps_taken": 60.6875
}