{
    "distance_to_goal": 7.907018601741154,
    "success": 0.2506426735218509,
    "spl": 0.2364800524159336,
    "ndtw": 0.49542067112421334,
    "path_length": 7.452983219513032,
    "oracle_success": 0.3277634961439589,
    "steps_taken": 52.2159383033419
}