{
    "distance_to_goal": 8.486085504293442,
    "success": 0.2125,
    "spl": 0.19896450041768995,
    "ndtw": 0.48365441808667375,
    "path_length": 7.062247703666799,
    "oracle_success": 0.275,
    "steps_taken": 52.55
}