{
    "distance_to_goal": 8.37020193040371,
    "success": 0.2583547557840617,
    "spl": 0.24426804226620863,
    "ndtw": 0.47269612922929166,
    "path_length": 7.526406413342282,
    "oracle_success": 0.31233933161953725,
    "steps_taken": 55.005141388174806
}