{
    "distance_to_goal": 9.273969511315226,
    "success": 0.2375,
    "spl": 0.22777271646862512,
    "ndtw": 0.43409979729812054,
    "path_length": 7.824364343902562,
    "oracle_success": 0.3125,
    "steps_taken": 52.1125
}