{
    "distance_to_goal": 8.084212787640892,
    "success": 0.23136246786632392,
    "spl": 0.22027701448170908,
    "ndtw": 0.4811176681722505,
    "path_length": 7.278642322713738,
    "oracle_success": 0.31233933161953725,
    "steps_taken": 55.850899742930594
}