{
    "distance_to_goal": 9.434421520493924,
    "success": 0.1875,
    "spl": 0.18227949626614534,
    "ndtw": 0.4326521044948065,
    "path_length": 7.124225072792615,
    "oracle_success": 0.2375,
    "steps_taken": 48.775
}