{
    "distance_to_goal": 9.04972419617956,
    "success": 0.16639477977161501,
    "spl": 0.1552274910031391,
    "ndtw": 0.4274639820906399,
    "path_length": 6.683086713238582,
    "oracle_success": 0.20717781402936378,
    "steps_taken": 52.92985318107667
}