{
    "distance_to_goal": 9.567211432382464,
    "success": 0.175,
    "spl": 0.16311489671933982,
    "ndtw": 0.42748831469839715,
    "path_length": 8.001512108230964,
    "oracle_success": 0.2875,
    "steps_taken": 55.3625
}