{
    "distance_to_goal": 8.917342911940068,
    "success": 0.2625,
    "spl": 0.24166241442344,
    "ndtw": 0.4578455504658584,
    "path_length": 6.710535947683772,
    "oracle_success": 0.2875,
    "steps_taken": 52.775
}