{
    "distance_to_goal": 7.2714482775889335,
    "success": 0.3125,
    "spl": 0.29277236209334107,
    "ndtw": 0.5414711739994533,
    "path_length": 7.243229696305934,
    "oracle_success": 0.3625,
    "steps_taken": 52.35
}