{
    "distance_to_goal": 8.603701128065586,
    "success": 0.25,
    "spl": 0.23451474737703304,
    "ndtw": 0.4771869755487671,
    "path_length": 7.111641869279945,
    "oracle_success": 0.275,
    "steps_taken": 53.2875
}