{
    "distance_to_goal": 8.359231630431196,
    "success": 0.2532133676092545,
    "spl": 0.24134934336100933,
    "ndtw": 0.4766327312188194,
    "path_length": 7.264506627804193,
    "oracle_success": 0.30719794344473006,
    "steps_taken": 53.59254498714653
}