{
    "distance_to_goal": 8.752350182458759,
    "success": 0.2875,
    "spl": 0.2683995772713965,
    "ndtw": 0.48493406496102265,
    "path_length": 7.200557605596259,
    "oracle_success": 0.325,
    "steps_taken": 51.6875
}