{
    "distance_to_goal": 8.136615081131458,
    "success": 0.25,
    "spl": 0.22603345610284156,
    "ndtw": 0.47114676168208547,
    "path_length": 7.066986218700185,
    "oracle_success": 0.325,
    "steps_taken": 54.475
}