{
    "distance_to_goal": 7.615667565431264,
    "success": 0.2853470437017995,
    "spl": 0.2685667333660901,
    "ndtw": 0.5023440565122234,
    "path_length": 7.761994923281395,
    "oracle_success": 0.38174807197943444,
    "steps_taken": 58.94601542416452
}