{
    "distance_to_goal": 8.72089774273336,
    "success": 0.2625,
    "spl": 0.2503639114945215,
    "ndtw": 0.4830530403845854,
    "path_length": 7.191283906949684,
    "oracle_success": 0.3125,
    "steps_taken": 53.475
}