{
    "distance_to_goal": 9.629896950349211,
    "success": 0.2,
    "spl": 0.18721956717836535,
    "ndtw": 0.4277304978987856,
    "path_length": 7.800837445023641,
    "oracle_success": 0.2375,
    "steps_taken": 68.0625
}