{
    "distance_to_goal": 8.746134239435197,
    "success": 0.25,
    "spl": 0.23604102924276416,
    "ndtw": 0.45405773525906035,
    "path_length": 8.765953070961405,
    "oracle_success": 0.3625,
    "steps_taken": 60.275
}