{
    "distance_to_goal": 8.538326964701662,
    "success": 0.2300771208226221,
    "spl": 0.21446126958088646,
    "ndtw": 0.46083131354509105,
    "path_length": 8.761725944103736,
    "oracle_success": 0.34575835475578404,
    "steps_taken": 60.99228791773779
}