{
    "distance_to_goal": 8.598528687064093,
    "success": 0.21979434447300772,
    "spl": 0.20379222869702102,
    "ndtw": 0.4514915424658315,
    "path_length": 8.832321123708292,
    "oracle_success": 0.3393316195372751,
    "steps_taken": 59.84961439588689
}