{
    "distance_to_goal": 9.24958033162276,
    "success": 0.1598694942903752,
    "spl": 0.14781725779089477,
    "ndtw": 0.41704768507574463,
    "path_length": 7.833135634630363,
    "oracle_success": 0.24741707449700925,
    "steps_taken": 59.16748232735182
}