{
    "distance_to_goal": 8.761789102708924,
    "success": 0.1604132680804785,
    "spl": 0.14658801006202804,
    "ndtw": 0.4277974405750914,
    "path_length": 7.870275315311636,
    "oracle_success": 0.24687330070690594,
    "steps_taken": 63.135399673735726
}