{
    "distance_to_goal": 8.26259256061406,
    "success": 0.2544987146529563,
    "spl": 0.2418804063018536,
    "ndtw": 0.477016432273731,
    "path_length": 8.297485191974028,
    "oracle_success": 0.3277634961439589,
    "steps_taken": 57.48200514138817
}