{
    "distance_to_goal": 9.363022849708795,
    "success": 0.1875,
    "spl": 0.17763631525021092,
    "ndtw": 0.43266698348815436,
    "path_length": 7.656276989612247,
    "oracle_success": 0.2625,
    "steps_taken": 53.5
}