{
    "distance_to_goal": 8.641574493946944,
    "success": 0.2352185089974293,
    "spl": 0.22323884217555948,
    "ndtw": 0.45682798616388454,
    "path_length": 8.008156015413663,
    "oracle_success": 0.3046272493573265,
    "steps_taken": 61.33676092544987
}