{
    "distance_to_goal": 9.15399890934695,
    "success": 0.1604132680804785,
    "spl": 0.14732480700901893,
    "ndtw": 0.41442040615670034,
    "path_length": 8.406642998321882,
    "oracle_success": 0.2572050027188689,
    "steps_taken": 63.90429581294182
}