{
    "distance_to_goal": 8.26061669028673,
    "success": 0.20822622107969152,
    "spl": 0.1911745962681791,
    "ndtw": 0.45334684142427123,
    "path_length": 8.457931417173137,
    "oracle_success": 0.3329048843187661,
    "steps_taken": 68.6478149100257
}