{
    "distance_to_goal": 9.17719115379732,
    "success": 0.1875,
    "spl": 0.17507685138792295,
    "ndtw": 0.41340040770340425,
    "path_length": 8.515473789698444,
    "oracle_success": 0.25,
    "steps_taken": 75.4375
}