{
    "distance_to_goal": 8.33641527600797,
    "success": 0.20051413881748073,
    "spl": 0.18873300611860427,
    "ndtw": 0.4604940286550853,
    "path_length": 8.122240156428294,
    "oracle_success": 0.30848329048843187,
    "steps_taken": 54.901028277634964
}