{
    "distance_to_goal": 8.666057566553354,
    "success": 0.2125,
    "spl": 0.2038621142794355,
    "ndtw": 0.4484598667798959,
    "path_length": 8.030391004032571,
    "oracle_success": 0.275,
    "steps_taken": 62.2375
}