{
    "distance_to_goal": 8.960729820926728,
    "success": 0.18894601542416453,
    "spl": 0.17592776094688403,
    "ndtw": 0.42851435989949505,
    "path_length": 8.20495858394805,
    "oracle_success": 0.28406169665809766,
    "steps_taken": 58.45372750642674
}