{
    "distance_to_goal": 9.353139279696881,
    "success": 0.1408374116367591,
    "spl": 0.12877898577868274,
    "ndtw": 0.4020614477788203,
    "path_length": 7.973264748514375,
    "oracle_success": 0.22566612289287658,
    "steps_taken": 58.2958129418162
}