{
    "distance_to_goal": 9.27747185187352,
    "success": 0.15295629820051415,
    "spl": 0.14087396179690118,
    "ndtw": 0.41119372575504337,
    "path_length": 9.329544013796967,
    "oracle_success": 0.2969151670951157,
    "steps_taken": 68.10539845758355
}