{
    "distance_to_goal": 8.5593871210527,
    "success": 0.2326478149100257,
    "spl": 0.21758603721241165,
    "ndtw": 0.45591517288527106,
    "path_length": 8.895831350697629,
    "oracle_success": 0.36246786632390743,
    "steps_taken": 64.8547557840617
}