{
    "distance_to_goal": 9.99936424214393,
    "success": 0.1625,
    "spl": 0.15592887263383146,
    "ndtw": 0.3851903708141816,
    "path_length": 9.779436498601239,
    "oracle_success": 0.225,
    "steps_taken": 74.6875
}