{
    "distance_to_goal": 8.561993285268546,
    "success": 0.175,
    "spl": 0.16051601443785696,
    "ndtw": 0.41593219572115825,
    "path_length": 8.351252981604194,
    "oracle_success": 0.25,
    "steps_taken": 59.4875
}