{
    "distance_to_goal": 9.958379513919839,
    "success": 0.1277868406742795,
    "spl": 0.11439822159365105,
    "ndtw": 0.3666023459181895,
    "path_length": 8.24652115121231,
    "oracle_success": 0.210984230560087,
    "steps_taken": 69.15986949429038
}