{
    "distance_to_goal": 8.380343618536976,
    "success": 0.2249357326478149,
    "spl": 0.2157430889432741,
    "ndtw": 0.4703690628903886,
    "path_length": 8.159239821575142,
    "oracle_success": 0.32904884318766064,
    "steps_taken": 55.96786632390746
}