{
    "distance_to_goal": 8.373419734402763,
    "success": 0.2467866323907455,
    "spl": 0.22983096074000195,
    "ndtw": 0.46663432539994504,
    "path_length": 8.934478464247128,
    "oracle_success": 0.34832904884318766,
    "steps_taken": 65.02313624678663
}