{
    "distance_to_goal": 10.223027164946032,
    "success": 0.10984230560087004,
    "spl": 0.09774869413855038,
    "ndtw": 0.35879351462432457,
    "path_length": 8.637235532567427,
    "oracle_success": 0.2300163132137031,
    "steps_taken": 70.23491027732463
}