{
    "distance_to_goal": 8.532498520585902,
    "success": 0.22879177377892032,
    "spl": 0.21749459797761014,
    "ndtw": 0.46813985160236954,
    "path_length": 9.204123976573829,
    "oracle_success": 0.37146529562982006,
    "steps_taken": 59.92416452442159
}