{
    "distance_to_goal": 9.25368473585695,
    "success": 0.2125,
    "spl": 0.1994581522935907,
    "ndtw": 0.43663120498278307,
    "path_length": 8.398736962012482,
    "oracle_success": 0.3125,
    "steps_taken": 64.1875
}