{
    "distance_to_goal": 10.168690064921975,
    "success": 0.1375,
    "spl": 0.1337270840610483,
    "ndtw": 0.39809326590857996,
    "path_length": 8.618453434773254,
    "oracle_success": 0.225,
    "steps_taken": 67.025
}