{
    "distance_to_goal": 8.39827624036138,
    "success": 0.2365038560411311,
    "spl": 0.2195479797544298,
    "ndtw": 0.4601640104056637,
    "path_length": 8.430327700573912,
    "oracle_success": 0.3213367609254499,
    "steps_taken": 58.70179948586118
}