{
    "distance_to_goal": 10.064904070697834,
    "success": 0.11691136487221315,
    "spl": 0.10594927273933302,
    "ndtw": 0.3660246150240318,
    "path_length": 7.705712431366223,
    "oracle_success": 0.19902120717781402,
    "steps_taken": 63.321370309951064
}