{
    "distance_to_goal": 9.201658407598734,
    "success": 0.175,
    "spl": 0.16072316736210784,
    "ndtw": 0.42153889528780314,
    "path_length": 9.447243416728451,
    "oracle_success": 0.275,
    "steps_taken": 73.2375
}