{
    "distance_to_goal": 9.515128949913336,
    "success": 0.13539967373572595,
    "spl": 0.12330610903621501,
    "ndtw": 0.3872809613546162,
    "path_length": 7.7765140268607595,
    "oracle_success": 0.2267536704730832,
    "steps_taken": 61.50625339858619
}