{
    "distance_to_goal": 8.104161708914988,
    "success": 0.2326478149100257,
    "spl": 0.22263810495725062,
    "ndtw": 0.47243638215028494,
    "path_length": 8.244953767942132,
    "oracle_success": 0.31362467866323906,
    "steps_taken": 62.54755784061697
}