{
    "distance_to_goal": 8.798476268477488,
    "success": 0.2262210796915167,
    "spl": 0.21464415792015765,
    "ndtw": 0.4471703128642174,
    "path_length": 9.179344161487219,
    "oracle_success": 0.33161953727506427,
    "steps_taken": 67.60282776349614
}