{
    "distance_to_goal": 9.092665407806635,
    "success": 0.2125,
    "spl": 0.19942942776772346,
    "ndtw": 0.4342782807785156,
    "path_length": 8.575821259012447,
    "oracle_success": 0.3,
    "steps_taken": 61.2375
}