{
    "distance_to_goal": 8.5213398642838,
    "success": 0.15,
    "spl": 0.14763824783119373,
    "ndtw": 0.4766281602480505,
    "path_length": 6.891039286769228,
    "oracle_success": 0.25,
    "steps_taken": 49.7625
}