{
    "distance_to_goal": 8.754229638259858,
    "success": 0.1875,
    "spl": 0.1814811989728394,
    "ndtw": 0.47739589936066035,
    "path_length": 7.109453589469195,
    "oracle_success": 0.25,
    "steps_taken": 48.5875
}