{
    "distance_to_goal": 8.434991598501801,
    "success": 0.1625,
    "spl": 0.1570966011542467,
    "ndtw": 0.4681118988868242,
    "path_length": 5.8657898545730855,
    "oracle_success": 0.1875,
    "steps_taken": 38.425
}