{
    "distance_to_goal": 7.880079395398689,
    "success": 0.17352185089974292,
    "spl": 0.1706827710006374,
    "ndtw": 0.4831157758223467,
    "path_length": 5.013308379380189,
    "oracle_success": 0.20051413881748073,
    "steps_taken": 35.45629820051414
}