{
    "distance_to_goal": 9.301677512750029,
    "success": 0.1125,
    "spl": 0.11197429325201824,
    "ndtw": 0.4343491900652328,
    "path_length": 6.546788687165827,
    "oracle_success": 0.15,
    "steps_taken": 43.575
}