{
    "distance_to_goal": 8.469890359416604,
    "success": 0.1625,
    "spl": 0.1542293672930368,
    "ndtw": 0.47115520318666554,
    "path_length": 6.44349573245272,
    "oracle_success": 0.2125,
    "steps_taken": 38.85
}