{
    "distance_to_goal": 8.488938544876873,
    "success": 0.1375,
    "spl": 0.13513824783119371,
    "ndtw": 0.47751546148201685,
    "path_length": 5.9895446136593815,
    "oracle_success": 0.2,
    "steps_taken": 39.2375
}