{
    "distance_to_goal": 8.72187532135298,
    "success": 0.11364872213159326,
    "spl": 0.11137280239877999,
    "ndtw": 0.4265009620357591,
    "path_length": 5.179456462974779,
    "oracle_success": 0.12561174551386622,
    "steps_taken": 46.41218053289831
}