{
    "distance_to_goal": 8.7083836119622,
    "success": 0.2125,
    "spl": 0.20528297987803112,
    "ndtw": 0.4705168779540624,
    "path_length": 7.673829164868221,
    "oracle_success": 0.3125,
    "steps_taken": 50.6625
}