{
    "distance_to_goal": 8.241389604657888,
    "success": 0.175,
    "spl": 0.166037007064325,
    "ndtw": 0.48539436604447694,
    "path_length": 5.540867679612711,
    "oracle_success": 0.1875,
    "steps_taken": 35.1
}