{
    "distance_to_goal": 8.257338351756335,
    "success": 0.175,
    "spl": 0.1695366758098432,
    "ndtw": 0.48088515205851845,
    "path_length": 5.3494284513107475,
    "oracle_success": 0.2125,
    "steps_taken": 33.8375
}