{
    "distance_to_goal": 9.008256030082702,
    "success": 0.1625,
    "spl": 0.15285727584092224,
    "ndtw": 0.45280903893837393,
    "path_length": 6.108345286455005,
    "oracle_success": 0.225,
    "steps_taken": 46.625
}