{
    "distance_to_goal": 8.44950001592961,
    "success": 0.21079691516709512,
    "spl": 0.2005887533253268,
    "ndtw": 0.466038637948064,
    "path_length": 6.5118612409408305,
    "oracle_success": 0.2660668380462725,
    "steps_taken": 48.659383033419026
}