{
    "distance_to_goal": 8.906060717627406,
    "success": 0.1375,
    "spl": 0.12844975876339673,
    "ndtw": 0.4367987216075129,
    "path_length": 6.208893988654017,
    "oracle_success": 0.175,
    "steps_taken": 43.975
}