{
    "distance_to_goal": 8.382979052513837,
    "success": 0.1375,
    "spl": 0.135923717528659,
    "ndtw": 0.4720203273788087,
    "path_length": 5.615709366964972,
    "oracle_success": 0.2125,
    "steps_taken": 37.125
}