{
    "distance_to_goal": 8.781447558104992,
    "success": 0.1625,
    "spl": 0.1465725256616927,
    "ndtw": 0.430378433009907,
    "path_length": 7.838533395953709,
    "oracle_success": 0.275,
    "steps_taken": 53.8875
}