{
    "distance_to_goal": 8.931428210600165,
    "success": 0.12398042414355628,
    "spl": 0.11870848800186273,
    "ndtw": 0.42877285973674156,
    "path_length": 5.970799805955137,
    "oracle_success": 0.17128874388254486,
    "steps_taken": 56.86405655247417
}