{
    "distance_to_goal": 9.377969826159918,
    "success": 0.12071778140293637,
    "spl": 0.11417607572043861,
    "ndtw": 0.39476836143939575,
    "path_length": 5.970746452941417,
    "oracle_success": 0.1653072321914084,
    "steps_taken": 54.25557368134856
}