{
    "distance_to_goal": 8.00108964976814,
    "success": 0.17352185089974292,
    "spl": 0.16984088045874218,
    "ndtw": 0.471203346268935,
    "path_length": 4.938666609486423,
    "oracle_success": 0.1928020565552699,
    "steps_taken": 34.72236503856041
}