{
    "distance_to_goal": 8.909899887442588,
    "success": 0.15,
    "spl": 0.14266288097799165,
    "ndtw": 0.4508108102967263,
    "path_length": 7.1142996302427495,
    "oracle_success": 0.2125,
    "steps_taken": 45.8625
}