{
    "distance_to_goal": 8.101462488998791,
    "success": 0.18508997429305912,
    "spl": 0.17788618231558292,
    "ndtw": 0.48084992728434933,
    "path_length": 5.367751021720444,
    "oracle_success": 0.20822622107969152,
    "steps_taken": 35.01670951156812
}