{
    "distance_to_goal": 8.632027957588434,
    "success": 0.1625,
    "spl": 0.15238233438190368,
    "ndtw": 0.4678509298622697,
    "path_length": 6.976461316924542,
    "oracle_success": 0.2375,
    "steps_taken": 40.5875
}