{
    "distance_to_goal": 8.427706963941455,
    "success": 0.1125,
    "spl": 0.11009329720146999,
    "ndtw": 0.47817407037501064,
    "path_length": 5.474648849637015,
    "oracle_success": 0.1375,
    "steps_taken": 34.225
}