{
    "distance_to_goal": 8.238950077816844,
    "success": 0.1125,
    "spl": 0.11013824783119375,
    "ndtw": 0.47534128376980933,
    "path_length": 5.8810751885175705,
    "oracle_success": 0.175,
    "steps_taken": 39.6125
}