{
    "distance_to_goal": 8.651990447193384,
    "success": 0.125,
    "spl": 0.12002643279001646,
    "ndtw": 0.4573273868158948,
    "path_length": 6.172432160656899,
    "oracle_success": 0.225,
    "steps_taken": 39.8125
}