{
    "distance_to_goal": 8.541551332518573,
    "success": 0.2069408740359897,
    "spl": 0.19808141693336864,
    "ndtw": 0.45564730922098157,
    "path_length": 6.384735991442995,
    "oracle_success": 0.2570694087403599,
    "steps_taken": 53.209511568123396
}