{
    "distance_to_goal": 8.245429768785835,
    "success": 0.1625,
    "spl": 0.15794428845468222,
    "ndtw": 0.4787858496373391,
    "path_length": 6.229908127197996,
    "oracle_success": 0.2125,
    "steps_taken": 37.1125
}