{
    "distance_to_goal": 9.52748818732798,
    "success": 0.1375,
    "spl": 0.13181269394326595,
    "ndtw": 0.41117947247485287,
    "path_length": 7.2979123430464155,
    "oracle_success": 0.15,
    "steps_taken": 51.275
}