{
    "distance_to_goal": 8.137492508627474,
    "success": 0.1875,
    "spl": 0.1816887081292726,
    "ndtw": 0.48800359310170427,
    "path_length": 5.356832866184414,
    "oracle_success": 0.2125,
    "steps_taken": 32.8375
}