{
    "distance_to_goal": 8.421309709921479,
    "success": 0.1375,
    "spl": 0.13136558582594526,
    "ndtw": 0.4659298502188928,
    "path_length": 5.6194040750502605,
    "oracle_success": 0.15,
    "steps_taken": 36.5125
}