{
    "distance_to_goal": 8.609652362763882,
    "success": 0.125,
    "spl": 0.12299458820455608,
    "ndtw": 0.4639171237831171,
    "path_length": 5.853634623810649,
    "oracle_success": 0.175,
    "steps_taken": 36.125
}