{
    "distance_to_goal": 8.415759888896599,
    "success": 0.17352185089974292,
    "spl": 0.1686550251514488,
    "ndtw": 0.4534014644697817,
    "path_length": 5.477493648829444,
    "oracle_success": 0.20051413881748073,
    "steps_taken": 40.18766066838046
}