{
    "distance_to_goal": 9.068723957240582,
    "success": 0.1375,
    "spl": 0.12304038919754143,
    "ndtw": 0.44474349101697674,
    "path_length": 6.3151394338579845,
    "oracle_success": 0.175,
    "steps_taken": 40.9
}