{
    "distance_to_goal": 8.720493154949699,
    "success": 0.10929853181076672,
    "spl": 0.10749674245976992,
    "ndtw": 0.42466998074268897,
    "path_length": 4.562125064782913,
    "oracle_success": 0.12669929309407288,
    "steps_taken": 36.684611201740076
}