{
    "distance_to_goal": 8.698645164072513,
    "success": 0.1375,
    "spl": 0.13203667580984318,
    "ndtw": 0.4594481964303695,
    "path_length": 5.166661138692871,
    "oracle_success": 0.175,
    "steps_taken": 34.275
}