{
    "distance_to_goal": 8.012127509900873,
    "success": 0.20822622107969152,
    "spl": 0.2022650271170853,
    "ndtw": 0.4816229751807284,
    "path_length": 5.6864579955240995,
    "oracle_success": 0.2352185089974293,
    "steps_taken": 46.82390745501285
}