{
    "distance_to_goal": 8.454879251122474,
    "success": 0.175,
    "spl": 0.1570517378519004,
    "ndtw": 0.4646442553535147,
    "path_length": 6.656823786068708,
    "oracle_success": 0.2375,
    "steps_taken": 46.0625
}