{
    "distance_to_goal": 7.9424569086198025,
    "success": 0.19151670951156813,
    "spl": 0.1878951382912113,
    "ndtw": 0.48011708628212374,
    "path_length": 5.015920853268297,
    "oracle_success": 0.19922879177377892,
    "steps_taken": 36.52056555269923
}