{
    "distance_to_goal": 8.707936806976795,
    "success": 0.1125,
    "spl": 0.10905052618820728,
    "ndtw": 0.4561839556042706,
    "path_length": 5.3838597434739555,
    "oracle_success": 0.15,
    "steps_taken": 31.15
}