{
    "distance_to_goal": 9.685559305542185,
    "success": 0.1533442088091354,
    "spl": 0.13890256485266445,
    "ndtw": 0.40062755048269716,
    "path_length": 8.38339274136015,
    "oracle_success": 0.24469820554649266,
    "steps_taken": 63.756389342033714
}