{
    "distance_to_goal": 9.811080014964139,
    "success": 0.1468189233278956,
    "spl": 0.134326217738427,
    "ndtw": 0.39103469995404944,
    "path_length": 7.9749236157135615,
    "oracle_success": 0.21859706362153344,
    "steps_taken": 59.6878738444807
}