{
    "distance_to_goal": 9.075418600440026,
    "success": 0.2,
    "spl": 0.19146688439048612,
    "ndtw": 0.42390871457512935,
    "path_length": 8.630651540885447,
    "oracle_success": 0.2375,
    "steps_taken": 57.775
}