{
    "distance_to_goal": 9.64692519120872,
    "success": 0.1125,
    "spl": 0.09829155745830823,
    "ndtw": 0.3858580495657624,
    "path_length": 8.507189336570445,
    "oracle_success": 0.25,
    "steps_taken": 53.4875
}