{
    "distance_to_goal": 9.225800862908363,
    "success": 0.1375,
    "spl": 0.1291600803804986,
    "ndtw": 0.42265081655815473,
    "path_length": 8.586824670137139,
    "oracle_success": 0.3,
    "steps_taken": 63.5625
}