{
    "distance_to_goal": 9.262347197718919,
    "success": 0.1375,
    "spl": 0.1329967770184391,
    "ndtw": 0.41259382338631767,
    "path_length": 9.61556432056461,
    "oracle_success": 0.3125,
    "steps_taken": 61.225
}