{
    "distance_to_goal": 9.631839727605083,
    "success": 0.1468189233278956,
    "spl": 0.1347357379950248,
    "ndtw": 0.39911500301657377,
    "path_length": 7.9137332006279655,
    "oracle_success": 0.22022838499184338,
    "steps_taken": 60.02229472539424
}