{
    "distance_to_goal": 9.614546930417418,
    "success": 0.1625,
    "spl": 0.15111455468590934,
    "ndtw": 0.4143653850344867,
    "path_length": 9.161579180334229,
    "oracle_success": 0.2375,
    "steps_taken": 60.45
}