{
    "distance_to_goal": 9.147310012563642,
    "success": 0.16580976863753213,
    "spl": 0.15828557528702408,
    "ndtw": 0.42059453994797713,
    "path_length": 8.279095041710319,
    "oracle_success": 0.2583547557840617,
    "steps_taken": 58.84961439588689
}