{
    "distance_to_goal": 8.883272465667986,
    "success": 0.18894601542416453,
    "spl": 0.17982046068685067,
    "ndtw": 0.4476932830985047,
    "path_length": 7.932584641879412,
    "oracle_success": 0.2892030848329049,
    "steps_taken": 54.037275064267355
}