{
    "distance_to_goal": 7.980960555933416,
    "success": 0.2625,
    "spl": 0.24004207733376778,
    "ndtw": 0.4891569154859738,
    "path_length": 8.882429416914238,
    "oracle_success": 0.4125,
    "steps_taken": 60.4
}