{
    "distance_to_goal": 9.794525837898254,
    "success": 0.1375,
    "spl": 0.12570314509424882,
    "ndtw": 0.370815454986331,
    "path_length": 8.695964984883904,
    "oracle_success": 0.2875,
    "steps_taken": 60.2625
}