{
    "distance_to_goal": 8.942518118023873,
    "success": 0.1375,
    "spl": 0.13412339611585772,
    "ndtw": 0.4430196903128739,
    "path_length": 8.017356593720615,
    "oracle_success": 0.2375,
    "steps_taken": 50.8
}