{
    "distance_to_goal": 9.104771219566464,
    "success": 0.1625,
    "spl": 0.15425137986301668,
    "ndtw": 0.44183299628033074,
    "path_length": 7.161906291110791,
    "oracle_success": 0.1875,
    "steps_taken": 48.5125
}