{
    "distance_to_goal": 8.733023846976861,
    "success": 0.1953727506426735,
    "spl": 0.18294515873267686,
    "ndtw": 0.4590058718520498,
    "path_length": 8.67898231982431,
    "oracle_success": 0.32005141388174807,
    "steps_taken": 58.224935732647815
}