{
    "distance_to_goal": 8.921214837245738,
    "success": 0.2249357326478149,
    "spl": 0.21152476948260804,
    "ndtw": 0.4470962153971423,
    "path_length": 8.538801229724593,
    "oracle_success": 0.3097686375321337,
    "steps_taken": 57.38946015424165
}