{
    "distance_to_goal": 8.455912746144291,
    "success": 0.2275064267352185,
    "spl": 0.215206396490453,
    "ndtw": 0.46471647217705364,
    "path_length": 8.761038150152388,
    "oracle_success": 0.35861182519280205,
    "steps_taken": 56.745501285347046
}