{
    "distance_to_goal": 9.030864365771412,
    "success": 0.1875,
    "spl": 0.16824477920130737,
    "ndtw": 0.42327171269704433,
    "path_length": 8.390705685992724,
    "oracle_success": 0.275,
    "steps_taken": 59.6375
}