{
    "distance_to_goal": 9.551002411544323,
    "success": 0.1125,
    "spl": 0.10068177373865606,
    "ndtw": 0.40085448149037345,
    "path_length": 7.9171240816649515,
    "oracle_success": 0.25,
    "steps_taken": 57.35
}