{
    "distance_to_goal": 8.865178418937104,
    "success": 0.19794344473007713,
    "spl": 0.18573139004739556,
    "ndtw": 0.4328471301286088,
    "path_length": 8.816477170876219,
    "oracle_success": 0.31362467866323906,
    "steps_taken": 62.20051413881748
}