{
    "distance_to_goal": 9.58462467956974,
    "success": 0.12561174551386622,
    "spl": 0.11528773118432945,
    "ndtw": 0.39145808623835593,
    "path_length": 8.244206883226552,
    "oracle_success": 0.21044045676998369,
    "steps_taken": 65.59978249048396
}