{
    "distance_to_goal": 8.569964889489631,
    "success": 0.2519280205655527,
    "spl": 0.23569633615211152,
    "ndtw": 0.4700796554754385,
    "path_length": 9.191622171053439,
    "oracle_success": 0.390745501285347,
    "steps_taken": 62.386889460154244
}