{
    "distance_to_goal": 9.018106409162282,
    "success": 0.175,
    "spl": 0.1604188884381597,
    "ndtw": 0.4082002121055258,
    "path_length": 8.705522399595065,
    "oracle_success": 0.2625,
    "steps_taken": 58.3375
}