{
    "distance_to_goal": 8.532490310259163,
    "success": 0.1625,
    "spl": 0.15208938444803322,
    "ndtw": 0.45949217836114575,
    "path_length": 8.713916027458618,
    "oracle_success": 0.3,
    "steps_taken": 57.1625
}