{
    "distance_to_goal": 9.072275734164185,
    "success": 0.18637532133676094,
    "spl": 0.17384413608976387,
    "ndtw": 0.4392167943265227,
    "path_length": 9.316993055773692,
    "oracle_success": 0.32519280205655526,
    "steps_taken": 62.426735218508995
}