{
    "distance_to_goal": 8.731413903409669,
    "success": 0.1859706362153344,
    "spl": 0.1698048990243792,
    "ndtw": 0.44066964853157303,
    "path_length": 7.850117037905583,
    "oracle_success": 0.25122349102773245,
    "steps_taken": 65.1305057096248
}