{
    "distance_to_goal": 8.569887797027631,
    "success": 0.19575856443719414,
    "spl": 0.17796008463755222,
    "ndtw": 0.43077808203899476,
    "path_length": 7.94087392737922,
    "oracle_success": 0.25774877650897227,
    "steps_taken": 90.66884176182708
}