{
    "distance_to_goal": 8.57919617574662,
    "success": 0.25,
    "spl": 0.2249736060774575,
    "ndtw": 0.47232096169111326,
    "path_length": 8.481448261253536,
    "oracle_success": 0.3125,
    "steps_taken": 55.6625
}