{
    "distance_to_goal": 7.629001428710732,
    "success": 0.2814910025706941,
    "spl": 0.2606249741383738,
    "ndtw": 0.5098419346766336,
    "path_length": 8.605415710695217,
    "oracle_success": 0.3856041131105398,
    "steps_taken": 78.58611825192801
}