{
    "distance_to_goal": 7.71758939408168,
    "success": 0.2480719794344473,
    "spl": 0.2291727417567352,
    "ndtw": 0.49607079281047184,
    "path_length": 8.41910831300861,
    "oracle_success": 0.3560411311053985,
    "steps_taken": 66.4305912596401
}