{
    "distance_to_goal": 8.396727332659065,
    "success": 0.2375,
    "spl": 0.21570519377909675,
    "ndtw": 0.45940634712737943,
    "path_length": 8.427709973813034,
    "oracle_success": 0.3,
    "steps_taken": 68.2375
}