{
    "distance_to_goal": 7.281471400073991,
    "success": 0.2827763496143959,
    "spl": 0.2700188832264394,
    "ndtw": 0.5325381600659611,
    "path_length": 8.119807575838513,
    "oracle_success": 0.3791773778920309,
    "steps_taken": 69.49742930591259
}