{
    "distance_to_goal": 8.64839267416018,
    "success": 0.1761827079934747,
    "spl": 0.16633253563987038,
    "ndtw": 0.4462216900976846,
    "path_length": 7.547802183835267,
    "oracle_success": 0.23817292006525284,
    "steps_taken": 78.7710712343665
}