{
    "distance_to_goal": 9.321355116914729,
    "success": 0.12244897959183673,
    "spl": 0.11637321078912448,
    "ndtw": 0.42174828071744136,
    "path_length": 7.760245353755406,
    "oracle_success": 0.15051020408163265,
    "steps_taken": 95.1156462585034
}