{
    "distance_to_goal": 8.515831602551042,
    "success": 0.2375,
    "spl": 0.21146647613609865,
    "ndtw": 0.46517011167883837,
    "path_length": 8.683191628952045,
    "oracle_success": 0.3125,
    "steps_taken": 66.525
}