{
    "distance_to_goal": 8.303784257732332,
    "success": 0.1875,
    "spl": 0.17148804474715332,
    "ndtw": 0.46876625381860765,
    "path_length": 7.347513555397745,
    "oracle_success": 0.25,
    "steps_taken": 62.125
}