{
    "distance_to_goal": 8.128483964878784,
    "success": 0.19902120717781402,
    "spl": 0.18302642361974922,
    "ndtw": 0.458350503547379,
    "path_length": 7.745177147006079,
    "oracle_success": 0.26318651441000546,
    "steps_taken": 94.7357259380098
}