{
    "distance_to_goal": 8.788914094145051,
    "success": 0.20743639921722112,
    "spl": 0.19829333658836612,
    "ndtw": 0.4741169205084815,
    "path_length": 8.831083127156303,
    "oracle_success": 0.26614481409001955,
    "steps_taken": 81.77495107632095
}