{
    "distance_to_goal": 8.644197876937687,
    "success": 0.225,
    "spl": 0.2093278249337251,
    "ndtw": 0.4579160268094079,
    "path_length": 7.913182435632916,
    "oracle_success": 0.275,
    "steps_taken": 69.3375
}