{
    "distance_to_goal": 8.513705489970743,
    "success": 0.2125,
    "spl": 0.19451507073447435,
    "ndtw": 0.4621605205668534,
    "path_length": 7.731546080613043,
    "oracle_success": 0.2625,
    "steps_taken": 88.8875
}