{
    "distance_to_goal": 7.602081453241408,
    "success": 0.325,
    "spl": 0.2956500119955382,
    "ndtw": 0.5177088693106353,
    "path_length": 8.364325195927814,
    "oracle_success": 0.3875,
    "steps_taken": 72.5125
}