{
    "distance_to_goal": 7.78165826153556,
    "success": 0.2634961439588689,
    "spl": 0.24485310097413832,
    "ndtw": 0.5066389315486207,
    "path_length": 8.297611162784762,
    "oracle_success": 0.3444730077120823,
    "steps_taken": 79.39588688946016
}