{
    "distance_to_goal": 7.7783879396005275,
    "success": 0.2480719794344473,
    "spl": 0.235046762813772,
    "ndtw": 0.4973122582678968,
    "path_length": 7.8887930541990565,
    "oracle_success": 0.34832904884318766,
    "steps_taken": 60.498714652956295
}