{
    "distance_to_goal": 8.755465928651393,
    "success": 0.2625,
    "spl": 0.23353600432886829,
    "ndtw": 0.4737804787331393,
    "path_length": 8.304146475100424,
    "oracle_success": 0.3,
    "steps_taken": 81.4625
}