{
    "distance_to_goal": 7.868794697709381,
    "success": 0.225,
    "spl": 0.21104495428615877,
    "ndtw": 0.5045265137223609,
    "path_length": 8.347416115552187,
    "oracle_success": 0.3125,
    "steps_taken": 61.5625
}