{
    "distance_to_goal": 9.01569776958786,
    "success": 0.2125,
    "spl": 0.19603392326010832,
    "ndtw": 0.4501286237346497,
    "path_length": 8.098178674140945,
    "oracle_success": 0.275,
    "steps_taken": 68.5375
}