{
    "length": 7.471954427493146,
    "error": 9.264200693302998,
    "oracle success": 0.19014084507042253,
    "success": 0.13996478873239437,
    "spl": 0.12825230417306394
  }
