{
    "distance_to_goal": 8.248730539903045,
    "success": 0.25,
    "spl": 0.23490161164545625,
    "ndtw": 0.47848407119076686,
    "path_length": 7.661217303178273,
    "oracle_success": 0.3125,
    "steps_taken": 62.425
}