{
    "distance_to_goal": 7.703410404334491,
    "success": 0.2519280205655527,
    "spl": 0.23743063257756494,
    "ndtw": 0.5071941315797962,
    "path_length": 8.130542284308733,
    "oracle_success": 0.3560411311053985,
    "steps_taken": 64.8573264781491
}