{
    "distance_to_goal": 5.8107552260495305,
    "success": 0.3707865168539326,
    "spl": 0.3364339162548617,
    "ndtw": 0.5704583846167708,
    "path_length": 7.339455945139984,
    "oracle_success": 0.4943820224719101,
    "steps_taken": 74.71161048689139
}