{
    "distance_to_goal": 8.08930179773612,
    "success": 0.25578406169665807,
    "spl": 0.24167207126427973,
    "ndtw": 0.4979714722937547,
    "path_length": 8.325289036175933,
    "oracle_success": 0.34832904884318766,
    "steps_taken": 59.25578406169666
}