{
    "distance_to_goal": 7.874025500736231,
    "success": 0.2519280205655527,
    "spl": 0.23377714137494449,
    "ndtw": 0.5029551160477014,
    "path_length": 8.415866656652721,
    "oracle_success": 0.35218508997429304,
    "steps_taken": 69.75449871465295
}