{
    "distance_to_goal": 8.117256098240613,
    "success": 0.2375,
    "spl": 0.2092305171172863,
    "ndtw": 0.4700478968377696,
    "path_length": 8.465901396700646,
    "oracle_success": 0.3125,
    "steps_taken": 80.7
}