{
    "distance_to_goal": 6.003745481338166,
    "success": 0.3438914027149321,
    "spl": 0.3099269666756236,
    "ndtw": 0.5265720931376682,
    "path_length": 7.663903665178759,
    "oracle_success": 0.47058823529411764,
    "steps_taken": 88.72247360482655
}