{
    "distance_to_goal": 8.597834352962673,
    "success": 0.2625,
    "spl": 0.23368505047004667,
    "ndtw": 0.45942966321116324,
    "path_length": 8.272546461236198,
    "oracle_success": 0.325,
    "steps_taken": 80.6625
}