{
    "distance_to_goal": 10.109047954529524,
    "success": 0.1625,
    "spl": 0.15509732606393362,
    "ndtw": 0.39031489046126816,
    "path_length": 7.994632210273994,
    "oracle_success": 0.25,
    "steps_taken": 59.15
}