{
    "distance_to_goal": 9.759305699788694,
    "success": 0.14573137574768896,
    "spl": 0.1299988232145241,
    "ndtw": 0.3767926122123795,
    "path_length": 9.06659866305538,
    "oracle_success": 0.2833061446438282,
    "steps_taken": 67.03752039151713
}