{
    "distance_to_goal": 9.718426343798637,
    "success": 0.175,
    "spl": 0.16102154950494763,
    "ndtw": 0.41672421609996235,
    "path_length": 8.370643150963588,
    "oracle_success": 0.2625,
    "steps_taken": 61.325
}