{
    "distance_to_goal": 9.126865115389228,
    "success": 0.2125,
    "spl": 0.18778426665659492,
    "ndtw": 0.43745422711514814,
    "path_length": 8.714347336505307,
    "oracle_success": 0.3,
    "steps_taken": 68.2625
}