{
    "distance_to_goal": 9.733861222198763,
    "success": 0.1566068515497553,
    "spl": 0.14302406963034486,
    "ndtw": 0.39230667171363953,
    "path_length": 8.310816599613402,
    "oracle_success": 0.2561174551386623,
    "steps_taken": 62.92060902664492
}