{
    "distance_to_goal": 10.705302795767784,
    "success": 0.1,
    "spl": 0.09351849594290412,
    "ndtw": 0.36697505802539154,
    "path_length": 8.459278049157001,
    "oracle_success": 0.2375,
    "steps_taken": 60.65
}