{
    "distance_to_goal": 9.382224581576883,
    "success": 0.2,
    "spl": 0.18083965432158935,
    "ndtw": 0.44096901494419427,
    "path_length": 8.238536192744505,
    "oracle_success": 0.3125,
    "steps_taken": 59.975
}