{
    "distance_to_goal": 10.032460218947381,
    "success": 0.1625,
    "spl": 0.15616134207950347,
    "ndtw": 0.3948282501231342,
    "path_length": 7.656935857498381,
    "oracle_success": 0.2375,
    "steps_taken": 63.95
}