{
    "distance_to_goal": 8.290273939445616,
    "success": 0.2125,
    "spl": 0.19855425460470438,
    "ndtw": 0.4829214939618107,
    "path_length": 8.36689405106008,
    "oracle_success": 0.3125,
    "steps_taken": 54.5375
}