{
    "distance_to_goal": 10.243355155736207,
    "success": 0.125,
    "spl": 0.11537032484351026,
    "ndtw": 0.36407122188815777,
    "path_length": 8.578555705417239,
    "oracle_success": 0.2125,
    "steps_taken": 63.4125
}