{
    "distance_to_goal": 10.072744356840849,
    "success": 0.1375,
    "spl": 0.12574515976526424,
    "ndtw": 0.39695426581089854,
    "path_length": 8.289973105926766,
    "oracle_success": 0.2125,
    "steps_taken": 61.8875
}