{
    "distance_to_goal": 9.65356645291107,
    "success": 0.14573137574768896,
    "spl": 0.13432739871772195,
    "ndtw": 0.39169664182395986,
    "path_length": 8.171984601218012,
    "oracle_success": 0.25666122892876564,
    "steps_taken": 63.1799891245242
}