{
    "distance_to_goal": 9.389106160961092,
    "success": 0.1625,
    "spl": 0.14974888759794722,
    "ndtw": 0.4300621583053526,
    "path_length": 8.737858453788794,
    "oracle_success": 0.3,
    "steps_taken": 54.0625
}