{
    "distance_to_goal": 9.39945869129151,
    "success": 0.1875,
    "spl": 0.17306105673079664,
    "ndtw": 0.4358889129280909,
    "path_length": 7.6886804857073,
    "oracle_success": 0.2875,
    "steps_taken": 63.1
}