{
    "distance_to_goal": 9.324159589037299,
    "success": 0.15,
    "spl": 0.13428730272360861,
    "ndtw": 0.4309582030288011,
    "path_length": 8.000615673244464,
    "oracle_success": 0.2125,
    "steps_taken": 57.8875
}