{
    "distance_to_goal": 10.216477765329183,
    "success": 0.1125,
    "spl": 0.10962627960643223,
    "ndtw": 0.3868119101937878,
    "path_length": 8.850951891281875,
    "oracle_success": 0.2625,
    "steps_taken": 65.6
}