{
    "distance_to_goal": 8.776473091728985,
    "success": 0.2875,
    "spl": 0.26969911921549194,
    "ndtw": 0.4664395072145556,
    "path_length": 8.786256294616033,
    "oracle_success": 0.3125,
    "steps_taken": 57.5125
}