{
    "distance_to_goal": 10.628763044299557,
    "success": 0.1,
    "spl": 0.09333028217516497,
    "ndtw": 0.33270089855818374,
    "path_length": 9.015782943519298,
    "oracle_success": 0.225,
    "steps_taken": 69.375
}