{
    "distance_to_goal": 8.711088940462906,
    "success": 0.2120822622107969,
    "spl": 0.19447076295083607,
    "ndtw": 0.43941322217219325,
    "path_length": 8.807148496448734,
    "oracle_success": 0.3508997429305913,
    "steps_taken": 68.4948586118252
}