{
    "distance_to_goal": 8.965154978295832,
    "success": 0.20051413881748073,
    "spl": 0.18781606128093242,
    "ndtw": 0.43841787657859016,
    "path_length": 8.506671404411332,
    "oracle_success": 0.31233933161953725,
    "steps_taken": 66.08097686375321
}