{
    "distance_to_goal": 9.528175590932369,
    "success": 0.1875,
    "spl": 0.16301469583693914,
    "ndtw": 0.4203916072745272,
    "path_length": 8.852441333689786,
    "oracle_success": 0.275,
    "steps_taken": 71.5625
}