{
    "distance_to_goal": 10.647079649334774,
    "success": 0.1125,
    "spl": 0.10734338307656817,
    "ndtw": 0.3716371100562089,
    "path_length": 8.325337454280817,
    "oracle_success": 0.2125,
    "steps_taken": 65.925
}