{
    "distance_to_goal": 9.273073668977135,
    "success": 0.17480719794344474,
    "spl": 0.16620080613220412,
    "ndtw": 0.40395728636784417,
    "path_length": 8.374702147119272,
    "oracle_success": 0.2892030848329049,
    "steps_taken": 62.30205655526992
}