{
    "distance_to_goal": 9.311489554867148,
    "success": 0.1625,
    "spl": 0.15242540834095952,
    "ndtw": 0.40741745479460184,
    "path_length": 8.706334716562512,
    "oracle_success": 0.275,
    "steps_taken": 64.3125
}