{
    "distance_to_goal": 9.509392332070169,
    "success": 0.16580976863753213,
    "spl": 0.15465722411731064,
    "ndtw": 0.383676130402361,
    "path_length": 8.678792424183506,
    "oracle_success": 0.2969151670951157,
    "steps_taken": 66.44987146529563
}