{
    "distance_to_goal": 9.575036476582467,
    "success": 0.15932572050027188,
    "spl": 0.14830928331597115,
    "ndtw": 0.39198159570764113,
    "path_length": 8.238546840883979,
    "oracle_success": 0.27025557368134856,
    "steps_taken": 63.91299619358347
}