{
    "distance_to_goal": 9.898316414654255,
    "success": 0.1375,
    "spl": 0.11985433933290975,
    "ndtw": 0.40428841146470634,
    "path_length": 9.278201091651862,
    "oracle_success": 0.3,
    "steps_taken": 64.9125
}