{
    "distance_to_goal": 9.856855682795867,
    "success": 0.2125,
    "spl": 0.20564299929591806,
    "ndtw": 0.41026756295367306,
    "path_length": 8.646772241481036,
    "oracle_success": 0.3,
    "steps_taken": 58.0375
}