{
    "distance_to_goal": 8.311384581642317,
    "success": 0.2069408740359897,
    "spl": 0.1968760204249522,
    "ndtw": 0.46326841511953476,
    "path_length": 8.213621432746196,
    "oracle_success": 0.33676092544987146,
    "steps_taken": 62.2159383033419
}