{
    "distance_to_goal": 8.193514592236909,
    "success": 0.2506426735218509,
    "spl": 0.23783155034354467,
    "ndtw": 0.47734465573503776,
    "path_length": 8.579375437327764,
    "oracle_success": 0.33161953727506427,
    "steps_taken": 58.18251928020565
}