{
    "distance_to_goal": 10.382902996242047,
    "success": 0.0875,
    "spl": 0.08255457772470094,
    "ndtw": 0.3662879802685245,
    "path_length": 8.542564178653993,
    "oracle_success": 0.1875,
    "steps_taken": 65.075
}