{
    "distance_to_goal": 9.042124820399101,
    "success": 0.18123393316195371,
    "spl": 0.1701213692738339,
    "ndtw": 0.42508793955453916,
    "path_length": 8.809471923041851,
    "oracle_success": 0.30077120822622105,
    "steps_taken": 65.51928020565553
}