{
    "distance_to_goal": 8.958574390038848,
    "success": 0.225,
    "spl": 0.20647115003467062,
    "ndtw": 0.46055620744782566,
    "path_length": 8.52661310028052,
    "oracle_success": 0.375,
    "steps_taken": 59.0375
}