{
    "distance_to_goal": 8.467000985206859,
    "success": 0.20822622107969152,
    "spl": 0.19566564372489204,
    "ndtw": 0.45755633159855363,
    "path_length": 8.290491422413588,
    "oracle_success": 0.32005141388174807,
    "steps_taken": 59.01542416452442
}