{
    "distance_to_goal": 9.597718069702387,
    "success": 0.2,
    "spl": 0.18406392343469904,
    "ndtw": 0.42726526139326737,
    "path_length": 8.28165949334507,
    "oracle_success": 0.3,
    "steps_taken": 61.475
}