{
    "distance_to_goal": 9.339038216508925,
    "success": 0.25,
    "spl": 0.23296933393248395,
    "ndtw": 0.4222470172110532,
    "path_length": 8.688662774732801,
    "oracle_success": 0.325,
    "steps_taken": 63.2625
}