{
    "distance_to_goal": 8.836002598702908,
    "success": 0.1625,
    "spl": 0.14439263658026352,
    "ndtw": 0.4403375686972151,
    "path_length": 7.333489426190499,
    "oracle_success": 0.2125,
    "steps_taken": 57.675
}