{
    "distance_to_goal": 9.48144214768459,
    "success": 0.11908646003262642,
    "spl": 0.10953931189086244,
    "ndtw": 0.3820340669925785,
    "path_length": 7.335951211877487,
    "oracle_success": 0.1821642196846112,
    "steps_taken": 75.45622620989668
}