{
    "distance_to_goal": 8.942838582396508,
    "success": 0.1375,
    "spl": 0.1293882549848561,
    "ndtw": 0.4269364762621469,
    "path_length": 7.291028202994314,
    "oracle_success": 0.175,
    "steps_taken": 61.9875
}