{
    "distance_to_goal": 8.791960109211505,
    "success": 0.2,
    "spl": 0.18470443152602162,
    "ndtw": 0.46574783173065193,
    "path_length": 8.214431022049393,
    "oracle_success": 0.325,
    "steps_taken": 60.4375
}