{
    "distance_to_goal": 8.798949339985848,
    "success": 0.1625,
    "spl": 0.1449947372527408,
    "ndtw": 0.44267944767781786,
    "path_length": 7.968109708564009,
    "oracle_success": 0.2625,
    "steps_taken": 70.95
}