{
    "distance_to_goal": 8.664608445391059,
    "success": 0.2125,
    "spl": 0.18904933772358806,
    "ndtw": 0.45047552736547464,
    "path_length": 7.675445141235832,
    "oracle_success": 0.3125,
    "steps_taken": 62.9875
}