{
    "distance_to_goal": 8.86483676172793,
    "success": 0.15,
    "spl": 0.13785769208576787,
    "ndtw": 0.4399495264839254,
    "path_length": 7.097521839779802,
    "oracle_success": 0.2125,
    "steps_taken": 61.2875
}