{
    "distance_to_goal": 8.113813083551843,
    "success": 0.18380462724935734,
    "spl": 0.17561983721903116,
    "ndtw": 0.46984481198503303,
    "path_length": 6.896421314568127,
    "oracle_success": 0.2596401028277635,
    "steps_taken": 59.01799485861183
}