{
    "distance_to_goal": 8.149283430493583,
    "success": 0.2377892030848329,
    "spl": 0.22951857995186312,
    "ndtw": 0.47270684838905364,
    "path_length": 6.109371620095963,
    "oracle_success": 0.26735218508997427,
    "steps_taken": 49.526992287917736
}