{
    "distance_to_goal": 9.385977616893202,
    "success": 0.12615551930396954,
    "spl": 0.11654849933182913,
    "ndtw": 0.38878374475075694,
    "path_length": 6.745654091806676,
    "oracle_success": 0.1729200652528548,
    "steps_taken": 63.02936378466558
}