{
    "distance_to_goal": 8.816448502242565,
    "success": 0.175,
    "spl": 0.14825296927216267,
    "ndtw": 0.4281374831491366,
    "path_length": 7.876094848435605,
    "oracle_success": 0.2875,
    "steps_taken": 64.5625
}