{
    "distance_to_goal": 8.658140034601093,
    "success": 0.2125,
    "spl": 0.19382589644050013,
    "ndtw": 0.4554332050387734,
    "path_length": 8.091860037390143,
    "oracle_success": 0.375,
    "steps_taken": 72.2625
}