{
    "distance_to_goal": 8.33211069981206,
    "success": 0.18894601542416453,
    "spl": 0.18083246286239948,
    "ndtw": 0.45630980684039957,
    "path_length": 6.984819071939497,
    "oracle_success": 0.2750642673521851,
    "steps_taken": 60.739074550128535
}