{
    "distance_to_goal": 8.46689561668276,
    "success": 0.2095115681233933,
    "spl": 0.19454694602922412,
    "ndtw": 0.45796356320115006,
    "path_length": 7.616546636787211,
    "oracle_success": 0.2994858611825193,
    "steps_taken": 66.26478149100257
}