{
    "distance_to_goal": 10.211386108398438,
    "success": 0.125,
    "spl": 0.11662083858459456,
    "ndtw": 0.37072351044642315,
    "path_length": 10.334971732151978,
    "oracle_success": 0.2875,
    "steps_taken": 90.8625
}