{
    "distance_to_goal": 8.72400840159247,
    "success": 0.19023136246786632,
    "spl": 0.17936534137524784,
    "ndtw": 0.4372942756602767,
    "path_length": 7.3063471101115836,
    "oracle_success": 0.2647814910025707,
    "steps_taken": 60.43187660668381
}