{
    "distance_to_goal": 8.593263122811914,
    "success": 0.175,
    "spl": 0.16055422871738667,
    "ndtw": 0.4543974289216407,
    "path_length": 7.547744613746181,
    "oracle_success": 0.2375,
    "steps_taken": 56.175
}