{
    "distance_to_goal": 9.666153849400843,
    "success": 0.10984230560087004,
    "spl": 0.09932694469184147,
    "ndtw": 0.36392952268042783,
    "path_length": 7.335997197657891,
    "oracle_success": 0.17998912452419794,
    "steps_taken": 76.59434475258293
}