{
    "distance_to_goal": 10.196822681091726,
    "success": 0.1625,
    "spl": 0.14385877783649165,
    "ndtw": 0.3645634095817098,
    "path_length": 8.492766181402839,
    "oracle_success": 0.225,
    "steps_taken": 71.375
}