{
    "distance_to_goal": 10.269982607103884,
    "success": 0.1375,
    "spl": 0.12572127112338963,
    "ndtw": 0.3998831202485472,
    "path_length": 9.712672149582067,
    "oracle_success": 0.2875,
    "steps_taken": 82.025
}