{
    "distance_to_goal": 10.188678901083767,
    "success": 0.1125,
    "spl": 0.1027851906533083,
    "ndtw": 0.36163145880744624,
    "path_length": 9.368918799362465,
    "oracle_success": 0.2625,
    "steps_taken": 80.05
}