{
    "distance_to_goal": 10.731162552163005,
    "success": 0.1125,
    "spl": 0.10535345296176261,
    "ndtw": 0.3717687534789043,
    "path_length": 9.379285743122455,
    "oracle_success": 0.2,
    "steps_taken": 73.275
}