{
    "distance_to_goal": 8.568415597081184,
    "success": 0.175,
    "spl": 0.16612123329550896,
    "ndtw": 0.45552044501549904,
    "path_length": 6.147798141348176,
    "oracle_success": 0.175,
    "steps_taken": 49.5125
}