{
    "distance_to_goal": 9.261881291866302,
    "success": 0.1,
    "spl": 0.09179610273120445,
    "ndtw": 0.4226646409567188,
    "path_length": 7.791524656047113,
    "oracle_success": 0.2125,
    "steps_taken": 68.2125
}