{
    "distance_to_goal": 9.019921849295496,
    "success": 0.1625,
    "spl": 0.14990639096749087,
    "ndtw": 0.43580124848747326,
    "path_length": 7.46257789360825,
    "oracle_success": 0.2625,
    "steps_taken": 64.525
}