{
    "distance_to_goal": 8.78303617425263,
    "success": 0.175,
    "spl": 0.15928924365109404,
    "ndtw": 0.45578329554330715,
    "path_length": 7.316121427656617,
    "oracle_success": 0.2375,
    "steps_taken": 62.8875
}