{
    "distance_to_goal": 8.9769801470801,
    "success": 0.12180532898314302,
    "spl": 0.1168102566385515,
    "ndtw": 0.412867395841113,
    "path_length": 5.681103844864809,
    "oracle_success": 0.15171288743882544,
    "steps_taken": 49.19467101685699
}