{
    "distance_to_goal": 8.464375344477594,
    "success": 0.125,
    "spl": 0.11800562741890182,
    "ndtw": 0.4647853920067494,
    "path_length": 7.038264687359333,
    "oracle_success": 0.175,
    "steps_taken": 60.775
}