{
    "distance_to_goal": 8.544911936595845,
    "success": 0.18766066838046272,
    "spl": 0.17598263685916565,
    "ndtw": 0.45911940707554183,
    "path_length": 7.6991523112913764,
    "oracle_success": 0.2917737789203085,
    "steps_taken": 63.49614395886889
}