{
    "distance_to_goal": 8.951523734433792,
    "success": 0.2043701799485861,
    "spl": 0.18811218140697097,
    "ndtw": 0.43320834536315356,
    "path_length": 8.248610014023159,
    "oracle_success": 0.33161953727506427,
    "steps_taken": 74.58740359897172
}