{
    "distance_to_goal": 8.065551044280548,
    "success": 0.17737789203084833,
    "spl": 0.1713909999970932,
    "ndtw": 0.4707796589626125,
    "path_length": 5.50479031976856,
    "oracle_success": 0.19408740359897173,
    "steps_taken": 44.37146529562982
}