{
    "distance_to_goal": 9.32215423937887,
    "success": 0.125,
    "spl": 0.11274168892316339,
    "ndtw": 0.39448807397689667,
    "path_length": 7.693663531274069,
    "oracle_success": 0.2375,
    "steps_taken": 60.4875
}