{
    "distance_to_goal": 10.032215575315059,
    "success": 0.1125,
    "spl": 0.10960344010500807,
    "ndtw": 0.3903810412449117,
    "path_length": 7.66404539195355,
    "oracle_success": 0.175,
    "steps_taken": 62.45
}