{
    "distance_to_goal": 9.59065237308712,
    "success": 0.15225666122892875,
    "spl": 0.14190743564484504,
    "ndtw": 0.40417813926550966,
    "path_length": 7.8352635895554705,
    "oracle_success": 0.23056008700380642,
    "steps_taken": 61.599238716693854
}