{
    "distance_to_goal": 9.943445833027363,
    "success": 0.125,
    "spl": 0.1188740068359521,
    "ndtw": 0.3828252036257823,
    "path_length": 7.858714200614486,
    "oracle_success": 0.2125,
    "steps_taken": 63.9125
}