{
    "distance_to_goal": 9.420324139993854,
    "success": 0.1375747688961392,
    "spl": 0.1252977477486448,
    "ndtw": 0.3910067855549577,
    "path_length": 7.817870310984882,
    "oracle_success": 0.23762914627514953,
    "steps_taken": 63.45133224578575
}