{
    "distance_to_goal": 11.021504205465316,
    "success": 0.05,
    "spl": 0.04631913602919639,
    "ndtw": 0.31872173097757195,
    "path_length": 9.257014374015853,
    "oracle_success": 0.1875,
    "steps_taken": 63.35
}