{
    "distance_to_goal": 9.221034381193872,
    "success": 0.18766066838046272,
    "spl": 0.17718788223046145,
    "ndtw": 0.42694495631811263,
    "path_length": 8.127146610833602,
    "oracle_success": 0.2776349614395887,
    "steps_taken": 58.23521850899743
}