{
    "distance_to_goal": 10.578542299568653,
    "success": 0.0625,
    "spl": 0.06071561410080715,
    "ndtw": 0.341301960352691,
    "path_length": 8.342462854622863,
    "oracle_success": 0.175,
    "steps_taken": 68.2625
}