{
    "distance_to_goal": 10.262693123781819,
    "success": 0.13753213367609254,
    "spl": 0.1262193881081141,
    "ndtw": 0.36977590762419743,
    "path_length": 8.842834824008639,
    "oracle_success": 0.2519280205655527,
    "steps_taken": 67.4318766066838
}