{
    "distance_to_goal": 9.27331858078511,
    "success": 0.18894601542416453,
    "spl": 0.1760006610419411,
    "ndtw": 0.43091576364333156,
    "path_length": 8.049935664274086,
    "oracle_success": 0.2776349614395887,
    "steps_taken": 59.26992287917738
}