{
    "distance_to_goal": 10.021097441017627,
    "success": 0.1,
    "spl": 0.09773164067157676,
    "ndtw": 0.37142153121374977,
    "path_length": 8.489205622358714,
    "oracle_success": 0.225,
    "steps_taken": 67.2625
}