{
    "distance_to_goal": 10.327355820685625,
    "success": 0.0875,
    "spl": 0.07204218023798542,
    "ndtw": 0.3448640999668693,
    "path_length": 9.33630571170082,
    "oracle_success": 0.2375,
    "steps_taken": 77.4625
}