{
    "distance_to_goal": 9.300659855082632,
    "success": 0.125,
    "spl": 0.11760219459922124,
    "ndtw": 0.40753042232931647,
    "path_length": 8.53212362845079,
    "oracle_success": 0.225,
    "steps_taken": 58.1875
}