{
    "distance_to_goal": 10.367320489510893,
    "success": 0.075,
    "spl": 0.06755987595596796,
    "ndtw": 0.3498761308351335,
    "path_length": 8.664159833843495,
    "oracle_success": 0.2,
    "steps_taken": 69.2875
}