{
    "distance_to_goal": 9.623640708050013,
    "success": 0.13376835236541598,
    "spl": 0.1227854957001817,
    "ndtw": 0.390254566323518,
    "path_length": 7.581367097540609,
    "oracle_success": 0.21805328983143013,
    "steps_taken": 59.992387166938556
}