{
    "distance_to_goal": 9.94785307943821,
    "success": 0.1625,
    "spl": 0.14071711063592449,
    "ndtw": 0.3762140216265133,
    "path_length": 9.047347855219137,
    "oracle_success": 0.225,
    "steps_taken": 67.475
}