{
    "distance_to_goal": 10.065273278206586,
    "success": 0.1125,
    "spl": 0.1061044994964584,
    "ndtw": 0.39037790137754896,
    "path_length": 8.70526485844166,
    "oracle_success": 0.2125,
    "steps_taken": 67.125
}