{
    "distance_to_goal": 10.203970166406855,
    "success": 0.14524421593830333,
    "spl": 0.1341501477966954,
    "ndtw": 0.3622194482098187,
    "path_length": 11.058170488223126,
    "oracle_success": 0.3097686375321337,
    "steps_taken": 89.5719794344473
}