{
    "distance_to_goal": 10.158059543929994,
    "success": 0.0875,
    "spl": 0.08309500578266082,
    "ndtw": 0.35490753388670565,
    "path_length": 7.556109112862517,
    "oracle_success": 0.175,
    "steps_taken": 62.85
}