{
    "distance_to_goal": 9.874305578499342,
    "success": 0.17352185089974292,
    "spl": 0.16364774822608952,
    "ndtw": 0.3833728566182509,
    "path_length": 8.244978370361506,
    "oracle_success": 0.2570694087403599,
    "steps_taken": 62.93958868894602
}