{
    "distance_to_goal": 9.732238181538708,
    "success": 0.16709511568123395,
    "spl": 0.15282758138806934,
    "ndtw": 0.3885417209204462,
    "path_length": 8.304953335428687,
    "oracle_success": 0.2737789203084833,
    "steps_taken": 65.04370179948586
}