{
    "distance_to_goal": 9.662561013922096,
    "success": 0.125,
    "spl": 0.11546858323885403,
    "ndtw": 0.39434132095260405,
    "path_length": 9.226380357437302,
    "oracle_success": 0.2875,
    "steps_taken": 69.0625
}