{
    "distance_to_goal": 10.496362688764929,
    "success": 0.1375,
    "spl": 0.12312298148815008,
    "ndtw": 0.34541945260403184,
    "path_length": 8.47012701445492,
    "oracle_success": 0.2125,
    "steps_taken": 63.825
}