{
    "distance_to_goal": 9.271445403435772,
    "success": 0.19408740359897173,
    "spl": 0.1809361875404392,
    "ndtw": 0.42124381618404366,
    "path_length": 8.634832642613784,
    "oracle_success": 0.3033419023136247,
    "steps_taken": 65.11953727506426
}