{
    "distance_to_goal": 10.500725512579084,
    "success": 0.1125,
    "spl": 0.10486443353074766,
    "ndtw": 0.34883818924045923,
    "path_length": 7.347792834584834,
    "oracle_success": 0.15,
    "steps_taken": 57.7375
}