{
    "distance_to_goal": 9.280891848355532,
    "success": 0.1,
    "spl": 0.09358110054901063,
    "ndtw": 0.3905474816362867,
    "path_length": 9.8071196169786,
    "oracle_success": 0.2625,
    "steps_taken": 75.825
}