{
    "distance_to_goal": 10.522390035539866,
    "success": 0.125,
    "spl": 0.11221131713619215,
    "ndtw": 0.35815685244840667,
    "path_length": 8.550427879963536,
    "oracle_success": 0.2625,
    "steps_taken": 68.9875
}