{
    "distance_to_goal": 9.272019667881313,
    "success": 0.17352185089974292,
    "spl": 0.16044512592179183,
    "ndtw": 0.41116364216116696,
    "path_length": 8.226336366698767,
    "oracle_success": 0.2866323907455013,
    "steps_taken": 59.2133676092545
}