{
    "distance_to_goal": 10.395115357264876,
    "success": 0.1375,
    "spl": 0.12891733544915027,
    "ndtw": 0.37203224461100376,
    "path_length": 8.724986165389419,
    "oracle_success": 0.1875,
    "steps_taken": 62.8875
}