{
    "distance_to_goal": 9.555006823081111,
    "success": 0.16195372750642673,
    "spl": 0.14730592390408778,
    "ndtw": 0.39872340709262005,
    "path_length": 9.050476127461385,
    "oracle_success": 0.3264781491002571,
    "steps_taken": 70.79820051413881
}