{
    "distance_to_goal": 9.792565924301744,
    "success": 0.1,
    "spl": 0.09639614484458112,
    "ndtw": 0.3900217445464598,
    "path_length": 8.963447382287786,
    "oracle_success": 0.2625,
    "steps_taken": 62.9875
}