{
    "distance_to_goal": 9.86854379283403,
    "success": 0.1343121261555193,
    "spl": 0.12440213757829403,
    "ndtw": 0.3839176900598624,
    "path_length": 8.170675439416293,
    "oracle_success": 0.22892876563349646,
    "steps_taken": 62.580750407830344
}