{
    "distance_to_goal": 9.918008184805512,
    "success": 0.1,
    "spl": 0.09801876843663582,
    "ndtw": 0.36737661216831385,
    "path_length": 8.464955472550354,
    "oracle_success": 0.2375,
    "steps_taken": 67.7625
}