{
    "distance_to_goal": 9.327613043412565,
    "success": 0.0875,
    "spl": 0.08336796526975358,
    "ndtw": 0.40792227621104454,
    "path_length": 7.671074572054204,
    "oracle_success": 0.175,
    "steps_taken": 59.275
}