{
    "distance_to_goal": 9.898376741749235,
    "success": 0.1375,
    "spl": 0.1252441612788149,
    "ndtw": 0.3772232463281864,
    "path_length": 9.204272549141645,
    "oracle_success": 0.2875,
    "steps_taken": 71.9375
}