{
    "distance_to_goal": 9.958419911563396,
    "success": 0.075,
    "spl": 0.07419968110751997,
    "ndtw": 0.37310290597517537,
    "path_length": 8.027156318619381,
    "oracle_success": 0.2125,
    "steps_taken": 57.575
}