{
    "distance_to_goal": 10.29579607527703,
    "success": 0.1125,
    "spl": 0.09850541133668994,
    "ndtw": 0.3651480961217772,
    "path_length": 9.003163750900422,
    "oracle_success": 0.1875,
    "steps_taken": 65.4125
}