{
    "distance_to_goal": 10.21405101530254,
    "success": 0.1375,
    "spl": 0.12196347839295955,
    "ndtw": 0.3714341542425785,
    "path_length": 8.973029628489167,
    "oracle_success": 0.2125,
    "steps_taken": 72.0875
}