{
    "distance_to_goal": 9.267858897149562,
    "success": 0.175,
    "spl": 0.15483900001165551,
    "ndtw": 0.44021594381860585,
    "path_length": 8.765189043874852,
    "oracle_success": 0.2625,
    "steps_taken": 61.2125
}