{
    "distance_to_goal": 8.221067744400909,
    "success": 0.19086460032626426,
    "spl": 0.17163924735438696,
    "ndtw": 0.4453719579351699,
    "path_length": 7.836720361836159,
    "oracle_success": 0.26753670473083196,
    "steps_taken": 78.6884176182708
}