{
    "distance_to_goal": 9.155119610917545,
    "success": 0.19960861056751467,
    "spl": 0.19001247767804358,
    "ndtw": 0.46375947625750463,
    "path_length": 9.29840966660644,
    "oracle_success": 0.26418786692759294,
    "steps_taken": 61.39530332681018
}