{
    "distance_to_goal": 8.179380836515929,
    "success": 0.2403598971722365,
    "spl": 0.22538534616468553,
    "ndtw": 0.4856983807645872,
    "path_length": 8.61816080612105,
    "oracle_success": 0.34832904884318766,
    "steps_taken": 61.0719794344473
}