{
    "distance_to_goal": 8.985417972964525,
    "success": 0.14192495921696574,
    "spl": 0.1289701550988118,
    "ndtw": 0.4050194794917169,
    "path_length": 8.183005684181774,
    "oracle_success": 0.2267536704730832,
    "steps_taken": 67.36867862969005
}