{
    "length": 7.988914580033926,
    "error": 9.913847048777843,
    "oracle success": 0.20862676056338028,
    "success": 0.13996478873239437,
    "spl": 0.12448039662159922
}
