{
    "distance_to_goal": 8.664806765690447,
    "success": 0.1875,
    "spl": 0.16983506551943792,
    "ndtw": 0.4414275700746685,
    "path_length": 9.201955158868804,
    "oracle_success": 0.3,
    "steps_taken": 68.5125
}