{
    "distance_to_goal": 9.527571460396862,
    "success": 0.17857142857142858,
    "spl": 0.16611285046363225,
    "ndtw": 0.42042518177062294,
    "path_length": 8.493871375502387,
    "oracle_success": 0.25,
    "steps_taken": 65.08078231292517
}