{
    "distance_to_goal": 7.600293200357714,
    "success": 0.2506426735218509,
    "spl": 0.22943349376461145,
    "ndtw": 0.5073754782844552,
    "path_length": 8.778265193123694,
    "oracle_success": 0.34318766066838047,
    "steps_taken": 69.26735218508998
}