{
    "distance_to_goal": 8.073344611033683,
    "success": 0.27892030848329047,
    "spl": 0.2596922211411947,
    "ndtw": 0.4929843623827331,
    "path_length": 8.51802677638459,
    "oracle_success": 0.3676092544987147,
    "steps_taken": 61.34447300771208
}