{
    "distance_to_goal": 7.422389387663042,
    "success": 0.2622107969151671,
    "spl": 0.24076119381915234,
    "ndtw": 0.5059256692845071,
    "path_length": 8.94127460149675,
    "oracle_success": 0.36632390745501286,
    "steps_taken": 69.12596401028277
}