{
    "distance_to_goal": 9.269073759578168,
    "success": 0.1625,
    "spl": 0.147800533275054,
    "ndtw": 0.4206810522229524,
    "path_length": 8.408457773574629,
    "oracle_success": 0.275,
    "steps_taken": 61.2125
}