{
    "distance_to_goal": 8.60780285819028,
    "success": 0.2300163132137031,
    "spl": 0.20912843681619592,
    "ndtw": 0.44642579624048206,
    "path_length": 8.339775031485333,
    "oracle_success": 0.32300163132137033,
    "steps_taken": 64.66231647634584
}