{
    "distance_to_goal": 7.851900317473936,
    "success": 0.2442159383033419,
    "spl": 0.22397517034431605,
    "ndtw": 0.4917836949420245,
    "path_length": 8.958362242640131,
    "oracle_success": 0.37532133676092544,
    "steps_taken": 62.46529562982005
}