{
    "distance_to_goal": 9.614170338958502,
    "success": 0.175,
    "spl": 0.15436100338424125,
    "ndtw": 0.41972368959834877,
    "path_length": 8.067790031712502,
    "oracle_success": 0.2375,
    "steps_taken": 57.6125
}