{
    "distance_to_goal": 6.900840565225118,
    "success": 0.32428355957767724,
    "spl": 0.2869495892113594,
    "ndtw": 0.4932480597288002,
    "path_length": 8.189286772681816,
    "oracle_success": 0.473604826546003,
    "steps_taken": 62.85067873303167
}