{
    "distance_to_goal": 7.670693893761285,
    "success": 0.2634961439588689,
    "spl": 0.2451844459838191,
    "ndtw": 0.5034630027025817,
    "path_length": 8.369605506122305,
    "oracle_success": 0.35989717223650386,
    "steps_taken": 62.51542416452442
}