{
    "distance_to_goal": 5.670280932487174,
    "success": 0.41198501872659177,
    "spl": 0.364950812926282,
    "ndtw": 0.5817517824659808,
    "path_length": 7.708131768147736,
    "oracle_success": 0.5842696629213483,
    "steps_taken": 54.168539325842694
}