{
    "distance_to_goal": 7.958749760583924,
    "success": 0.2699228791773779,
    "spl": 0.24947407325099138,
    "ndtw": 0.5041275375144029,
    "path_length": 8.73201166955068,
    "oracle_success": 0.3740359897172236,
    "steps_taken": 58.42159383033419
}