{
    "distance_to_goal": 8.631557008810342,
    "success": 0.2125,
    "spl": 0.19043430624537427,
    "ndtw": 0.4425811149337058,
    "path_length": 8.725992433261126,
    "oracle_success": 0.3,
    "steps_taken": 69.05
}