{
    "distance_to_goal": 8.504373722373954,
    "success": 0.19249592169657423,
    "spl": 0.17787811196275358,
    "ndtw": 0.43944302896499404,
    "path_length": 7.669253370747583,
    "oracle_success": 0.25938009787928223,
    "steps_taken": 74.7536704730832
}