{
    "distance_to_goal": 8.091947036376343,
    "success": 0.2275064267352185,
    "spl": 0.20654564738149853,
    "ndtw": 0.48539680555064657,
    "path_length": 8.764638520518812,
    "oracle_success": 0.33547557840616965,
    "steps_taken": 60.24164524421594
}