{
    "distance_to_goal": 8.761788371950388,
    "success": 0.1125,
    "spl": 0.11116497712237079,
    "ndtw": 0.44039087348820327,
    "path_length": 4.635364520968869,
    "oracle_success": 0.1125,
    "steps_taken": 30.2375
}