{
    "distance_to_goal": 7.90820077224455,
    "success": 0.18508997429305912,
    "spl": 0.18093978620725454,
    "ndtw": 0.48385263299366227,
    "path_length": 5.810055357867419,
    "oracle_success": 0.2095115681233933,
    "steps_taken": 42.339331619537276
}