{
    "distance_to_goal": 9.013714153319597,
    "success": 0.1375,
    "spl": 0.12831827187085107,
    "ndtw": 0.43924852851360435,
    "path_length": 6.04942129175615,
    "oracle_success": 0.15,
    "steps_taken": 42.475
}