{
    "distance_to_goal": 8.505182275367275,
    "success": 0.12561174551386622,
    "spl": 0.12199810580761399,
    "ndtw": 0.4444397735341717,
    "path_length": 5.104454115231672,
    "oracle_success": 0.1402936378466558,
    "steps_taken": 37.1799891245242
}