{
    "distance_to_goal": 8.77119590304792,
    "success": 0.1375,
    "spl": 0.13380268556064154,
    "ndtw": 0.4511551821956967,
    "path_length": 5.3493357022292916,
    "oracle_success": 0.15,
    "steps_taken": 33.3875
}