{
    "distance_to_goal": 7.873878798516979,
    "success": 0.2159383033419023,
    "spl": 0.21092427260821714,
    "ndtw": 0.49296053539807794,
    "path_length": 5.557519080767465,
    "oracle_success": 0.2275064267352185,
    "steps_taken": 37.09383033419023
}