{
    "distance_to_goal": 8.913325728476048,
    "success": 0.1375,
    "spl": 0.12371605130533332,
    "ndtw": 0.43208004680780465,
    "path_length": 5.194958425266668,
    "oracle_success": 0.1375,
    "steps_taken": 36.0
}