{
    "distance_to_goal": 8.543891033530235,
    "success": 0.1375,
    "spl": 0.13588181054611104,
    "ndtw": 0.460381046214325,
    "path_length": 4.89259310704656,
    "oracle_success": 0.1375,
    "steps_taken": 31.9875
}