{
    "distance_to_goal": 8.195784106199417,
    "success": 0.19794344473007713,
    "spl": 0.19005593271295745,
    "ndtw": 0.46783776128436577,
    "path_length": 5.951086282788904,
    "oracle_success": 0.2326478149100257,
    "steps_taken": 42.75964010282777
}