{
    "distance_to_goal": 8.647731376998127,
    "success": 0.1625,
    "spl": 0.15053060355575051,
    "ndtw": 0.4506253029970896,
    "path_length": 4.9839729916770015,
    "oracle_success": 0.1625,
    "steps_taken": 33.4375
}