{
    "distance_to_goal": 8.827542640268803,
    "success": 0.1375,
    "spl": 0.13371155063944656,
    "ndtw": 0.4364425569976671,
    "path_length": 5.192983314779122,
    "oracle_success": 0.1375,
    "steps_taken": 44.0625
}