{
    "distance_to_goal": 8.582105936855077,
    "success": 0.1625,
    "spl": 0.1533605169048414,
    "ndtw": 0.4634584437522868,
    "path_length": 6.076329301856458,
    "oracle_success": 0.175,
    "steps_taken": 42.425
}