{
    "distance_to_goal": 8.426473837345839,
    "success": 0.1375,
    "spl": 0.1324323397223574,
    "ndtw": 0.4590535376012778,
    "path_length": 5.206716339569539,
    "oracle_success": 0.1375,
    "steps_taken": 33.525
}