{
    "distance_to_goal": 8.685507199913264,
    "success": 0.125,
    "spl": 0.11946959307181826,
    "ndtw": 0.4524487745525862,
    "path_length": 5.214913777634502,
    "oracle_success": 0.125,
    "steps_taken": 33.7375
}