{
    "distance_to_goal": 8.122165057070765,
    "success": 0.19922879177377892,
    "spl": 0.19290242755738887,
    "ndtw": 0.47870755886729943,
    "path_length": 5.662605719558274,
    "oracle_success": 0.2249357326478149,
    "steps_taken": 42.86632390745501
}