{
    "distance_to_goal": 9.281774885952473,
    "success": 0.1,
    "spl": 0.09652708969315897,
    "ndtw": 0.42322766696790337,
    "path_length": 5.781785251770634,
    "oracle_success": 0.1125,
    "steps_taken": 39.875
}