{
    "distance_to_goal": 7.996258700395765,
    "success": 0.16838046272493573,
    "spl": 0.1646908643885067,
    "ndtw": 0.4739410250131806,
    "path_length": 4.698482628749178,
    "oracle_success": 0.17223650385604114,
    "steps_taken": 32.350899742930594
}