{
    "distance_to_goal": 8.7736105222255,
    "success": 0.1625,
    "spl": 0.15307578048941411,
    "ndtw": 0.4518267352680946,
    "path_length": 5.35107071850216,
    "oracle_success": 0.1625,
    "steps_taken": 39.2125
}