{
    "distance_to_goal": 7.953213790560903,
    "success": 0.19023136246786632,
    "spl": 0.1862493606187402,
    "ndtw": 0.4778764996749863,
    "path_length": 4.737396013677836,
    "oracle_success": 0.19023136246786632,
    "steps_taken": 32.12982005141388
}