{
    "distance_to_goal": 8.949598156288266,
    "success": 0.1625,
    "spl": 0.14866299953181705,
    "ndtw": 0.4343880584771823,
    "path_length": 5.739347778167575,
    "oracle_success": 0.175,
    "steps_taken": 43.675
}