{
    "distance_to_goal": 8.871518727564144,
    "success": 0.1343121261555193,
    "spl": 0.1308396378514648,
    "ndtw": 0.42644064957093825,
    "path_length": 5.129612603658542,
    "oracle_success": 0.14790647090810222,
    "steps_taken": 43.615551930396954
}