{
    "distance_to_goal": 8.664399173203856,
    "success": 0.1125,
    "spl": 0.11056122183687574,
    "ndtw": 0.44829908134202523,
    "path_length": 5.08268741897191,
    "oracle_success": 0.1125,
    "steps_taken": 33.5
}