{
    "distance_to_goal": 8.894042239443902,
    "success": 0.13594344752582926,
    "spl": 0.13209819073385815,
    "ndtw": 0.4301286295866579,
    "path_length": 5.434231564403386,
    "oracle_success": 0.1528004350190321,
    "steps_taken": 43.80587275693311
}