{
    "distance_to_goal": 9.319297064468264,
    "success": 0.1875,
    "spl": 0.17594758149283657,
    "ndtw": 0.42277364029031206,
    "path_length": 6.178557635564357,
    "oracle_success": 0.2,
    "steps_taken": 48.2125
}