{
    "distance_to_goal": 8.715020346667469,
    "success": 0.0766721044045677,
    "spl": 0.07524680954940555,
    "ndtw": 0.4252279899650722,
    "path_length": 4.359991272051951,
    "oracle_success": 0.0864600326264274,
    "steps_taken": 34.02664491571506
}