{
    "distance_to_goal": 7.9167452802005345,
    "success": 0.16966580976863754,
    "spl": 0.16727280530725802,
    "ndtw": 0.4803877674251397,
    "path_length": 4.653511683591741,
    "oracle_success": 0.16966580976863754,
    "steps_taken": 31.960154241645245
}