{
    "distance_to_goal": 8.107789395554207,
    "success": 0.18508997429305912,
    "spl": 0.18138006055371467,
    "ndtw": 0.470588532769858,
    "path_length": 5.293044777968354,
    "oracle_success": 0.2133676092544987,
    "steps_taken": 38.69280205655527
}