{
    "distance_to_goal": 8.546515571884811,
    "success": 0.2625,
    "spl": 0.24628792270590524,
    "ndtw": 0.4846753982147929,
    "path_length": 6.842359227931593,
    "oracle_success": 0.2875,
    "steps_taken": 46.325
}