{
    "distance_to_goal": 7.8707448927096655,
    "success": 0.2275064267352185,
    "spl": 0.21646237111019312,
    "ndtw": 0.5085274407960242,
    "path_length": 6.552027883579621,
    "oracle_success": 0.2814910025706941,
    "steps_taken": 46.88560411311054
}