{
    "distance_to_goal": 8.756426282785833,
    "success": 0.1875,
    "spl": 0.17319563828718687,
    "ndtw": 0.4704727306597789,
    "path_length": 6.493488952354528,
    "oracle_success": 0.225,
    "steps_taken": 47.325
}