{
    "distance_to_goal": 8.3964101019244,
    "success": 0.15823817292006526,
    "spl": 0.15171665429686904,
    "ndtw": 0.4497815402291298,
    "path_length": 5.894282040674518,
    "oracle_success": 0.18760195758564438,
    "steps_taken": 55.98858075040783
}