{
    "distance_to_goal": 8.483371346630156,
    "success": 0.2625,
    "spl": 0.24886473850213076,
    "ndtw": 0.4893946603460882,
    "path_length": 6.562926920942846,
    "oracle_success": 0.2875,
    "steps_taken": 51.25
}