{
    "distance_to_goal": 8.6368856376037,
    "success": 0.1875,
    "spl": 0.17640808563003976,
    "ndtw": 0.47119081124941875,
    "path_length": 6.995075569022447,
    "oracle_success": 0.2125,
    "steps_taken": 46.075
}