{
    "distance_to_goal": 8.621375248767436,
    "success": 0.2375,
    "spl": 0.22821133605380997,
    "ndtw": 0.48408282156108634,
    "path_length": 6.2990949672879655,
    "oracle_success": 0.25,
    "steps_taken": 47.0375
}