{
    "distance_to_goal": 8.937857330963016,
    "success": 0.1875,
    "spl": 0.17527340564638977,
    "ndtw": 0.4532688964047213,
    "path_length": 6.904341627983376,
    "oracle_success": 0.225,
    "steps_taken": 48.225
}