{
    "distance_to_goal": 8.473574026860296,
    "success": 0.2625,
    "spl": 0.24843755357743053,
    "ndtw": 0.4868936930471609,
    "path_length": 6.532694933563471,
    "oracle_success": 0.3125,
    "steps_taken": 47.0
}