{
    "distance_to_goal": 8.036554673872889,
    "success": 0.2625,
    "spl": 0.25481411736808235,
    "ndtw": 0.4848365875970373,
    "path_length": 6.683681613719091,
    "oracle_success": 0.3,
    "steps_taken": 57.8125
}