{
    "distance_to_goal": 8.589546354034791,
    "success": 0.1631321370309951,
    "spl": 0.15730577349413646,
    "ndtw": 0.44460072509846255,
    "path_length": 6.420175076904757,
    "oracle_success": 0.20228384991843393,
    "steps_taken": 52.703099510603586
}