{
    "distance_to_goal": 8.643936487701744,
    "success": 0.16150081566068517,
    "spl": 0.15305693466657538,
    "ndtw": 0.4383030760562645,
    "path_length": 6.362534681488392,
    "oracle_success": 0.20717781402936378,
    "steps_taken": 58.82218597063621
}