{
    "distance_to_goal": 7.484567034194739,
    "success": 0.2583547557840617,
    "spl": 0.2470337050292289,
    "ndtw": 0.5240248005979696,
    "path_length": 6.585227856023341,
    "oracle_success": 0.2969151670951157,
    "steps_taken": 53.66838046272493
}