{
    "distance_to_goal": 8.643831917457282,
    "success": 0.275,
    "spl": 0.2646655069537549,
    "ndtw": 0.4969422788831526,
    "path_length": 6.657874307356542,
    "oracle_success": 0.3125,
    "steps_taken": 49.4375
}