{
    "distance_to_goal": 8.599886039458216,
    "success": 0.2375,
    "spl": 0.22368080283152586,
    "ndtw": 0.4762418355933497,
    "path_length": 6.740416258258989,
    "oracle_success": 0.275,
    "steps_taken": 53.5625
}