{
    "distance_to_goal": 8.552646390162408,
    "success": 0.225,
    "spl": 0.21115037861054803,
    "ndtw": 0.48026018498941225,
    "path_length": 6.443142085283762,
    "oracle_success": 0.25,
    "steps_taken": 48.025
}