{
    "distance_to_goal": 7.562155706104092,
    "success": 0.2853470437017995,
    "spl": 0.27624585323081996,
    "ndtw": 0.5159538455191637,
    "path_length": 6.710018340808709,
    "oracle_success": 0.3277634961439589,
    "steps_taken": 52.65038560411311
}