{
    "distance_to_goal": 8.487082189880311,
    "success": 0.2375,
    "spl": 0.22616171811642208,
    "ndtw": 0.4830011786697083,
    "path_length": 6.279636197053759,
    "oracle_success": 0.25,
    "steps_taken": 51.35
}