{
    "distance_to_goal": 7.5455475410298085,
    "success": 0.2802056555269923,
    "spl": 0.26875078341731606,
    "ndtw": 0.5233386717618035,
    "path_length": 6.994766207539832,
    "oracle_success": 0.3341902313624679,
    "steps_taken": 54.969151670951156
}