{
    "distance_to_goal": 8.276512024365365,
    "success": 0.2125,
    "spl": 0.2019867034512967,
    "ndtw": 0.4819309401412001,
    "path_length": 6.431588914082385,
    "oracle_success": 0.2375,
    "steps_taken": 47.0625
}