{
    "distance_to_goal": 7.558902971436938,
    "success": 0.2622107969151671,
    "spl": 0.25169110888801405,
    "ndtw": 0.5180977493189256,
    "path_length": 6.557790392328807,
    "oracle_success": 0.30848329048843187,
    "steps_taken": 50.05141388174807
}