{
    "distance_to_goal": 8.632543480023742,
    "success": 0.2125,
    "spl": 0.1997928360664113,
    "ndtw": 0.45535118541306535,
    "path_length": 7.260346801264677,
    "oracle_success": 0.275,
    "steps_taken": 52.325
}