{
    "distance_to_goal": 7.651685257727199,
    "success": 0.2544987146529563,
    "spl": 0.24379265147662998,
    "ndtw": 0.5137871362999368,
    "path_length": 6.784918189185841,
    "oracle_success": 0.30077120822622105,
    "steps_taken": 47.47943444730077
}