{
    "distance_to_goal": 8.465403770469129,
    "success": 0.225,
    "spl": 0.21213858104163977,
    "ndtw": 0.4847612510015507,
    "path_length": 6.474776551348623,
    "oracle_success": 0.275,
    "steps_taken": 50.2375
}