{
    "distance_to_goal": 8.898632290028036,
    "success": 0.175,
    "spl": 0.17226661290961448,
    "ndtw": 0.4523670587253017,
    "path_length": 6.104147539462429,
    "oracle_success": 0.1875,
    "steps_taken": 45.15
}