{
    "distance_to_goal": 8.961324447207152,
    "success": 0.1875,
    "spl": 0.17826165160886234,
    "ndtw": 0.46132205233571055,
    "path_length": 6.284251198306447,
    "oracle_success": 0.225,
    "steps_taken": 46.7875
}