{
    "distance_to_goal": 8.631152289919555,
    "success": 0.225,
    "spl": 0.2080813155040476,
    "ndtw": 0.4644576167600202,
    "path_length": 6.956502231524792,
    "oracle_success": 0.2625,
    "steps_taken": 63.875
}