{
    "distance_to_goal": 8.773038468323648,
    "success": 0.175,
    "spl": 0.15952833429703392,
    "ndtw": 0.4452087513375602,
    "path_length": 6.671827010120614,
    "oracle_success": 0.225,
    "steps_taken": 45.8625
}