{
    "distance_to_goal": 8.713899362273514,
    "success": 0.2125,
    "spl": 0.19525079321427635,
    "ndtw": 0.4634668668989355,
    "path_length": 6.524222792830551,
    "oracle_success": 0.2375,
    "steps_taken": 49.3875
}