{
    "distance_to_goal": 7.782820442456819,
    "success": 0.2814910025706941,
    "spl": 0.26432769311382237,
    "ndtw": 0.5157098029608309,
    "path_length": 6.973682846666764,
    "oracle_success": 0.3161953727506427,
    "steps_taken": 48.210796915167094
}