{
    "distance_to_goal": 8.228763174265623,
    "success": 0.225,
    "spl": 0.21470723498492356,
    "ndtw": 0.493455167072279,
    "path_length": 6.437626148061827,
    "oracle_success": 0.2625,
    "steps_taken": 61.6375
}