{
    "distance_to_goal": 7.955851423288372,
    "success": 0.2622107969151671,
    "spl": 0.25334691484786265,
    "ndtw": 0.5105087917073853,
    "path_length": 6.662237261276429,
    "oracle_success": 0.30848329048843187,
    "steps_taken": 50.4293059125964
}