{
    "distance_to_goal": 8.596506088024057,
    "success": 0.14355628058727568,
    "spl": 0.1347361173016879,
    "ndtw": 0.4464345119003767,
    "path_length": 5.973951627030444,
    "oracle_success": 0.1729200652528548,
    "steps_taken": 59.16965742251224
}