{
    "distance_to_goal": 8.56164173129946,
    "success": 0.2125,
    "spl": 0.19981339523602906,
    "ndtw": 0.47977288214450964,
    "path_length": 7.004062231990974,
    "oracle_success": 0.2625,
    "steps_taken": 51.525
}