{
    "distance_to_goal": 11.212151186168194,
    "success": 0.0875,
    "spl": 0.03668548193428754,
    "ndtw": 0.1194516942683344,
    "path_length": 19.803256398103855,
    "oracle_success": 0.4,
    "steps_taken": 182.0
}