{
    "distance_to_goal": 12.289297496092715,
    "success": 0.05546492659053834,
    "spl": 0.03505318025760358,
    "ndtw": 0.15831230425593057,
    "path_length": 18.738505612629687,
    "oracle_success": 0.3262642740619902,
    "steps_taken": 182.0
}