{
    "distance_to_goal": 11.60841429233551,
    "success": 0.0875,
    "spl": 0.04754526005010184,
    "ndtw": 0.13290840285551034,
    "path_length": 20.177239446173637,
    "oracle_success": 0.4625,
    "steps_taken": 182.0
}