{
    "distance_to_goal": 13.296365003287793,
    "success": 0.0375,
    "spl": 0.024809928022011225,
    "ndtw": 0.10424231132068837,
    "path_length": 19.86741878539356,
    "oracle_success": 0.3875,
    "steps_taken": 182.0
}