{
    "distance_to_goal": 11.574055781960487,
    "success": 0.0625,
    "spl": 0.02292592128958997,
    "ndtw": 0.10856059313439233,
    "path_length": 21.307263787283965,
    "oracle_success": 0.5,
    "steps_taken": 182.0
}