{
    "distance_to_goal": 11.668062765371523,
    "success": 0.08097686375321336,
    "spl": 0.04973387819373355,
    "ndtw": 0.1555739606982625,
    "path_length": 18.96769523611882,
    "oracle_success": 0.41002570694087404,
    "steps_taken": 182.0
}