{
    "distance_to_goal": 11.937990094921458,
    "success": 0.06199021207177814,
    "spl": 0.031052063468638987,
    "ndtw": 0.13521069411541664,
    "path_length": 19.917452717058122,
    "oracle_success": 0.3539967373572594,
    "steps_taken": 182.0
}