{
    "distance_to_goal": 11.935828299075364,
    "success": 0.05,
    "spl": 0.016967533279612364,
    "ndtw": 0.10471524011043205,
    "path_length": 20.421993745055254,
    "oracle_success": 0.35,
    "steps_taken": 182.0
}