{
    "distance_to_goal": 13.529138992726804,
    "success": 0.0875,
    "spl": 0.03420713487571658,
    "ndtw": 0.08886506739650532,
    "path_length": 19.52392232674465,
    "oracle_success": 0.3625,
    "steps_taken": 182.0
}