{
    "distance_to_goal": 12.267719529396771,
    "success": 0.07583547557840617,
    "spl": 0.04081222194293538,
    "ndtw": 0.14259435212431612,
    "path_length": 19.947159812586676,
    "oracle_success": 0.42930591259640105,
    "steps_taken": 182.0
}