{
    "distance_to_goal": 11.20649516582489,
    "success": 0.0625,
    "spl": 0.029833510716588418,
    "ndtw": 0.13868288269434273,
    "path_length": 19.195609782965082,
    "oracle_success": 0.4625,
    "steps_taken": 182.0
}