{
    "distance_to_goal": 11.906529842198355,
    "success": 0.08097686375321336,
    "spl": 0.0410154981136992,
    "ndtw": 0.14359106367115412,
    "path_length": 19.928365601249677,
    "oracle_success": 0.4601542416452442,
    "steps_taken": 182.0
}