{
    "distance_to_goal": 11.223744210600852,
    "success": 0.075,
    "spl": 0.029309458136976396,
    "ndtw": 0.1103221270566126,
    "path_length": 20.213488143686494,
    "oracle_success": 0.425,
    "steps_taken": 182.0
}