{
    "distance_to_goal": 11.922514331428301,
    "success": 0.08972267536704731,
    "spl": 0.04756467077697579,
    "ndtw": 0.15684959174385427,
    "path_length": 19.693852417640887,
    "oracle_success": 0.40021750951604135,
    "steps_taken": 182.0
}