{
    "distance_to_goal": 12.221065932516114,
    "success": 0.09768637532133675,
    "spl": 0.05392290540697008,
    "ndtw": 0.1425972744106215,
    "path_length": 20.354604646996794,
    "oracle_success": 0.4832904884318766,
    "steps_taken": 182.0
}