{
    "distance_to_goal": 12.326739059388638,
    "success": 0.05,
    "spl": 0.030264692131063725,
    "ndtw": 0.10897985149785172,
    "path_length": 20.508121247337563,
    "oracle_success": 0.375,
    "steps_taken": 182.0
}