{
    "distance_to_goal": 11.828811025619506,
    "success": 0.0625,
    "spl": 0.020580723047564704,
    "ndtw": 0.0871057441665615,
    "path_length": 21.69632853760995,
    "oracle_success": 0.35,
    "steps_taken": 182.0
}