{
    "distance_to_goal": 11.821330717206001,
    "success": 0.1,
    "spl": 0.05117769403986435,
    "ndtw": 0.11568124131865423,
    "path_length": 19.169079862799833,
    "oracle_success": 0.4125,
    "steps_taken": 182.0
}