{
    "distance_to_goal": 12.257109179020235,
    "success": 0.11696658097686376,
    "spl": 0.05905699131313677,
    "ndtw": 0.1530659647025189,
    "path_length": 20.00245457396422,
    "oracle_success": 0.4987146529562982,
    "steps_taken": 182.0
}