{
    "distance_to_goal": 12.921842175722123,
    "success": 0.075,
    "spl": 0.03382827923959015,
    "ndtw": 0.10132035686648719,
    "path_length": 20.252429670803487,
    "oracle_success": 0.3875,
    "steps_taken": 182.0
}