{
    "distance_to_goal": 12.737597395479678,
    "success": 0.0625,
    "spl": 0.04036310347356488,
    "ndtw": 0.13319312718863854,
    "path_length": 20.134554540787896,
    "oracle_success": 0.35,
    "steps_taken": 182.0
}