{
    "distance_to_goal": 11.935957676172256,
    "success": 0.0625,
    "spl": 0.017217940419199874,
    "ndtw": 0.11206119417744051,
    "path_length": 20.30703650137002,
    "oracle_success": 0.4,
    "steps_taken": 182.0
}