{
    "distance_to_goal": 12.438476841151715,
    "success": 0.0875,
    "spl": 0.03948353821242952,
    "ndtw": 0.10514311942751842,
    "path_length": 21.15621629084344,
    "oracle_success": 0.4625,
    "steps_taken": 182.0
}