{
    "distance_to_goal": 11.96187704205513,
    "success": 0.0875,
    "spl": 0.020994832374003923,
    "ndtw": 0.09910143455358397,
    "path_length": 21.456105443216074,
    "oracle_success": 0.375,
    "steps_taken": 182.0
}