{
    "distance_to_goal": 12.458661472659491,
    "success": 0.10154241645244216,
    "spl": 0.05506542660017229,
    "ndtw": 0.14109061439861736,
    "path_length": 20.838387341917503,
    "oracle_success": 0.46786632390745503,
    "steps_taken": 182.0
}