{
    "distance_to_goal": 12.416628397943734,
    "success": 0.10154241645244216,
    "spl": 0.05108720476906747,
    "ndtw": 0.12330202476396922,
    "path_length": 21.401729943485684,
    "oracle_success": 0.487146529562982,
    "steps_taken": 182.0
}