{
    "distance_to_goal": 11.873604639967606,
    "success": 0.07069059271343121,
    "spl": 0.03838940751750897,
    "ndtw": 0.14073601643673417,
    "path_length": 20.27742710696301,
    "oracle_success": 0.37520391517128876,
    "steps_taken": 182.0
}