{
    "distance_to_goal": 12.554227158427238,
    "success": 0.05,
    "spl": 0.023939067972355687,
    "ndtw": 0.08321475206953402,
    "path_length": 20.027744971925834,
    "oracle_success": 0.325,
    "steps_taken": 182.0
}