{
    "distance_to_goal": 11.661688062548638,
    "success": 0.075,
    "spl": 0.03639459321354882,
    "ndtw": 0.12185034300763645,
    "path_length": 19.89702406261013,
    "oracle_success": 0.4625,
    "steps_taken": 182.0
}