{
    "distance_to_goal": 12.39387671649456,
    "success": 0.0625,
    "spl": 0.03919733430123466,
    "ndtw": 0.13013007330820225,
    "path_length": 19.285532799888063,
    "oracle_success": 0.45,
    "steps_taken": 182.0
}