{
    "distance_to_goal": 11.511695779114962,
    "success": 0.1375,
    "spl": 0.0490211364799916,
    "ndtw": 0.11394746637025506,
    "path_length": 20.109052326932478,
    "oracle_success": 0.5,
    "steps_taken": 182.0
}