{
    "distance_to_goal": 12.227346602319752,
    "success": 0.08226221079691516,
    "spl": 0.045189176880934254,
    "ndtw": 0.13791523062392966,
    "path_length": 21.107789836548307,
    "oracle_success": 0.46786632390745503,
    "steps_taken": 182.0
}