{
    "distance_to_goal": 13.024327942728997,
    "success": 0.0375,
    "spl": 0.01474690869134589,
    "ndtw": 0.10819024279326461,
    "path_length": 19.718984984258032,
    "oracle_success": 0.35,
    "steps_taken": 182.0
}