{
    "distance_to_goal": 9.534391113743187,
    "success": 0.125,
    "spl": 0.10738130490243074,
    "ndtw": 0.42179593139677535,
    "path_length": 8.080692747060676,
    "oracle_success": 0.1625,
    "steps_taken": 59.925
}