{
    "distance_to_goal": 8.452008790709078,
    "success": 0.2375,
    "spl": 0.21913403975622603,
    "ndtw": 0.47285576013630604,
    "path_length": 7.464387086313218,
    "oracle_success": 0.275,
    "steps_taken": 56.125
}