{
    "distance_to_goal": 8.362075077742338,
    "success": 0.2125,
    "spl": 0.18505800449507387,
    "ndtw": 0.4759792957892544,
    "path_length": 7.1147283010595235,
    "oracle_success": 0.275,
    "steps_taken": 49.625
}