{
    "distance_to_goal": 9.398462953136942,
    "success": 0.21465295629820053,
    "spl": 0.19955515955929204,
    "ndtw": 0.40955657304001314,
    "path_length": 9.473434704364216,
    "oracle_success": 0.34575835475578404,
    "steps_taken": 78.83933161953728
}