{
    "distance_to_goal": 8.759141576828334,
    "success": 0.20822622107969152,
    "spl": 0.1912709200547673,
    "ndtw": 0.45490053598965674,
    "path_length": 8.27445568221323,
    "oracle_success": 0.3226221079691517,
    "steps_taken": 61.825192802056556
}