{
    "distance_to_goal": 8.680467662054346,
    "success": 0.2262210796915167,
    "spl": 0.20820094267953276,
    "ndtw": 0.443287409892095,
    "path_length": 8.639554360363173,
    "oracle_success": 0.3149100257069409,
    "steps_taken": 69.7107969151671
}