{
    "distance_to_goal": 10.73141520358622,
    "success": 0.125,
    "spl": 0.10437598488737043,
    "ndtw": 0.3441148867865226,
    "path_length": 8.448787760635605,
    "oracle_success": 0.1875,
    "steps_taken": 68.6625
}