{
    "distance_to_goal": 8.621106900945115,
    "success": 0.20565552699228792,
    "spl": 0.18931205371237278,
    "ndtw": 0.4518929103332293,
    "path_length": 8.387296609377461,
    "oracle_success": 0.2982005141388175,
    "steps_taken": 65.11053984575835
}