{
    "distance_to_goal": 8.329853070636489,
    "success": 0.19922879177377892,
    "spl": 0.18546978836267536,
    "ndtw": 0.46456271715270575,
    "path_length": 7.03523908683608,
    "oracle_success": 0.2596401028277635,
    "steps_taken": 52.17223650385604
}