{
    "distance_to_goal": 9.129607147637952,
    "success": 0.14953779227841218,
    "spl": 0.14033191395977743,
    "ndtw": 0.4122822748201311,
    "path_length": 7.014538858822217,
    "oracle_success": 0.200652528548124,
    "steps_taken": 57.864600326264274
}