{
    "distance_to_goal": 9.509720054268836,
    "success": 0.1875,
    "spl": 0.1576337069915676,
    "ndtw": 0.4156947856100559,
    "path_length": 8.063786678179167,
    "oracle_success": 0.225,
    "steps_taken": 69.4
}