{
    "distance_to_goal": 9.156977829895913,
    "success": 0.175,
    "spl": 0.16444356563308535,
    "ndtw": 0.45065908793244713,
    "path_length": 7.620560683014628,
    "oracle_success": 0.2625,
    "steps_taken": 57.7375
}