{
    "distance_to_goal": 9.392269337177277,
    "success": 0.1625,
    "spl": 0.13929424172382773,
    "ndtw": 0.40303930529862547,
    "path_length": 8.521436037914828,
    "oracle_success": 0.2375,
    "steps_taken": 59.6375
}