{
    "distance_to_goal": 9.606577601283789,
    "success": 0.1875,
    "spl": 0.16774191482824768,
    "ndtw": 0.40520840311259293,
    "path_length": 7.879830602096627,
    "oracle_success": 0.2625,
    "steps_taken": 60.4125
}