{
    "distance_to_goal": 8.776540284531052,
    "success": 0.20051413881748073,
    "spl": 0.17841815970019126,
    "ndtw": 0.42364978690394733,
    "path_length": 8.547105045214229,
    "oracle_success": 0.31362467866323906,
    "steps_taken": 68.38174807197943
}