{
    "distance_to_goal": 9.122289680499561,
    "success": 0.1506253398586188,
    "spl": 0.13591194119338124,
    "ndtw": 0.4056055896697366,
    "path_length": 7.270443611110794,
    "oracle_success": 0.22729744426318652,
    "steps_taken": 67.93148450244698
}