{
    "distance_to_goal": 9.240827012062073,
    "success": 0.25,
    "spl": 0.22084932964956216,
    "ndtw": 0.4351702087983905,
    "path_length": 8.715293236571597,
    "oracle_success": 0.3,
    "steps_taken": 64.7
}