{
    "distance_to_goal": 8.805880698561669,
    "success": 0.125,
    "spl": 0.12401032441600905,
    "ndtw": 0.4497919210529548,
    "path_length": 5.142840497754515,
    "oracle_success": 0.125,
    "steps_taken": 38.275
}