{
    "distance_to_goal": 8.179691650643754,
    "success": 0.23393316195372751,
    "spl": 0.21307151940505453,
    "ndtw": 0.4809354573544721,
    "path_length": 7.9214413281756135,
    "oracle_success": 0.2917737789203085,
    "steps_taken": 58.49357326478149
}