{
    "distance_to_goal": 8.235446506857413,
    "success": 0.21979434447300772,
    "spl": 0.1988541777047154,
    "ndtw": 0.45829560175639394,
    "path_length": 7.947883479291739,
    "oracle_success": 0.3046272493573265,
    "steps_taken": 61.77763496143959
}