{
    "distance_to_goal": 8.829258351773024,
    "success": 0.2,
    "spl": 0.1734281578769556,
    "ndtw": 0.4402498186975013,
    "path_length": 7.57669349249918,
    "oracle_success": 0.2625,
    "steps_taken": 56.4375
}