{
    "distance_to_goal": 9.999690333753824,
    "success": 0.1875,
    "spl": 0.17596329782049905,
    "ndtw": 0.38623506308490857,
    "path_length": 10.137166524014901,
    "oracle_success": 0.35,
    "steps_taken": 81.9875
}