{
    "distance_to_goal": 9.473543960228563,
    "success": 0.1625,
    "spl": 0.15418504785704365,
    "ndtw": 0.41071007651670144,
    "path_length": 8.57170763334725,
    "oracle_success": 0.25,
    "steps_taken": 61.7125
}