{
    "distance_to_goal": 9.941080079641337,
    "success": 0.13322457857531267,
    "spl": 0.11331820992951684,
    "ndtw": 0.34973406579766547,
    "path_length": 9.043098677995024,
    "oracle_success": 0.23762914627514953,
    "steps_taken": 86.82272974442633
}