{
    "distance_to_goal": 9.654404705053052,
    "success": 0.14355628058727568,
    "spl": 0.12947861085795492,
    "ndtw": 0.39602872595011834,
    "path_length": 7.995747165968885,
    "oracle_success": 0.2398042414355628,
    "steps_taken": 69.98259923871669
}