{
    "distance_to_goal": 9.175266394764185,
    "success": 0.125,
    "spl": 0.11361273136849152,
    "ndtw": 0.4372895511370226,
    "path_length": 8.733604207762983,
    "oracle_success": 0.2375,
    "steps_taken": 72.425
}