{
    "distance_to_goal": 9.603950515389442,
    "success": 0.0875,
    "spl": 0.07724563567902207,
    "ndtw": 0.3996845459675277,
    "path_length": 9.30333161472126,
    "oracle_success": 0.2625,
    "steps_taken": 75.725
}