{
    "distance_to_goal": 9.34355642311275,
    "success": 0.1625,
    "spl": 0.12765297335857212,
    "ndtw": 0.4221310763271924,
    "path_length": 8.251880423264808,
    "oracle_success": 0.25,
    "steps_taken": 65.6875
}