{
    "distance_to_goal": 8.59275716455093,
    "success": 0.2210796915167095,
    "spl": 0.2001317254131115,
    "ndtw": 0.4517088630801667,
    "path_length": 8.734054334183082,
    "oracle_success": 0.34832904884318766,
    "steps_taken": 58.69280205655527
}