{
    "distance_to_goal": 10.279452709667385,
    "success": 0.1375,
    "spl": 0.13490854627010593,
    "ndtw": 0.3682533143126545,
    "path_length": 8.693538706068647,
    "oracle_success": 0.275,
    "steps_taken": 61.725
}