{
    "distance_to_goal": 8.103722791400545,
    "success": 0.2120822622107969,
    "spl": 0.19807602747828637,
    "ndtw": 0.4682598167977429,
    "path_length": 8.442963150143884,
    "oracle_success": 0.32519280205655526,
    "steps_taken": 58.45244215938303
}