{
    "distance_to_goal": 9.538311305347994,
    "success": 0.1566068515497553,
    "spl": 0.14255119262798913,
    "ndtw": 0.4082787276449725,
    "path_length": 8.06715383316141,
    "oracle_success": 0.2495921696574225,
    "steps_taken": 65.21424687330071
}