{
    "distance_to_goal": 9.816258123889565,
    "success": 0.1375,
    "spl": 0.1351213745834871,
    "ndtw": 0.3773606130454609,
    "path_length": 8.121013227791991,
    "oracle_success": 0.2125,
    "steps_taken": 66.05
}