{
    "distance_to_goal": 8.970107490196824,
    "success": 0.1875,
    "spl": 0.1811409453230856,
    "ndtw": 0.4242755643855752,
    "path_length": 8.509344329871237,
    "oracle_success": 0.2875,
    "steps_taken": 60.1625
}