{
    "distance_to_goal": 9.040637973882259,
    "success": 0.1625,
    "spl": 0.15835130598588423,
    "ndtw": 0.4163482856035895,
    "path_length": 7.885565322451294,
    "oracle_success": 0.3125,
    "steps_taken": 63.4
}