{
    "distance_to_goal": 10.020673389548092,
    "success": 0.1272430668841762,
    "spl": 0.11492045388169055,
    "ndtw": 0.3788951102851798,
    "path_length": 8.560273745092632,
    "oracle_success": 0.2365415986949429,
    "steps_taken": 65.40293637846656
}