{
    "distance_to_goal": 8.648620951202505,
    "success": 0.2236503856041131,
    "spl": 0.20992315764584182,
    "ndtw": 0.4582593423753891,
    "path_length": 8.487134620805321,
    "oracle_success": 0.3393316195372751,
    "steps_taken": 59.62210796915167
}