{
    "distance_to_goal": 9.311088692646042,
    "success": 0.16748232735182164,
    "spl": 0.15488521496093113,
    "ndtw": 0.41374122497127486,
    "path_length": 7.7390243126626865,
    "oracle_success": 0.24143556280587275,
    "steps_taken": 61.17727025557368
}