{
    "distance_to_goal": 8.739949309130637,
    "success": 0.2095115681233933,
    "spl": 0.19560666596708592,
    "ndtw": 0.4455101767931668,
    "path_length": 8.680761169167928,
    "oracle_success": 0.30205655526992287,
    "steps_taken": 60.25835475578406
}