{
    "distance_to_goal": 9.17894759643823,
    "success": 0.1625,
    "spl": 0.15197643837457903,
    "ndtw": 0.42573880450321006,
    "path_length": 7.586597516525589,
    "oracle_success": 0.2375,
    "steps_taken": 53.6625
}