{
    "distance_to_goal": 8.335249235108495,
    "success": 0.1875,
    "spl": 0.17791897856200398,
    "ndtw": 0.4529445201817869,
    "path_length": 7.984665608365321,
    "oracle_success": 0.325,
    "steps_taken": 57.075
}