{
    "distance_to_goal": 8.632396640596015,
    "success": 0.2043701799485861,
    "spl": 0.19417459636947323,
    "ndtw": 0.45200478446313347,
    "path_length": 7.889283612647324,
    "oracle_success": 0.30077120822622105,
    "steps_taken": 55.68251928020565
}