{
    "distance_to_goal": 8.66178122120682,
    "success": 0.2069408740359897,
    "spl": 0.19560790101531325,
    "ndtw": 0.4459483171496882,
    "path_length": 8.498381084343379,
    "oracle_success": 0.3277634961439589,
    "steps_taken": 65.23264781491002
}