{
    "distance_to_goal": 9.416124226412999,
    "success": 0.16150081566068517,
    "spl": 0.14927422127016898,
    "ndtw": 0.39869112586754285,
    "path_length": 8.379024255963463,
    "oracle_success": 0.26101141924959215,
    "steps_taken": 69.77650897226754
}