{
    "distance_to_goal": 8.777051927344658,
    "success": 0.1928020565552699,
    "spl": 0.17847647934212088,
    "ndtw": 0.4284370953983398,
    "path_length": 8.654614659531488,
    "oracle_success": 0.30205655526992287,
    "steps_taken": 62.33161953727507
}