{
    "distance_to_goal": 9.836927847750484,
    "success": 0.1625,
    "spl": 0.15422939881386663,
    "ndtw": 0.39479601069307324,
    "path_length": 8.52066581051331,
    "oracle_success": 0.275,
    "steps_taken": 59.4625
}