{
    "distance_to_goal": 9.486731897108257,
    "success": 0.15,
    "spl": 0.14376816954280452,
    "ndtw": 0.4062045292355602,
    "path_length": 8.349614101741462,
    "oracle_success": 0.2625,
    "steps_taken": 55.6375
}