{
    "distance_to_goal": 8.521833813627152,
    "success": 0.19794344473007713,
    "spl": 0.18815635368592185,
    "ndtw": 0.4471578917657754,
    "path_length": 8.376666874589532,
    "oracle_success": 0.2982005141388175,
    "steps_taken": 60.098971722365036
}