{
    "distance_to_goal": 8.799921110272408,
    "success": 0.2,
    "spl": 0.19975570132559028,
    "ndtw": 0.4558754846002392,
    "path_length": 5.474881219264352,
    "oracle_success": 0.2125,
    "steps_taken": 43.55
}