{
    "distance_to_goal": 9.766812552139163,
    "success": 0.2125,
    "spl": 0.1934125947547292,
    "ndtw": 0.3886438516371044,
    "path_length": 8.61362016350031,
    "oracle_success": 0.25,
    "steps_taken": 59.025
}