{
    "distance_to_goal": 8.823995425799206,
    "success": 0.2377892030848329,
    "spl": 0.2176131588879513,
    "ndtw": 0.45653093220441027,
    "path_length": 8.70784040491325,
    "oracle_success": 0.34190231362467866,
    "steps_taken": 60.796915167095115
}