{
    "distance_to_goal": 8.321885716356338,
    "success": 0.2625,
    "spl": 0.24813939189247006,
    "ndtw": 0.47570333528516573,
    "path_length": 8.747478368098504,
    "oracle_success": 0.35,
    "steps_taken": 59.55
}