{
    "distance_to_goal": 8.294354418307007,
    "success": 0.2403598971722365,
    "spl": 0.22340951987339933,
    "ndtw": 0.46388473436012856,
    "path_length": 8.128115302944854,
    "oracle_success": 0.33676092544987146,
    "steps_taken": 60.861182519280206
}