{
    "distance_to_goal": 9.473605378717185,
    "success": 0.1875,
    "spl": 0.1672256885736748,
    "ndtw": 0.42685931685519085,
    "path_length": 9.336764685914385,
    "oracle_success": 0.2875,
    "steps_taken": 72.8
}