{
    "distance_to_goal": 8.7144074346535,
    "success": 0.2133676092544987,
    "spl": 0.19620796294552154,
    "ndtw": 0.45228778028343697,
    "path_length": 8.758857899394142,
    "oracle_success": 0.3444730077120823,
    "steps_taken": 63.59768637532134
}