{
    "distance_to_goal": 8.803628163971007,
    "success": 0.2125,
    "spl": 0.19858671145297616,
    "ndtw": 0.44263616814464657,
    "path_length": 8.401895450951997,
    "oracle_success": 0.2875,
    "steps_taken": 59.6125
}