{
    "distance_to_goal": 9.289248587936163,
    "success": 0.1875,
    "spl": 0.18155860827970943,
    "ndtw": 0.43597738355447346,
    "path_length": 7.525734017998912,
    "oracle_success": 0.25,
    "steps_taken": 59.825
}