{
    "distance_to_goal": 9.80807497338992,
    "success": 0.14410005437737902,
    "spl": 0.13420156901771518,
    "ndtw": 0.38712252254865304,
    "path_length": 7.678678247206132,
    "oracle_success": 0.2077215878194671,
    "steps_taken": 66.58618814573137
}