{
    "distance_to_goal": 8.422601696848869,
    "success": 0.2125,
    "spl": 0.19894106265052836,
    "ndtw": 0.473146596507089,
    "path_length": 7.689227049660329,
    "oracle_success": 0.325,
    "steps_taken": 58.1625
}