{
    "distance_to_goal": 8.670698073878885,
    "success": 0.2375,
    "spl": 0.21926571851946752,
    "ndtw": 0.45583339797366174,
    "path_length": 7.813356408482773,
    "oracle_success": 0.2875,
    "steps_taken": 62.5875
}