{
    "distance_to_goal": 8.398748991096387,
    "success": 0.2120822622107969,
    "spl": 0.19970711374524003,
    "ndtw": 0.4717138743043413,
    "path_length": 7.843279555391362,
    "oracle_success": 0.3097686375321337,
    "steps_taken": 61.06169665809769
}