{
    "distance_to_goal": 9.66286138620971,
    "success": 0.12615551930396954,
    "spl": 0.11745606546722223,
    "ndtw": 0.3809071659870634,
    "path_length": 7.907386178851993,
    "oracle_success": 0.20337139749864055,
    "steps_taken": 67.47253942359978
}