{
    "distance_to_goal": 8.111181539297103,
    "success": 0.2375,
    "spl": 0.2208741865864598,
    "ndtw": 0.47903172333949157,
    "path_length": 8.651842770748772,
    "oracle_success": 0.3875,
    "steps_taken": 65.075
}