{
    "distance_to_goal": 8.651415188983083,
    "success": 0.2875,
    "spl": 0.2648453083435353,
    "ndtw": 0.46686331887842636,
    "path_length": 8.08023814568296,
    "oracle_success": 0.35,
    "steps_taken": 56.2125
}