{
    "distance_to_goal": 9.059610309451818,
    "success": 0.1625,
    "spl": 0.15255287560217815,
    "ndtw": 0.43682476015726773,
    "path_length": 7.880537471780554,
    "oracle_success": 0.275,
    "steps_taken": 63.625
}