{
    "distance_to_goal": 8.283001366610085,
    "success": 0.2609254498714653,
    "spl": 0.24400703848736316,
    "ndtw": 0.4741535151817502,
    "path_length": 8.606155090581167,
    "oracle_success": 0.3740359897172236,
    "steps_taken": 69.24550128534705
}