{
    "distance_to_goal": 9.022294100141153,
    "success": 0.25,
    "spl": 0.22613455222854645,
    "ndtw": 0.44656133978441936,
    "path_length": 7.950335667823493,
    "oracle_success": 0.3125,
    "steps_taken": 62.4625
}