{
    "distance_to_goal": 9.64458350557682,
    "success": 0.1370309951060359,
    "spl": 0.12743004280006612,
    "ndtw": 0.4046235134776263,
    "path_length": 7.909862957517669,
    "oracle_success": 0.2267536704730832,
    "steps_taken": 66.45676998368678
}