{
    "distance_to_goal": 8.519075053185224,
    "success": 0.1875,
    "spl": 0.17903188780919557,
    "ndtw": 0.4445575091647349,
    "path_length": 8.167805550503545,
    "oracle_success": 0.3,
    "steps_taken": 61.6375
}