{
    "distance_to_goal": 8.24308939576149,
    "success": 0.2625,
    "spl": 0.23458817153368045,
    "ndtw": 0.4730704621250565,
    "path_length": 8.518383772450033,
    "oracle_success": 0.3375,
    "steps_taken": 59.65
}