{
    "distance_to_goal": 8.760518669895827,
    "success": 0.2375,
    "spl": 0.217035635907725,
    "ndtw": 0.4426133281162744,
    "path_length": 9.236018668289763,
    "oracle_success": 0.3375,
    "steps_taken": 70.4375
}