{
    "distance_to_goal": 9.443973939493299,
    "success": 0.175,
    "spl": 0.16542280207535315,
    "ndtw": 0.4247803373038665,
    "path_length": 7.832368544721976,
    "oracle_success": 0.2375,
    "steps_taken": 57.55
}