{
    "distance_to_goal": 9.957658950918034,
    "success": 0.1277868406742795,
    "spl": 0.11869584218672463,
    "ndtw": 0.3748617124198664,
    "path_length": 8.126189518834131,
    "oracle_success": 0.21207177814029363,
    "steps_taken": 71.94235997824904
}