{
    "distance_to_goal": 8.515036828443408,
    "success": 0.2875,
    "spl": 0.27443532600006554,
    "ndtw": 0.4679105128835192,
    "path_length": 8.413765638149926,
    "oracle_success": 0.35,
    "steps_taken": 68.1625
}