{
    "distance_to_goal": 8.846892504394054,
    "success": 0.2,
    "spl": 0.19083976987695322,
    "ndtw": 0.4409612920889411,
    "path_length": 8.301872379926499,
    "oracle_success": 0.3125,
    "steps_taken": 59.2125
}