{
    "distance_to_goal": 8.214064605572384,
    "success": 0.2570694087403599,
    "spl": 0.23871483597258353,
    "ndtw": 0.4740180463344403,
    "path_length": 8.424440650234821,
    "oracle_success": 0.3791773778920309,
    "steps_taken": 63.937017994858614
}