{
    "distance_to_goal": 8.777445484445956,
    "success": 0.21465295629820053,
    "spl": 0.1949025321681417,
    "ndtw": 0.44914980681986877,
    "path_length": 8.275001568218556,
    "oracle_success": 0.30719794344473006,
    "steps_taken": 62.16195372750643
}