{
    "distance_to_goal": 8.28434271970644,
    "success": 0.2300771208226221,
    "spl": 0.21716246630419994,
    "ndtw": 0.46906222630817124,
    "path_length": 8.711476202425573,
    "oracle_success": 0.36246786632390743,
    "steps_taken": 62.81748071979435
}