{
    "distance_to_goal": 8.212790088541805,
    "success": 0.25,
    "spl": 0.23381453017584103,
    "ndtw": 0.48629960200110156,
    "path_length": 7.389082261687145,
    "oracle_success": 0.325,
    "steps_taken": 59.9625
}