{
    "distance_to_goal": 8.26301064044237,
    "success": 0.3,
    "spl": 0.2754811461369808,
    "ndtw": 0.46827082307177925,
    "path_length": 8.058798951358767,
    "oracle_success": 0.35,
    "steps_taken": 62.3875
}