{
    "distance_to_goal": 15.475252787272135,
    "success": 0.0,
    "spl": 0.0,
    "ndtw": 0.20486733008237568,
    "path_length": 10.16516149463132,
    "oracle_success": 0.0,
    "steps_taken": 101.33333333333333
}