{
    "distance_to_goal": 14.121889988581339,
    "success": 0.16666666666666666,
    "spl": 0.12862597455654287,
    "ndtw": 0.2602389949919805,
    "path_length": 9.30794517726948,
    "oracle_success": 0.16666666666666666,
    "steps_taken": 65.16666666666667
}