{
    "distance_to_goal": 15.735115925470987,
    "success": 0.0,
    "spl": 0.0,
    "ndtw": 0.17378684051501328,
    "path_length": 12.269935344656309,
    "oracle_success": 0.16666666666666666,
    "steps_taken": 72.66666666666667
}