{
    "distance_to_goal": 14.39885155359904,
    "success": 0.0,
    "spl": 0.0,
    "ndtw": 0.1951498232615724,
    "path_length": 10.860102749119202,
    "oracle_success": 0.16666666666666666,
    "steps_taken": 69.33333333333333
}