{
    "distance_to_goal": 12.129498779773712,
    "success": 0.16666666666666666,
    "spl": 0.14431273244084025,
    "ndtw": 0.36599676027939837,
    "path_length": 8.830531023442745,
    "oracle_success": 0.16666666666666666,
    "steps_taken": 49.5
}