{
    "distance_to_goal": 14.082427660624186,
    "success": 0.0,
    "spl": 0.0,
    "ndtw": 0.26194256635014146,
    "path_length": 11.71491320679585,
    "oracle_success": 0.16666666666666666,
    "steps_taken": 70.66666666666667
}