{
    "distance_to_goal": 15.120859066645304,
    "success": 0.0,
    "spl": 0.0,
    "ndtw": 0.17730652757531318,
    "path_length": 11.732691424743583,
    "oracle_success": 0.16666666666666666,
    "steps_taken": 92.0
}