{
    "distance_to_goal": 8.213352531194687,
    "success": 0.2125,
    "spl": 0.19134261582675666,
    "ndtw": 0.4757066114314057,
    "path_length": 7.8721613208879715,
    "oracle_success": 0.3125,
    "steps_taken": 63.0125
}