{
    "distance_to_goal": 8.296247396618128,
    "success": 0.2625,
    "spl": 0.24496927459635714,
    "ndtw": 0.4759038106437236,
    "path_length": 7.998317030735779,
    "oracle_success": 0.325,
    "steps_taken": 60.6375
}