{
    "distance_to_goal": 8.464942366440223,
    "success": 0.2185089974293059,
    "spl": 0.2050788296302112,
    "ndtw": 0.45908923771658744,
    "path_length": 8.14094890465625,
    "oracle_success": 0.33033419023136246,
    "steps_taken": 61.875321336760926
}