{
    "distance_to_goal": 8.60283860899508,
    "success": 0.25,
    "spl": 0.23142343403128426,
    "ndtw": 0.4700930467410456,
    "path_length": 7.923837356746662,
    "oracle_success": 0.3125,
    "steps_taken": 59.125
}