{
    "distance_to_goal": 8.815034780651331,
    "success": 0.1875,
    "spl": 0.1726747846640993,
    "ndtw": 0.4509094729879835,
    "path_length": 8.126161554828286,
    "oracle_success": 0.3125,
    "steps_taken": 65.7625
}