{
    "distance_to_goal": 8.430682384595276,
    "success": 0.1875,
    "spl": 0.17011589308441583,
    "ndtw": 0.45653908318699943,
    "path_length": 8.43276587772416,
    "oracle_success": 0.2875,
    "steps_taken": 59.0375
}