{
    "distance_to_goal": 8.877503811568022,
    "success": 0.2125,
    "spl": 0.20269022357048216,
    "ndtw": 0.45902951710943024,
    "path_length": 8.362402055924758,
    "oracle_success": 0.2875,
    "steps_taken": 57.0625
}