{
    "distance_to_goal": 8.948090809211134,
    "success": 0.2625,
    "spl": 0.24175641364049727,
    "ndtw": 0.4547194275151701,
    "path_length": 8.266041167557706,
    "oracle_success": 0.3,
    "steps_taken": 53.4625
}