{
    "distance_to_goal": 8.279167311266065,
    "success": 0.225,
    "spl": 0.20500940022686684,
    "ndtw": 0.46688660058936504,
    "path_length": 8.039102872624062,
    "oracle_success": 0.325,
    "steps_taken": 57.4875
}