{
    "distance_to_goal": 8.46831751505636,
    "success": 0.21465295629820053,
    "spl": 0.2005867822729204,
    "ndtw": 0.4710622700535417,
    "path_length": 7.682755498576333,
    "oracle_success": 0.2994858611825193,
    "steps_taken": 56.72107969151671
}