{
    "distance_to_goal": 8.721648445812589,
    "success": 0.23136246786632392,
    "spl": 0.21853736556149814,
    "ndtw": 0.4510459427075724,
    "path_length": 8.667708117607486,
    "oracle_success": 0.3676092544987147,
    "steps_taken": 67.36632390745501
}