{
    "distance_to_goal": 9.689250366869643,
    "success": 0.15769439912996194,
    "spl": 0.14214720241677134,
    "ndtw": 0.3891462265472683,
    "path_length": 8.282888741657334,
    "oracle_success": 0.24089178901576944,
    "steps_taken": 68.08047852093529
}