{
    "distance_to_goal": 8.860691494122147,
    "success": 0.2125,
    "spl": 0.1993806004193094,
    "ndtw": 0.46171314658777585,
    "path_length": 8.156643908504218,
    "oracle_success": 0.325,
    "steps_taken": 64.75
}