{
    "distance_to_goal": 9.103680670285692,
    "success": 0.13594344752582926,
    "spl": 0.12504279345629477,
    "ndtw": 0.4106356200133945,
    "path_length": 6.884707624051676,
    "oracle_success": 0.2044589450788472,
    "steps_taken": 63.743882544861336
}