{
    "distance_to_goal": 8.500057005137204,
    "success": 0.225,
    "spl": 0.20908146386225113,
    "ndtw": 0.46441253404787153,
    "path_length": 8.309676747128833,
    "oracle_success": 0.3125,
    "steps_taken": 58.05
}