{
    "distance_to_goal": 8.720643957947551,
    "success": 0.2262210796915167,
    "spl": 0.21423540977866384,
    "ndtw": 0.44641822809776255,
    "path_length": 7.358769532834485,
    "oracle_success": 0.29048843187660667,
    "steps_taken": 56.33033419023136
}