{
    "distance_to_goal": 9.007837607378931,
    "success": 0.1631321370309951,
    "spl": 0.15065385728222813,
    "ndtw": 0.41671389510518647,
    "path_length": 6.92447234078653,
    "oracle_success": 0.21587819467101685,
    "steps_taken": 62.40619902120718
}