{
    "distance_to_goal": 8.49002528991215,
    "success": 0.2275064267352185,
    "spl": 0.2131961543761801,
    "ndtw": 0.46299659588300524,
    "path_length": 8.306118592385733,
    "oracle_success": 0.3097686375321337,
    "steps_taken": 60.60154241645244
}