{
    "distance_to_goal": 8.507416211813688,
    "success": 0.2,
    "spl": 0.18698684378548444,
    "ndtw": 0.45923863115310015,
    "path_length": 8.025891743367538,
    "oracle_success": 0.275,
    "steps_taken": 54.5375
}