{
    "distance_to_goal": 8.623199824358704,
    "success": 0.23136246786632392,
    "spl": 0.22300063839073536,
    "ndtw": 0.45304267722992275,
    "path_length": 7.488581744406788,
    "oracle_success": 0.29562982005141386,
    "steps_taken": 62.11439588688946
}