{
    "distance_to_goal": 8.729143580794334,
    "success": 0.2375,
    "spl": 0.2252186730015997,
    "ndtw": 0.4555626199346886,
    "path_length": 8.996604779548942,
    "oracle_success": 0.325,
    "steps_taken": 68.525
}