{
    "distance_to_goal": 9.15717931373765,
    "success": 0.1598694942903752,
    "spl": 0.14919025294448598,
    "ndtw": 0.4117154147428351,
    "path_length": 7.77924964346526,
    "oracle_success": 0.2463295269168026,
    "steps_taken": 65.12996193583469
}