{
    "distance_to_goal": 8.185631572455168,
    "success": 0.275,
    "spl": 0.26332613523972576,
    "ndtw": 0.49594941782867774,
    "path_length": 7.692603645543568,
    "oracle_success": 0.3375,
    "steps_taken": 55.9875
}