{
    "distance_to_goal": 8.858447269164026,
    "success": 0.175,
    "spl": 0.15980548859504393,
    "ndtw": 0.4419603156549761,
    "path_length": 8.507383071600634,
    "oracle_success": 0.3125,
    "steps_taken": 59.9625
}