{
    "distance_to_goal": 9.184590208530427,
    "success": 0.1625,
    "spl": 0.15073030772728208,
    "ndtw": 0.4237093577170949,
    "path_length": 7.370511602284386,
    "oracle_success": 0.2375,
    "steps_taken": 58.3125
}