{
    "distance_to_goal": 8.389693112671376,
    "success": 0.25,
    "spl": 0.23623772142422692,
    "ndtw": 0.4650457985261601,
    "path_length": 8.113573055993765,
    "oracle_success": 0.325,
    "steps_taken": 55.2125
}