{
    "distance_to_goal": 8.582430664730046,
    "success": 0.2326478149100257,
    "spl": 0.21673384331286208,
    "ndtw": 0.4530862475003686,
    "path_length": 8.033024973047928,
    "oracle_success": 0.32005141388174807,
    "steps_taken": 59.62210796915167
}