{
    "distance_to_goal": 8.618874551627814,
    "success": 0.20308483290488433,
    "spl": 0.19198224019555643,
    "ndtw": 0.46011854767875404,
    "path_length": 7.383000772911316,
    "oracle_success": 0.2660668380462725,
    "steps_taken": 60.30719794344473
}