{
    "distance_to_goal": 11.207104432582856,
    "success": 0.05,
    "spl": 0.03880591872716086,
    "ndtw": 0.24788149473268292,
    "path_length": 11.300700437698106,
    "oracle_success": 0.2125,
    "steps_taken": 84.7875
}