{
    "distance_to_goal": 10.360064666092299,
    "success": 0.0636215334420881,
    "spl": 0.04771146765351822,
    "ndtw": 0.2772221126334035,
    "path_length": 9.877101702102193,
    "oracle_success": 0.20717781402936378,
    "steps_taken": 82.1957585644372
}