{
    "distance_to_goal": 11.243766180425883,
    "success": 0.0875,
    "spl": 0.06618588739660755,
    "ndtw": 0.25443338035400476,
    "path_length": 10.96992496890748,
    "oracle_success": 0.15,
    "steps_taken": 81.2875
}