{
    "distance_to_goal": 10.749555692076683,
    "success": 0.05,
    "spl": 0.04397836798458389,
    "ndtw": 0.3230484832109746,
    "path_length": 9.571788630184892,
    "oracle_success": 0.1625,
    "steps_taken": 68.75
}