{
    "distance_to_goal": 11.135666194558144,
    "success": 0.0875,
    "spl": 0.0681125063751879,
    "ndtw": 0.28599041743266673,
    "path_length": 9.923660687546363,
    "oracle_success": 0.15,
    "steps_taken": 70.6875
}