{
    "distance_to_goal": 10.745876425700047,
    "success": 0.10796915167095116,
    "spl": 0.08042012374352626,
    "ndtw": 0.2857978235751581,
    "path_length": 10.722622495816292,
    "oracle_success": 0.2467866323907455,
    "steps_taken": 77.7827763496144
}