{
    "distance_to_goal": 11.021125140786172,
    "success": 0.0375,
    "spl": 0.0267847039804378,
    "ndtw": 0.28104727642914984,
    "path_length": 10.859895521236467,
    "oracle_success": 0.1625,
    "steps_taken": 81.25
}