{
    "distance_to_goal": 10.41935064496142,
    "success": 0.12339331619537275,
    "spl": 0.10296362843820026,
    "ndtw": 0.319721093534134,
    "path_length": 10.015418630602621,
    "oracle_success": 0.2506426735218509,
    "steps_taken": 73.04370179948586
}