{
    "distance_to_goal": 10.811308812589449,
    "success": 0.09640102827763496,
    "spl": 0.06913828948647031,
    "ndtw": 0.27364411466795363,
    "path_length": 11.73186139788999,
    "oracle_success": 0.2737789203084833,
    "steps_taken": 90.91002570694087
}