{
    "distance_to_goal": 10.245727101713419,
    "success": 0.1,
    "spl": 0.07337500158422608,
    "ndtw": 0.27166728203045976,
    "path_length": 11.893091072843527,
    "oracle_success": 0.2625,
    "steps_taken": 87.7875
}