{
    "distance_to_goal": 11.209394374489785,
    "success": 0.075,
    "spl": 0.05478402854564109,
    "ndtw": 0.2722783711679003,
    "path_length": 10.569935837145472,
    "oracle_success": 0.1625,
    "steps_taken": 76.2
}