{
    "distance_to_goal": 10.521506707370282,
    "success": 0.1125,
    "spl": 0.09570130616988055,
    "ndtw": 0.32500140509768205,
    "path_length": 10.295769531927363,
    "oracle_success": 0.2,
    "steps_taken": 72.925
}