{
    "distance_to_goal": 10.750748714059592,
    "success": 0.075,
    "spl": 0.05455229417457984,
    "ndtw": 0.270480641459122,
    "path_length": 11.8317785932275,
    "oracle_success": 0.225,
    "steps_taken": 91.4875
}