{
    "distance_to_goal": 10.807604506611824,
    "success": 0.1,
    "spl": 0.07463867494002643,
    "ndtw": 0.2708237136885706,
    "path_length": 11.760441291908501,
    "oracle_success": 0.2625,
    "steps_taken": 90.85
}