{
    "distance_to_goal": 11.182594205997884,
    "success": 0.0875,
    "spl": 0.06305726649588878,
    "ndtw": 0.2594408955021591,
    "path_length": 11.381333402702875,
    "oracle_success": 0.1875,
    "steps_taken": 83.2125
}