{
    "distance_to_goal": 11.345745491981507,
    "success": 0.0625,
    "spl": 0.0440408723651358,
    "ndtw": 0.2596237524012951,
    "path_length": 11.002758858620656,
    "oracle_success": 0.175,
    "steps_taken": 81.55
}