{
    "distance_to_goal": 10.117800424771831,
    "success": 0.09461663947797716,
    "spl": 0.07392544633310821,
    "ndtw": 0.31058343458625526,
    "path_length": 9.61257640699095,
    "oracle_success": 0.2300163132137031,
    "steps_taken": 73.12398042414355
}