{
    "distance_to_goal": 10.833233124017715,
    "success": 0.0625,
    "spl": 0.043277949356688585,
    "ndtw": 0.25962022746078295,
    "path_length": 12.004183990936145,
    "oracle_success": 0.2125,
    "steps_taken": 94.7375
}