{
    "distance_to_goal": 11.817469672113656,
    "success": 0.0625,
    "spl": 0.040800356576793304,
    "ndtw": 0.22743870640078626,
    "path_length": 12.192119905053513,
    "oracle_success": 0.2125,
    "steps_taken": 90.4875
}