{
    "distance_to_goal": 11.162430384755135,
    "success": 0.0625,
    "spl": 0.04830193568653856,
    "ndtw": 0.2467833053860097,
    "path_length": 11.088417801696501,
    "oracle_success": 0.1875,
    "steps_taken": 89.0375
}