{
    "distance_to_goal": 11.372463874518871,
    "success": 0.075,
    "spl": 0.05684896946664895,
    "ndtw": 0.25524380344524034,
    "path_length": 11.834313469657525,
    "oracle_success": 0.2,
    "steps_taken": 88.3875
}