{
    "distance_to_goal": 10.60314775739047,
    "success": 0.11182519280205655,
    "spl": 0.0860570735069945,
    "ndtw": 0.2917500187207137,
    "path_length": 10.840094548321462,
    "oracle_success": 0.24293059125964012,
    "steps_taken": 82.11568123393316
}