{
    "distance_to_goal": 10.576708161085843,
    "success": 0.125,
    "spl": 0.08672230947186217,
    "ndtw": 0.2699065012587464,
    "path_length": 11.493768808568712,
    "oracle_success": 0.25,
    "steps_taken": 87.475
}