{
    "distance_to_goal": 11.151450581103564,
    "success": 0.05,
    "spl": 0.03477904056011656,
    "ndtw": 0.24722117193734397,
    "path_length": 11.860714234945547,
    "oracle_success": 0.175,
    "steps_taken": 94.0125
}