{
    "distance_to_goal": 10.97671147728947,
    "success": 0.08097686375321336,
    "spl": 0.0591791782142771,
    "ndtw": 0.277535638809489,
    "path_length": 11.145037748064766,
    "oracle_success": 0.2467866323907455,
    "steps_taken": 87.54370179948586
}