{
    "distance_to_goal": 10.578119435161351,
    "success": 0.15,
    "spl": 0.1104816817436954,
    "ndtw": 0.2803717212627653,
    "path_length": 11.289970351938972,
    "oracle_success": 0.2875,
    "steps_taken": 77.45
}