{
    "distance_to_goal": 10.676721641793847,
    "success": 0.1,
    "spl": 0.08114524310780506,
    "ndtw": 0.29817777379342175,
    "path_length": 10.553971589599678,
    "oracle_success": 0.1875,
    "steps_taken": 84.35
}