{
    "distance_to_goal": 10.932334898412227,
    "success": 0.1,
    "spl": 0.07946936190493628,
    "ndtw": 0.2594109628900991,
    "path_length": 11.100256197231648,
    "oracle_success": 0.2125,
    "steps_taken": 85.7625
}