{
    "distance_to_goal": 10.680465310811996,
    "success": 0.1,
    "spl": 0.0727179693630074,
    "ndtw": 0.29985033768249675,
    "path_length": 10.143580559871044,
    "oracle_success": 0.1625,
    "steps_taken": 78.2375
}