{
    "distance_to_goal": 10.838924590870738,
    "success": 0.0875,
    "spl": 0.07130116858327545,
    "ndtw": 0.25997634726749463,
    "path_length": 11.314145964141062,
    "oracle_success": 0.225,
    "steps_taken": 84.275
}