{
    "distance_to_goal": 11.63327606767416,
    "success": 0.0875,
    "spl": 0.07563348806879258,
    "ndtw": 0.26118768871176185,
    "path_length": 11.37564834416416,
    "oracle_success": 0.2375,
    "steps_taken": 84.65
}