{
    "distance_to_goal": 11.308822055160999,
    "success": 0.0875,
    "spl": 0.06511705437185404,
    "ndtw": 0.2476857888571724,
    "path_length": 11.389415427536004,
    "oracle_success": 0.225,
    "steps_taken": 88.075
}