{
    "distance_to_goal": 11.772477749735117,
    "success": 0.075,
    "spl": 0.05767784759772673,
    "ndtw": 0.23285895722650873,
    "path_length": 11.719873960924986,
    "oracle_success": 0.2125,
    "steps_taken": 91.3625
}