{
    "distance_to_goal": 10.221318411543082,
    "success": 0.0864600326264274,
    "spl": 0.06564699834658161,
    "ndtw": 0.2916052171475461,
    "path_length": 10.394661900129062,
    "oracle_success": 0.2463295269168026,
    "steps_taken": 81.0821098423056
}