{
    "distance_to_goal": 10.32621936850116,
    "success": 0.09135399673735727,
    "spl": 0.06696869404918766,
    "ndtw": 0.2812084427821925,
    "path_length": 10.25084573682679,
    "oracle_success": 0.2234910277324633,
    "steps_taken": 79.41435562805873
}