{
    "distance_to_goal": 10.367249841988087,
    "success": 0.1125,
    "spl": 0.07868045847849313,
    "ndtw": 0.2745426170078626,
    "path_length": 10.882080435068929,
    "oracle_success": 0.225,
    "steps_taken": 86.025
}