{
    "distance_to_goal": 11.22051587253809,
    "success": 0.0375,
    "spl": 0.02346457868055799,
    "ndtw": 0.23760392089414245,
    "path_length": 12.145828711870127,
    "oracle_success": 0.2,
    "steps_taken": 89.625
}