{
    "distance_to_goal": 10.58642973303795,
    "success": 0.0875,
    "spl": 0.06402346850173568,
    "ndtw": 0.30909684675344545,
    "path_length": 10.597802292820415,
    "oracle_success": 0.2125,
    "steps_taken": 79.8125
}