{
    "distance_to_goal": 10.975574977695942,
    "success": 0.1125,
    "spl": 0.07711047237528443,
    "ndtw": 0.26554368704151526,
    "path_length": 11.797302445812965,
    "oracle_success": 0.275,
    "steps_taken": 88.6
}