{
    "distance_to_goal": 11.411936187744141,
    "success": 0.0625,
    "spl": 0.04769986691966536,
    "ndtw": 0.2575567183382502,
    "path_length": 11.749878594426264,
    "oracle_success": 0.175,
    "steps_taken": 91.525
}