{
    "distance_to_goal": 11.018334835767746,
    "success": 0.0625,
    "spl": 0.04610211650901217,
    "ndtw": 0.25087630764801494,
    "path_length": 11.71156724363318,
    "oracle_success": 0.2375,
    "steps_taken": 94.35
}