{
    "distance_to_goal": 11.666786968708038,
    "success": 0.0625,
    "spl": 0.040888919591986844,
    "ndtw": 0.2532115780182677,
    "path_length": 10.26843412970634,
    "oracle_success": 0.1625,
    "steps_taken": 77.225
}