{
    "distance_to_goal": 11.030258563905955,
    "success": 0.075,
    "spl": 0.05075877614158619,
    "ndtw": 0.277107874008285,
    "path_length": 10.490071961894865,
    "oracle_success": 0.1875,
    "steps_taken": 82.1875
}