{
    "distance_to_goal": 11.506670424342156,
    "success": 0.0625,
    "spl": 0.043812278688025126,
    "ndtw": 0.2364977897340279,
    "path_length": 11.832431622938747,
    "oracle_success": 0.2,
    "steps_taken": 85.95
}