{
    "distance_to_goal": 11.308093282207846,
    "success": 0.075,
    "spl": 0.05784641994479649,
    "ndtw": 0.2657404626618543,
    "path_length": 11.43059446662519,
    "oracle_success": 0.225,
    "steps_taken": 93.2125
}