{
    "distance_to_goal": 10.634421452879906,
    "success": 0.0875,
    "spl": 0.06324568631393294,
    "ndtw": 0.2813013873639851,
    "path_length": 11.984285918289777,
    "oracle_success": 0.2125,
    "steps_taken": 92.6
}