{
    "distance_to_goal": 11.689297784492373,
    "success": 0.05,
    "spl": 0.035299081422052916,
    "ndtw": 0.2478841464854893,
    "path_length": 11.13358491211111,
    "oracle_success": 0.1625,
    "steps_taken": 84.875
}