{
    "distance_to_goal": 10.810580744594336,
    "success": 0.075,
    "spl": 0.061407990449125115,
    "ndtw": 0.31039073390633604,
    "path_length": 10.190500481553524,
    "oracle_success": 0.2,
    "steps_taken": 71.2
}