{
    "distance_to_goal": 11.251728838682174,
    "success": 0.0625,
    "spl": 0.0496014052894628,
    "ndtw": 0.27014121442071265,
    "path_length": 11.861664902089979,
    "oracle_success": 0.2125,
    "steps_taken": 90.65
}