{
    "distance_to_goal": 10.696925540640951,
    "success": 0.0375,
    "spl": 0.023763587211315853,
    "ndtw": 0.25751134342571647,
    "path_length": 10.870977739601221,
    "oracle_success": 0.2,
    "steps_taken": 87.45
}