{
    "distance_to_goal": 10.884122717380524,
    "success": 0.1,
    "spl": 0.08230720765046347,
    "ndtw": 0.24750301046553913,
    "path_length": 12.227598941787386,
    "oracle_success": 0.2625,
    "steps_taken": 90.725
}