{
    "distance_to_goal": 11.237235486507416,
    "success": 0.05,
    "spl": 0.04285356200921135,
    "ndtw": 0.26619108767257205,
    "path_length": 10.673340232794061,
    "oracle_success": 0.1375,
    "steps_taken": 75.2
}