{
    "distance_to_goal": 10.989803028106689,
    "success": 0.075,
    "spl": 0.05180490796067375,
    "ndtw": 0.2282216091054079,
    "path_length": 12.329211730971291,
    "oracle_success": 0.25,
    "steps_taken": 92.05
}