{
    "distance_to_goal": 11.044210277497768,
    "success": 0.1,
    "spl": 0.06986447900194485,
    "ndtw": 0.26152998394823845,
    "path_length": 11.393607713951303,
    "oracle_success": 0.225,
    "steps_taken": 91.55
}