{
    "distance_to_goal": 10.469552813470363,
    "success": 0.0875,
    "spl": 0.0628352822107171,
    "ndtw": 0.2709191178828808,
    "path_length": 10.975032612850223,
    "oracle_success": 0.2375,
    "steps_taken": 82.7375
}