{
    "distance_to_goal": 11.321104564517736,
    "success": 0.05,
    "spl": 0.040018986229211385,
    "ndtw": 0.2860418526807794,
    "path_length": 10.109530021510276,
    "oracle_success": 0.1375,
    "steps_taken": 68.1125
}