{
    "distance_to_goal": 10.526508432626724,
    "success": 0.0875,
    "spl": 0.06732843211863401,
    "ndtw": 0.2711928611115893,
    "path_length": 11.54314745124575,
    "oracle_success": 0.2125,
    "steps_taken": 93.4375
}