{
    "distance_to_goal": 10.687053336199268,
    "success": 0.11953727506426735,
    "spl": 0.09225113359884418,
    "ndtw": 0.2922645379201747,
    "path_length": 10.766829066388071,
    "oracle_success": 0.2660668380462725,
    "steps_taken": 81.12082262210797
}