{
    "distance_to_goal": 10.861486282944679,
    "success": 0.125,
    "spl": 0.09338349742538601,
    "ndtw": 0.27266962660727845,
    "path_length": 11.178042687979177,
    "oracle_success": 0.25,
    "steps_taken": 81.0125
}