{
    "distance_to_goal": 10.915756349265575,
    "success": 0.1125,
    "spl": 0.08039566078863518,
    "ndtw": 0.2477892575584682,
    "path_length": 11.737472196045564,
    "oracle_success": 0.225,
    "steps_taken": 88.1125
}