{
    "distance_to_goal": 11.649139042943716,
    "success": 0.05,
    "spl": 0.03573631968521858,
    "ndtw": 0.23016361096695764,
    "path_length": 10.492370162291627,
    "oracle_success": 0.1375,
    "steps_taken": 86.6125
}