{
    "distance_to_goal": 11.870472736656666,
    "success": 0.05,
    "spl": 0.04099932109193537,
    "ndtw": 0.2553718699919754,
    "path_length": 10.491866181373188,
    "oracle_success": 0.15,
    "steps_taken": 72.8875
}