{
    "distance_to_goal": 11.513989967107772,
    "success": 0.0375,
    "spl": 0.03321464645036837,
    "ndtw": 0.22522670865647063,
    "path_length": 12.050256930681645,
    "oracle_success": 0.225,
    "steps_taken": 90.6625
}