{
    "distance_to_goal": 10.915625977516175,
    "success": 0.1,
    "spl": 0.07202109932643286,
    "ndtw": 0.2643589308801348,
    "path_length": 11.31800114462385,
    "oracle_success": 0.225,
    "steps_taken": 87.9125
}