{
    "distance_to_goal": 10.444316594302654,
    "success": 0.0625,
    "spl": 0.04719370674420049,
    "ndtw": 0.28142780643584453,
    "path_length": 11.427817184313607,
    "oracle_success": 0.25,
    "steps_taken": 87.35
}