{
    "distance_to_goal": 10.313930916413664,
    "success": 0.1125,
    "spl": 0.0895263492790756,
    "ndtw": 0.2582915899749463,
    "path_length": 12.137548644098745,
    "oracle_success": 0.275,
    "steps_taken": 89.6
}