{
    "distance_to_goal": 11.292114520072937,
    "success": 0.0625,
    "spl": 0.04109603964852672,
    "ndtw": 0.23545873005013895,
    "path_length": 12.143336822149285,
    "oracle_success": 0.2125,
    "steps_taken": 92.8
}