{
    "distance_to_goal": 11.463159726560116,
    "success": 0.0625,
    "spl": 0.052847663742613536,
    "ndtw": 0.28136377678301305,
    "path_length": 9.953787827466574,
    "oracle_success": 0.15,
    "steps_taken": 71.775
}