{
    "distance_to_goal": 10.740558625838137,
    "success": 0.11182519280205655,
    "spl": 0.08271620853886502,
    "ndtw": 0.287377122604272,
    "path_length": 10.724500735702142,
    "oracle_success": 0.2275064267352185,
    "steps_taken": 79.58740359897172
}