{
    "distance_to_goal": 10.75845617800951,
    "success": 0.0625,
    "spl": 0.05325492211063213,
    "ndtw": 0.3077590521164698,
    "path_length": 9.693644947704161,
    "oracle_success": 0.175,
    "steps_taken": 69.3125
}