{
    "distance_to_goal": 11.381553640961647,
    "success": 0.0375,
    "spl": 0.029899405483870427,
    "ndtw": 0.2740218685161047,
    "path_length": 10.507978509151144,
    "oracle_success": 0.15,
    "steps_taken": 71.8375
}