{
    "distance_to_goal": 10.74262268274333,
    "success": 0.08868894601542417,
    "spl": 0.06696609887735305,
    "ndtw": 0.26596746194057175,
    "path_length": 11.537745147071774,
    "oracle_success": 0.2583547557840617,
    "steps_taken": 89.70308483290488
}