{
    "distance_to_goal": 11.452706450223923,
    "success": 0.0625,
    "spl": 0.04243446816345411,
    "ndtw": 0.24270343591358762,
    "path_length": 11.051081734412582,
    "oracle_success": 0.175,
    "steps_taken": 77.7375
}