{
    "distance_to_goal": 11.265214554406702,
    "success": 0.05,
    "spl": 0.03386636058189743,
    "ndtw": 0.27160177599941426,
    "path_length": 11.212749524263199,
    "oracle_success": 0.1625,
    "steps_taken": 81.9375
}