{
    "distance_to_goal": 10.609013976156712,
    "success": 0.0875,
    "spl": 0.06977263087605641,
    "ndtw": 0.3217491105068042,
    "path_length": 9.652684066609073,
    "oracle_success": 0.15,
    "steps_taken": 70.5875
}