{
    "distance_to_goal": 10.595085859298706,
    "success": 0.125,
    "spl": 0.09241655022101579,
    "ndtw": 0.2815007628460589,
    "path_length": 10.7769737383136,
    "oracle_success": 0.225,
    "steps_taken": 81.9625
}