{
    "distance_to_goal": 11.548408818244933,
    "success": 0.075,
    "spl": 0.051202351907760055,
    "ndtw": 0.23112613529561538,
    "path_length": 12.2319975132923,
    "oracle_success": 0.25,
    "steps_taken": 89.7125
}