{
    "distance_to_goal": 11.121357728168368,
    "success": 0.125,
    "spl": 0.09235226349627182,
    "ndtw": 0.2726942096832475,
    "path_length": 11.373491998671671,
    "oracle_success": 0.225,
    "steps_taken": 79.625
}