{
    "distance_to_goal": 10.995960918441416,
    "success": 0.1125,
    "spl": 0.08199712825136841,
    "ndtw": 0.2770316258394735,
    "path_length": 10.892891201010206,
    "oracle_success": 0.2,
    "steps_taken": 79.575
}