{
    "distance_to_goal": 10.91576297134161,
    "success": 0.075,
    "spl": 0.05336946554177089,
    "ndtw": 0.27248151172456214,
    "path_length": 11.362499629195373,
    "oracle_success": 0.225,
    "steps_taken": 90.0125
}