{
    "distance_to_goal": 10.944129905104637,
    "success": 0.075,
    "spl": 0.055802884723650734,
    "ndtw": 0.24936815146731606,
    "path_length": 11.441688082973997,
    "oracle_success": 0.2125,
    "steps_taken": 88.15
}