{
    "distance_to_goal": 8.47500586278909,
    "success": 0.19665809768637532,
    "spl": 0.18316339806508694,
    "ndtw": 0.43929235265323135,
    "path_length": 9.000767901848464,
    "oracle_success": 0.33161953727506427,
    "steps_taken": 75.62724935732648
}