{
    "distance_to_goal": 9.313627962146589,
    "success": 0.1631321370309951,
    "spl": 0.15169749671091196,
    "ndtw": 0.4037569159047108,
    "path_length": 7.7912928231692575,
    "oracle_success": 0.25774877650897227,
    "steps_taken": 67.20717781402936
}