{
    "distance_to_goal": 8.324351555258419,
    "success": 0.2300771208226221,
    "spl": 0.21345321325129374,
    "ndtw": 0.45339247792807535,
    "path_length": 8.451969280672849,
    "oracle_success": 0.3380462724935733,
    "steps_taken": 60.83161953727507
}