{
    "distance_to_goal": 8.235027975216507,
    "success": 0.25,
    "spl": 0.2275202306870172,
    "ndtw": 0.48704588913430025,
    "path_length": 7.902884665434248,
    "oracle_success": 0.3125,
    "steps_taken": 62.1375
}