{
    "distance_to_goal": 8.477825567498803,
    "success": 0.2625,
    "spl": 0.24417554601595354,
    "ndtw": 0.4689991160657302,
    "path_length": 7.281968803855125,
    "oracle_success": 0.3125,
    "steps_taken": 65.0
}