{
    "distance_to_goal": 9.157365508462632,
    "success": 0.15171288743882544,
    "spl": 0.14093629961817028,
    "ndtw": 0.4149423384427047,
    "path_length": 7.14140117710626,
    "oracle_success": 0.23164763458401305,
    "steps_taken": 59.22838499184339
}