{
    "distance_to_goal": 9.516711228340863,
    "success": 0.1625,
    "spl": 0.14955381557301023,
    "ndtw": 0.40207458592145395,
    "path_length": 8.519843898998806,
    "oracle_success": 0.25,
    "steps_taken": 63.0375
}