{
    "distance_to_goal": 9.09062190823123,
    "success": 0.1928020565552699,
    "spl": 0.18186588440947676,
    "ndtw": 0.4164523992376735,
    "path_length": 8.717896653696899,
    "oracle_success": 0.2982005141388175,
    "steps_taken": 67.90616966580977
}