{
    "distance_to_goal": 9.364217991754412,
    "success": 0.2625,
    "spl": 0.24902901469920308,
    "ndtw": 0.4288050615146918,
    "path_length": 7.854902918392327,
    "oracle_success": 0.2875,
    "steps_taken": 53.925
}