{
    "distance_to_goal": 9.677823035418987,
    "success": 0.2125,
    "spl": 0.20638534715142995,
    "ndtw": 0.4257857981377211,
    "path_length": 8.256966472385102,
    "oracle_success": 0.2625,
    "steps_taken": 54.0625
}