{
    "distance_to_goal": 8.935683204606175,
    "success": 0.2375,
    "spl": 0.22534261772257644,
    "ndtw": 0.45803578581991616,
    "path_length": 7.957647044837358,
    "oracle_success": 0.2875,
    "steps_taken": 58.0
}