{
    "distance_to_goal": 8.785252528518898,
    "success": 0.2210796915167095,
    "spl": 0.20682958028183127,
    "ndtw": 0.44490043451767813,
    "path_length": 9.129765685889689,
    "oracle_success": 0.35218508997429304,
    "steps_taken": 65.08483290488432
}