{
    "distance_to_goal": 8.38534299037144,
    "success": 0.2609254498714653,
    "spl": 0.24612156086712547,
    "ndtw": 0.4698052302424295,
    "path_length": 8.441526311662328,
    "oracle_success": 0.34704370179948585,
    "steps_taken": 56.47814910025707
}