{
    "distance_to_goal": 9.488937506452203,
    "success": 0.175,
    "spl": 0.16763412400004524,
    "ndtw": 0.4237160264154928,
    "path_length": 7.714384564023931,
    "oracle_success": 0.2375,
    "steps_taken": 59.7875
}