{
    "distance_to_goal": 8.324635135953178,
    "success": 0.24293059125964012,
    "spl": 0.22366161809377175,
    "ndtw": 0.4691337470748626,
    "path_length": 8.612439053507623,
    "oracle_success": 0.34832904884318766,
    "steps_taken": 60.49228791773779
}