{
    "distance_to_goal": 9.705106664374025,
    "success": 0.13376835236541598,
    "spl": 0.12379589899505554,
    "ndtw": 0.3910378670101565,
    "path_length": 7.294145515360032,
    "oracle_success": 0.1854268624252311,
    "steps_taken": 55.90538336052202
}