{
    "distance_to_goal": 7.924913189654025,
    "success": 0.2544987146529563,
    "spl": 0.2391821749060676,
    "ndtw": 0.49272159222473033,
    "path_length": 8.35467235529187,
    "oracle_success": 0.36503856041131105,
    "steps_taken": 57.390745501285345
}