{
    "distance_to_goal": 9.404450545273722,
    "success": 0.1625,
    "spl": 0.15776725787029502,
    "ndtw": 0.40935489892208177,
    "path_length": 8.56656015362239,
    "oracle_success": 0.2375,
    "steps_taken": 61.975
}