{
    "distance_to_goal": 9.578099977579566,
    "success": 0.14953779227841218,
    "spl": 0.1383354132457982,
    "ndtw": 0.3899932707711726,
    "path_length": 7.825877725054564,
    "oracle_success": 0.22022838499184338,
    "steps_taken": 61.674279499728115
}