{
    "distance_to_goal": 8.093211797868072,
    "success": 0.2326478149100257,
    "spl": 0.21989049331509172,
    "ndtw": 0.4790569044177408,
    "path_length": 8.157833921312795,
    "oracle_success": 0.33161953727506427,
    "steps_taken": 57.94344473007712
}