{
    "distance_to_goal": 8.16422021687797,
    "success": 0.2583547557840617,
    "spl": 0.24632876927216676,
    "ndtw": 0.4806705958113565,
    "path_length": 7.714151347651391,
    "oracle_success": 0.30719794344473006,
    "steps_taken": 53.40231362467866
}