{
    "distance_to_goal": 8.7970213862136,
    "success": 0.1875,
    "spl": 0.18046920799575933,
    "ndtw": 0.45315252412480345,
    "path_length": 7.827600916220399,
    "oracle_success": 0.25,
    "steps_taken": 59.9125
}