{
    "distance_to_goal": 7.962286991486206,
    "success": 0.24293059125964012,
    "spl": 0.22914201895975161,
    "ndtw": 0.4879997913889538,
    "path_length": 7.6048632028454035,
    "oracle_success": 0.3226221079691517,
    "steps_taken": 52.41773778920309
}