{
    "distance_to_goal": 9.973821418546141,
    "success": 0.1625,
    "spl": 0.15502997452038927,
    "ndtw": 0.38829578075412663,
    "path_length": 8.403534012183082,
    "oracle_success": 0.2625,
    "steps_taken": 62.0375
}