{
    "distance_to_goal": 10.223694525659084,
    "success": 0.1125,
    "spl": 0.10958641347404989,
    "ndtw": 0.3664611995977014,
    "path_length": 7.5987799043462445,
    "oracle_success": 0.2,
    "steps_taken": 61.375
}