{
    "distance_to_goal": 9.347729289410974,
    "success": 0.1348558999456226,
    "spl": 0.12604726532053018,
    "ndtw": 0.40734627097465176,
    "path_length": 6.866412808984511,
    "oracle_success": 0.18923327895595432,
    "steps_taken": 51.35725938009788
}