{
    "distance_to_goal": 10.327456171065569,
    "success": 0.1375,
    "spl": 0.13353331908728233,
    "ndtw": 0.3810132758231012,
    "path_length": 8.573866154189455,
    "oracle_success": 0.2375,
    "steps_taken": 62.15
}