{
    "distance_to_goal": 9.80957078449428,
    "success": 0.1875,
    "spl": 0.1669154201234479,
    "ndtw": 0.40512963096442284,
    "path_length": 8.589948751358316,
    "oracle_success": 0.275,
    "steps_taken": 61.275
}