{
    "distance_to_goal": 8.497175296299293,
    "success": 0.2210796915167095,
    "spl": 0.20845080825408083,
    "ndtw": 0.4646177532151145,
    "path_length": 8.717005372329758,
    "oracle_success": 0.33033419023136246,
    "steps_taken": 58.08226221079691
}