{
    "distance_to_goal": 9.695096091752697,
    "success": 0.14301250679717237,
    "spl": 0.1313317301428308,
    "ndtw": 0.39124066309206584,
    "path_length": 7.645275774396155,
    "oracle_success": 0.21914083741163676,
    "steps_taken": 57.51821642196846
}