{
    "distance_to_goal": 9.197972539067269,
    "success": 0.1875,
    "spl": 0.17663816339083954,
    "ndtw": 0.42153719551646934,
    "path_length": 7.510954535275232,
    "oracle_success": 0.225,
    "steps_taken": 60.2375
}