{
    "distance_to_goal": 9.193339623929933,
    "success": 0.1875,
    "spl": 0.17711125996131688,
    "ndtw": 0.41728925493076546,
    "path_length": 8.380728251789696,
    "oracle_success": 0.2875,
    "steps_taken": 67.65
}