{
    "distance_to_goal": 11.507570506714167,
    "success": 0.09842305600870038,
    "spl": 0.058402156817806,
    "ndtw": 0.1986931698616023,
    "path_length": 17.389965324041565,
    "oracle_success": 0.3926046764545949,
    "steps_taken": 156.74442631865145
}