{
    "distance_to_goal": 11.588751884549856,
    "success": 0.0375,
    "spl": 0.01978430455791598,
    "ndtw": 0.19203097453991622,
    "path_length": 15.510179716818778,
    "oracle_success": 0.3625,
    "steps_taken": 147.875
}