{
    "distance_to_goal": 10.828462014579461,
    "success": 0.10984230560087004,
    "spl": 0.0705924845047669,
    "ndtw": 0.24490859404430707,
    "path_length": 15.105017237823432,
    "oracle_success": 0.3675910821098423,
    "steps_taken": 144.70309951060358
}