{
    "distance_to_goal": 13.132009077072144,
    "success": 0.05,
    "spl": 0.030232568634898323,
    "ndtw": 0.14450375420878042,
    "path_length": 18.18925897722484,
    "oracle_success": 0.375,
    "steps_taken": 170.925
}