{
    "distance_to_goal": 11.040903709062727,
    "success": 0.10154241645244216,
    "spl": 0.06863720474674352,
    "ndtw": 0.23957489359674417,
    "path_length": 15.642536579417786,
    "oracle_success": 0.4640102827763496,
    "steps_taken": 140.38946015424165
}