{
    "distance_to_goal": 11.901840450800956,
    "success": 0.0875,
    "spl": 0.057068330432571354,
    "ndtw": 0.21662716995034031,
    "path_length": 15.458818084315862,
    "oracle_success": 0.4,
    "steps_taken": 148.9875
}