{
    "distance_to_goal": 11.562060793489218,
    "success": 0.1375,
    "spl": 0.07783965204172932,
    "ndtw": 0.22920516021083412,
    "path_length": 13.771815343429239,
    "oracle_success": 0.3375,
    "steps_taken": 139.7625
}