{
    "distance_to_goal": 11.98472061008215,
    "success": 0.0625,
    "spl": 0.04706075287257015,
    "ndtw": 0.20221305165308898,
    "path_length": 15.17418024727429,
    "oracle_success": 0.4,
    "steps_taken": 150.825
}