{
    "distance_to_goal": 11.279765703952405,
    "success": 0.10925449871465295,
    "spl": 0.07427581754869829,
    "ndtw": 0.21175662713443585,
    "path_length": 17.028845848294974,
    "oracle_success": 0.4704370179948586,
    "steps_taken": 154.3727506426735
}