{
    "distance_to_goal": 11.746019174903632,
    "success": 0.0625,
    "spl": 0.046133905101831955,
    "ndtw": 0.2095900733601103,
    "path_length": 15.080964577944808,
    "oracle_success": 0.3375,
    "steps_taken": 139.3125
}