{
    "distance_to_goal": 13.403041156753897,
    "success": 0.0875,
    "spl": 0.059583796269896114,
    "ndtw": 0.187920403477554,
    "path_length": 15.323105296399143,
    "oracle_success": 0.3375,
    "steps_taken": 137.7
}