{
    "distance_to_goal": 11.681048224866391,
    "success": 0.0625,
    "spl": 0.04745737454489364,
    "ndtw": 0.24612973792308415,
    "path_length": 13.627897365681111,
    "oracle_success": 0.2875,
    "steps_taken": 134.375
}