{
    "distance_to_goal": 10.977312416154254,
    "success": 0.08809135399673736,
    "spl": 0.059965810171877354,
    "ndtw": 0.24048246116931105,
    "path_length": 15.353224259120612,
    "oracle_success": 0.3442088091353997,
    "steps_taken": 146.91190864600327
}