{
    "distance_to_goal": 11.819681368768215,
    "success": 0.025,
    "spl": 0.019671550030270584,
    "ndtw": 0.185609641462494,
    "path_length": 14.277543503672533,
    "oracle_success": 0.3625,
    "steps_taken": 149.675
}