{
    "distance_to_goal": 12.127186985892317,
    "success": 0.10154241645244216,
    "spl": 0.07165724991985924,
    "ndtw": 0.21037955335513034,
    "path_length": 16.426335672292844,
    "oracle_success": 0.41259640102827766,
    "steps_taken": 153.24293059125964
}