{
    "distance_to_goal": 11.748921015996553,
    "success": 0.08354755784061697,
    "spl": 0.05716033235830741,
    "ndtw": 0.22347743184266206,
    "path_length": 15.414905877710641,
    "oracle_success": 0.39203084832904883,
    "steps_taken": 140.83419023136247
}