{
    "distance_to_goal": 13.369322799146175,
    "success": 0.0625,
    "spl": 0.04257444248732564,
    "ndtw": 0.15546988295104666,
    "path_length": 15.582605433448531,
    "oracle_success": 0.35,
    "steps_taken": 148.4125
}