{
    "distance_to_goal": 12.948316714167595,
    "success": 0.05,
    "spl": 0.022259785097835903,
    "ndtw": 0.15479635132229297,
    "path_length": 16.433536978741227,
    "oracle_success": 0.3125,
    "steps_taken": 162.0875
}