{
    "distance_to_goal": 11.655549140647054,
    "success": 0.0875,
    "spl": 0.06351739601571296,
    "ndtw": 0.24451531715308947,
    "path_length": 15.208992154218809,
    "oracle_success": 0.425,
    "steps_taken": 141.375
}