{
    "distance_to_goal": 11.099318753592765,
    "success": 0.07583547557840617,
    "spl": 0.055501998929358365,
    "ndtw": 0.23858142378325947,
    "path_length": 16.24247584635222,
    "oracle_success": 0.448586118251928,
    "steps_taken": 145.03470437017995
}