{
    "distance_to_goal": 11.431722646951675,
    "success": 0.1125,
    "spl": 0.06406161154444077,
    "ndtw": 0.2168100729425312,
    "path_length": 14.379242445627966,
    "oracle_success": 0.3125,
    "steps_taken": 138.375
}