{
    "distance_to_goal": 13.000099498033524,
    "success": 0.025,
    "spl": 0.017429558237153527,
    "ndtw": 0.13982278333554848,
    "path_length": 18.130996128269885,
    "oracle_success": 0.3625,
    "steps_taken": 172.4
}