{
    "distance_to_goal": 11.158622058984571,
    "success": 0.07830342577487764,
    "spl": 0.05047484150079215,
    "ndtw": 0.2226166724258589,
    "path_length": 15.07379200697183,
    "oracle_success": 0.320826536160957,
    "steps_taken": 155.89885807504078
}