{
    "distance_to_goal": 12.751517279446125,
    "success": 0.0625,
    "spl": 0.03824158966616581,
    "ndtw": 0.15674946608757073,
    "path_length": 18.224438239237838,
    "oracle_success": 0.35,
    "steps_taken": 166.1
}