{
    "distance_to_goal": 11.264975103735924,
    "success": 0.0375,
    "spl": 0.025463640037697667,
    "ndtw": 0.23087943873065403,
    "path_length": 13.853787618721844,
    "oracle_success": 0.3625,
    "steps_taken": 143.25
}