{
    "distance_to_goal": 12.907850097864866,
    "success": 0.0875,
    "spl": 0.04232117283446146,
    "ndtw": 0.12622033838370783,
    "path_length": 18.136512674734064,
    "oracle_success": 0.4,
    "steps_taken": 166.4375
}