{
    "distance_to_goal": 12.485940150916576,
    "success": 0.1125,
    "spl": 0.05128008450046134,
    "ndtw": 0.16581579544409597,
    "path_length": 16.94051342592429,
    "oracle_success": 0.3875,
    "steps_taken": 163.4875
}