{
    "distance_to_goal": 11.91306739842524,
    "success": 0.09897172236503857,
    "spl": 0.07139143283646533,
    "ndtw": 0.24071058042414153,
    "path_length": 14.772651169747517,
    "oracle_success": 0.35989717223650386,
    "steps_taken": 140.3483290488432
}