{
    "distance_to_goal": 11.712032650411128,
    "success": 0.1125,
    "spl": 0.06840066164596856,
    "ndtw": 0.2025949192589319,
    "path_length": 16.265217274488144,
    "oracle_success": 0.425,
    "steps_taken": 154.2
}