{
    "distance_to_goal": 12.531543087959289,
    "success": 0.025,
    "spl": 0.01085927436225043,
    "ndtw": 0.14763191599284886,
    "path_length": 18.367132098363648,
    "oracle_success": 0.35,
    "steps_taken": 167.675
}