{
    "distance_to_goal": 13.470724584162236,
    "success": 0.0375,
    "spl": 0.02902774183178363,
    "ndtw": 0.175158085198371,
    "path_length": 16.389987611802848,
    "oracle_success": 0.325,
    "steps_taken": 150.8125
}