{
    "distance_to_goal": 11.388245326280593,
    "success": 0.1125,
    "spl": 0.07019288083672551,
    "ndtw": 0.21953973191840698,
    "path_length": 14.569898695002655,
    "oracle_success": 0.4125,
    "steps_taken": 134.4375
}