{
    "distance_to_goal": 10.798950233197457,
    "success": 0.10925449871465295,
    "spl": 0.07326867382524233,
    "ndtw": 0.25311415153883493,
    "path_length": 14.717726517083346,
    "oracle_success": 0.44087403598971725,
    "steps_taken": 140.53084832904884
}