{
    "distance_to_goal": 13.327090325951577,
    "success": 0.0625,
    "spl": 0.02662424752954336,
    "ndtw": 0.14545217386630702,
    "path_length": 17.539637467892447,
    "oracle_success": 0.3375,
    "steps_taken": 161.3
}