{
    "distance_to_goal": 12.322327436506749,
    "success": 0.05,
    "spl": 0.04032646559566845,
    "ndtw": 0.21834801645285706,
    "path_length": 15.406458038755677,
    "oracle_success": 0.3625,
    "steps_taken": 154.575
}