{
    "distance_to_goal": 12.82625080347061,
    "success": 0.075,
    "spl": 0.04242325159909391,
    "ndtw": 0.16287049588969787,
    "path_length": 17.732872626262743,
    "oracle_success": 0.4125,
    "steps_taken": 167.2
}