{
    "distance_to_goal": 11.847443641722203,
    "success": 0.075,
    "spl": 0.04447885440116693,
    "ndtw": 0.1886786847864415,
    "path_length": 15.607330879926645,
    "oracle_success": 0.35,
    "steps_taken": 145.1375
}