{
    "distance_to_goal": 12.541327217966318,
    "success": 0.1125,
    "spl": 0.058893156739566424,
    "ndtw": 0.16496876178074205,
    "path_length": 16.659375728614396,
    "oracle_success": 0.35,
    "steps_taken": 153.2
}