{
    "distance_to_goal": 11.178941456228495,
    "success": 0.1125,
    "spl": 0.06376014824525993,
    "ndtw": 0.22498425558457763,
    "path_length": 15.135241507540428,
    "oracle_success": 0.375,
    "steps_taken": 152.3125
}