{
    "distance_to_goal": 12.522774451971054,
    "success": 0.0625,
    "spl": 0.04041293403769645,
    "ndtw": 0.18454913218579333,
    "path_length": 15.210605245362967,
    "oracle_success": 0.3125,
    "steps_taken": 137.5875
}