{
    "distance_to_goal": 12.469188876450062,
    "success": 0.0375,
    "spl": 0.020347286680143784,
    "ndtw": 0.1967142900591469,
    "path_length": 16.930492903840896,
    "oracle_success": 0.3375,
    "steps_taken": 159.925
}