{
    "distance_to_goal": 11.827292240783573,
    "success": 0.1,
    "spl": 0.05723277248562184,
    "ndtw": 0.2148985780815469,
    "path_length": 15.26911144282705,
    "oracle_success": 0.4375,
    "steps_taken": 145.1875
}