{
    "distance_to_goal": 11.109144277391826,
    "success": 0.09768637532133675,
    "spl": 0.06348904935919367,
    "ndtw": 0.2213501943703736,
    "path_length": 15.945946796701136,
    "oracle_success": 0.43573264781491,
    "steps_taken": 152.81876606683804
}