{
    "distance_to_goal": 10.014946907386184,
    "success": 0.1375,
    "spl": 0.12844444704196536,
    "ndtw": 0.39190794668985124,
    "path_length": 6.398827579244971,
    "oracle_success": 0.2,
    "steps_taken": 56.1375
}