{
    "distance_to_goal": 9.120398857973152,
    "success": 0.16323907455012854,
    "spl": 0.1534885625376508,
    "ndtw": 0.41964145697593863,
    "path_length": 6.7566893985390575,
    "oracle_success": 0.21722365038560412,
    "steps_taken": 53.27634961439589
}