{
    "distance_to_goal": 9.88022116534412,
    "success": 0.1375,
    "spl": 0.1258340269157145,
    "ndtw": 0.3617712638819816,
    "path_length": 6.956740481016459,
    "oracle_success": 0.1625,
    "steps_taken": 56.4625
}