{
    "distance_to_goal": 10.246944343298674,
    "success": 0.1125,
    "spl": 0.10457663064576339,
    "ndtw": 0.3564394317860843,
    "path_length": 7.4902733910770625,
    "oracle_success": 0.1875,
    "steps_taken": 53.025
}