{
    "distance_to_goal": 10.039222844876349,
    "success": 0.15,
    "spl": 0.13209910122932897,
    "ndtw": 0.38258695896706224,
    "path_length": 8.229304245504318,
    "oracle_success": 0.2125,
    "steps_taken": 85.1625
}