{
    "distance_to_goal": 9.446178118126099,
    "success": 0.13239074550128535,
    "spl": 0.12352541056285078,
    "ndtw": 0.3942130971970553,
    "path_length": 7.742725223719058,
    "oracle_success": 0.2249357326478149,
    "steps_taken": 81.62082262210797
}