{
    "distance_to_goal": 9.633181977272034,
    "success": 0.125,
    "spl": 0.10539341004650518,
    "ndtw": 0.3859612329499741,
    "path_length": 7.515087140666923,
    "oracle_success": 0.1875,
    "steps_taken": 73.1375
}