{
    "distance_to_goal": 9.593137953430414,
    "success": 0.0625,
    "spl": 0.058234889811544156,
    "ndtw": 0.37340267394320137,
    "path_length": 5.7427453132928346,
    "oracle_success": 0.125,
    "steps_taken": 59.8625
}