{
    "distance_to_goal": 9.910894205980004,
    "success": 0.1125,
    "spl": 0.0945862000841517,
    "ndtw": 0.3740931850586511,
    "path_length": 7.106320309794714,
    "oracle_success": 0.1625,
    "steps_taken": 59.275
}