{
    "distance_to_goal": 9.279373566909223,
    "success": 0.11256117455138662,
    "spl": 0.10714529754659369,
    "ndtw": 0.39564904666967693,
    "path_length": 5.733676446561404,
    "oracle_success": 0.1473626971179989,
    "steps_taken": 54.06960304513323
}