{
    "distance_to_goal": 9.546317952871323,
    "success": 0.0625,
    "spl": 0.059669318345351344,
    "ndtw": 0.3736268385793752,
    "path_length": 4.146252642275067,
    "oracle_success": 0.075,
    "steps_taken": 28.7625
}