{
    "distance_to_goal": 9.56506897735978,
    "success": 0.09951060358890701,
    "spl": 0.09322006307999178,
    "ndtw": 0.3759691723118883,
    "path_length": 7.29520177283259,
    "oracle_success": 0.1723762914627515,
    "steps_taken": 65.25938009787929
}