{
    "distance_to_goal": 9.871934648044407,
    "success": 0.125,
    "spl": 0.11844490449072353,
    "ndtw": 0.37078290165604477,
    "path_length": 6.537298427341739,
    "oracle_success": 0.2,
    "steps_taken": 64.1625
}