{
    "distance_to_goal": 9.996207695826888,
    "success": 0.1125,
    "spl": 0.10423451550820353,
    "ndtw": 0.3715756330409988,
    "path_length": 7.187371342809638,
    "oracle_success": 0.1625,
    "steps_taken": 70.2375
}