{
    "distance_to_goal": 9.612597315385937,
    "success": 0.075,
    "spl": 0.07406319331160598,
    "ndtw": 0.3902922551455665,
    "path_length": 4.647801993202302,
    "oracle_success": 0.075,
    "steps_taken": 32.7375
}