{
    "distance_to_goal": 9.265739558700348,
    "success": 0.15295629820051415,
    "spl": 0.1422841843793136,
    "ndtw": 0.39630558943200384,
    "path_length": 7.111487504699028,
    "oracle_success": 0.2210796915167095,
    "steps_taken": 61.124678663239074
}