{
    "distance_to_goal": 9.00285826606202,
    "success": 0.15809768637532134,
    "spl": 0.14830625178906115,
    "ndtw": 0.4134313164874762,
    "path_length": 6.951023562605659,
    "oracle_success": 0.2249357326478149,
    "steps_taken": 62.19922879177378
}