{
    "distance_to_goal": 9.438259910332436,
    "success": 0.14524421593830333,
    "spl": 0.1389099841774674,
    "ndtw": 0.3925889883853947,
    "path_length": 6.761277824677991,
    "oracle_success": 0.17352185089974292,
    "steps_taken": 65.09640102827764
}