{
    "distance_to_goal": 10.05285517051816,
    "success": 0.125,
    "spl": 0.11195968306703893,
    "ndtw": 0.3785037841102322,
    "path_length": 6.949698917579371,
    "oracle_success": 0.1625,
    "steps_taken": 62.4375
}