{
    "distance_to_goal": 9.241044913232326,
    "success": 0.0625,
    "spl": 0.06156319331160598,
    "ndtw": 0.3909148232063228,
    "path_length": 3.838135235212394,
    "oracle_success": 0.0625,
    "steps_taken": 26.9875
}