{
    "distance_to_goal": 9.919705708324908,
    "success": 0.1125,
    "spl": 0.09984136540283628,
    "ndtw": 0.3780558142991613,
    "path_length": 6.482241993659409,
    "oracle_success": 0.125,
    "steps_taken": 71.275
}