{
    "distance_to_goal": 10.390761801414191,
    "success": 0.1125,
    "spl": 0.10098545299584069,
    "ndtw": 0.3623993030262175,
    "path_length": 6.8735911031602885,
    "oracle_success": 0.15,
    "steps_taken": 72.9375
}