{
    "distance_to_goal": 9.147949287912073,
    "success": 0.13239074550128535,
    "spl": 0.12449774984655355,
    "ndtw": 0.4024364533831851,
    "path_length": 6.606916585939595,
    "oracle_success": 0.15295629820051415,
    "steps_taken": 56.27377892030848
}