{
    "distance_to_goal": 10.621032310090959,
    "success": 0.1125,
    "spl": 0.10111823255534094,
    "ndtw": 0.35049068991593413,
    "path_length": 6.965551772258186,
    "oracle_success": 0.15,
    "steps_taken": 77.675
}