{
    "distance_to_goal": 9.433889681708001,
    "success": 0.15167095115681234,
    "spl": 0.14569321008988645,
    "ndtw": 0.40302980952716794,
    "path_length": 6.421727862691142,
    "oracle_success": 0.19151670951156813,
    "steps_taken": 52.02570694087404
}