{
    "distance_to_goal": 9.084236830472946,
    "success": 0.1375,
    "spl": 0.13315083915817263,
    "ndtw": 0.4179838038632572,
    "path_length": 6.427742272470364,
    "oracle_success": 0.2125,
    "steps_taken": 56.925
}