{
    "distance_to_goal": 9.440312192216515,
    "success": 0.1625,
    "spl": 0.15091518181346844,
    "ndtw": 0.41953596563745377,
    "path_length": 7.116207081300672,
    "oracle_success": 0.2125,
    "steps_taken": 54.0
}