{
    "distance_to_goal": 8.909974873698003,
    "success": 0.14138817480719795,
    "spl": 0.13578999729858734,
    "ndtw": 0.4208048513219242,
    "path_length": 6.461325823568157,
    "oracle_success": 0.1953727506426735,
    "steps_taken": 56.27892030848329
}