{
    "distance_to_goal": 9.867226091679186,
    "success": 0.1125,
    "spl": 0.10335410466573562,
    "ndtw": 0.3737630969784115,
    "path_length": 6.331301883864127,
    "oracle_success": 0.1375,
    "steps_taken": 50.8
}