{
    "distance_to_goal": 9.834759999066591,
    "success": 0.1125,
    "spl": 0.0968359228737257,
    "ndtw": 0.37010000727817205,
    "path_length": 7.446520548057743,
    "oracle_success": 0.15,
    "steps_taken": 72.9375
}