{
    "distance_to_goal": 9.490624520824356,
    "success": 0.12669929309407288,
    "spl": 0.1202167727135975,
    "ndtw": 0.3888496388590425,
    "path_length": 6.42179957773824,
    "oracle_success": 0.17128874388254486,
    "steps_taken": 55.91680261011419
}