{
    "distance_to_goal": 9.482386745139957,
    "success": 0.1125,
    "spl": 0.10934855903731606,
    "ndtw": 0.40083075261036194,
    "path_length": 5.6522138540982265,
    "oracle_success": 0.15,
    "steps_taken": 36.425
}