{
    "distance_to_goal": 9.445153696214362,
    "success": 0.12833061446438282,
    "spl": 0.12170963119638173,
    "ndtw": 0.39107568701777584,
    "path_length": 6.507112165012175,
    "oracle_success": 0.18433931484502447,
    "steps_taken": 61.94344752582926
}