{
    "distance_to_goal": 9.57133328616619,
    "success": 0.0875,
    "spl": 0.08312131337521093,
    "ndtw": 0.396212917450589,
    "path_length": 5.742974184278864,
    "oracle_success": 0.1125,
    "steps_taken": 62.8875
}