{
    "distance_to_goal": 10.481675046868622,
    "success": 0.1125,
    "spl": 0.10541028119512999,
    "ndtw": 0.33787248260284203,
    "path_length": 7.066301833087346,
    "oracle_success": 0.15,
    "steps_taken": 56.425
}