{
    "distance_to_goal": 10.332170743495226,
    "success": 0.1375,
    "spl": 0.12311792463879483,
    "ndtw": 0.36430028317486174,
    "path_length": 7.1463688202726185,
    "oracle_success": 0.1875,
    "steps_taken": 69.825
}