{
    "distance_to_goal": 9.290898474678396,
    "success": 0.0625,
    "spl": 0.06094571034869177,
    "ndtw": 0.3929332998653844,
    "path_length": 4.110097554931417,
    "oracle_success": 0.0625,
    "steps_taken": 32.25
}