{
    "distance_to_goal": 8.928635196760297,
    "success": 0.2125,
    "spl": 0.19622175332112995,
    "ndtw": 0.45686396110412764,
    "path_length": 8.160526782588567,
    "oracle_success": 0.3,
    "steps_taken": 62.3125
}