{
    "distance_to_goal": 9.532218526862561,
    "success": 0.15,
    "spl": 0.14264762633406905,
    "ndtw": 0.43611559849243015,
    "path_length": 7.654006223985926,
    "oracle_success": 0.225,
    "steps_taken": 57.2625
}