{
    "distance_to_goal": 8.45328012444079,
    "success": 0.1625,
    "spl": 0.15585288907125103,
    "ndtw": 0.4476939027472865,
    "path_length": 8.44542283846531,
    "oracle_success": 0.2875,
    "steps_taken": 65.0125
}