{
    "distance_to_goal": 9.665030876017576,
    "success": 0.12234910277324633,
    "spl": 0.11404153086830995,
    "ndtw": 0.37761640875684016,
    "path_length": 7.140301458294945,
    "oracle_success": 0.1756389342033714,
    "steps_taken": 58.915171288743885
}