{
    "distance_to_goal": 9.561357110309302,
    "success": 0.11963023382272975,
    "spl": 0.11072565796325717,
    "ndtw": 0.3836226812781735,
    "path_length": 7.817786939684239,
    "oracle_success": 0.2039151712887439,
    "steps_taken": 63.7047308319739
}