{
    "distance_to_goal": 8.555451169237495,
    "success": 0.2125,
    "spl": 0.20519760707236148,
    "ndtw": 0.47290066321151025,
    "path_length": 8.260887021699455,
    "oracle_success": 0.3,
    "steps_taken": 59.575
}