{
    "distance_to_goal": 8.826558749959984,
    "success": 0.17866323907455012,
    "spl": 0.16747728396483177,
    "ndtw": 0.43518221784796013,
    "path_length": 8.014620359170866,
    "oracle_success": 0.2969151670951157,
    "steps_taken": 63.83547557840617
}