{
    "distance_to_goal": 8.421974540407982,
    "success": 0.20051413881748073,
    "spl": 0.18936372228318968,
    "ndtw": 0.4574995792863176,
    "path_length": 8.233346627098623,
    "oracle_success": 0.30848329048843187,
    "steps_taken": 62.13753213367609
}