{
    "distance_to_goal": 8.898984602093696,
    "success": 0.1625,
    "spl": 0.15211829330307736,
    "ndtw": 0.4318780764011841,
    "path_length": 8.490103138110134,
    "oracle_success": 0.3125,
    "steps_taken": 60.8875
}