{
    "distance_to_goal": 10.065795412659645,
    "success": 0.15,
    "spl": 0.12781140781946085,
    "ndtw": 0.3918490470361821,
    "path_length": 8.906645706025301,
    "oracle_success": 0.3125,
    "steps_taken": 61.7
}