{
    "distance_to_goal": 10.451793169602752,
    "success": 0.1125,
    "spl": 0.09846348940348906,
    "ndtw": 0.3808113369305642,
    "path_length": 9.019056063026074,
    "oracle_success": 0.225,
    "steps_taken": 63.9625
}