{
    "distance_to_goal": 8.669126800261438,
    "success": 0.1625,
    "spl": 0.14708710345939763,
    "ndtw": 0.4495357626860046,
    "path_length": 8.110260993277189,
    "oracle_success": 0.2875,
    "steps_taken": 65.9875
}