{
    "distance_to_goal": 8.475190611455618,
    "success": 0.17994858611825193,
    "spl": 0.17199928657044306,
    "ndtw": 0.46268586776913495,
    "path_length": 7.639779589909947,
    "oracle_success": 0.2879177377892031,
    "steps_taken": 57.02827763496144
}