{
    "distance_to_goal": 8.989810071234379,
    "success": 0.2069408740359897,
    "spl": 0.19312352148744852,
    "ndtw": 0.4480343194643628,
    "path_length": 8.973927386849804,
    "oracle_success": 0.34704370179948585,
    "steps_taken": 63.62596401028278
}