{
    "distance_to_goal": 9.85468967128545,
    "success": 0.125,
    "spl": 0.11899449133953861,
    "ndtw": 0.3823654367028261,
    "path_length": 8.335274127824231,
    "oracle_success": 0.2625,
    "steps_taken": 59.0
}