{
    "distance_to_goal": 10.171183984167874,
    "success": 0.125,
    "spl": 0.12178532234414075,
    "ndtw": 0.3947720153190009,
    "path_length": 8.460939189896454,
    "oracle_success": 0.225,
    "steps_taken": 55.9875
}