{
    "distance_to_goal": 10.157112510502339,
    "success": 0.1375,
    "spl": 0.11897405530690688,
    "ndtw": 0.38884404756410734,
    "path_length": 8.784311240929396,
    "oracle_success": 0.2375,
    "steps_taken": 60.825
}