{
    "distance_to_goal": 8.843215277729733,
    "success": 0.18894601542416453,
    "spl": 0.1793259644334926,
    "ndtw": 0.44200553579703883,
    "path_length": 8.18404951630829,
    "oracle_success": 0.2776349614395887,
    "steps_taken": 59.4280205655527
}