{
    "distance_to_goal": 8.904282022453845,
    "success": 0.1875,
    "spl": 0.17713635743627737,
    "ndtw": 0.43839912261284597,
    "path_length": 8.889194408476666,
    "oracle_success": 0.3375,
    "steps_taken": 62.525
}