{
    "distance_to_goal": 9.524793717052024,
    "success": 0.13539967373572595,
    "spl": 0.12529554857913627,
    "ndtw": 0.39171377798774587,
    "path_length": 7.3808403500590645,
    "oracle_success": 0.20554649265905384,
    "steps_taken": 59.26699293094073
}