{
    "distance_to_goal": 9.667303836718201,
    "success": 0.1375,
    "spl": 0.12077353306438106,
    "ndtw": 0.41006656685621684,
    "path_length": 8.352898552283296,
    "oracle_success": 0.275,
    "steps_taken": 63.6375
}