{
    "distance_to_goal": 8.639606557231023,
    "success": 0.19151670951156813,
    "spl": 0.18180321084563364,
    "ndtw": 0.4520206491648974,
    "path_length": 7.669005592380097,
    "oracle_success": 0.3033419023136247,
    "steps_taken": 59.20179948586118
}