{
    "distance_to_goal": 8.459079880267382,
    "success": 0.175,
    "spl": 0.17024175033918293,
    "ndtw": 0.49149287604235503,
    "path_length": 7.620108908740804,
    "oracle_success": 0.2875,
    "steps_taken": 51.4625
}