{
    "distance_to_goal": 10.243134059011936,
    "success": 0.1125,
    "spl": 0.10571824469637572,
    "ndtw": 0.38371110024950916,
    "path_length": 9.00971285119449,
    "oracle_success": 0.25,
    "steps_taken": 61.625
}