{
    "distance_to_goal": 8.892439184485333,
    "success": 0.18766066838046272,
    "spl": 0.1738752828498196,
    "ndtw": 0.4393475965184942,
    "path_length": 8.559828354145292,
    "oracle_success": 0.3149100257069409,
    "steps_taken": 63.573264781491005
}