{
    "distance_to_goal": 9.816886850818992,
    "success": 0.1125,
    "spl": 0.10348671632806346,
    "ndtw": 0.41090976783522715,
    "path_length": 8.565503085020463,
    "oracle_success": 0.2375,
    "steps_taken": 67.875
}