{
    "distance_to_goal": 11.139713622629642,
    "success": 0.0625,
    "spl": 0.05979496053242768,
    "ndtw": 0.3454584932677994,
    "path_length": 9.36156250154454,
    "oracle_success": 0.225,
    "steps_taken": 77.0875
}