{
    "distance_to_goal": 9.165394015051424,
    "success": 0.175,
    "spl": 0.16794053186930347,
    "ndtw": 0.4434117825912539,
    "path_length": 7.882150113768875,
    "oracle_success": 0.3125,
    "steps_taken": 63.6625
}