{
    "distance_to_goal": 9.486258552968502,
    "success": 0.1375,
    "spl": 0.13199029266464035,
    "ndtw": 0.4341882435278127,
    "path_length": 7.877834107400849,
    "oracle_success": 0.25,
    "steps_taken": 56.1625
}