{
    "distance_to_goal": 8.849888127440812,
    "success": 0.19151670951156813,
    "spl": 0.17838700105611807,
    "ndtw": 0.43928034299618,
    "path_length": 8.245046096207732,
    "oracle_success": 0.31362467866323906,
    "steps_taken": 63.36375321336761
}