{
    "distance_to_goal": 9.766309981261212,
    "success": 0.12941816204458945,
    "spl": 0.11959473242552346,
    "ndtw": 0.3744467072566542,
    "path_length": 8.06071968596596,
    "oracle_success": 0.21968461120174007,
    "steps_taken": 64.53072321914084
}