{
    "distance_to_goal": 9.16864554733038,
    "success": 0.125,
    "spl": 0.12115846596884446,
    "ndtw": 0.4217834469790933,
    "path_length": 8.933702496869955,
    "oracle_success": 0.2875,
    "steps_taken": 56.6875
}