{
    "distance_to_goal": 9.724424782209098,
    "success": 0.125,
    "spl": 0.12337437177571879,
    "ndtw": 0.40794363460524163,
    "path_length": 8.623020151842434,
    "oracle_success": 0.2375,
    "steps_taken": 55.85
}