{
    "distance_to_goal": 10.648630121350289,
    "success": 0.1375,
    "spl": 0.13437296380192687,
    "ndtw": 0.36801559343466966,
    "path_length": 8.932163790706545,
    "oracle_success": 0.2875,
    "steps_taken": 58.525
}