{
    "distance_to_goal": 9.852954337000847,
    "success": 0.0875,
    "spl": 0.08113575818194164,
    "ndtw": 0.3879391841915925,
    "path_length": 8.195836099904943,
    "oracle_success": 0.2,
    "steps_taken": 60.575
}