{
    "distance_to_goal": 9.989154792949558,
    "success": 0.125,
    "spl": 0.12185690616285542,
    "ndtw": 0.37090989343939007,
    "path_length": 8.625910129141994,
    "oracle_success": 0.25,
    "steps_taken": 59.8875
}