{
    "distance_to_goal": 8.914778599888086,
    "success": 0.125,
    "spl": 0.11833755276131111,
    "ndtw": 0.4293353789377109,
    "path_length": 8.766945745563135,
    "oracle_success": 0.2875,
    "steps_taken": 58.6125
}