{
    "distance_to_goal": 9.025351857158396,
    "success": 0.17866323907455012,
    "spl": 0.16717187238302283,
    "ndtw": 0.4324281808509105,
    "path_length": 8.545418913593702,
    "oracle_success": 0.31748071979434445,
    "steps_taken": 60.15681233933162
}