{
    "distance_to_goal": 10.043107759207487,
    "success": 0.075,
    "spl": 0.07257772000819604,
    "ndtw": 0.34124527966847223,
    "path_length": 9.29890974459704,
    "oracle_success": 0.25,
    "steps_taken": 69.8875
}