{
    "distance_to_goal": 9.163784466032658,
    "success": 0.19794344473007713,
    "spl": 0.18318416268580018,
    "ndtw": 0.43761402696645857,
    "path_length": 8.450160170205313,
    "oracle_success": 0.32519280205655526,
    "steps_taken": 57.530848329048844
}