{
    "distance_to_goal": 9.416514940559864,
    "success": 0.1625,
    "spl": 0.15464789112195457,
    "ndtw": 0.42230569167604165,
    "path_length": 8.62696308977902,
    "oracle_success": 0.325,
    "steps_taken": 55.675
}