{
    "distance_to_goal": 9.28656886126846,
    "success": 0.15,
    "spl": 0.14424031041727842,
    "ndtw": 0.43066098379189466,
    "path_length": 9.315395558229648,
    "oracle_success": 0.2875,
    "steps_taken": 57.5875
}