{
    "distance_to_goal": 9.241666163876653,
    "success": 0.1375,
    "spl": 0.13366814552738643,
    "ndtw": 0.41726374785902837,
    "path_length": 8.216912237694487,
    "oracle_success": 0.325,
    "steps_taken": 59.5125
}