{
    "distance_to_goal": 10.119399282336236,
    "success": 0.075,
    "spl": 0.06797748810152067,
    "ndtw": 0.36854282820770445,
    "path_length": 9.610707989138415,
    "oracle_success": 0.2875,
    "steps_taken": 62.725
}