{
    "distance_to_goal": 9.03408275116235,
    "success": 0.1625,
    "spl": 0.14947094032309466,
    "ndtw": 0.4536163467241029,
    "path_length": 8.383275713166222,
    "oracle_success": 0.35,
    "steps_taken": 57.4125
}