{
    "distance_to_goal": 9.363237006217242,
    "success": 0.15,
    "spl": 0.14017374406866726,
    "ndtw": 0.4246878563930615,
    "path_length": 8.542368132877163,
    "oracle_success": 0.275,
    "steps_taken": 57.7125
}