{
    "distance_to_goal": 9.992281908914446,
    "success": 0.125,
    "spl": 0.11230270324271915,
    "ndtw": 0.4134528644649079,
    "path_length": 9.306583490790306,
    "oracle_success": 0.3,
    "steps_taken": 55.175
}