{
    "distance_to_goal": 9.276672561839224,
    "success": 0.125,
    "spl": 0.11656127252051315,
    "ndtw": 0.41182505222099197,
    "path_length": 8.974834823295788,
    "oracle_success": 0.325,
    "steps_taken": 59.9125
}