{
    "distance_to_goal": 9.160461233183742,
    "success": 0.15,
    "spl": 0.13527976326348806,
    "ndtw": 0.4241704944049992,
    "path_length": 9.000092832033989,
    "oracle_success": 0.3375,
    "steps_taken": 65.5875
}