{
    "distance_to_goal": 8.792164826393128,
    "success": 0.1625,
    "spl": 0.1603744855862532,
    "ndtw": 0.4483476984586021,
    "path_length": 8.666880641505122,
    "oracle_success": 0.375,
    "steps_taken": 56.925
}