{
    "distance_to_goal": 10.120878859609366,
    "success": 0.125,
    "spl": 0.12061780825760535,
    "ndtw": 0.40830519316804514,
    "path_length": 8.776439898775426,
    "oracle_success": 0.2375,
    "steps_taken": 53.575
}