{
    "distance_to_goal": 9.673993774503469,
    "success": 0.0625,
    "spl": 0.05825256763973965,
    "ndtw": 0.37764932401268336,
    "path_length": 9.630140367313288,
    "oracle_success": 0.275,
    "steps_taken": 58.375
}