{
    "distance_to_goal": 9.171567038446664,
    "success": 0.1375,
    "spl": 0.13008028407709898,
    "ndtw": 0.43504944402212703,
    "path_length": 9.377272890717723,
    "oracle_success": 0.3,
    "steps_taken": 59.5375
}