{
    "distance_to_goal": 9.64269936531782,
    "success": 0.15,
    "spl": 0.13153004765115317,
    "ndtw": 0.4182573263038538,
    "path_length": 8.872222377907018,
    "oracle_success": 0.2875,
    "steps_taken": 58.8625
}