{
    "distance_to_goal": 10.050243403762579,
    "success": 0.1125,
    "spl": 0.10442949358192548,
    "ndtw": 0.3846912677165295,
    "path_length": 9.276487030694486,
    "oracle_success": 0.2875,
    "steps_taken": 61.1875
}