{
    "distance_to_goal": 9.842366297991138,
    "success": 0.1370309951060359,
    "spl": 0.1269102751467044,
    "ndtw": 0.38059916299438457,
    "path_length": 7.949872470940339,
    "oracle_success": 0.2234910277324633,
    "steps_taken": 64.39097335508428
}