{
    "distance_to_goal": 9.700693413921677,
    "success": 0.16195372750642673,
    "spl": 0.14883081680570728,
    "ndtw": 0.38372817185979186,
    "path_length": 8.824834674426661,
    "oracle_success": 0.29048843187660667,
    "steps_taken": 63.92030848329049
}