{
    "distance_to_goal": 9.312293989485603,
    "success": 0.16965742251223492,
    "spl": 0.1574183829008003,
    "ndtw": 0.41067309120717727,
    "path_length": 7.794387195681264,
    "oracle_success": 0.24796084828711257,
    "steps_taken": 61.815660685154974
}