{
    "distance_to_goal": 9.35430376658786,
    "success": 0.18637532133676094,
    "spl": 0.1754723888803155,
    "ndtw": 0.42347249326508685,
    "path_length": 8.780226350066759,
    "oracle_success": 0.34061696658097684,
    "steps_taken": 59.670951156812336
}