{
    "distance_to_goal": 9.20348743274808,
    "success": 0.1125,
    "spl": 0.11049239604455101,
    "ndtw": 0.41452135202404233,
    "path_length": 8.204641552980855,
    "oracle_success": 0.25,
    "steps_taken": 52.5125
}