{
    "distance_to_goal": 9.424555647820478,
    "success": 0.1631321370309951,
    "spl": 0.14836194410739462,
    "ndtw": 0.3993643640655631,
    "path_length": 7.596942028160405,
    "oracle_success": 0.2300163132137031,
    "steps_taken": 58.14464382816748
}