{
    "distance_to_goal": 8.957538474351168,
    "success": 0.0875,
    "spl": 0.08149366819202089,
    "ndtw": 0.4329809714838606,
    "path_length": 8.362218909853254,
    "oracle_success": 0.25,
    "steps_taken": 58.3625
}