{
    "distance_to_goal": 9.147634040918632,
    "success": 0.17480719794344474,
    "spl": 0.16636257181904526,
    "ndtw": 0.4344962184752779,
    "path_length": 8.510611162120254,
    "oracle_success": 0.31362467866323906,
    "steps_taken": 59.33676092544987
}