{
    "distance_to_goal": 9.70988319851458,
    "success": 0.0875,
    "spl": 0.08001092679892574,
    "ndtw": 0.39317773142850243,
    "path_length": 8.955163195893693,
    "oracle_success": 0.275,
    "steps_taken": 57.475
}