{
    "distance_to_goal": 10.188656622171402,
    "success": 0.075,
    "spl": 0.06944806817995497,
    "ndtw": 0.3606199628595483,
    "path_length": 8.487742040073499,
    "oracle_success": 0.225,
    "steps_taken": 62.5875
}