{
    "distance_to_goal": 9.83193190395832,
    "success": 0.125,
    "spl": 0.11192473872196698,
    "ndtw": 0.39986645200617105,
    "path_length": 8.672203580959954,
    "oracle_success": 0.25,
    "steps_taken": 54.8375
}