{
    "distance_to_goal": 9.278464712202549,
    "success": 0.0875,
    "spl": 0.08000298607315619,
    "ndtw": 0.4157506287039746,
    "path_length": 8.503476210241207,
    "oracle_success": 0.275,
    "steps_taken": 56.175
}