{
    "distance_to_goal": 9.59677304245649,
    "success": 0.14518760195758565,
    "spl": 0.13282382351016284,
    "ndtw": 0.38965158526037064,
    "path_length": 7.778046069814466,
    "oracle_success": 0.2234910277324633,
    "steps_taken": 60.56769983686786
}