{
    "distance_to_goal": 9.300075029825031,
    "success": 0.16580976863753213,
    "spl": 0.15535303582765864,
    "ndtw": 0.4180438319023829,
    "path_length": 8.790777688012163,
    "oracle_success": 0.2982005141388175,
    "steps_taken": 60.73393316195373
}