{
    "distance_to_goal": 8.795176013289044,
    "success": 0.18894601542416453,
    "spl": 0.17659341811689155,
    "ndtw": 0.45634129229644216,
    "path_length": 8.109033776063375,
    "oracle_success": 0.3213367609254499,
    "steps_taken": 55.56555269922879
}