{
    "distance_to_goal": 9.111825404444513,
    "success": 0.18508997429305912,
    "spl": 0.17532481152802273,
    "ndtw": 0.4379992025579045,
    "path_length": 8.646216077670054,
    "oracle_success": 0.32390745501285345,
    "steps_taken": 61.088688946015424
}