{
    "distance_to_goal": 9.521382503956556,
    "success": 0.175,
    "spl": 0.16029836132462247,
    "ndtw": 0.3935654445638604,
    "path_length": 9.456037877016934,
    "oracle_success": 0.25,
    "steps_taken": 75.8375
}