{
    "distance_to_goal": 9.589002000160876,
    "success": 0.13594344752582926,
    "spl": 0.12713763566833883,
    "ndtw": 0.40006194107816573,
    "path_length": 7.645694120978375,
    "oracle_success": 0.20500271886895052,
    "steps_taken": 65.81729200652529
}