{
    "distance_to_goal": 9.122887618467212,
    "success": 0.1875,
    "spl": 0.17326649667374458,
    "ndtw": 0.43521396621358566,
    "path_length": 8.326076186007219,
    "oracle_success": 0.275,
    "steps_taken": 65.725
}