{
    "distance_to_goal": 9.91398122170945,
    "success": 0.12289287656334964,
    "spl": 0.11504828111159429,
    "ndtw": 0.37892206691582964,
    "path_length": 7.964911663571737,
    "oracle_success": 0.21914083741163676,
    "steps_taken": 69.72539423599783
}