{
    "distance_to_goal": 8.56133429284727,
    "success": 0.23136246786632392,
    "spl": 0.21574427016002162,
    "ndtw": 0.46198645517780773,
    "path_length": 8.672174056796436,
    "oracle_success": 0.34190231362467866,
    "steps_taken": 62.25064267352185
}