{
    "distance_to_goal": 8.849865981098265,
    "success": 0.2,
    "spl": 0.18899737176579262,
    "ndtw": 0.44788511412169163,
    "path_length": 8.460272200705367,
    "oracle_success": 0.2625,
    "steps_taken": 60.9375
}