{
    "distance_to_goal": 9.924370762705802,
    "success": 0.175,
    "spl": 0.15772842003346407,
    "ndtw": 0.39983937496511796,
    "path_length": 9.550175822293387,
    "oracle_success": 0.2875,
    "steps_taken": 67.4125
}