{
    "distance_to_goal": 9.007994867488742,
    "success": 0.2,
    "spl": 0.1882604290656575,
    "ndtw": 0.4360115775935752,
    "path_length": 8.506001652963459,
    "oracle_success": 0.2875,
    "steps_taken": 52.6125
}