{
    "distance_to_goal": 8.628365025296807,
    "success": 0.2125,
    "spl": 0.19619494206590898,
    "ndtw": 0.46779592035465817,
    "path_length": 7.690842066824726,
    "oracle_success": 0.2625,
    "steps_taken": 55.5125
}