{
    "distance_to_goal": 9.248229178786278,
    "success": 0.225,
    "spl": 0.21508822371327369,
    "ndtw": 0.43762147835624254,
    "path_length": 8.486571086442563,
    "oracle_success": 0.3125,
    "steps_taken": 64.9375
}