{
    "distance_to_goal": 9.325658908486366,
    "success": 0.1625,
    "spl": 0.14977912276529268,
    "ndtw": 0.41921453393813835,
    "path_length": 8.528373301960528,
    "oracle_success": 0.275,
    "steps_taken": 69.75
}