{
    "distance_to_goal": 8.79789836704731,
    "success": 0.2375,
    "spl": 0.22473523075021334,
    "ndtw": 0.459409845085471,
    "path_length": 8.535930841823575,
    "oracle_success": 0.3375,
    "steps_taken": 54.0875
}