{
    "distance_to_goal": 8.361083523473274,
    "success": 0.2365038560411311,
    "spl": 0.2220768599431045,
    "ndtw": 0.4794404643621539,
    "path_length": 8.436319065144836,
    "oracle_success": 0.3341902313624679,
    "steps_taken": 60.02827763496144
}