{
    "distance_to_goal": 8.5139933799257,
    "success": 0.22879177377892032,
    "spl": 0.2134995457749254,
    "ndtw": 0.4652218206492286,
    "path_length": 8.546952472051164,
    "oracle_success": 0.34061696658097684,
    "steps_taken": 60.541131105398456
}