{
    "distance_to_goal": 8.413957499168756,
    "success": 0.20308483290488433,
    "spl": 0.18938298971861317,
    "ndtw": 0.4583632876083565,
    "path_length": 8.454023458150134,
    "oracle_success": 0.31362467866323906,
    "steps_taken": 66.4228791773779
}