{
    "distance_to_goal": 10.70500367693603,
    "success": 0.1375,
    "spl": 0.125744172348391,
    "ndtw": 0.36396067568240176,
    "path_length": 8.689153880020603,
    "oracle_success": 0.175,
    "steps_taken": 67.4125
}