{
    "distance_to_goal": 9.233576885983348,
    "success": 0.1875,
    "spl": 0.16344665631571814,
    "ndtw": 0.41581772503497083,
    "path_length": 8.921422538108072,
    "oracle_success": 0.2875,
    "steps_taken": 62.675
}