{
    "distance_to_goal": 9.16658703237772,
    "success": 0.1375,
    "spl": 0.13528650690410243,
    "ndtw": 0.4202271348337332,
    "path_length": 8.555323544698183,
    "oracle_success": 0.2375,
    "steps_taken": 68.2875
}