{
    "distance_to_goal": 9.965993121217748,
    "success": 0.13866231647634583,
    "spl": 0.12752397969021498,
    "ndtw": 0.3710371328920052,
    "path_length": 8.300907858573753,
    "oracle_success": 0.22294725394235998,
    "steps_taken": 65.87601957585645
}