{
    "distance_to_goal": 8.282663096487521,
    "success": 0.2625,
    "spl": 0.24225777416891572,
    "ndtw": 0.4658899229560597,
    "path_length": 8.349358916472003,
    "oracle_success": 0.3375,
    "steps_taken": 66.8125
}