{
    "distance_to_goal": 10.239255086835342,
    "success": 0.12615551930396954,
    "spl": 0.11695856489919736,
    "ndtw": 0.3731512254124662,
    "path_length": 8.057225382415066,
    "oracle_success": 0.2039151712887439,
    "steps_taken": 69.37139749864056
}