{
    "distance_to_goal": 8.940661746636033,
    "success": 0.225,
    "spl": 0.2016521915146888,
    "ndtw": 0.4458290552996778,
    "path_length": 8.71083397050388,
    "oracle_success": 0.2875,
    "steps_taken": 59.6125
}