{
    "distance_to_goal": 8.38912199959159,
    "success": 0.2375,
    "spl": 0.2283215783075374,
    "ndtw": 0.4771079792111254,
    "path_length": 8.146826154517475,
    "oracle_success": 0.3125,
    "steps_taken": 62.5125
}