{
    "distance_to_goal": 8.682733649760484,
    "success": 0.1875,
    "spl": 0.1826268224445097,
    "ndtw": 0.45428635159189046,
    "path_length": 7.681346428213098,
    "oracle_success": 0.2875,
    "steps_taken": 55.9625
}