{
    "distance_to_goal": 9.084353727102279,
    "success": 0.2375,
    "spl": 0.22490783653644453,
    "ndtw": 0.4405161459948325,
    "path_length": 9.021517396929443,
    "oracle_success": 0.2875,
    "steps_taken": 57.9625
}