{
    "distance_to_goal": 8.602249666014183,
    "success": 0.19408740359897173,
    "spl": 0.18427475759645887,
    "ndtw": 0.4622442500263716,
    "path_length": 8.199442846684038,
    "oracle_success": 0.31233933161953725,
    "steps_taken": 64.4241645244216
}