{
    "distance_to_goal": 8.490042623877525,
    "success": 0.2375,
    "spl": 0.21334807858003696,
    "ndtw": 0.4608342354214862,
    "path_length": 8.794704948365688,
    "oracle_success": 0.3375,
    "steps_taken": 52.85
}