{
    "distance_to_goal": 8.805247549582896,
    "success": 0.2159383033419023,
    "spl": 0.20463855346608723,
    "ndtw": 0.4458127571987122,
    "path_length": 8.316094824006662,
    "oracle_success": 0.3226221079691517,
    "steps_taken": 64.01285347043702
}