{
    "distance_to_goal": 8.659999526105821,
    "success": 0.2625,
    "spl": 0.2423096966004295,
    "ndtw": 0.45752928317323277,
    "path_length": 8.574144896294456,
    "oracle_success": 0.3375,
    "steps_taken": 60.1125
}