{
    "distance_to_goal": 8.615999187156557,
    "success": 0.225,
    "spl": 0.2158935562763808,
    "ndtw": 0.45612710398191875,
    "path_length": 8.628235255244363,
    "oracle_success": 0.325,
    "steps_taken": 61.2125
}