{
    "distance_to_goal": 8.917913494631648,
    "success": 0.2375,
    "spl": 0.22157656308928156,
    "ndtw": 0.4428292616709693,
    "path_length": 8.738601859949995,
    "oracle_success": 0.2875,
    "steps_taken": 52.0875
}