{
    "distance_to_goal": 9.081884665042162,
    "success": 0.1875,
    "spl": 0.1799674094483468,
    "ndtw": 0.43842468515388494,
    "path_length": 8.072899836674333,
    "oracle_success": 0.25,
    "steps_taken": 62.4125
}