{
    "distance_to_goal": 8.625516771820104,
    "success": 0.2377892030848329,
    "spl": 0.22271459738184685,
    "ndtw": 0.46082910801827676,
    "path_length": 8.610363265857178,
    "oracle_success": 0.32390745501285345,
    "steps_taken": 62.47943444730077
}