{
    "distance_to_goal": 8.995107843354344,
    "success": 0.175,
    "spl": 0.15950540553031203,
    "ndtw": 0.4281107303555743,
    "path_length": 8.763860333280173,
    "oracle_success": 0.275,
    "steps_taken": 56.275
}