{
    "distance_to_goal": 8.53268656320391,
    "success": 0.2300771208226221,
    "spl": 0.21426649336914178,
    "ndtw": 0.46389881864970667,
    "path_length": 8.460572932620664,
    "oracle_success": 0.34190231362467866,
    "steps_taken": 66.58740359897172
}