{
    "distance_to_goal": 8.292412613880051,
    "success": 0.22879177377892032,
    "spl": 0.2149449028876004,
    "ndtw": 0.4699429218731506,
    "path_length": 8.327004838167808,
    "oracle_success": 0.3560411311053985,
    "steps_taken": 61.577120822622106
}