{
    "distance_to_goal": 10.29842826128006,
    "success": 0.1625,
    "spl": 0.15831444780205695,
    "ndtw": 0.36844693168443016,
    "path_length": 8.302734290517401,
    "oracle_success": 0.2125,
    "steps_taken": 63.5125
}