{
    "distance_to_goal": 8.746600258607025,
    "success": 0.2069408740359897,
    "spl": 0.19234610806050928,
    "ndtw": 0.4381622513548535,
    "path_length": 9.333506335459203,
    "oracle_success": 0.34704370179948585,
    "steps_taken": 67.34832904884318
}