{
    "distance_to_goal": 9.101673858901643,
    "success": 0.1500815660685155,
    "spl": 0.13590634134090154,
    "ndtw": 0.39732424313583903,
    "path_length": 7.550237158784028,
    "oracle_success": 0.22185970636215335,
    "steps_taken": 65.4747145187602
}