{
    "distance_to_goal": 8.44292880004813,
    "success": 0.2095115681233933,
    "spl": 0.2001120678832432,
    "ndtw": 0.46088158932897016,
    "path_length": 7.55655855143783,
    "oracle_success": 0.2866323907455013,
    "steps_taken": 58.681233933161955
}