{
    "distance_to_goal": 9.183054933696985,
    "success": 0.175,
    "spl": 0.17148844474883715,
    "ndtw": 0.41948554994519177,
    "path_length": 7.989167058072053,
    "oracle_success": 0.3125,
    "steps_taken": 65.675
}