{
    "distance_to_goal": 8.19211597472506,
    "success": 0.2712082262210797,
    "spl": 0.2543248096716933,
    "ndtw": 0.4836615865756939,
    "path_length": 8.661683164322051,
    "oracle_success": 0.3740359897172236,
    "steps_taken": 62.40874035989717
}