{
    "distance_to_goal": 8.274852008745075,
    "success": 0.2875,
    "spl": 0.2681263290062677,
    "ndtw": 0.49295534775705024,
    "path_length": 8.377743891917635,
    "oracle_success": 0.3625,
    "steps_taken": 56.175
}