{
    "distance_to_goal": 9.182165234908462,
    "success": 0.225,
    "spl": 0.20915095147822643,
    "ndtw": 0.4284721798217486,
    "path_length": 9.11022779396735,
    "oracle_success": 0.325,
    "steps_taken": 64.4625
}