{
    "distance_to_goal": 7.984420355383048,
    "success": 0.23393316195372751,
    "spl": 0.22561211834239958,
    "ndtw": 0.4701652428972599,
    "path_length": 8.383580623087648,
    "oracle_success": 0.3676092544987147,
    "steps_taken": 62.61825192802056
}