{
    "distance_to_goal": 10.946363838016987,
    "success": 0.1,
    "spl": 0.08267754142019478,
    "ndtw": 0.34736405490431776,
    "path_length": 8.901344756723848,
    "oracle_success": 0.2125,
    "steps_taken": 67.1625
}