{
    "distance_to_goal": 9.504305076226592,
    "success": 0.1875,
    "spl": 0.17935035962213658,
    "ndtw": 0.41836741584429815,
    "path_length": 8.949947771138977,
    "oracle_success": 0.2875,
    "steps_taken": 76.9375
}