{
    "distance_to_goal": 9.716030750796198,
    "success": 0.1625,
    "spl": 0.14689248247023018,
    "ndtw": 0.4025819325911086,
    "path_length": 9.410547044611794,
    "oracle_success": 0.3,
    "steps_taken": 76.0125
}