{
    "distance_to_goal": 9.063290664553643,
    "success": 0.225,
    "spl": 0.21123530380429062,
    "ndtw": 0.43833181691798045,
    "path_length": 7.931635741578066,
    "oracle_success": 0.3125,
    "steps_taken": 63.975
}