{
    "distance_to_goal": 8.260358752792936,
    "success": 0.2133676092544987,
    "spl": 0.20554679444766366,
    "ndtw": 0.4683726077842362,
    "path_length": 7.827426550740699,
    "oracle_success": 0.3097686375321337,
    "steps_taken": 59.347043701799485
}