{
    "distance_to_goal": 8.140593922230149,
    "success": 0.21079691516709512,
    "spl": 0.1978683831495348,
    "ndtw": 0.4761081121236883,
    "path_length": 8.370406376884034,
    "oracle_success": 0.33033419023136246,
    "steps_taken": 57.88560411311054
}