{
    "distance_to_goal": 9.649848705530166,
    "success": 0.1875,
    "spl": 0.1813817932528498,
    "ndtw": 0.42686785683053097,
    "path_length": 7.525679905235302,
    "oracle_success": 0.225,
    "steps_taken": 56.975
}