{
    "distance_to_goal": 9.667687569570113,
    "success": 0.17737789203084833,
    "spl": 0.1695116904533045,
    "ndtw": 0.4134100752767359,
    "path_length": 10.110540146452212,
    "oracle_success": 0.3277634961439589,
    "steps_taken": 75.08483290488432
}