{
    "distance_to_goal": 9.313726671232502,
    "success": 0.1500815660685155,
    "spl": 0.13866764484623956,
    "ndtw": 0.40923522812382096,
    "path_length": 7.579540708231214,
    "oracle_success": 0.22838499184339314,
    "steps_taken": 64.4763458401305
}