{
    "distance_to_goal": 9.61541830667291,
    "success": 0.14410005437737902,
    "spl": 0.13298370136071888,
    "ndtw": 0.39110341402853227,
    "path_length": 8.30922622164288,
    "oracle_success": 0.2392604676454595,
    "steps_taken": 69.89070146818923
}