{
    "distance_to_goal": 9.439961531758309,
    "success": 0.15,
    "spl": 0.1365157615518993,
    "ndtw": 0.4228731555950439,
    "path_length": 7.880313628201838,
    "oracle_success": 0.2375,
    "steps_taken": 58.1625
}