{
    "distance_to_goal": 8.924827580153941,
    "success": 0.1875,
    "spl": 0.18246383315502293,
    "ndtw": 0.4483770698651301,
    "path_length": 8.444900414743461,
    "oracle_success": 0.2875,
    "steps_taken": 54.0125
}