{
    "distance_to_goal": 9.339364220382663,
    "success": 0.13539967373572595,
    "spl": 0.12332682304278887,
    "ndtw": 0.4027034512676998,
    "path_length": 7.941620243446861,
    "oracle_success": 0.233278955954323,
    "steps_taken": 68.394779771615
}