{
    "distance_to_goal": 3.5645662428190312,
    "success": 0.5,
    "spl": 0.4998594505217014,
    "ndtw": 0.7302793511960494,
    "path_length": 12.376638832191626,
    "oracle_success": 0.8333333333333334,
    "steps_taken": 97.66666666666667
}