{
    "distance_to_goal": 7.908346037069957,
    "success": 0.16666666666666666,
    "spl": 0.16666666666666666,
    "ndtw": 0.5233185725227666,
    "path_length": 7.103119934598605,
    "oracle_success": 0.16666666666666666,
    "steps_taken": 41.666666666666664
}