{
    "distance_to_goal": 2.16091525554657,
    "success": 0.6666666666666666,
    "spl": 0.6641180200837359,
    "ndtw": 0.8104389665698357,
    "path_length": 12.37826738258203,
    "oracle_success": 0.8333333333333334,
    "steps_taken": 88.0
}