{
    "distance_to_goal": 9.320854617500512,
    "success": 0.09026644915715062,
    "spl": 0.08199313406660823,
    "ndtw": 0.384075514160582,
    "path_length": 6.604745969148045,
    "oracle_success": 0.1533442088091354,
    "steps_taken": 56.45296356715606
}