{
    "distance_to_goal": 10.060249932855367,
    "success": 0.075,
    "spl": 0.06661832460346674,
    "ndtw": 0.37018850816304616,
    "path_length": 8.847131321765483,
    "oracle_success": 0.2375,
    "steps_taken": 62.2
}