{
    "distance_to_goal": 9.330051257509522,
    "success": 0.1245241979336596,
    "spl": 0.11152645362183948,
    "ndtw": 0.38985882487336954,
    "path_length": 7.509304473582434,
    "oracle_success": 0.188689505165851,
    "steps_taken": 63.48830886351278
}