{
    "distance_to_goal": 8.788023774325847,
    "success": 0.125,
    "spl": 0.11487508052119107,
    "ndtw": 0.4312847104253577,
    "path_length": 7.952323811052271,
    "oracle_success": 0.2125,
    "steps_taken": 58.3375
}