{
    "distance_to_goal": 8.91920345723629,
    "success": 0.1625,
    "spl": 0.14055264954591423,
    "ndtw": 0.42016025138940194,
    "path_length": 7.865371518384199,
    "oracle_success": 0.2375,
    "steps_taken": 55.5125
}