{
    "distance_to_goal": 8.094979179089357,
    "success": 0.21979434447300772,
    "spl": 0.20669945489499217,
    "ndtw": 0.47029810729127275,
    "path_length": 6.830937309626664,
    "oracle_success": 0.2802056555269923,
    "steps_taken": 52.17866323907455
}