{
    "distance_to_goal": 8.778696412847863,
    "success": 0.18894601542416453,
    "spl": 0.17160351451463873,
    "ndtw": 0.437901316016727,
    "path_length": 8.342368081469003,
    "oracle_success": 0.2853470437017995,
    "steps_taken": 68.47814910025707
}