{
    "distance_to_goal": 9.826388178765773,
    "success": 0.075,
    "spl": 0.06898145117282706,
    "ndtw": 0.3833511178120453,
    "path_length": 8.744943835586309,
    "oracle_success": 0.225,
    "steps_taken": 59.775
}