{
    "distance_to_goal": 9.15912705967775,
    "success": 0.12234910277324633,
    "spl": 0.10943998048204413,
    "ndtw": 0.39422917308544675,
    "path_length": 6.715768875797252,
    "oracle_success": 0.1821642196846112,
    "steps_taken": 58.1647634584013
}