{
    "distance_to_goal": 8.280809028615222,
    "success": 0.21079691516709512,
    "spl": 0.1946279868406964,
    "ndtw": 0.45738007657845015,
    "path_length": 8.002513091364959,
    "oracle_success": 0.2994858611825193,
    "steps_taken": 59.05526992287918
}