{
    "distance_to_goal": 9.80925455763936,
    "success": 0.1625,
    "spl": 0.1458140997255964,
    "ndtw": 0.3696944175027341,
    "path_length": 8.803562685533539,
    "oracle_success": 0.2375,
    "steps_taken": 66.55
}