{
    "distance_to_goal": 10.07224655598402,
    "success": 0.125,
    "spl": 0.11121035410587385,
    "ndtw": 0.3685404245751213,
    "path_length": 8.961811593937455,
    "oracle_success": 0.2125,
    "steps_taken": 72.05
}