{
    "distance_to_goal": 9.383275330811738,
    "success": 0.1375,
    "spl": 0.1199270078546204,
    "ndtw": 0.3875430220811257,
    "path_length": 8.793119858219725,
    "oracle_success": 0.25,
    "steps_taken": 77.1125
}