{
    "distance_to_goal": 9.367488827556372,
    "success": 0.175,
    "spl": 0.1596686213155931,
    "ndtw": 0.4151352377296173,
    "path_length": 8.558035233372356,
    "oracle_success": 0.2625,
    "steps_taken": 65.3625
}