{
    "distance_to_goal": 8.076856227261242,
    "success": 0.2133676092544987,
    "spl": 0.19924161974500063,
    "ndtw": 0.4803212571889499,
    "path_length": 7.470223584284245,
    "oracle_success": 0.2853470437017995,
    "steps_taken": 54.67994858611825
}