{
    "distance_to_goal": 8.67981089490698,
    "success": 0.19151670951156813,
    "spl": 0.17590729132242766,
    "ndtw": 0.43220689146578556,
    "path_length": 8.574672389220083,
    "oracle_success": 0.31233933161953725,
    "steps_taken": 67.69665809768638
}