{
    "distance_to_goal": 8.905577141680167,
    "success": 0.14845024469820556,
    "spl": 0.1337746260173154,
    "ndtw": 0.4129125862790853,
    "path_length": 7.275506982377982,
    "oracle_success": 0.20717781402936378,
    "steps_taken": 58.05383360522023
}