{
    "distance_to_goal": 9.524907559901475,
    "success": 0.1375,
    "spl": 0.12290762836220345,
    "ndtw": 0.37735965940480176,
    "path_length": 7.663295201439178,
    "oracle_success": 0.2125,
    "steps_taken": 64.0125
}