{
    "distance_to_goal": 8.897378717403102,
    "success": 0.18251928020565553,
    "spl": 0.16150239334992858,
    "ndtw": 0.42248236212963475,
    "path_length": 8.82457510324601,
    "oracle_success": 0.2879177377892031,
    "steps_taken": 67.25964010282776
}