{
    "distance_to_goal": 8.59662691985944,
    "success": 0.18123393316195371,
    "spl": 0.16893997566584126,
    "ndtw": 0.44017854267312195,
    "path_length": 8.426883067052636,
    "oracle_success": 0.2917737789203085,
    "steps_taken": 64.98457583547558
}