{
    "distance_to_goal": 9.009720460325479,
    "success": 0.2125,
    "spl": 0.19500077590230816,
    "ndtw": 0.4559040789998707,
    "path_length": 7.8772604466415945,
    "oracle_success": 0.275,
    "steps_taken": 51.95
}