{
    "distance_to_goal": 8.327354517456499,
    "success": 0.20179948586118251,
    "spl": 0.18852930689136002,
    "ndtw": 0.4590947804478547,
    "path_length": 7.304877399526389,
    "oracle_success": 0.2776349614395887,
    "steps_taken": 53.27377892030848
}