{
    "distance_to_goal": 8.81970143020153,
    "success": 0.1375,
    "spl": 0.13093380527534237,
    "ndtw": 0.43090544105629514,
    "path_length": 7.987068838256718,
    "oracle_success": 0.25,
    "steps_taken": 63.3375
}