{
    "distance_to_goal": 9.053778388723732,
    "success": 0.2125,
    "spl": 0.20044252718732364,
    "ndtw": 0.4467697022452802,
    "path_length": 6.9385413353913465,
    "oracle_success": 0.275,
    "steps_taken": 48.8125
}