{
    "distance_to_goal": 7.700760218738591,
    "success": 0.2827763496143959,
    "spl": 0.26150021007267843,
    "ndtw": 0.5025659805134459,
    "path_length": 8.69522331141527,
    "oracle_success": 0.38303341902313626,
    "steps_taken": 61.49614395886889
}