{
    "distance_to_goal": 9.27001883406192,
    "success": 0.1875,
    "spl": 0.16839386559054584,
    "ndtw": 0.43648406659787187,
    "path_length": 7.769997676508501,
    "oracle_success": 0.2625,
    "steps_taken": 51.025
}