{
    "distance_to_goal": 9.745071397721768,
    "success": 0.15,
    "spl": 0.13368922038921713,
    "ndtw": 0.40199122481843697,
    "path_length": 8.563066830328898,
    "oracle_success": 0.2125,
    "steps_taken": 63.6125
}