{
    "distance_to_goal": 9.066039578856463,
    "success": 0.1598694942903752,
    "spl": 0.14679638366959924,
    "ndtw": 0.41556941955825616,
    "path_length": 8.11753109967065,
    "oracle_success": 0.23817292006525284,
    "steps_taken": 71.99293094072866
}