{
    "distance_to_goal": 9.125646837614477,
    "success": 0.225,
    "spl": 0.2042100763572119,
    "ndtw": 0.4381849689479183,
    "path_length": 8.324771604128182,
    "oracle_success": 0.2875,
    "steps_taken": 61.0
}