{
    "distance_to_goal": 9.844625120796263,
    "success": 0.175,
    "spl": 0.15094484338979042,
    "ndtw": 0.4025183626270777,
    "path_length": 8.387126470986273,
    "oracle_success": 0.275,
    "steps_taken": 69.525
}