{
    "distance_to_goal": 8.869180293567478,
    "success": 0.225,
    "spl": 0.19821652941584933,
    "ndtw": 0.45529833722284635,
    "path_length": 8.79094846022781,
    "oracle_success": 0.325,
    "steps_taken": 70.875
}