{
    "distance_to_goal": 8.560543926618994,
    "success": 0.2125,
    "spl": 0.19612745310205562,
    "ndtw": 0.4670283351719625,
    "path_length": 7.974535843532067,
    "oracle_success": 0.2625,
    "steps_taken": 61.8375
}