{
    "distance_to_goal": 8.872249045409262,
    "success": 0.2,
    "spl": 0.18487727159678405,
    "ndtw": 0.4483294124265583,
    "path_length": 8.770182295126142,
    "oracle_success": 0.2875,
    "steps_taken": 57.7375
}