{
    "distance_to_goal": 8.230822194553912,
    "success": 0.2375,
    "spl": 0.21823701359326425,
    "ndtw": 0.4712785364111534,
    "path_length": 8.356774629827123,
    "oracle_success": 0.2875,
    "steps_taken": 64.4625
}