{
    "distance_to_goal": 8.522363703511655,
    "success": 0.2,
    "spl": 0.18306354725001558,
    "ndtw": 0.4524301420211728,
    "path_length": 8.071813209587708,
    "oracle_success": 0.2875,
    "steps_taken": 63.0875
}