{
    "distance_to_goal": 7.81680018320718,
    "success": 0.2583547557840617,
    "spl": 0.2443776960486084,
    "ndtw": 0.5018974664815402,
    "path_length": 9.195516479531166,
    "oracle_success": 0.38946015424164526,
    "steps_taken": 66.03213367609254
}