{
    "distance_to_goal": 8.953752284310758,
    "success": 0.1875,
    "spl": 0.17135480062601552,
    "ndtw": 0.44906785317655384,
    "path_length": 8.785273805452743,
    "oracle_success": 0.275,
    "steps_taken": 61.3
}