{
    "distance_to_goal": 7.890586603991688,
    "success": 0.2625,
    "spl": 0.23436547440969013,
    "ndtw": 0.4816478100481046,
    "path_length": 8.988416294840864,
    "oracle_success": 0.325,
    "steps_taken": 62.5625
}