{
    "distance_to_goal": 8.847169440425933,
    "success": 0.1875,
    "spl": 0.16724994403383758,
    "ndtw": 0.432143005954729,
    "path_length": 8.988044585479656,
    "oracle_success": 0.2625,
    "steps_taken": 62.25
}