{
    "distance_to_goal": 9.71416006796062,
    "success": 0.175,
    "spl": 0.15583435747232144,
    "ndtw": 0.41254450965617695,
    "path_length": 8.198114767775404,
    "oracle_success": 0.2625,
    "steps_taken": 57.4
}