{
    "distance_to_goal": 9.064001986198127,
    "success": 0.1875,
    "spl": 0.172377272455043,
    "ndtw": 0.4355261553860246,
    "path_length": 9.022121307981433,
    "oracle_success": 0.3125,
    "steps_taken": 65.275
}