{
    "distance_to_goal": 8.72886278796941,
    "success": 0.2375,
    "spl": 0.22460618785932876,
    "ndtw": 0.47768057432788913,
    "path_length": 8.331541119492613,
    "oracle_success": 0.3125,
    "steps_taken": 58.625
}