{
    "distance_to_goal": 8.36029497385025,
    "success": 0.2125,
    "spl": 0.19581396141225954,
    "ndtw": 0.4686110588406477,
    "path_length": 7.997936527431011,
    "oracle_success": 0.275,
    "steps_taken": 54.8625
}