{
    "distance_to_goal": 7.7572834624844225,
    "success": 0.2583547557840617,
    "spl": 0.24327206020149467,
    "ndtw": 0.5021843659604841,
    "path_length": 8.481561379280992,
    "oracle_success": 0.36632390745501286,
    "steps_taken": 62.354755784061695
}