{
    "distance_to_goal": 8.569874305836857,
    "success": 0.2,
    "spl": 0.17890760063833291,
    "ndtw": 0.45567651722510566,
    "path_length": 8.487965724861715,
    "oracle_success": 0.3,
    "steps_taken": 68.25
}