{
    "distance_to_goal": 8.179196038922644,
    "success": 0.2480719794344473,
    "spl": 0.22831649925920885,
    "ndtw": 0.484905943981704,
    "path_length": 8.739465321432785,
    "oracle_success": 0.3560411311053985,
    "steps_taken": 61.476863753213365
}