{
    "distance_to_goal": 9.060345291905104,
    "success": 0.225,
    "spl": 0.1952014268667968,
    "ndtw": 0.433871112781216,
    "path_length": 8.839768932788866,
    "oracle_success": 0.3125,
    "steps_taken": 70.6125
}