{
    "distance_to_goal": 8.827750994823873,
    "success": 0.15,
    "spl": 0.1290096460177313,
    "ndtw": 0.41251985093091265,
    "path_length": 9.16471003734041,
    "oracle_success": 0.3125,
    "steps_taken": 73.7625
}