{
    "distance_to_goal": 9.989226539246738,
    "success": 0.15,
    "spl": 0.13926117265083424,
    "ndtw": 0.4006075552874918,
    "path_length": 8.634971808663527,
    "oracle_success": 0.2875,
    "steps_taken": 57.5375
}