{
    "distance_to_goal": 10.566828447394073,
    "success": 0.1,
    "spl": 0.08365966612231165,
    "ndtw": 0.3579814903919589,
    "path_length": 9.105416790291201,
    "oracle_success": 0.2375,
    "steps_taken": 66.975
}