{
    "distance_to_goal": 8.355594995990396,
    "success": 0.1875,
    "spl": 0.16446441900778822,
    "ndtw": 0.46763153235431976,
    "path_length": 8.295486688194796,
    "oracle_success": 0.3,
    "steps_taken": 60.25
}