{
    "distance_to_goal": 8.090805402375125,
    "success": 0.24293059125964012,
    "spl": 0.22100626408980142,
    "ndtw": 0.4831389920117663,
    "path_length": 8.978832217087845,
    "oracle_success": 0.34704370179948585,
    "steps_taken": 63.709511568123396
}