{
    "distance_to_goal": 8.686291992478072,
    "success": 0.2,
    "spl": 0.17944584892763715,
    "ndtw": 0.4520672417475743,
    "path_length": 7.937536780454684,
    "oracle_success": 0.2375,
    "steps_taken": 54.4875
}