{
    "distance_to_goal": 8.729041044972837,
    "success": 0.225,
    "spl": 0.20106233744112867,
    "ndtw": 0.4597040290577542,
    "path_length": 8.494950814032928,
    "oracle_success": 0.3375,
    "steps_taken": 61.0875
}