{
    "distance_to_goal": 8.028288307487198,
    "success": 0.2352185089974293,
    "spl": 0.21943979156442386,
    "ndtw": 0.4856682650441265,
    "path_length": 9.076221239247442,
    "oracle_success": 0.35861182519280205,
    "steps_taken": 65.4228791773779
}