{
    "distance_to_goal": 9.277402361109854,
    "success": 0.1875,
    "spl": 0.17239263940684318,
    "ndtw": 0.44578072274813413,
    "path_length": 7.579891257244162,
    "oracle_success": 0.3,
    "steps_taken": 54.4625
}