{
    "distance_to_goal": 9.361634087003768,
    "success": 0.2,
    "spl": 0.18509662149080527,
    "ndtw": 0.42441374934359183,
    "path_length": 8.032684844586765,
    "oracle_success": 0.2875,
    "steps_taken": 57.3625
}