{
    "distance_to_goal": 9.53013593032956,
    "success": 0.125,
    "spl": 0.11568267897254461,
    "ndtw": 0.4185470323022297,
    "path_length": 7.832632648642175,
    "oracle_success": 0.2375,
    "steps_taken": 55.0625
}