{
    "distance_to_goal": 8.922219556383789,
    "success": 0.1875,
    "spl": 0.16311282426354443,
    "ndtw": 0.4379177093008269,
    "path_length": 8.634955474799597,
    "oracle_success": 0.2625,
    "steps_taken": 58.8
}