{
    "distance_to_goal": 9.100366923771798,
    "success": 0.1875,
    "spl": 0.17269498598068495,
    "ndtw": 0.4443759726078957,
    "path_length": 8.161464498983696,
    "oracle_success": 0.2375,
    "steps_taken": 61.15
}