{
    "distance_to_goal": 9.715164079330862,
    "success": 0.1375,
    "spl": 0.12058504821817691,
    "ndtw": 0.39159837064994985,
    "path_length": 9.3637857192487,
    "oracle_success": 0.25,
    "steps_taken": 71.7625
}