{
    "distance_to_goal": 10.167147024907171,
    "success": 0.125,
    "spl": 0.1104771787924542,
    "ndtw": 0.379494059842408,
    "path_length": 7.5367397705791515,
    "oracle_success": 0.175,
    "steps_taken": 52.4375
}