{
    "distance_to_goal": 9.35458563722755,
    "success": 0.1402936378466558,
    "spl": 0.12851714008910897,
    "ndtw": 0.3937158429045976,
    "path_length": 8.95939466018433,
    "oracle_success": 0.23817292006525284,
    "steps_taken": 87.00489396411093
}