{
    "distance_to_goal": 9.093245968781412,
    "success": 0.225,
    "spl": 0.2055317092042725,
    "ndtw": 0.45127221250539673,
    "path_length": 8.525835206488132,
    "oracle_success": 0.3125,
    "steps_taken": 62.65
}