{
    "distance_to_goal": 9.018869605101646,
    "success": 0.1875,
    "spl": 0.17139764139620378,
    "ndtw": 0.43463655206462126,
    "path_length": 8.337180351360193,
    "oracle_success": 0.275,
    "steps_taken": 64.275
}