{
    "distance_to_goal": 9.0396823419258,
    "success": 0.15,
    "spl": 0.14073401876921454,
    "ndtw": 0.4411088515866431,
    "path_length": 8.295560022664901,
    "oracle_success": 0.275,
    "steps_taken": 61.8
}