{
    "distance_to_goal": 8.832080528698862,
    "success": 0.225,
    "spl": 0.20590840878701083,
    "ndtw": 0.45828079542538563,
    "path_length": 8.482101325900294,
    "oracle_success": 0.3125,
    "steps_taken": 60.075
}