{
    "distance_to_goal": 9.123760327510535,
    "success": 0.175,
    "spl": 0.16207666459708353,
    "ndtw": 0.4212855726223627,
    "path_length": 8.662762836780166,
    "oracle_success": 0.275,
    "steps_taken": 62.7875
}