{
    "distance_to_goal": 8.190640052221715,
    "success": 0.2875,
    "spl": 0.26770137116454534,
    "ndtw": 0.4945685371978727,
    "path_length": 8.241860326530878,
    "oracle_success": 0.375,
    "steps_taken": 59.1625
}