{
    "distance_to_goal": 9.14314284854249,
    "success": 0.16802610114192496,
    "spl": 0.16131409577303113,
    "ndtw": 0.4165701439001211,
    "path_length": 7.165698532813018,
    "oracle_success": 0.21859706362153344,
    "steps_taken": 61.12289287656335
}