{
    "distance_to_goal": 8.988986167870461,
    "success": 0.1875,
    "spl": 0.17233637940864,
    "ndtw": 0.4357143551105465,
    "path_length": 8.967323964263779,
    "oracle_success": 0.325,
    "steps_taken": 65.5375
}