{
    "distance_to_goal": 9.772289873845875,
    "success": 0.1375,
    "spl": 0.12238588458465491,
    "ndtw": 0.4028745870581331,
    "path_length": 8.625425487474455,
    "oracle_success": 0.2875,
    "steps_taken": 65.4875
}