{
    "distance_to_goal": 9.281034168507905,
    "success": 0.1625,
    "spl": 0.14162594168507542,
    "ndtw": 0.4218318311095187,
    "path_length": 8.217354959098156,
    "oracle_success": 0.2625,
    "steps_taken": 63.35
}