{
    "distance_to_goal": 9.130268412642181,
    "success": 0.175,
    "spl": 0.1650446426141913,
    "ndtw": 0.4486460082391984,
    "path_length": 8.371538101461919,
    "oracle_success": 0.2875,
    "steps_taken": 67.025
}