{
    "distance_to_goal": 7.849458118915021,
    "success": 0.2544987146529563,
    "spl": 0.23974688094624924,
    "ndtw": 0.5052826661668709,
    "path_length": 8.288973974139866,
    "oracle_success": 0.3676092544987147,
    "steps_taken": 56.087403598971726
}