{
    "distance_to_goal": 8.13276244094715,
    "success": 0.2506426735218509,
    "spl": 0.23653280007870114,
    "ndtw": 0.4853375327698993,
    "path_length": 8.493545806708013,
    "oracle_success": 0.36246786632390743,
    "steps_taken": 58.825192802056556
}