{
    "distance_to_goal": 9.246532191894948,
    "success": 0.1875,
    "spl": 0.16544357879209706,
    "ndtw": 0.4220444016079937,
    "path_length": 8.92395422081463,
    "oracle_success": 0.25,
    "steps_taken": 57.5875
}