{
    "distance_to_goal": 8.70808480810374,
    "success": 0.2125,
    "spl": 0.18355904254803723,
    "ndtw": 0.4335739585494836,
    "path_length": 8.709352367802058,
    "oracle_success": 0.25,
    "steps_taken": 70.6125
}