{
    "distance_to_goal": 8.753176331706346,
    "success": 0.175,
    "spl": 0.15564348092997976,
    "ndtw": 0.45289004656646653,
    "path_length": 8.621251904329139,
    "oracle_success": 0.2625,
    "steps_taken": 66.4625
}