{
    "distance_to_goal": 9.050761033035815,
    "success": 0.175,
    "spl": 0.1598799775240426,
    "ndtw": 0.4412347248667544,
    "path_length": 8.430953424912877,
    "oracle_success": 0.2625,
    "steps_taken": 69.825
}