{
    "distance_to_goal": 8.084655570797622,
    "success": 0.25,
    "spl": 0.2318907275354106,
    "ndtw": 0.48624514474999214,
    "path_length": 8.335912571148947,
    "oracle_success": 0.325,
    "steps_taken": 64.3125
}