{
    "distance_to_goal": 8.940382520151145,
    "success": 0.1761827079934747,
    "spl": 0.15987036811342262,
    "ndtw": 0.4240812278032622,
    "path_length": 8.0332867854052,
    "oracle_success": 0.24796084828711257,
    "steps_taken": 65.24850462207722
}