{
    "distance_to_goal": 8.674223220627756,
    "success": 0.2125,
    "spl": 0.195866312060711,
    "ndtw": 0.4622309715320954,
    "path_length": 8.331109103242058,
    "oracle_success": 0.2875,
    "steps_taken": 64.1125
}