{
    "distance_to_goal": 8.113378074578941,
    "success": 0.2,
    "spl": 0.18429337730524564,
    "ndtw": 0.4554584824249961,
    "path_length": 8.952032590389717,
    "oracle_success": 0.3125,
    "steps_taken": 69.6375
}