{
    "distance_to_goal": 8.678509349934757,
    "success": 0.2,
    "spl": 0.18383284125388535,
    "ndtw": 0.4449281803422904,
    "path_length": 8.434516321495176,
    "oracle_success": 0.3125,
    "steps_taken": 66.2625
}