{
    "distance_to_goal": 9.105477068200708,
    "success": 0.1625,
    "spl": 0.1555963556128547,
    "ndtw": 0.4223962438933088,
    "path_length": 8.391670013708062,
    "oracle_success": 0.275,
    "steps_taken": 65.5375
}