{
    "distance_to_goal": 10.027688186988234,
    "success": 0.0875,
    "spl": 0.08151031972707744,
    "ndtw": 0.3582085980819104,
    "path_length": 9.796240390767343,
    "oracle_success": 0.3,
    "steps_taken": 67.0625
}