{
    "distance_to_goal": 9.934130854159594,
    "success": 0.125,
    "spl": 0.12160254138590425,
    "ndtw": 0.39139133329290343,
    "path_length": 8.907876286888495,
    "oracle_success": 0.2625,
    "steps_taken": 63.6875
}