{
    "distance_to_goal": 9.512021744996309,
    "success": 0.175,
    "spl": 0.15615748421668024,
    "ndtw": 0.40394670061285537,
    "path_length": 8.342443377623567,
    "oracle_success": 0.275,
    "steps_taken": 59.4875
}