{
    "distance_to_goal": 10.083376262709498,
    "success": 0.1375,
    "spl": 0.128580608571288,
    "ndtw": 0.40486447063044456,
    "path_length": 8.911901798906037,
    "oracle_success": 0.2875,
    "steps_taken": 64.45
}