{
    "distance_to_goal": 9.865201368927956,
    "success": 0.15,
    "spl": 0.137612316343452,
    "ndtw": 0.3896086382620022,
    "path_length": 8.491143914596922,
    "oracle_success": 0.275,
    "steps_taken": 56.05
}