{
    "distance_to_goal": 9.065476649533958,
    "success": 0.175,
    "spl": 0.16654984024690145,
    "ndtw": 0.46293773168736446,
    "path_length": 8.205329832114511,
    "oracle_success": 0.275,
    "steps_taken": 51.05
}