{
    "distance_to_goal": 10.256168400345127,
    "success": 0.1120174007612833,
    "spl": 0.10360695676195106,
    "ndtw": 0.3636160326655257,
    "path_length": 7.967135451763316,
    "oracle_success": 0.18162044589450788,
    "steps_taken": 66.4932028276237
}