{
    "distance_to_goal": 9.111132692478616,
    "success": 0.18380462724935734,
    "spl": 0.17235166714813727,
    "ndtw": 0.4291849276466249,
    "path_length": 8.821628430661345,
    "oracle_success": 0.33547557840616965,
    "steps_taken": 61.86246786632391
}