{
    "distance_to_goal": 9.358509730175138,
    "success": 0.175,
    "spl": 0.16322930298784938,
    "ndtw": 0.43269185254338627,
    "path_length": 8.662206985428929,
    "oracle_success": 0.35,
    "steps_taken": 53.675
}