{
    "distance_to_goal": 9.148804959589688,
    "success": 0.18894601542416453,
    "spl": 0.17426463786140883,
    "ndtw": 0.44365472536865036,
    "path_length": 8.786295788985996,
    "oracle_success": 0.3161953727506427,
    "steps_taken": 62.15809768637532
}