{
    "distance_to_goal": 9.492536273226142,
    "success": 0.1375,
    "spl": 0.11604565951414003,
    "ndtw": 0.4028519172623339,
    "path_length": 8.930272297718329,
    "oracle_success": 0.275,
    "steps_taken": 55.7625
}