{
    "distance_to_goal": 10.217893558740617,
    "success": 0.125,
    "spl": 0.11867819383262397,
    "ndtw": 0.37430183284114726,
    "path_length": 9.160454762139125,
    "oracle_success": 0.2375,
    "steps_taken": 60.65
}