{
    "distance_to_goal": 9.69640894010663,
    "success": 0.1125,
    "spl": 0.1110288038525455,
    "ndtw": 0.3870531131382192,
    "path_length": 8.705321966782503,
    "oracle_success": 0.275,
    "steps_taken": 56.6625
}