{
    "distance_to_goal": 9.882812965288759,
    "success": 0.15,
    "spl": 0.14298086804282262,
    "ndtw": 0.40501359799895525,
    "path_length": 9.620380703220144,
    "oracle_success": 0.325,
    "steps_taken": 65.4375
}