{
    "distance_to_goal": 10.165151922185178,
    "success": 0.11908646003262642,
    "spl": 0.10870850784907755,
    "ndtw": 0.361901287845491,
    "path_length": 8.26577203755746,
    "oracle_success": 0.2077215878194671,
    "steps_taken": 67.4246873300707
}