{
    "distance_to_goal": 10.604719026386737,
    "success": 0.1625,
    "spl": 0.14008391628722924,
    "ndtw": 0.3812875362892948,
    "path_length": 9.43136918883538,
    "oracle_success": 0.25,
    "steps_taken": 63.8125
}