{
    "distance_to_goal": 10.978349440172314,
    "success": 0.0875,
    "spl": 0.08150732285747705,
    "ndtw": 0.3429682583349582,
    "path_length": 10.082369625632642,
    "oracle_success": 0.2875,
    "steps_taken": 67.6
}