{
    "distance_to_goal": 9.302167896926402,
    "success": 0.1875,
    "spl": 0.16990539709828895,
    "ndtw": 0.4281064564185077,
    "path_length": 8.609333133634937,
    "oracle_success": 0.325,
    "steps_taken": 56.9875
}