{
    "distance_to_goal": 9.411340786516666,
    "success": 0.175,
    "spl": 0.16450371241810496,
    "ndtw": 0.43420810585879394,
    "path_length": 8.951257340749725,
    "oracle_success": 0.35,
    "steps_taken": 55.425
}