{
    "distance_to_goal": 9.046970678134258,
    "success": 0.1953727506426735,
    "spl": 0.18168456256348764,
    "ndtw": 0.44157424187521166,
    "path_length": 9.1253838597953,
    "oracle_success": 0.32519280205655526,
    "steps_taken": 62.59383033419023
}