{
    "distance_to_goal": 9.703830101154745,
    "success": 0.15,
    "spl": 0.13407954898331959,
    "ndtw": 0.40169624370513785,
    "path_length": 8.699633311317303,
    "oracle_success": 0.2625,
    "steps_taken": 55.55
}