{
    "distance_to_goal": 10.231173107400537,
    "success": 0.1625,
    "spl": 0.14168315529250236,
    "ndtw": 0.39283638068655446,
    "path_length": 9.056513405230362,
    "oracle_success": 0.2625,
    "steps_taken": 66.35
}