{
    "distance_to_goal": 8.615573725866629,
    "success": 0.19665809768637532,
    "spl": 0.1883379816094722,
    "ndtw": 0.46145234348915937,
    "path_length": 8.02697988630992,
    "oracle_success": 0.3110539845758355,
    "steps_taken": 55.29562982005142
}