{
    "distance_to_goal": 10.30884392261505,
    "success": 0.1125,
    "spl": 0.10699757728351116,
    "ndtw": 0.3829741025055361,
    "path_length": 9.018347843945957,
    "oracle_success": 0.25,
    "steps_taken": 63.8625
}