{
    "distance_to_goal": 9.947926500979294,
    "success": 0.14192495921696574,
    "spl": 0.131210612122137,
    "ndtw": 0.37872107756716417,
    "path_length": 7.780544252712718,
    "oracle_success": 0.2240348015225666,
    "steps_taken": 57.89450788471996
}