{
    "distance_to_goal": 8.600278944121841,
    "success": 0.21722365038560412,
    "spl": 0.20547150748806303,
    "ndtw": 0.46707706465856996,
    "path_length": 8.539923307728891,
    "oracle_success": 0.32904884318766064,
    "steps_taken": 61.4974293059126
}