{
    "distance_to_goal": 9.966064849206008,
    "success": 0.15497553017944535,
    "spl": 0.14277362083406833,
    "ndtw": 0.3862834489582415,
    "path_length": 8.537237644483648,
    "oracle_success": 0.23817292006525284,
    "steps_taken": 62.79825992387167
}