{
    "distance_to_goal": 8.994829782471061,
    "success": 0.2125,
    "spl": 0.20261799198903394,
    "ndtw": 0.4353172154367656,
    "path_length": 8.5705524687859,
    "oracle_success": 0.3375,
    "steps_taken": 58.7375
}