{
    "distance_to_goal": 10.292589227110147,
    "success": 0.1875,
    "spl": 0.1689042547898574,
    "ndtw": 0.40504573920827563,
    "path_length": 9.178946897853166,
    "oracle_success": 0.2625,
    "steps_taken": 62.2375
}