{
    "distance_to_goal": 9.531764847785235,
    "success": 0.1375,
    "spl": 0.1303712206088881,
    "ndtw": 0.4120767820515224,
    "path_length": 8.916309692466166,
    "oracle_success": 0.2625,
    "steps_taken": 60.1125
}