{
    "distance_to_goal": 9.70411522332579,
    "success": 0.1875,
    "spl": 0.1714573082554132,
    "ndtw": 0.42522716308049946,
    "path_length": 8.967444236879237,
    "oracle_success": 0.3375,
    "steps_taken": 55.25
}