{
    "distance_to_goal": 8.789547326689668,
    "success": 0.2185089974293059,
    "spl": 0.20024530123642753,
    "ndtw": 0.4429225735587743,
    "path_length": 8.474150448277353,
    "oracle_success": 0.32390745501285345,
    "steps_taken": 63.96658097686375
}