{
    "distance_to_goal": 9.687995213642717,
    "success": 0.1375,
    "spl": 0.12361405029377759,
    "ndtw": 0.38388838866345176,
    "path_length": 8.906880962988362,
    "oracle_success": 0.2875,
    "steps_taken": 59.3625
}