{
    "distance_to_goal": 9.792868942022324,
    "success": 0.1,
    "spl": 0.09840862283781422,
    "ndtw": 0.41742798182088786,
    "path_length": 8.071798817347736,
    "oracle_success": 0.2125,
    "steps_taken": 53.525
}