{
    "distance_to_goal": 10.058388295024633,
    "success": 0.0875,
    "spl": 0.0673640786517628,
    "ndtw": 0.37122730193098397,
    "path_length": 9.654103229900647,
    "oracle_success": 0.275,
    "steps_taken": 62.65
}