{
    "distance_to_goal": 10.237535536661744,
    "success": 0.1375,
    "spl": 0.13323092147260276,
    "ndtw": 0.3965419640169251,
    "path_length": 8.181973535189172,
    "oracle_success": 0.1875,
    "steps_taken": 60.0375
}