{
    "distance_to_goal": 8.837351556244883,
    "success": 0.16195372750642673,
    "spl": 0.1520920797341486,
    "ndtw": 0.4287940371336276,
    "path_length": 8.16085558302038,
    "oracle_success": 0.26735218508997427,
    "steps_taken": 57.803341902313626
}