{
    "distance_to_goal": 9.37567408233881,
    "success": 0.2125,
    "spl": 0.1854142084267663,
    "ndtw": 0.42673803997593984,
    "path_length": 8.754263073414222,
    "oracle_success": 0.3375,
    "steps_taken": 58.85
}