{
    "distance_to_goal": 9.589884200692177,
    "success": 0.175,
    "spl": 0.1683813551564868,
    "ndtw": 0.4109955181366886,
    "path_length": 8.388897848827764,
    "oracle_success": 0.3125,
    "steps_taken": 62.575
}