{
    "distance_to_goal": 9.338581455498934,
    "success": 0.175,
    "spl": 0.16475191001620865,
    "ndtw": 0.42851926457467726,
    "path_length": 8.592677956348052,
    "oracle_success": 0.325,
    "steps_taken": 53.9375
}