{
    "distance_to_goal": 9.190787116810679,
    "success": 0.15,
    "spl": 0.13897437184829528,
    "ndtw": 0.4095039972406253,
    "path_length": 8.126031302456976,
    "oracle_success": 0.275,
    "steps_taken": 60.7375
}