{
    "distance_to_goal": 10.256374366395175,
    "success": 0.1,
    "spl": 0.09095231890735316,
    "ndtw": 0.379061799559204,
    "path_length": 8.976706712506711,
    "oracle_success": 0.2125,
    "steps_taken": 62.1375
}