{
    "distance_to_goal": 10.043496487289667,
    "success": 0.15,
    "spl": 0.13882496936078434,
    "ndtw": 0.3934609532240642,
    "path_length": 9.694400569563731,
    "oracle_success": 0.3375,
    "steps_taken": 62.9375
}