{
    "distance_to_goal": 9.90217269193381,
    "success": 0.1125,
    "spl": 0.11176463363622395,
    "ndtw": 0.3853575739054403,
    "path_length": 9.064651287725429,
    "oracle_success": 0.275,
    "steps_taken": 58.0875
}