{
    "distance_to_goal": 9.045187621580911,
    "success": 0.18766066838046272,
    "spl": 0.17969107708614787,
    "ndtw": 0.4409879272597883,
    "path_length": 8.559847904061721,
    "oracle_success": 0.3264781491002571,
    "steps_taken": 60.72622107969152
}