{
    "distance_to_goal": 8.869271094538272,
    "success": 0.175,
    "spl": 0.1674784226119848,
    "ndtw": 0.4509969541155745,
    "path_length": 8.311422013572884,
    "oracle_success": 0.3375,
    "steps_taken": 56.6375
}