{
    "distance_to_goal": 10.31329906359315,
    "success": 0.1,
    "spl": 0.0955943128085676,
    "ndtw": 0.3716351758214197,
    "path_length": 9.150831218110397,
    "oracle_success": 0.2625,
    "steps_taken": 63.1875
}