{
    "distance_to_goal": 8.3592061502859,
    "success": 0.2375,
    "spl": 0.22058698092008072,
    "ndtw": 0.4880174396832966,
    "path_length": 8.426631292817182,
    "oracle_success": 0.3125,
    "steps_taken": 65.275
}