{
    "distance_to_goal": 7.663333907005184,
    "success": 0.2750642673521851,
    "spl": 0.2568705580861625,
    "ndtw": 0.5166510685323269,
    "path_length": 8.471816432690563,
    "oracle_success": 0.36375321336760924,
    "steps_taken": 59.69023136246787
}