{
    "distance_to_goal": 9.470828823558985,
    "success": 0.175,
    "spl": 0.1545537323851558,
    "ndtw": 0.4150081539372711,
    "path_length": 8.411897257412784,
    "oracle_success": 0.2375,
    "steps_taken": 61.575
}