{
    "distance_to_goal": 8.896944448724389,
    "success": 0.2125,
    "spl": 0.18965604020026672,
    "ndtw": 0.46471493896359545,
    "path_length": 9.329421551126776,
    "oracle_success": 0.2875,
    "steps_taken": 69.6875
}