{
    "distance_to_goal": 8.432706936635077,
    "success": 0.25,
    "spl": 0.2207861475194599,
    "ndtw": 0.44658441814345506,
    "path_length": 8.356666143331676,
    "oracle_success": 0.3125,
    "steps_taken": 68.2625
}