{
    "distance_to_goal": 8.877035138197243,
    "success": 0.1875,
    "spl": 0.16801047909502542,
    "ndtw": 0.46439615725883804,
    "path_length": 8.874088655039667,
    "oracle_success": 0.3125,
    "steps_taken": 57.1875
}