{
    "distance_to_goal": 8.28602229077369,
    "success": 0.275,
    "spl": 0.25170783878292635,
    "ndtw": 0.4908214744849769,
    "path_length": 8.212826251331716,
    "oracle_success": 0.325,
    "steps_taken": 64.3375
}