{
    "distance_to_goal": 8.490061445720494,
    "success": 0.175,
    "spl": 0.15987727245504296,
    "ndtw": 0.4703699699799054,
    "path_length": 8.611618716776139,
    "oracle_success": 0.3125,
    "steps_taken": 70.325
}