{
    "distance_to_goal": 8.364590059779584,
    "success": 0.275,
    "spl": 0.25631310685465475,
    "ndtw": 0.4786955689752429,
    "path_length": 8.435387044679374,
    "oracle_success": 0.3375,
    "steps_taken": 54.3625
}