{
    "distance_to_goal": 8.885720235668122,
    "success": 0.2125,
    "spl": 0.1947982568423295,
    "ndtw": 0.44685779034980416,
    "path_length": 8.088791472557933,
    "oracle_success": 0.2875,
    "steps_taken": 62.8375
}