{
    "distance_to_goal": 7.5173368526186914,
    "success": 0.2712082262210797,
    "spl": 0.254349992656225,
    "ndtw": 0.5146932021426623,
    "path_length": 8.53029548460061,
    "oracle_success": 0.35989717223650386,
    "steps_taken": 61.084832904884315
}