{
    "distance_to_goal": 7.974525785632432,
    "success": 0.2875,
    "spl": 0.2693667891708996,
    "ndtw": 0.5024309394428573,
    "path_length": 8.26281042485498,
    "oracle_success": 0.3625,
    "steps_taken": 74.4625
}