{
    "distance_to_goal": 8.433135773055255,
    "success": 0.25,
    "spl": 0.2336808955068629,
    "ndtw": 0.46202849247648325,
    "path_length": 8.832260024482093,
    "oracle_success": 0.3375,
    "steps_taken": 67.1875
}