{
    "distance_to_goal": 8.417762699909508,
    "success": 0.2375,
    "spl": 0.2206582784979168,
    "ndtw": 0.4799790053395955,
    "path_length": 8.10566431884654,
    "oracle_success": 0.3375,
    "steps_taken": 54.225
}