{
    "distance_to_goal": 8.72229355088698,
    "success": 0.18107667210440456,
    "spl": 0.16390566912411803,
    "ndtw": 0.41968113668587403,
    "path_length": 8.133627838290717,
    "oracle_success": 0.26916802610114193,
    "steps_taken": 65.40239260467645
}