{
    "distance_to_goal": 8.635115158371628,
    "success": 0.2125,
    "spl": 0.19756502758832395,
    "ndtw": 0.45419684775214464,
    "path_length": 8.833048219420016,
    "oracle_success": 0.3125,
    "steps_taken": 62.925
}