{
    "distance_to_goal": 8.537415976636112,
    "success": 0.2125,
    "spl": 0.19731828806121263,
    "ndtw": 0.47246891954871756,
    "path_length": 8.317208711628336,
    "oracle_success": 0.3125,
    "steps_taken": 65.625
}