{
    "distance_to_goal": 8.988663542829453,
    "success": 0.225,
    "spl": 0.20980271062990646,
    "ndtw": 0.4515059766490843,
    "path_length": 8.585869674698916,
    "oracle_success": 0.275,
    "steps_taken": 66.7875
}