{
    "distance_to_goal": 8.33921159710735,
    "success": 0.25,
    "spl": 0.22756041935278476,
    "ndtw": 0.4805701499457675,
    "path_length": 8.639782730548177,
    "oracle_success": 0.3375,
    "steps_taken": 59.3375
}