{
    "distance_to_goal": 8.436099188029766,
    "success": 0.2375,
    "spl": 0.21527318734583129,
    "ndtw": 0.46873294228716916,
    "path_length": 8.174125726346393,
    "oracle_success": 0.3125,
    "steps_taken": 67.1875
}