{
    "distance_to_goal": 8.770601827837528,
    "success": 0.225,
    "spl": 0.20593200533284603,
    "ndtw": 0.44383451897670145,
    "path_length": 8.65988830467686,
    "oracle_success": 0.3125,
    "steps_taken": 60.0375
}