{
    "distance_to_goal": 9.014203665219247,
    "success": 0.275,
    "spl": 0.2551426778468313,
    "ndtw": 0.46475558414014284,
    "path_length": 8.775423781265271,
    "oracle_success": 0.35,
    "steps_taken": 59.9375
}