{
    "distance_to_goal": 9.143766274116933,
    "success": 0.2125,
    "spl": 0.1971068878120005,
    "ndtw": 0.4198011877871579,
    "path_length": 8.098577360038144,
    "oracle_success": 0.275,
    "steps_taken": 64.575
}