{
    "distance_to_goal": 8.527708020620048,
    "success": 0.2125,
    "spl": 0.18660996200189145,
    "ndtw": 0.4539285886381247,
    "path_length": 8.386448818817735,
    "oracle_success": 0.2875,
    "steps_taken": 70.175
}