{
    "distance_to_goal": 8.294197379983961,
    "success": 0.2875,
    "spl": 0.2669719842076977,
    "ndtw": 0.47676692718502034,
    "path_length": 8.594784884469117,
    "oracle_success": 0.35,
    "steps_taken": 56.1875
}