{
    "distance_to_goal": 8.888065592758357,
    "success": 0.1875,
    "spl": 0.1753072643871208,
    "ndtw": 0.45704825303076424,
    "path_length": 8.632197808008641,
    "oracle_success": 0.3,
    "steps_taken": 61.6375
}