{
    "distance_to_goal": 8.542591401748359,
    "success": 0.2375,
    "spl": 0.22522883936545962,
    "ndtw": 0.462966044332798,
    "path_length": 8.413492685011782,
    "oracle_success": 0.325,
    "steps_taken": 59.3125
}