{
    "distance_to_goal": 9.781319440715015,
    "success": 0.1875,
    "spl": 0.17161092213268253,
    "ndtw": 0.4270413099020177,
    "path_length": 8.387827849689252,
    "oracle_success": 0.3125,
    "steps_taken": 61.725
}