{
    "distance_to_goal": 7.505505518619077,
    "success": 0.2544987146529563,
    "spl": 0.23944959264763557,
    "ndtw": 0.5101715350191255,
    "path_length": 8.01122400622562,
    "oracle_success": 0.34318766066838047,
    "steps_taken": 59.8598971722365
}