{
    "distance_to_goal": 9.212182915583252,
    "success": 0.1875,
    "spl": 0.16011149617089804,
    "ndtw": 0.42334999731520523,
    "path_length": 7.739064330986002,
    "oracle_success": 0.2625,
    "steps_taken": 61.2125
}