{
    "distance_to_goal": 8.891966575197875,
    "success": 0.2375,
    "spl": 0.21857965879639588,
    "ndtw": 0.45910217033690737,
    "path_length": 8.435830553807318,
    "oracle_success": 0.2875,
    "steps_taken": 59.0
}