{
    "distance_to_goal": 8.905309807695449,
    "success": 0.2375,
    "spl": 0.22137942079314604,
    "ndtw": 0.44748036904292093,
    "path_length": 8.922790599387822,
    "oracle_success": 0.2875,
    "steps_taken": 67.5875
}