{
    "distance_to_goal": 8.09103617426008,
    "success": 0.2375,
    "spl": 0.21523162806545418,
    "ndtw": 0.489946968244761,
    "path_length": 8.805257462733426,
    "oracle_success": 0.3375,
    "steps_taken": 62.3875
}