{
    "distance_to_goal": 9.423810212686657,
    "success": 0.1875,
    "spl": 0.16377778883463456,
    "ndtw": 0.4237731497797281,
    "path_length": 8.636073376482818,
    "oracle_success": 0.2625,
    "steps_taken": 65.85
}