{
    "distance_to_goal": 8.339896921254695,
    "success": 0.2625,
    "spl": 0.2435905165297493,
    "ndtw": 0.48549817465720413,
    "path_length": 8.696536746597848,
    "oracle_success": 0.3375,
    "steps_taken": 57.625
}