{
    "distance_to_goal": 8.51983136702329,
    "success": 0.2125,
    "spl": 0.19654236302138745,
    "ndtw": 0.45966898934622347,
    "path_length": 8.705823522910942,
    "oracle_success": 0.3375,
    "steps_taken": 68.7875
}