{
    "distance_to_goal": 8.765571394190193,
    "success": 0.225,
    "spl": 0.21023422989983157,
    "ndtw": 0.45295432507081185,
    "path_length": 7.9670087595935914,
    "oracle_success": 0.275,
    "steps_taken": 64.4625
}