{
    "distance_to_goal": 8.207433902658522,
    "success": 0.2625,
    "spl": 0.2401033674246907,
    "ndtw": 0.49616383463609603,
    "path_length": 8.881002387119224,
    "oracle_success": 0.375,
    "steps_taken": 61.2125
}