{
    "distance_to_goal": 8.735812454484403,
    "success": 0.225,
    "spl": 0.2038700377275006,
    "ndtw": 0.46560705514487033,
    "path_length": 8.74962669017259,
    "oracle_success": 0.2875,
    "steps_taken": 64.3875
}