{
    "distance_to_goal": 8.1978281410411,
    "success": 0.2125,
    "spl": 0.19263252313223111,
    "ndtw": 0.4828535764501488,
    "path_length": 8.239695538696832,
    "oracle_success": 0.3125,
    "steps_taken": 55.3625
}