{
    "distance_to_goal": 8.101577554290737,
    "success": 0.2442159383033419,
    "spl": 0.2277398798483597,
    "ndtw": 0.49183037007207203,
    "path_length": 8.741448157531583,
    "oracle_success": 0.36889460154241643,
    "steps_taken": 62.94858611825193
}