{
    "distance_to_goal": 9.383626214973628,
    "success": 0.1875,
    "spl": 0.1705953640491143,
    "ndtw": 0.4423119674874384,
    "path_length": 8.247127356659622,
    "oracle_success": 0.2625,
    "steps_taken": 65.6125
}