{
    "distance_to_goal": 8.085710442252457,
    "success": 0.25,
    "spl": 0.23270618760963657,
    "ndtw": 0.48683488122749974,
    "path_length": 8.488270452665166,
    "oracle_success": 0.325,
    "steps_taken": 64.6625
}