{
    "distance_to_goal": 8.636255825124682,
    "success": 0.2375,
    "spl": 0.21885584193677024,
    "ndtw": 0.47801666944998694,
    "path_length": 7.984335846174508,
    "oracle_success": 0.325,
    "steps_taken": 61.325
}