{
    "distance_to_goal": 8.12518729325384,
    "success": 0.2625,
    "spl": 0.24083843757885304,
    "ndtw": 0.4909344523929988,
    "path_length": 8.087992917763767,
    "oracle_success": 0.325,
    "steps_taken": 58.0375
}