{
    "distance_to_goal": 8.636883988417685,
    "success": 0.2375,
    "spl": 0.21127350225386837,
    "ndtw": 0.46077303722254,
    "path_length": 8.35451545535616,
    "oracle_success": 0.3125,
    "steps_taken": 55.2625
}