{
    "distance_to_goal": 8.936750221811234,
    "success": 0.225,
    "spl": 0.2022610311854066,
    "ndtw": 0.45102792213236986,
    "path_length": 9.2393124043243,
    "oracle_success": 0.2875,
    "steps_taken": 78.1875
}