{
    "distance_to_goal": 9.546244329400361,
    "success": 0.15,
    "spl": 0.13953683621473972,
    "ndtw": 0.4116684515761581,
    "path_length": 8.75537795112832,
    "oracle_success": 0.3125,
    "steps_taken": 58.9875
}