{
    "distance_to_goal": 8.669649227149785,
    "success": 0.25,
    "spl": 0.23786323472759566,
    "ndtw": 0.46905415316660165,
    "path_length": 8.306901238346473,
    "oracle_success": 0.325,
    "steps_taken": 55.275
}