{
    "distance_to_goal": 9.001642012037337,
    "success": 0.1625,
    "spl": 0.14698971926190102,
    "ndtw": 0.44218627805394056,
    "path_length": 8.213215659128487,
    "oracle_success": 0.2625,
    "steps_taken": 55.8875
}