{
    "distance_to_goal": 9.200664164684714,
    "success": 0.175,
    "spl": 0.15743202702841147,
    "ndtw": 0.4418852839567428,
    "path_length": 8.246208645752631,
    "oracle_success": 0.2875,
    "steps_taken": 60.8875
}