{
    "distance_to_goal": 8.363939531333745,
    "success": 0.2375,
    "spl": 0.22214444005983863,
    "ndtw": 0.47793444677332364,
    "path_length": 8.03386926841922,
    "oracle_success": 0.2875,
    "steps_taken": 63.25
}