{
    "distance_to_goal": 8.55464957634219,
    "success": 0.16965742251223492,
    "spl": 0.1609001385865519,
    "ndtw": 0.4433944418982068,
    "path_length": 6.48866242671571,
    "oracle_success": 0.20228384991843393,
    "steps_taken": 58.4752582925503
}