{
    "distance_to_goal": 9.017618637718261,
    "success": 0.1875,
    "spl": 0.16593570170491442,
    "ndtw": 0.4328007379307171,
    "path_length": 8.367706255195662,
    "oracle_success": 0.3,
    "steps_taken": 69.5375
}