{
    "distance_to_goal": 8.860013012029231,
    "success": 0.25,
    "spl": 0.22969046746852406,
    "ndtw": 0.4535844964597704,
    "path_length": 8.201239740022965,
    "oracle_success": 0.325,
    "steps_taken": 58.3125
}