{
    "distance_to_goal": 8.384507643245161,
    "success": 0.2125,
    "spl": 0.1932139131574011,
    "ndtw": 0.4764747875335448,
    "path_length": 7.913268239656463,
    "oracle_success": 0.3125,
    "steps_taken": 52.1125
}