{
    "distance_to_goal": 7.704519075109291,
    "success": 0.2365038560411311,
    "spl": 0.22149829657105763,
    "ndtw": 0.5005567952160722,
    "path_length": 8.101817302887714,
    "oracle_success": 0.35218508997429304,
    "steps_taken": 68.20308483290488
}