{
    "distance_to_goal": 9.329371895454823,
    "success": 0.15,
    "spl": 0.14424549199350997,
    "ndtw": 0.41599228204756955,
    "path_length": 8.479484219616278,
    "oracle_success": 0.325,
    "steps_taken": 57.4125
}