{
    "distance_to_goal": 8.737231473824847,
    "success": 0.1506253398586188,
    "spl": 0.13623338436465027,
    "ndtw": 0.4185298248478886,
    "path_length": 7.674096869192437,
    "oracle_success": 0.20228384991843393,
    "steps_taken": 82.04404567699837
}