{
    "distance_to_goal": 8.524166708998383,
    "success": 0.2125,
    "spl": 0.19648030688002643,
    "ndtw": 0.4753850564435111,
    "path_length": 8.865534433594439,
    "oracle_success": 0.325,
    "steps_taken": 68.7125
}