{
    "distance_to_goal": 8.44403592031449,
    "success": 0.225,
    "spl": 0.2080181966861217,
    "ndtw": 0.493751208548215,
    "path_length": 8.85804415680468,
    "oracle_success": 0.3625,
    "steps_taken": 66.1125
}