{
    "distance_to_goal": 8.124622141756117,
    "success": 0.25,
    "spl": 0.2242877515068163,
    "ndtw": 0.49261797822569886,
    "path_length": 8.853112868079915,
    "oracle_success": 0.3125,
    "steps_taken": 64.625
}