{
    "distance_to_goal": 9.157594398595393,
    "success": 0.2125,
    "spl": 0.20162634135068397,
    "ndtw": 0.43059652559594125,
    "path_length": 8.787152605206458,
    "oracle_success": 0.325,
    "steps_taken": 61.0
}