{
    "distance_to_goal": 8.736101528070867,
    "success": 0.2125,
    "spl": 0.1846277077770629,
    "ndtw": 0.4566127927361344,
    "path_length": 8.705996812973172,
    "oracle_success": 0.3375,
    "steps_taken": 65.7875
}