{
    "distance_to_goal": 8.388698970805853,
    "success": 0.2375,
    "spl": 0.21863643454893075,
    "ndtw": 0.4660518961251393,
    "path_length": 8.402056121907663,
    "oracle_success": 0.3375,
    "steps_taken": 70.1375
}