{
    "distance_to_goal": 9.120195984654128,
    "success": 0.1875,
    "spl": 0.172377272455043,
    "ndtw": 0.45682675709920717,
    "path_length": 8.350154613563792,
    "oracle_success": 0.2875,
    "steps_taken": 60.075
}