{
    "distance_to_goal": 7.865406626835465,
    "success": 0.3125,
    "spl": 0.29236303285452975,
    "ndtw": 0.5143845747314386,
    "path_length": 8.177153999498113,
    "oracle_success": 0.375,
    "steps_taken": 57.4875
}