{
    "distance_to_goal": 8.22546754386276,
    "success": 0.2375,
    "spl": 0.22161136059409178,
    "ndtw": 0.48914820948073523,
    "path_length": 8.429900012142024,
    "oracle_success": 0.375,
    "steps_taken": 58.9875
}