{
    "distance_to_goal": 10.558828902430832,
    "success": 0.125,
    "spl": 0.11416672531456547,
    "ndtw": 0.37399028170852877,
    "path_length": 8.728123263665475,
    "oracle_success": 0.2625,
    "steps_taken": 71.6625
}