{
    "distance_to_goal": 8.209964423812925,
    "success": 0.2375,
    "spl": 0.21940198111081372,
    "ndtw": 0.4797253369258727,
    "path_length": 8.685173160780687,
    "oracle_success": 0.3125,
    "steps_taken": 60.1375
}