{
    "distance_to_goal": 8.200055236183108,
    "success": 0.2625,
    "spl": 0.24617618574369646,
    "ndtw": 0.4926022409943404,
    "path_length": 7.826737439580029,
    "oracle_success": 0.325,
    "steps_taken": 56.3375
}