{
    "distance_to_goal": 9.568001776747405,
    "success": 0.175,
    "spl": 0.1691088325141041,
    "ndtw": 0.4002383672988146,
    "path_length": 7.328208400972653,
    "oracle_success": 0.2625,
    "steps_taken": 64.575
}