{
    "distance_to_goal": 8.722868316434324,
    "success": 0.2125,
    "spl": 0.19692005698445034,
    "ndtw": 0.45990054732596375,
    "path_length": 7.565687820175663,
    "oracle_success": 0.3,
    "steps_taken": 82.0875
}