{
    "distance_to_goal": 9.342774107865988,
    "success": 0.1625,
    "spl": 0.14480715509104597,
    "ndtw": 0.42462844218751455,
    "path_length": 8.117875311837997,
    "oracle_success": 0.2875,
    "steps_taken": 56.4625
}