{
    "distance_to_goal": 7.392786487400685,
    "success": 0.2750642673521851,
    "spl": 0.25935356735458653,
    "ndtw": 0.514669245905554,
    "path_length": 8.392371688370355,
    "oracle_success": 0.36375321336760924,
    "steps_taken": 61.7185089974293
}