{
    "distance_to_goal": 9.662022496201098,
    "success": 0.1625,
    "spl": 0.14198579735151928,
    "ndtw": 0.40743978514141477,
    "path_length": 8.271235429868103,
    "oracle_success": 0.25,
    "steps_taken": 62.0625
}