{
    "distance_to_goal": 9.32201759237796,
    "success": 0.1875,
    "spl": 0.1739459182686037,
    "ndtw": 0.4365984448817931,
    "path_length": 8.121504509472288,
    "oracle_success": 0.2625,
    "steps_taken": 55.675
}