{
    "distance_to_goal": 8.626055317930877,
    "success": 0.2125,
    "spl": 0.1982420216827095,
    "ndtw": 0.45945764514635146,
    "path_length": 8.30168681256473,
    "oracle_success": 0.2875,
    "steps_taken": 61.8
}