{
    "distance_to_goal": 7.856061809167151,
    "success": 0.2365038560411311,
    "spl": 0.22127523843647645,
    "ndtw": 0.5011215627208983,
    "path_length": 8.09861063620952,
    "oracle_success": 0.3444730077120823,
    "steps_taken": 62.69794344473008
}