{
    "distance_to_goal": 8.438359468989074,
    "success": 0.2625,
    "spl": 0.24130924442708285,
    "ndtw": 0.49921019790039434,
    "path_length": 8.541606698185205,
    "oracle_success": 0.375,
    "steps_taken": 64.075
}