{
    "distance_to_goal": 8.326613647304475,
    "success": 0.275,
    "spl": 0.24686705666563086,
    "ndtw": 0.4808210424586427,
    "path_length": 8.458994687115773,
    "oracle_success": 0.35,
    "steps_taken": 64.0125
}