{
    "distance_to_goal": 9.525162288360297,
    "success": 0.1625,
    "spl": 0.14504429447835493,
    "ndtw": 0.4058084881863658,
    "path_length": 8.795203115500044,
    "oracle_success": 0.275,
    "steps_taken": 62.3375
}