{
    "distance_to_goal": 9.569753596372902,
    "success": 0.1875,
    "spl": 0.1756041290934888,
    "ndtw": 0.4132258972669435,
    "path_length": 8.23638808893438,
    "oracle_success": 0.2375,
    "steps_taken": 63.325
}