{
    "distance_to_goal": 9.43088312484324,
    "success": 0.1625,
    "spl": 0.14638748721205425,
    "ndtw": 0.4378022627111006,
    "path_length": 7.374819531105459,
    "oracle_success": 0.2625,
    "steps_taken": 53.6
}