{
    "distance_to_goal": 9.001158575154841,
    "success": 0.2125,
    "spl": 0.1888270308528398,
    "ndtw": 0.4422041049063101,
    "path_length": 8.202236263098893,
    "oracle_success": 0.2875,
    "steps_taken": 56.35
}