{
    "distance_to_goal": 8.845957901515067,
    "success": 0.175,
    "spl": 0.1631923681705306,
    "ndtw": 0.4622497497016977,
    "path_length": 8.586164587692474,
    "oracle_success": 0.3375,
    "steps_taken": 54.1625
}