{
    "distance_to_goal": 9.522792056389154,
    "success": 0.1125,
    "spl": 0.10721418992903871,
    "ndtw": 0.40312173173399846,
    "path_length": 7.439031474594958,
    "oracle_success": 0.225,
    "steps_taken": 59.7875
}