{
    "distance_to_goal": 9.344044244848192,
    "success": 0.1875,
    "spl": 0.17455984562354143,
    "ndtw": 0.43523735387352946,
    "path_length": 8.465192653192208,
    "oracle_success": 0.3,
    "steps_taken": 57.1625
}