{
    "distance_to_goal": 9.589371039532125,
    "success": 0.1625,
    "spl": 0.14950340270802392,
    "ndtw": 0.41235871946667507,
    "path_length": 8.160736180609092,
    "oracle_success": 0.2625,
    "steps_taken": 61.9375
}