{
    "distance_to_goal": 8.975100462697446,
    "success": 0.1875,
    "spl": 0.17180407727812047,
    "ndtw": 0.4542919332732664,
    "path_length": 8.855129673914053,
    "oracle_success": 0.2875,
    "steps_taken": 58.225
}