{
    "distance_to_goal": 8.56401206869632,
    "success": 0.225,
    "spl": 0.20268839812717854,
    "ndtw": 0.4551464482187483,
    "path_length": 8.247999326058197,
    "oracle_success": 0.275,
    "steps_taken": 64.2875
}