{
    "distance_to_goal": 7.554927068305199,
    "success": 0.23136246786632392,
    "spl": 0.21703310142077895,
    "ndtw": 0.5085145287560218,
    "path_length": 8.273133910205033,
    "oracle_success": 0.34318766066838047,
    "steps_taken": 74.76349614395887
}