{
    "distance_to_goal": 8.639382770298177,
    "success": 0.16965742251223492,
    "spl": 0.15411185304241173,
    "ndtw": 0.42509076165520443,
    "path_length": 7.57478735010176,
    "oracle_success": 0.2365415986949429,
    "steps_taken": 70.61990212071778
}