{
    "distance_to_goal": 8.72396015431732,
    "success": 0.225,
    "spl": 0.20987727245504298,
    "ndtw": 0.4667177020048759,
    "path_length": 8.727019105898217,
    "oracle_success": 0.3375,
    "steps_taken": 52.9375
}