{
    "distance_to_goal": 9.052602166123688,
    "success": 0.1625,
    "spl": 0.13773755638394317,
    "ndtw": 0.41991701839330436,
    "path_length": 8.555295418965397,
    "oracle_success": 0.275,
    "steps_taken": 69.7875
}