{
    "distance_to_goal": 8.61466470118612,
    "success": 0.25,
    "spl": 0.22333785813311988,
    "ndtw": 0.4638095798359262,
    "path_length": 8.39340885314159,
    "oracle_success": 0.325,
    "steps_taken": 66.7
}