{
    "distance_to_goal": 10.066386648058739,
    "success": 0.12467866323907455,
    "spl": 0.11616357460056512,
    "ndtw": 0.37868635720605487,
    "path_length": 8.323076407820809,
    "oracle_success": 0.2275064267352185,
    "steps_taken": 70.0038560411311
}