{
    "distance_to_goal": 8.59270718414097,
    "success": 0.14910025706940874,
    "spl": 0.1450956133020594,
    "ndtw": 0.4352720551420228,
    "path_length": 5.147304344171346,
    "oracle_success": 0.17866323907455012,
    "steps_taken": 33.767352185089976
}