{
    "distance_to_goal": 9.030834016416481,
    "success": 0.14395886889460155,
    "spl": 0.13863289252416777,
    "ndtw": 0.4222910933369528,
    "path_length": 6.7142211441122805,
    "oracle_success": 0.2275064267352185,
    "steps_taken": 44.05141388174807
}