{
    "distance_to_goal": 8.773045544529328,
    "success": 0.056555269922879174,
    "spl": 0.05604458040985777,
    "ndtw": 0.37633712130602603,
    "path_length": 2.7445852753933098,
    "oracle_success": 0.06812339331619537,
    "steps_taken": 20.95115681233933
}