{
    "distance_to_goal": 8.515124546493233,
    "success": 0.14524421593830333,
    "spl": 0.1398734662753885,
    "ndtw": 0.4344559462599757,
    "path_length": 5.089416596735752,
    "oracle_success": 0.18123393316195371,
    "steps_taken": 35.33033419023136
}