{
    "distance_to_goal": 8.633935953490436,
    "success": 0.1625,
    "spl": 0.1520914177033192,
    "ndtw": 0.4733380143071231,
    "path_length": 6.793043412314728,
    "oracle_success": 0.2125,
    "steps_taken": 43.9125
}