{
    "distance_to_goal": 9.58959219229163,
    "success": 0.14627514953779228,
    "spl": 0.13333555269051914,
    "ndtw": 0.39637978151820547,
    "path_length": 7.412535674187608,
    "oracle_success": 0.21587819467101685,
    "steps_taken": 63.394779771615006
}