{
    "distance_to_goal": 8.542300697788596,
    "success": 0.275,
    "spl": 0.2502485354940903,
    "ndtw": 0.4800435072651891,
    "path_length": 7.172505918016347,
    "oracle_success": 0.3125,
    "steps_taken": 51.3125
}