{
    "distance_to_goal": 10.071205788105726,
    "success": 0.1875,
    "spl": 0.16957581914188533,
    "ndtw": 0.4025379985403214,
    "path_length": 9.988035923882853,
    "oracle_success": 0.35,
    "steps_taken": 73.8
}