{
    "distance_to_goal": 9.361522974073887,
    "success": 0.175,
    "spl": 0.15731221771631393,
    "ndtw": 0.4168686228426516,
    "path_length": 8.444588389528509,
    "oracle_success": 0.275,
    "steps_taken": 61.4125
}