{
    "distance_to_goal": 8.704249814897775,
    "success": 0.175,
    "spl": 0.1635467794711622,
    "ndtw": 0.45021108679267086,
    "path_length": 7.274389682116452,
    "oracle_success": 0.2125,
    "steps_taken": 58.8375
}