{
    "distance_to_goal": 8.480598983237554,
    "success": 0.2069408740359897,
    "spl": 0.20164719044794066,
    "ndtw": 0.4785131160697016,
    "path_length": 6.830683247129425,
    "oracle_success": 0.2416452442159383,
    "steps_taken": 53.34318766066838
}