{
    "distance_to_goal": 9.018400516360998,
    "success": 0.225,
    "spl": 0.21926846534314462,
    "ndtw": 0.4727065921062155,
    "path_length": 7.102709929092211,
    "oracle_success": 0.2625,
    "steps_taken": 53.825
}