{
    "distance_to_goal": 10.803657948970795,
    "success": 0.1125,
    "spl": 0.10027362060999452,
    "ndtw": 0.32552934364606,
    "path_length": 10.104641209246823,
    "oracle_success": 0.25,
    "steps_taken": 70.1875
}