{
    "distance_to_goal": 8.909706986099865,
    "success": 0.22879177377892032,
    "spl": 0.2129503775571848,
    "ndtw": 0.4404528656337242,
    "path_length": 8.471178914301598,
    "oracle_success": 0.3264781491002571,
    "steps_taken": 59.84961439588689
}