{
    "distance_to_goal": 9.368185140599678,
    "success": 0.1402936378466558,
    "spl": 0.12829234117580568,
    "ndtw": 0.4007384635453231,
    "path_length": 7.0513767903071445,
    "oracle_success": 0.19467101685698748,
    "steps_taken": 63.18216421968461
}