{
    "distance_to_goal": 8.631294699013234,
    "success": 0.2125,
    "spl": 0.19758356528863627,
    "ndtw": 0.4471829035741507,
    "path_length": 8.254983865527901,
    "oracle_success": 0.2875,
    "steps_taken": 69.6
}