{
    "distance_to_goal": 11.07170733474195,
    "success": 0.075,
    "spl": 0.07315861089562675,
    "ndtw": 0.305505904833876,
    "path_length": 11.505805529205826,
    "oracle_success": 0.3125,
    "steps_taken": 90.075
}