{
    "distance_to_goal": 8.878187285549938,
    "success": 0.1375,
    "spl": 0.12679800335282831,
    "ndtw": 0.4397590920989483,
    "path_length": 7.573522747226525,
    "oracle_success": 0.2375,
    "steps_taken": 56.9625
}