{
    "distance_to_goal": 8.663401554743245,
    "success": 0.2120822622107969,
    "spl": 0.19367824519896462,
    "ndtw": 0.4424268482745989,
    "path_length": 8.88573983108335,
    "oracle_success": 0.3380462724935733,
    "steps_taken": 67.37403598971723
}