{
    "distance_to_goal": 9.367689135670663,
    "success": 0.1375,
    "spl": 0.13620252187519483,
    "ndtw": 0.42492548828388815,
    "path_length": 7.3408124734531155,
    "oracle_success": 0.2375,
    "steps_taken": 57.8125
}