{
    "distance_to_goal": 9.911373569816352,
    "success": 0.15,
    "spl": 0.13718084499363917,
    "ndtw": 0.39531291493619425,
    "path_length": 8.918042009120109,
    "oracle_success": 0.2875,
    "steps_taken": 68.7125
}