{
    "distance_to_goal": 9.14247167520225,
    "success": 0.1375,
    "spl": 0.12457972678555725,
    "ndtw": 0.42531197464071313,
    "path_length": 8.341258976736572,
    "oracle_success": 0.3,
    "steps_taken": 61.8375
}