{
    "distance_to_goal": 8.421232621744275,
    "success": 0.175,
    "spl": 0.16317470185445684,
    "ndtw": 0.4684609009811834,
    "path_length": 7.428521969571011,
    "oracle_success": 0.2875,
    "steps_taken": 54.125
}