{
    "distance_to_goal": 8.624389999744825,
    "success": 0.22236503856041132,
    "spl": 0.20394032594516784,
    "ndtw": 0.45956977876210703,
    "path_length": 8.410443681635956,
    "oracle_success": 0.3226221079691517,
    "steps_taken": 62.717223650385606
}