{
    "distance_to_goal": 10.182371843606234,
    "success": 0.175,
    "spl": 0.15842570971367315,
    "ndtw": 0.39520819382408867,
    "path_length": 8.35865657972172,
    "oracle_success": 0.2875,
    "steps_taken": 63.725
}