{
    "distance_to_goal": 9.796547490917145,
    "success": 0.2125,
    "spl": 0.19499125213503882,
    "ndtw": 0.41318361405469933,
    "path_length": 9.448208568803967,
    "oracle_success": 0.3125,
    "steps_taken": 69.4
}