{
    "distance_to_goal": 8.220177024890187,
    "success": 0.2275064267352185,
    "spl": 0.21068230014904038,
    "ndtw": 0.47137277513468967,
    "path_length": 7.676074709066672,
    "oracle_success": 0.2853470437017995,
    "steps_taken": 57.58997429305913
}