{
    "distance_to_goal": 9.204820206314892,
    "success": 0.12941816204458945,
    "spl": 0.11996250306203218,
    "ndtw": 0.41127960207142306,
    "path_length": 6.7052312219182575,
    "oracle_success": 0.1821642196846112,
    "steps_taken": 55.907014681892335
}