{
    "distance_to_goal": 9.619532389938831,
    "success": 0.1625,
    "spl": 0.1353184374620016,
    "ndtw": 0.39506451284656074,
    "path_length": 8.92556200655447,
    "oracle_success": 0.325,
    "steps_taken": 60.2875
}