{
    "distance_to_goal": 9.355724136531354,
    "success": 0.1875,
    "spl": 0.17253419315268334,
    "ndtw": 0.43493781641348495,
    "path_length": 8.237774910236476,
    "oracle_success": 0.2875,
    "steps_taken": 58.3
}