{
    "distance_to_goal": 8.991851242259145,
    "success": 0.2125,
    "spl": 0.19217315513557726,
    "ndtw": 0.44612203502977604,
    "path_length": 8.143874318309827,
    "oracle_success": 0.2875,
    "steps_taken": 60.525
}