{
    "distance_to_goal": 10.135954885184765,
    "success": 0.175,
    "spl": 0.15943656146306298,
    "ndtw": 0.3933914996741602,
    "path_length": 8.605821625469252,
    "oracle_success": 0.2625,
    "steps_taken": 65.5625
}