{
    "distance_to_goal": 8.43105977547659,
    "success": 0.2467866323907455,
    "spl": 0.22872331017189446,
    "ndtw": 0.467985969734152,
    "path_length": 8.202120662262107,
    "oracle_success": 0.3110539845758355,
    "steps_taken": 61.74293059125964
}