{
    "distance_to_goal": 9.293064794028629,
    "success": 0.13376835236541598,
    "spl": 0.12141605851763349,
    "ndtw": 0.40693815935501987,
    "path_length": 7.635198749634465,
    "oracle_success": 0.2234910277324633,
    "steps_taken": 68.9010331702012
}