{
    "distance_to_goal": 9.611650885641575,
    "success": 0.15,
    "spl": 0.12358282207465972,
    "ndtw": 0.4072320721755668,
    "path_length": 7.592918447882402,
    "oracle_success": 0.2125,
    "steps_taken": 51.1875
}