{
    "distance_to_goal": 9.435042843967675,
    "success": 0.1625,
    "spl": 0.14607217197214115,
    "ndtw": 0.414301922791509,
    "path_length": 8.238615409246142,
    "oracle_success": 0.2375,
    "steps_taken": 61.2375
}