{
    "distance_to_goal": 9.689086560159922,
    "success": 0.1375,
    "spl": 0.12970219258768304,
    "ndtw": 0.40922354647418907,
    "path_length": 8.40278192031469,
    "oracle_success": 0.2125,
    "steps_taken": 58.8
}