{
    "distance_to_goal": 11.084896763165792,
    "success": 0.16666666666666666,
    "spl": 0.16666666666666666,
    "ndtw": 0.29271537236617284,
    "path_length": 13.929280542302877,
    "oracle_success": 0.3333333333333333,
    "steps_taken": 182.0
}