{
    "distance_to_goal": 12.372937401135763,
    "success": 0.16666666666666666,
    "spl": 0.16666666666666666,
    "ndtw": 0.3039126302486232,
    "path_length": 10.460721719544381,
    "oracle_success": 0.3333333333333333,
    "steps_taken": 121.16666666666667
}