{
    "distance_to_goal": 12.92866039276123,
    "success": 0.0,
    "spl": 0.0,
    "ndtw": 0.20929442502037976,
    "path_length": 9.930014970712364,
    "oracle_success": 0.0,
    "steps_taken": 182.0
}