{
    "distance_to_goal": 10.575972755750021,
    "success": 0.16666666666666666,
    "spl": 0.16666666666666666,
    "ndtw": 0.30555228870201245,
    "path_length": 7.233215683295081,
    "oracle_success": 0.16666666666666666,
    "steps_taken": 157.5
}