{
    "distance_to_goal": 12.571917454401651,
    "success": 0.16666666666666666,
    "spl": 0.11700218970109379,
    "ndtw": 0.13135033800407767,
    "path_length": 16.445984813850373,
    "oracle_success": 0.3333333333333333,
    "steps_taken": 169.5
}