{
    "distance_to_goal": 10.071336030960083,
    "success": 0.0,
    "spl": 0.0,
    "ndtw": 0.31094078765432753,
    "path_length": 9.921174727574302,
    "oracle_success": 0.3333333333333333,
    "steps_taken": 141.66666666666666
}