{
    "distance_to_goal": 13.286133368810018,
    "success": 0.0,
    "spl": 0.0,
    "ndtw": 0.19666593600160795,
    "path_length": 11.93156194120335,
    "oracle_success": 0.3333333333333333,
    "steps_taken": 150.16666666666666
}