{
    "distance_to_goal": 16.36610698699951,
    "success": 0.0,
    "spl": 0.0,
    "ndtw": 0.059128493496657275,
    "path_length": 16.42932930790509,
    "oracle_success": 0.16666666666666666,
    "steps_taken": 182.0
}