{
    "distance_to_goal": 15.120381355285645,
    "success": 0.0,
    "spl": 0.0,
    "ndtw": 0.12360794014155062,
    "path_length": 16.848582005128264,
    "oracle_success": 0.16666666666666666,
    "steps_taken": 127.0
}