{
    "distance_to_goal": 8.540043932572008,
    "success": 0.1875,
    "spl": 0.18078394882916204,
    "ndtw": 0.4683123901237082,
    "path_length": 6.277373833674938,
    "oracle_success": 0.2,
    "steps_taken": 44.4125
}