{
    "distance_to_goal": 8.772801884908336,
    "success": 0.12017400761283306,
    "spl": 0.11708007790575867,
    "ndtw": 0.4335216073086909,
    "path_length": 5.464167283335832,
    "oracle_success": 0.14845024469820556,
    "steps_taken": 44.06960304513323
}