{
    "distance_to_goal": 8.910425136610865,
    "success": 0.225,
    "spl": 0.20725102164223436,
    "ndtw": 0.4626778873684083,
    "path_length": 7.115758169814944,
    "oracle_success": 0.2625,
    "steps_taken": 53.45
}