{
    "distance_to_goal": 8.791275077685714,
    "success": 0.2375,
    "spl": 0.21725512688361417,
    "ndtw": 0.46513869907503186,
    "path_length": 6.423392108688131,
    "oracle_success": 0.2625,
    "steps_taken": 42.3
}