{
    "distance_to_goal": 9.175653235043859,
    "success": 0.10766721044045677,
    "spl": 0.1032463975603273,
    "ndtw": 0.4071158971954642,
    "path_length": 5.70657445176125,
    "oracle_success": 0.14953779227841218,
    "steps_taken": 47.758564437194124
}