{
    "distance_to_goal": 8.2468855556838,
    "success": 0.20822622107969152,
    "spl": 0.19905653602469447,
    "ndtw": 0.4737321403515816,
    "path_length": 6.308675953119335,
    "oracle_success": 0.2570694087403599,
    "steps_taken": 47.149100257069406
}