{
    "distance_to_goal": 8.295999321349177,
    "success": 0.2185089974293059,
    "spl": 0.21167616559685704,
    "ndtw": 0.4743637361012858,
    "path_length": 6.560143990175069,
    "oracle_success": 0.2827763496143959,
    "steps_taken": 46.60025706940874
}