{
    "distance_to_goal": 8.62149612158537,
    "success": 0.175,
    "spl": 0.16683523083978097,
    "ndtw": 0.4643299753615466,
    "path_length": 5.22715150762815,
    "oracle_success": 0.1875,
    "steps_taken": 35.5375
}