{
    "distance_to_goal": 8.662883494794368,
    "success": 0.175,
    "spl": 0.1635215918967567,
    "ndtw": 0.4441169234806111,
    "path_length": 6.457374997111037,
    "oracle_success": 0.2375,
    "steps_taken": 41.075
}