{
    "distance_to_goal": 7.740781699783698,
    "success": 0.2416452442159383,
    "spl": 0.23571797629528612,
    "ndtw": 0.5004610455140143,
    "path_length": 5.868053441560148,
    "oracle_success": 0.27249357326478146,
    "steps_taken": 42.530848329048844
}