{
    "distance_to_goal": 8.155752190778985,
    "success": 0.2442159383033419,
    "spl": 0.2332186111111632,
    "ndtw": 0.4839335900198573,
    "path_length": 6.44774211755353,
    "oracle_success": 0.2827763496143959,
    "steps_taken": 46.826478149100254
}