{
    "distance_to_goal": 8.92921369933625,
    "success": 0.0929853181076672,
    "spl": 0.09020846509303874,
    "ndtw": 0.419685770661457,
    "path_length": 4.87267144942803,
    "oracle_success": 0.11256117455138662,
    "steps_taken": 40.26101141924959
}