{
    "distance_to_goal": 7.876663755711675,
    "success": 0.2275064267352185,
    "spl": 0.22018682257323685,
    "ndtw": 0.4883597111085994,
    "path_length": 5.249185397881105,
    "oracle_success": 0.24293059125964012,
    "steps_taken": 35.847043701799485
}