{
    "distance_to_goal": 8.798024404605586,
    "success": 0.1245241979336596,
    "spl": 0.11997717998323251,
    "ndtw": 0.4347510597888641,
    "path_length": 5.32984800329432,
    "oracle_success": 0.14301250679717237,
    "steps_taken": 39.617183251767266
}