{
    "distance_to_goal": 7.913351113584783,
    "success": 0.2185089974293059,
    "spl": 0.21168505472008076,
    "ndtw": 0.4864767246973954,
    "path_length": 5.578771330629817,
    "oracle_success": 0.2455012853470437,
    "steps_taken": 38.83419023136247
}