{
    "distance_to_goal": 7.928968902380424,
    "success": 0.2159383033419023,
    "spl": 0.20558484741772798,
    "ndtw": 0.4861883309479848,
    "path_length": 6.720762104737302,
    "oracle_success": 0.2866323907455013,
    "steps_taken": 50.41388174807198
}