{
    "distance_to_goal": 8.675764367729425,
    "success": 0.15,
    "spl": 0.13689626287085685,
    "ndtw": 0.4569052988427603,
    "path_length": 6.941155918349978,
    "oracle_success": 0.2375,
    "steps_taken": 48.025
}