{
    "distance_to_goal": 8.354159416630864,
    "success": 0.2125,
    "spl": 0.20077389349648084,
    "ndtw": 0.46845305885649663,
    "path_length": 5.675234799459576,
    "oracle_success": 0.2375,
    "steps_taken": 38.6625
}