{
    "distance_to_goal": 8.32922591418028,
    "success": 0.225,
    "spl": 0.21553187298706375,
    "ndtw": 0.48380882741411746,
    "path_length": 5.347077822801657,
    "oracle_success": 0.2375,
    "steps_taken": 34.825
}