{
    "distance_to_goal": 8.285245559737087,
    "success": 0.1875,
    "spl": 0.1797089819664036,
    "ndtw": 0.4814744815341337,
    "path_length": 5.969555424293503,
    "oracle_success": 0.225,
    "steps_taken": 42.7625
}