{
    "distance_to_goal": 8.411424174159766,
    "success": 0.2375,
    "spl": 0.22568027974340396,
    "ndtw": 0.48428081929369216,
    "path_length": 5.830670956449528,
    "oracle_success": 0.25,
    "steps_taken": 39.975
}