{
    "distance_to_goal": 9.539728072285651,
    "success": 0.075,
    "spl": 0.06673396742961049,
    "ndtw": 0.39407347593516306,
    "path_length": 7.873067916935542,
    "oracle_success": 0.175,
    "steps_taken": 58.35
}