{
    "distance_to_goal": 7.770402038541735,
    "success": 0.21979434447300772,
    "spl": 0.21238715689981424,
    "ndtw": 0.5006694830440683,
    "path_length": 5.754220945371487,
    "oracle_success": 0.2583547557840617,
    "steps_taken": 41.13367609254499
}