{
    "distance_to_goal": 8.429613975062967,
    "success": 0.225,
    "spl": 0.2205528704140435,
    "ndtw": 0.46825119252833486,
    "path_length": 6.058995590917766,
    "oracle_success": 0.2625,
    "steps_taken": 43.125
}