{
    "distance_to_goal": 10.864640429941938,
    "success": 0.1125,
    "spl": 0.10688733231615966,
    "ndtw": 0.3398099038517014,
    "path_length": 9.352050076116575,
    "oracle_success": 0.25,
    "steps_taken": 67.4125
}