{
    "distance_to_goal": 10.657965853437782,
    "success": 0.1125,
    "spl": 0.09070340258379675,
    "ndtw": 0.2451292316283082,
    "path_length": 13.474860114971392,
    "oracle_success": 0.3,
    "steps_taken": 108.975
}