{
    "distance_to_goal": 10.055855226144194,
    "success": 0.1,
    "spl": 0.09488160267401433,
    "ndtw": 0.3750935057385479,
    "path_length": 8.194016054208623,
    "oracle_success": 0.2375,
    "steps_taken": 65.3375
}