{
    "distance_to_goal": 10.15896830877294,
    "success": 0.13753213367609254,
    "spl": 0.1250860987758538,
    "ndtw": 0.3572816608670845,
    "path_length": 8.90914626149385,
    "oracle_success": 0.2763496143958869,
    "steps_taken": 72.93444730077121
}