{
    "distance_to_goal": 10.453910066340526,
    "success": 0.09189777052746058,
    "spl": 0.07353907784253796,
    "ndtw": 0.3094054938990474,
    "path_length": 10.207710486800526,
    "oracle_success": 0.23273518216421968,
    "steps_taken": 94.60195758564437
}