{
    "distance_to_goal": 9.985719041898847,
    "success": 0.1125,
    "spl": 0.10372680062992068,
    "ndtw": 0.382800276752881,
    "path_length": 8.739094095496693,
    "oracle_success": 0.2875,
    "steps_taken": 58.1375
}