{
    "distance_to_goal": 10.708798149480096,
    "success": 0.11310494834148994,
    "spl": 0.10285158871991174,
    "ndtw": 0.34891148369439506,
    "path_length": 9.09118930168976,
    "oracle_success": 0.23219140837411636,
    "steps_taken": 69.20119630233823
}