{
    "distance_to_goal": 10.339728314707243,
    "success": 0.12853470437017994,
    "spl": 0.11841634487776076,
    "ndtw": 0.35315385677737116,
    "path_length": 9.025569339322912,
    "oracle_success": 0.2712082262210797,
    "steps_taken": 65.43444730077121
}