{
    "distance_to_goal": 10.295066159963607,
    "success": 0.125,
    "spl": 0.11267792902684999,
    "ndtw": 0.35762888698030143,
    "path_length": 8.769590302576738,
    "oracle_success": 0.225,
    "steps_taken": 60.825
}