{
    "distance_to_goal": 10.278971079803984,
    "success": 0.14138817480719795,
    "spl": 0.13408596548404125,
    "ndtw": 0.3671219463481525,
    "path_length": 8.968966183720832,
    "oracle_success": 0.2737789203084833,
    "steps_taken": 69.25064267352185
}