{
    "distance_to_goal": 10.090737867355347,
    "success": 0.1375,
    "spl": 0.13495807281125458,
    "ndtw": 0.37897096147839743,
    "path_length": 9.054476642745431,
    "oracle_success": 0.2875,
    "steps_taken": 68.475
}