{
    "distance_to_goal": 10.68436560407281,
    "success": 0.0875,
    "spl": 0.08466674178427139,
    "ndtw": 0.3582630222435459,
    "path_length": 9.269371293481866,
    "oracle_success": 0.2375,
    "steps_taken": 64.1875
}