{
    "distance_to_goal": 10.531441617943347,
    "success": 0.125,
    "spl": 0.10928238690473446,
    "ndtw": 0.3437664300533367,
    "path_length": 9.437877548311372,
    "oracle_success": 0.2875,
    "steps_taken": 69.1875
}