{
    "distance_to_goal": 10.788410943420605,
    "success": 0.075,
    "spl": 0.07439216322587647,
    "ndtw": 0.33871140259148064,
    "path_length": 8.921544131421252,
    "oracle_success": 0.2,
    "steps_taken": 61.925
}