{
    "distance_to_goal": 10.318695859983563,
    "success": 0.1,
    "spl": 0.08836854013381575,
    "ndtw": 0.3637301757028997,
    "path_length": 8.714694599952782,
    "oracle_success": 0.275,
    "steps_taken": 60.3375
}