{
    "distance_to_goal": 10.024791399414404,
    "success": 0.16580976863753213,
    "spl": 0.14589383506677148,
    "ndtw": 0.3668340866020637,
    "path_length": 11.091840179345601,
    "oracle_success": 0.37017994858611825,
    "steps_taken": 85.73521850899743
}