{
    "distance_to_goal": 10.669330294802785,
    "success": 0.0875,
    "spl": 0.0801388994570958,
    "ndtw": 0.3563264127402938,
    "path_length": 8.96246263627836,
    "oracle_success": 0.25,
    "steps_taken": 66.4375
}