{
    "distance_to_goal": 10.6062753662467,
    "success": 0.075,
    "spl": 0.07094420870367883,
    "ndtw": 0.31105804926632963,
    "path_length": 10.80371613734169,
    "oracle_success": 0.3375,
    "steps_taken": 84.7375
}