{
    "distance_to_goal": 9.907687571644782,
    "success": 0.1125,
    "spl": 0.09607255491898073,
    "ndtw": 0.36235920335936184,
    "path_length": 10.122059776322567,
    "oracle_success": 0.3125,
    "steps_taken": 92.9125
}