{
    "distance_to_goal": 10.507727077509347,
    "success": 0.13050570962479607,
    "spl": 0.11777498535203079,
    "ndtw": 0.35641881133610226,
    "path_length": 8.927253194930248,
    "oracle_success": 0.23436650353452965,
    "steps_taken": 69.8858075040783
}