{
    "distance_to_goal": 10.271264186501503,
    "success": 0.125,
    "spl": 0.11499917963062309,
    "ndtw": 0.36603294100288575,
    "path_length": 8.914070462313248,
    "oracle_success": 0.2625,
    "steps_taken": 65.2875
}