{
    "distance_to_goal": 11.224331179633737,
    "success": 0.0875,
    "spl": 0.08246473544720638,
    "ndtw": 0.3223654883252366,
    "path_length": 8.917834167054389,
    "oracle_success": 0.225,
    "steps_taken": 62.9
}