{
    "distance_to_goal": 10.8007603533566,
    "success": 0.0875,
    "spl": 0.07805736415921372,
    "ndtw": 0.35604639466064986,
    "path_length": 9.148565435549244,
    "oracle_success": 0.2625,
    "steps_taken": 61.625
}