{
    "distance_to_goal": 10.005527554630543,
    "success": 0.13881748071979436,
    "spl": 0.13427620525475717,
    "ndtw": 0.36692632185739105,
    "path_length": 8.71550414502209,
    "oracle_success": 0.27249357326478146,
    "steps_taken": 69.09897172236504
}