{
    "distance_to_goal": 11.209608428925275,
    "success": 0.1,
    "spl": 0.09624544758821503,
    "ndtw": 0.33756396539625627,
    "path_length": 9.258573600260206,
    "oracle_success": 0.2125,
    "steps_taken": 66.8875
}