{
    "distance_to_goal": 10.908978547155858,
    "success": 0.0875,
    "spl": 0.08238450582665968,
    "ndtw": 0.34213754577261557,
    "path_length": 8.734118101722562,
    "oracle_success": 0.2625,
    "steps_taken": 64.325
}