{
    "distance_to_goal": 9.86977380831777,
    "success": 0.12669929309407288,
    "spl": 0.10610323524432466,
    "ndtw": 0.3520297081253211,
    "path_length": 8.9025142185531,
    "oracle_success": 0.2523110386079391,
    "steps_taken": 80.07123436650353
}