{
    "distance_to_goal": 9.97339539346551,
    "success": 0.14355628058727568,
    "spl": 0.12840658583564038,
    "ndtw": 0.37527059968863574,
    "path_length": 8.382140493327054,
    "oracle_success": 0.23545405111473627,
    "steps_taken": 65.85481239804241
}