{
    "distance_to_goal": 10.281452903643748,
    "success": 0.13367609254498714,
    "spl": 0.1260936180197053,
    "ndtw": 0.35939990305105923,
    "path_length": 8.90935845044174,
    "oracle_success": 0.2686375321336761,
    "steps_taken": 68.30334190231362
}