{
    "distance_to_goal": 10.26139156928329,
    "success": 0.13753213367609254,
    "spl": 0.12747944836673675,
    "ndtw": 0.36183647876514924,
    "path_length": 8.736771412934267,
    "oracle_success": 0.2699228791773779,
    "steps_taken": 65.45886889460154
}