{
    "distance_to_goal": 11.450297555327415,
    "success": 0.0875,
    "spl": 0.0770105020032694,
    "ndtw": 0.3208999362414698,
    "path_length": 9.697547650348861,
    "oracle_success": 0.225,
    "steps_taken": 66.5375
}