{
    "distance_to_goal": 10.515537451207638,
    "success": 0.1125,
    "spl": 0.1076005915169144,
    "ndtw": 0.3607819660474253,
    "path_length": 8.97443432744476,
    "oracle_success": 0.2625,
    "steps_taken": 60.625
}