{
    "distance_to_goal": 10.645630469545722,
    "success": 0.1125,
    "spl": 0.10938151947142027,
    "ndtw": 0.36080641243349165,
    "path_length": 9.135718278138665,
    "oracle_success": 0.25,
    "steps_taken": 69.5125
}