{
    "distance_to_goal": 10.433238590229303,
    "success": 0.125,
    "spl": 0.10492305619370931,
    "ndtw": 0.33647733335115704,
    "path_length": 11.414718412421644,
    "oracle_success": 0.225,
    "steps_taken": 88.1375
}