{
    "distance_to_goal": 10.360277558391996,
    "success": 0.13110539845758354,
    "spl": 0.12101217417220493,
    "ndtw": 0.3551472120377039,
    "path_length": 8.669008227015935,
    "oracle_success": 0.2609254498714653,
    "steps_taken": 64.35347043701799
}