{
    "distance_to_goal": 10.391768505728928,
    "success": 0.1250679717237629,
    "spl": 0.11298665846571009,
    "ndtw": 0.36348693480514815,
    "path_length": 8.8043206218029,
    "oracle_success": 0.22457857531266992,
    "steps_taken": 68.51005981511692
}