{
    "distance_to_goal": 10.188165645696856,
    "success": 0.12982005141388175,
    "spl": 0.11324566687352074,
    "ndtw": 0.3454004711437779,
    "path_length": 10.851487096607276,
    "oracle_success": 0.33033419023136246,
    "steps_taken": 95.23521850899743
}