{
    "distance_to_goal": 10.214828148618302,
    "success": 0.12339331619537275,
    "spl": 0.11488986129416133,
    "ndtw": 0.3628842578557151,
    "path_length": 8.595959523527553,
    "oracle_success": 0.2455012853470437,
    "steps_taken": 63.72879177377892
}