{
    "distance_to_goal": 10.582354760481133,
    "success": 0.11310494834148994,
    "spl": 0.08904459869798055,
    "ndtw": 0.32429257454149635,
    "path_length": 10.185040985266786,
    "oracle_success": 0.2398042414355628,
    "steps_taken": 95.08809135399673
}