{
    "distance_to_goal": 10.674095067754388,
    "success": 0.1375,
    "spl": 0.12712940261433797,
    "ndtw": 0.3670082942176394,
    "path_length": 9.933097356400685,
    "oracle_success": 0.275,
    "steps_taken": 61.6
}