{
    "distance_to_goal": 9.542708997428416,
    "success": 0.1375,
    "spl": 0.11454917562838877,
    "ndtw": 0.37580410453865376,
    "path_length": 10.591539353354474,
    "oracle_success": 0.3625,
    "steps_taken": 82.9375
}