{
    "distance_to_goal": 9.373630918189884,
    "success": 0.1875,
    "spl": 0.16540689352250731,
    "ndtw": 0.3988084356342588,
    "path_length": 7.9522977095627425,
    "oracle_success": 0.2375,
    "steps_taken": 65.5375
}