{
    "distance_to_goal": 9.216931317001581,
    "success": 0.1625,
    "spl": 0.15512282333005362,
    "ndtw": 0.4163509628218957,
    "path_length": 7.46442417855396,
    "oracle_success": 0.2375,
    "steps_taken": 62.2625
}