{
    "distance_to_goal": 9.577550921429104,
    "success": 0.11745513866231648,
    "spl": 0.10310005590678144,
    "ndtw": 0.3763553913838099,
    "path_length": 7.35212878530332,
    "oracle_success": 0.18433931484502447,
    "steps_taken": 68.88091353996738
}