{
    "distance_to_goal": 9.397590626776218,
    "success": 0.0875,
    "spl": 0.0771458001539241,
    "ndtw": 0.40458971878927724,
    "path_length": 8.307902029948309,
    "oracle_success": 0.225,
    "steps_taken": 73.875
}