{
    "distance_to_goal": 9.689441673457623,
    "success": 0.1875,
    "spl": 0.16210825138872068,
    "ndtw": 0.39163130023952863,
    "path_length": 9.49646947921054,
    "oracle_success": 0.2875,
    "steps_taken": 73.525
}