{
    "distance_to_goal": 9.922396677732468,
    "success": 0.1625,
    "spl": 0.14982457089856077,
    "ndtw": 0.37098985281503194,
    "path_length": 8.617635037887599,
    "oracle_success": 0.225,
    "steps_taken": 72.375
}