{
    "distance_to_goal": 8.950706463125186,
    "success": 0.20822622107969152,
    "spl": 0.1969412001181485,
    "ndtw": 0.4301134439520356,
    "path_length": 7.63188466737876,
    "oracle_success": 0.2879177377892031,
    "steps_taken": 64.33547557840618
}