{
    "distance_to_goal": 9.052764792924215,
    "success": 0.17352185089974292,
    "spl": 0.16330702449223178,
    "ndtw": 0.41861234478342746,
    "path_length": 7.591817314155976,
    "oracle_success": 0.23393316195372751,
    "steps_taken": 63.052699228791774
}