{
    "distance_to_goal": 8.172795264074306,
    "success": 0.20179948586118251,
    "spl": 0.19529817501919533,
    "ndtw": 0.4632832742100217,
    "path_length": 6.195550782535196,
    "oracle_success": 0.2442159383033419,
    "steps_taken": 51.588688946015424
}