{
    "distance_to_goal": 9.64050309509039,
    "success": 0.1625,
    "spl": 0.13709743150750311,
    "ndtw": 0.39056456896998326,
    "path_length": 8.986329282324641,
    "oracle_success": 0.2625,
    "steps_taken": 66.125
}