{
    "distance_to_goal": 8.568162922561168,
    "success": 0.225,
    "spl": 0.19840852614145504,
    "ndtw": 0.44670813370205475,
    "path_length": 6.74840595193334,
    "oracle_success": 0.2375,
    "steps_taken": 59.5875
}