{
    "distance_to_goal": 8.782923139631748,
    "success": 0.1625,
    "spl": 0.14553407525362738,
    "ndtw": 0.44651686988568057,
    "path_length": 7.158648748502946,
    "oracle_success": 0.2375,
    "steps_taken": 48.7625
}