{
    "distance_to_goal": 10.058651100099087,
    "success": 0.175,
    "spl": 0.14875838029187702,
    "ndtw": 0.36914240227638023,
    "path_length": 8.613830899495346,
    "oracle_success": 0.2875,
    "steps_taken": 72.3375
}