{
    "distance_to_goal": 9.214562226831912,
    "success": 0.175,
    "spl": 0.1634652384595969,
    "ndtw": 0.4107705811709671,
    "path_length": 7.932632466169889,
    "oracle_success": 0.2625,
    "steps_taken": 63.9875
}