{
    "distance_to_goal": 8.469506412208233,
    "success": 0.21722365038560412,
    "spl": 0.19847469427643308,
    "ndtw": 0.4562217834186119,
    "path_length": 7.5515599207101225,
    "oracle_success": 0.2917737789203085,
    "steps_taken": 62.73521850899743
}