{
    "distance_to_goal": 10.318828541040421,
    "success": 0.125,
    "spl": 0.10637621585599795,
    "ndtw": 0.3648880477812661,
    "path_length": 8.57025593582075,
    "oracle_success": 0.2125,
    "steps_taken": 75.4125
}