{
    "distance_to_goal": 9.787604197859764,
    "success": 0.125,
    "spl": 0.10967799957669253,
    "ndtw": 0.3859542803718557,
    "path_length": 8.154147613980498,
    "oracle_success": 0.225,
    "steps_taken": 72.65
}