{
    "distance_to_goal": 9.650621511119095,
    "success": 0.11582381729200653,
    "spl": 0.1029336479937387,
    "ndtw": 0.37273391991583366,
    "path_length": 7.237352657523864,
    "oracle_success": 0.17346383904295812,
    "steps_taken": 72.23926046764547
}