{
    "distance_to_goal": 9.425894518024801,
    "success": 0.11908646003262642,
    "spl": 0.11072488924360932,
    "ndtw": 0.3875281286364534,
    "path_length": 6.035916637651586,
    "oracle_success": 0.15606307775965197,
    "steps_taken": 57.274605764002175
}