{
    "distance_to_goal": 9.256048514900193,
    "success": 0.12234910277324633,
    "spl": 0.11347644517567408,
    "ndtw": 0.39618127175561174,
    "path_length": 6.227183511278078,
    "oracle_success": 0.1729200652528548,
    "steps_taken": 62.05274605764002
}