{
    "distance_to_goal": 9.475750812143087,
    "success": 0.1625,
    "spl": 0.14305761549421286,
    "ndtw": 0.4097055621867369,
    "path_length": 6.868386906965169,
    "oracle_success": 0.175,
    "steps_taken": 60.8125
}