{
    "distance_to_goal": 9.770247799530626,
    "success": 0.1625,
    "spl": 0.14108304777671618,
    "ndtw": 0.39786934931816764,
    "path_length": 9.072491034295748,
    "oracle_success": 0.3375,
    "steps_taken": 70.0375
}