{
    "distance_to_goal": 10.185387381166219,
    "success": 0.1125,
    "spl": 0.10748797525971902,
    "ndtw": 0.3772278098927139,
    "path_length": 8.614671792121573,
    "oracle_success": 0.225,
    "steps_taken": 80.75
}