{
    "distance_to_goal": 8.674730277191705,
    "success": 0.19794344473007713,
    "spl": 0.18272191111682623,
    "ndtw": 0.43315144012464607,
    "path_length": 7.788242838921168,
    "oracle_success": 0.2776349614395887,
    "steps_taken": 67.09768637532133
}