{
    "distance_to_goal": 8.577310731620132,
    "success": 0.19665809768637532,
    "spl": 0.18442143632296684,
    "ndtw": 0.43621823239479174,
    "path_length": 6.614392587884692,
    "oracle_success": 0.2570694087403599,
    "steps_taken": 60.20694087403599
}