{
    "distance_to_goal": 9.241114434247459,
    "success": 0.1928020565552699,
    "spl": 0.176305520825347,
    "ndtw": 0.4061858298048613,
    "path_length": 8.967630215412665,
    "oracle_success": 0.3033419023136247,
    "steps_taken": 79.58226221079691
}