{
    "distance_to_goal": 9.590030010044575,
    "success": 0.1375,
    "spl": 0.1104682339725402,
    "ndtw": 0.405963084524791,
    "path_length": 8.391073765347246,
    "oracle_success": 0.275,
    "steps_taken": 65.375
}