{
    "distance_to_goal": 9.182452235342145,
    "success": 0.17223650385604114,
    "spl": 0.16106151282165546,
    "ndtw": 0.42580644117617733,
    "path_length": 8.079176857187774,
    "oracle_success": 0.26735218508997427,
    "steps_taken": 66.77120822622108
}