{
    "distance_to_goal": 9.04964438006282,
    "success": 0.0875,
    "spl": 0.07682587725337135,
    "ndtw": 0.3778279214893552,
    "path_length": 9.108885220649501,
    "oracle_success": 0.275,
    "steps_taken": 75.6875
}