{
    "distance_to_goal": 8.849084588885308,
    "success": 0.175,
    "spl": 0.17098255661584363,
    "ndtw": 0.4473571872635014,
    "path_length": 7.192493348405696,
    "oracle_success": 0.2125,
    "steps_taken": 60.3625
}