{
    "distance_to_goal": 9.884108291938901,
    "success": 0.175,
    "spl": 0.16758884382830727,
    "ndtw": 0.4142628370395081,
    "path_length": 8.67710206802003,
    "oracle_success": 0.2875,
    "steps_taken": 61.4625
}