{
    "distance_to_goal": 7.969887797220354,
    "success": 0.2480719794344473,
    "spl": 0.23437107786712286,
    "ndtw": 0.4848492802990964,
    "path_length": 8.268252903027706,
    "oracle_success": 0.3444730077120823,
    "steps_taken": 63.90745501285347
}