{
    "distance_to_goal": 9.201579402878986,
    "success": 0.13213703099510604,
    "spl": 0.12364400506025139,
    "ndtw": 0.4024548459511942,
    "path_length": 7.341575083544229,
    "oracle_success": 0.2039151712887439,
    "steps_taken": 64.88689505165851
}