{
    "distance_to_goal": 9.736215245714002,
    "success": 0.1375747688961392,
    "spl": 0.12140025942574126,
    "ndtw": 0.378350350397199,
    "path_length": 8.004182161146506,
    "oracle_success": 0.22784121805328983,
    "steps_taken": 67.12071778140293
}