{
    "distance_to_goal": 9.140892764925956,
    "success": 0.1875,
    "spl": 0.18078658502169592,
    "ndtw": 0.4197071325705937,
    "path_length": 8.8549751882907,
    "oracle_success": 0.3375,
    "steps_taken": 64.525
}