{
    "distance_to_goal": 8.54727615144075,
    "success": 0.2365038560411311,
    "spl": 0.22285177103822992,
    "ndtw": 0.4652076324007778,
    "path_length": 8.725878085294116,
    "oracle_success": 0.35989717223650386,
    "steps_taken": 61.05012853470437
}