{
    "distance_to_goal": 8.432008294680738,
    "success": 0.2095115681233933,
    "spl": 0.19836398407906397,
    "ndtw": 0.4555915125056544,
    "path_length": 8.150271362540058,
    "oracle_success": 0.31362467866323906,
    "steps_taken": 59.75064267352185
}