{
    "distance_to_goal": 9.010843155160547,
    "success": 0.2375,
    "spl": 0.2257366366672477,
    "ndtw": 0.45257672323017883,
    "path_length": 9.184864122106228,
    "oracle_success": 0.3625,
    "steps_taken": 57.8875
}