{
    "distance_to_goal": 8.770346614649485,
    "success": 0.19794344473007713,
    "spl": 0.18303971104188083,
    "ndtw": 0.4441979045166073,
    "path_length": 8.70571656429473,
    "oracle_success": 0.3213367609254499,
    "steps_taken": 61.231362467866326
}