{
    "distance_to_goal": 9.496619870455742,
    "success": 0.13322457857531267,
    "spl": 0.12422947268654576,
    "ndtw": 0.3895189140551226,
    "path_length": 7.704195990866028,
    "oracle_success": 0.21533442088091354,
    "steps_taken": 63.50027188689505
}