{
    "distance_to_goal": 9.622842044569552,
    "success": 0.125,
    "spl": 0.1228796850762837,
    "ndtw": 0.3849565346152466,
    "path_length": 9.352972887165379,
    "oracle_success": 0.3125,
    "steps_taken": 75.7875
}