{
    "distance_to_goal": 9.447030054032803,
    "success": 0.175,
    "spl": 0.16004144072987236,
    "ndtw": 0.4265852918244559,
    "path_length": 8.422620930639095,
    "oracle_success": 0.2875,
    "steps_taken": 61.025
}