{
    "distance_to_goal": 9.687296178635531,
    "success": 0.14246873300706905,
    "spl": 0.13170724906587195,
    "ndtw": 0.38436761102438594,
    "path_length": 7.902895036689785,
    "oracle_success": 0.2267536704730832,
    "steps_taken": 64.52854812398043
}