{
    "distance_to_goal": 8.791968172043562,
    "success": 0.2375,
    "spl": 0.22236370750869394,
    "ndtw": 0.45791976965313835,
    "path_length": 8.437574055911151,
    "oracle_success": 0.3375,
    "steps_taken": 60.4625
}