{
    "distance_to_goal": 8.937462563418178,
    "success": 0.19794344473007713,
    "spl": 0.18997709312523725,
    "ndtw": 0.4418600443367348,
    "path_length": 8.294354311036479,
    "oracle_success": 0.3097686375321337,
    "steps_taken": 59.062982005141386
}