{
    "distance_to_goal": 8.503242396680125,
    "success": 0.21722365038560412,
    "spl": 0.2050277946454038,
    "ndtw": 0.4649017747569672,
    "path_length": 8.131276644286583,
    "oracle_success": 0.3213367609254499,
    "steps_taken": 62.2814910025707
}