{
    "distance_to_goal": 8.824241214822068,
    "success": 0.2095115681233933,
    "spl": 0.19709799571090433,
    "ndtw": 0.44560694964459124,
    "path_length": 8.913993518842098,
    "oracle_success": 0.33033419023136246,
    "steps_taken": 62.89460154241645
}