{
    "distance_to_goal": 8.360817450694835,
    "success": 0.2377892030848329,
    "spl": 0.2268202175308473,
    "ndtw": 0.4665131127015525,
    "path_length": 8.780818031730645,
    "oracle_success": 0.35989717223650386,
    "steps_taken": 64.88946015424165
}