{
    "distance_to_goal": 10.551357500255108,
    "success": 0.1125,
    "spl": 0.0836761527308558,
    "ndtw": 0.3143158055401798,
    "path_length": 11.292019162638463,
    "oracle_success": 0.2875,
    "steps_taken": 84.675
}