{
    "distance_to_goal": 11.068268663436175,
    "success": 0.0625,
    "spl": 0.04122142568312503,
    "ndtw": 0.2715596315253149,
    "path_length": 12.67963671435864,
    "oracle_success": 0.2625,
    "steps_taken": 118.025
}