{
    "distance_to_goal": 9.928096186034477,
    "success": 0.15552699228791775,
    "spl": 0.13751394132143266,
    "ndtw": 0.3637478551024464,
    "path_length": 10.983326107956048,
    "oracle_success": 0.35861182519280205,
    "steps_taken": 93.02827763496144
}