{
    "distance_to_goal": 10.589916332066059,
    "success": 0.1125,
    "spl": 0.10278711825670481,
    "ndtw": 0.3531587426451997,
    "path_length": 10.084363898145966,
    "oracle_success": 0.275,
    "steps_taken": 82.9
}