{
    "distance_to_goal": 10.31721142269671,
    "success": 0.1,
    "spl": 0.09316598232288462,
    "ndtw": 0.33834892484418844,
    "path_length": 10.452133194793713,
    "oracle_success": 0.3625,
    "steps_taken": 89.35
}