{
    "distance_to_goal": 11.430860343202948,
    "success": 0.0625,
    "spl": 0.061555876570760025,
    "ndtw": 0.27630239848736415,
    "path_length": 11.419143553331377,
    "oracle_success": 0.2625,
    "steps_taken": 89.85
}