{
    "distance_to_goal": 9.475661293016914,
    "success": 0.16709511568123395,
    "spl": 0.14113995493327888,
    "ndtw": 0.3849162839760542,
    "path_length": 10.267793678097592,
    "oracle_success": 0.3110539845758355,
    "steps_taken": 81.74935732647815
}