{
    "distance_to_goal": 9.74936651363969,
    "success": 0.175,
    "spl": 0.14889571598775872,
    "ndtw": 0.3644759022336362,
    "path_length": 10.045296600088928,
    "oracle_success": 0.2875,
    "steps_taken": 85.9125
}