{
    "distance_to_goal": 9.695747004449368,
    "success": 0.1875,
    "spl": 0.17085144337067415,
    "ndtw": 0.38258084443831347,
    "path_length": 11.114933817277779,
    "oracle_success": 0.375,
    "steps_taken": 96.625
}