{
    "distance_to_goal": 9.383481514453887,
    "success": 0.1875,
    "spl": 0.16314241474309676,
    "ndtw": 0.38724289822549385,
    "path_length": 9.944357525231316,
    "oracle_success": 0.3375,
    "steps_taken": 84.6125
}