{
    "distance_to_goal": 10.073954948782921,
    "success": 0.175,
    "spl": 0.16042121026988956,
    "ndtw": 0.3859325177059313,
    "path_length": 10.584292142128106,
    "oracle_success": 0.3625,
    "steps_taken": 80.4
}