{
    "distance_to_goal": 10.013450971245765,
    "success": 0.1875,
    "spl": 0.1496796807884307,
    "ndtw": 0.34656435236220895,
    "path_length": 11.654653085579275,
    "oracle_success": 0.375,
    "steps_taken": 86.4
}