{
    "distance_to_goal": 11.157785693742335,
    "success": 0.075,
    "spl": 0.06795835184682941,
    "ndtw": 0.3123462122581989,
    "path_length": 10.4858419212047,
    "oracle_success": 0.275,
    "steps_taken": 84.0125
}