{
    "distance_to_goal": 10.034328908473253,
    "success": 0.1125,
    "spl": 0.09177778266789707,
    "ndtw": 0.33474783900324445,
    "path_length": 10.490278949174257,
    "oracle_success": 0.3625,
    "steps_taken": 85.2875
}