{
    "distance_to_goal": 10.276649114117026,
    "success": 0.075,
    "spl": 0.06405215985673701,
    "ndtw": 0.31591786795439014,
    "path_length": 10.808513107837644,
    "oracle_success": 0.35,
    "steps_taken": 85.3
}