{
    "distance_to_goal": 10.07293260323511,
    "success": 0.14910025706940874,
    "spl": 0.1253397755488862,
    "ndtw": 0.33541697455510794,
    "path_length": 11.719215423622309,
    "oracle_success": 0.37017994858611825,
    "steps_taken": 95.21850899742931
}