{
    "distance_to_goal": 9.804379731789231,
    "success": 0.1375,
    "spl": 0.12119745262019284,
    "ndtw": 0.36176400914128826,
    "path_length": 10.773699663660954,
    "oracle_success": 0.375,
    "steps_taken": 84.8875
}