{
    "distance_to_goal": 11.027837226912379,
    "success": 0.075,
    "spl": 0.06810322900948289,
    "ndtw": 0.2868475246546624,
    "path_length": 11.24058516350633,
    "oracle_success": 0.3625,
    "steps_taken": 95.0625
}