{
    "distance_to_goal": 9.27371415379996,
    "success": 0.17866323907455012,
    "spl": 0.16224658159502792,
    "ndtw": 0.3976344037799229,
    "path_length": 10.38222507491819,
    "oracle_success": 0.36503856041131105,
    "steps_taken": 79.05269922879178
}