{
    "distance_to_goal": 11.79103055074811,
    "success": 0.0625,
    "spl": 0.04232329790115258,
    "ndtw": 0.2764131655275493,
    "path_length": 13.565924615766562,
    "oracle_success": 0.3125,
    "steps_taken": 100.7375
}