{
    "distance_to_goal": 9.869002487873045,
    "success": 0.11854268624252311,
    "spl": 0.10087931031056281,
    "ndtw": 0.3602582607289263,
    "path_length": 9.127608383489719,
    "oracle_success": 0.24687330070690594,
    "steps_taken": 79.62860250135944
}