{
    "distance_to_goal": 9.344328651123304,
    "success": 0.16323907455012854,
    "spl": 0.14498123743269528,
    "ndtw": 0.4013043242657828,
    "path_length": 10.178698607042293,
    "oracle_success": 0.37789203084832906,
    "steps_taken": 76.54498714652956
}