{
    "distance_to_goal": 9.741997771980216,
    "success": 0.17609254498714652,
    "spl": 0.1555858043591249,
    "ndtw": 0.3724148479318102,
    "path_length": 11.091395150711786,
    "oracle_success": 0.33676092544987146,
    "steps_taken": 87.62467866323908
}