{
    "distance_to_goal": 10.393738289922476,
    "success": 0.1375,
    "spl": 0.12703765471121103,
    "ndtw": 0.305714880318614,
    "path_length": 11.496542894464072,
    "oracle_success": 0.4,
    "steps_taken": 91.6875
}