{
    "distance_to_goal": 10.112569389492274,
    "success": 0.1875,
    "spl": 0.1579195295770011,
    "ndtw": 0.3566942027167236,
    "path_length": 11.399498948117072,
    "oracle_success": 0.4125,
    "steps_taken": 90.125
}