{
    "distance_to_goal": 10.26554536819458,
    "success": 0.1125,
    "spl": 0.09428157177191487,
    "ndtw": 0.3321552778602868,
    "path_length": 11.865528926421394,
    "oracle_success": 0.3625,
    "steps_taken": 95.925
}