{
    "distance_to_goal": 10.072007767111064,
    "success": 0.15,
    "spl": 0.14200737217863052,
    "ndtw": 0.35845244934579096,
    "path_length": 9.635397770919372,
    "oracle_success": 0.3375,
    "steps_taken": 80.375
}