{
    "distance_to_goal": 10.361378653347492,
    "success": 0.1125,
    "spl": 0.10105707220364442,
    "ndtw": 0.3550918175545384,
    "path_length": 10.448190238346772,
    "oracle_success": 0.3125,
    "steps_taken": 90.3125
}