{
    "distance_to_goal": 5.360384166156978,
    "success": 0.45318352059925093,
    "spl": 0.4031601988421938,
    "ndtw": 0.5878786824147372,
    "path_length": 7.534356912259538,
    "oracle_success": 0.5955056179775281,
    "steps_taken": 78.48689138576779
}