{
    "distance_to_goal": 7.19677927847808,
    "success": 0.33033419023136246,
    "spl": 0.3062317684196992,
    "ndtw": 0.5207585513294752,
    "path_length": 9.101187868414685,
    "oracle_success": 0.4267352185089974,
    "steps_taken": 93.06426735218508
}