{
    "distance_to_goal": 8.162963802771326,
    "success": 0.26614481409001955,
    "spl": 0.2560555870393612,
    "ndtw": 0.4855857126742623,
    "path_length": 9.922268992001118,
    "oracle_success": 0.3385518590998043,
    "steps_taken": 98.94520547945206
}