{
    "distance_to_goal": 7.364051652353109,
    "success": 0.30179445350734097,
    "spl": 0.28122330026074743,
    "ndtw": 0.5099865512384807,
    "path_length": 8.344710527837039,
    "oracle_success": 0.37139749864056554,
    "steps_taken": 88.85970636215335
}