{
    "distance_to_goal": 8.291782039854372,
    "success": 0.2304421768707483,
    "spl": 0.2191613327894525,
    "ndtw": 0.4823363644145652,
    "path_length": 8.646662507209665,
    "oracle_success": 0.28061224489795916,
    "steps_taken": 94.79931972789116
}