{
    "distance_to_goal": 5.717255283930925,
    "success": 0.4298642533936652,
    "spl": 0.39327938161374115,
    "ndtw": 0.5612283069436603,
    "path_length": 7.746079519770087,
    "oracle_success": 0.5354449472096531,
    "steps_taken": 76.88235294117646
}