{
    "distance_to_goal": 8.95068962574005,
    "success": 0.1375,
    "spl": 0.12341725669211537,
    "ndtw": 0.4118013151987645,
    "path_length": 8.182000206706673,
    "oracle_success": 0.3,
    "steps_taken": 68.95
}