{
    "distance_to_goal": 8.932090014964341,
    "success": 0.1375,
    "spl": 0.1255855530244618,
    "ndtw": 0.4482578973972002,
    "path_length": 7.893088536994765,
    "oracle_success": 0.2125,
    "steps_taken": 58.225
}