{
    "distance_to_goal": 8.25824039004226,
    "success": 0.2750642673521851,
    "spl": 0.2548842224531487,
    "ndtw": 0.4787116899509459,
    "path_length": 8.650904313378039,
    "oracle_success": 0.37532133676092544,
    "steps_taken": 60.6413881748072
}