{
    "distance_to_goal": 9.495336262695492,
    "success": 0.225,
    "spl": 0.21007241384576109,
    "ndtw": 0.44064742277468333,
    "path_length": 8.592940125783207,
    "oracle_success": 0.2875,
    "steps_taken": 67.125
}