{
    "distance_to_goal": 9.73012239282192,
    "success": 0.15497553017944535,
    "spl": 0.14004514732849893,
    "ndtw": 0.3833295640953505,
    "path_length": 8.209962419645304,
    "oracle_success": 0.24306688417618272,
    "steps_taken": 68.57803153887983
}