{
    "distance_to_goal": 8.103468927461414,
    "success": 0.2133676092544987,
    "spl": 0.20060197248063016,
    "ndtw": 0.4784068137968025,
    "path_length": 7.678239984062598,
    "oracle_success": 0.32519280205655526,
    "steps_taken": 56.52056555269923
}