{
    "distance_to_goal": 8.315896850979497,
    "success": 0.2236503856041131,
    "spl": 0.20881457620060948,
    "ndtw": 0.4638036758188111,
    "path_length": 8.008092018428597,
    "oracle_success": 0.33547557840616965,
    "steps_taken": 61.73778920308483
}