{
    "distance_to_goal": 8.890437666326761,
    "success": 0.225,
    "spl": 0.20559099688132343,
    "ndtw": 0.4624755027438293,
    "path_length": 8.246742723605712,
    "oracle_success": 0.3125,
    "steps_taken": 63.25
}