{
    "distance_to_goal": 9.04826471209526,
    "success": 0.15,
    "spl": 0.14668049991493773,
    "ndtw": 0.43479959628886977,
    "path_length": 7.683745450487112,
    "oracle_success": 0.2625,
    "steps_taken": 59.925
}