{
    "distance_to_goal": 8.716635810263972,
    "success": 0.2120822622107969,
    "spl": 0.19266451907177204,
    "ndtw": 0.44798458530832547,
    "path_length": 8.588248780815714,
    "oracle_success": 0.32005141388174807,
    "steps_taken": 65.54627249357327
}