{
    "distance_to_goal": 9.356353811697367,
    "success": 0.14192495921696574,
    "spl": 0.13369211125766048,
    "ndtw": 0.40505478039278103,
    "path_length": 6.7155098622403,
    "oracle_success": 0.20228384991843393,
    "steps_taken": 51.84339314845025
}