{
    "distance_to_goal": 8.658823202242045,
    "success": 0.23136246786632392,
    "spl": 0.2145569721613072,
    "ndtw": 0.4552547843761429,
    "path_length": 8.626192085915733,
    "oracle_success": 0.33161953727506427,
    "steps_taken": 64.1478149100257
}