{
    "distance_to_goal": 8.224206351778042,
    "success": 0.20565552699228792,
    "spl": 0.19335517567815838,
    "ndtw": 0.46769639591165674,
    "path_length": 7.1476734708209095,
    "oracle_success": 0.2750642673521851,
    "steps_taken": 54.83419023136247
}