{
    "distance_to_goal": 9.62757602131856,
    "success": 0.1500815660685155,
    "spl": 0.1358431535681024,
    "ndtw": 0.3859903724122919,
    "path_length": 8.26722710471643,
    "oracle_success": 0.25774877650897227,
    "steps_taken": 66.45459488852637
}