{
    "distance_to_goal": 9.298953874785171,
    "success": 0.1500815660685155,
    "spl": 0.13655912152277952,
    "ndtw": 0.3915476989988076,
    "path_length": 7.886408809646389,
    "oracle_success": 0.24796084828711257,
    "steps_taken": 69.09679173463839
}