{
    "distance_to_goal": 8.741403377056121,
    "success": 0.2375,
    "spl": 0.21290783258461726,
    "ndtw": 0.44905231076583163,
    "path_length": 8.264805560762232,
    "oracle_success": 0.3125,
    "steps_taken": 60.05
}