{
    "distance_to_goal": 8.886843603104353,
    "success": 0.1625,
    "spl": 0.14601731857914413,
    "ndtw": 0.44925334476060685,
    "path_length": 7.0216090138535945,
    "oracle_success": 0.25,
    "steps_taken": 55.7
}