{
    "distance_to_goal": 7.759755213302022,
    "success": 0.2236503856041131,
    "spl": 0.21147502907445695,
    "ndtw": 0.501313897222824,
    "path_length": 7.224380213229284,
    "oracle_success": 0.30848329048843187,
    "steps_taken": 53.037275064267355
}