{
    "distance_to_goal": 8.429551601946201,
    "success": 0.2236503856041131,
    "spl": 0.2089872057726627,
    "ndtw": 0.46922439670391936,
    "path_length": 8.817728132279093,
    "oracle_success": 0.34318766066838047,
    "steps_taken": 66.02570694087403
}