{
    "distance_to_goal": 9.03923852480948,
    "success": 0.1625,
    "spl": 0.14939383036742032,
    "ndtw": 0.43289192903027934,
    "path_length": 7.259598421107512,
    "oracle_success": 0.2375,
    "steps_taken": 52.7875
}