{
    "distance_to_goal": 8.956136658787727,
    "success": 0.1375,
    "spl": 0.13099823596088284,
    "ndtw": 0.4192906093745773,
    "path_length": 8.02021379208163,
    "oracle_success": 0.2875,
    "steps_taken": 56.9625
}