{
    "distance_to_goal": 9.254553548246623,
    "success": 0.2375,
    "spl": 0.22098436018056633,
    "ndtw": 0.4543924233102632,
    "path_length": 7.769270917086397,
    "oracle_success": 0.2875,
    "steps_taken": 57.9875
}