{
    "distance_to_goal": 8.596209011226893,
    "success": 0.2625,
    "spl": 0.24992698208875952,
    "ndtw": 0.48107595232489214,
    "path_length": 7.376239765447323,
    "oracle_success": 0.3375,
    "steps_taken": 51.7375
}