{
    "distance_to_goal": 9.107576447066533,
    "success": 0.14464382816748234,
    "spl": 0.13518475236028946,
    "ndtw": 0.4170346750754342,
    "path_length": 6.885351478380673,
    "oracle_success": 0.2077215878194671,
    "steps_taken": 60.68026101141925
}