{
    "distance_to_goal": 8.991293438151478,
    "success": 0.2375,
    "spl": 0.22544610801829856,
    "ndtw": 0.45229476273332336,
    "path_length": 7.529049561917782,
    "oracle_success": 0.3125,
    "steps_taken": 56.125
}