{
    "distance_to_goal": 8.15735489986837,
    "success": 0.3,
    "spl": 0.2818116265957593,
    "ndtw": 0.503550373720305,
    "path_length": 7.3048207691404965,
    "oracle_success": 0.3375,
    "steps_taken": 50.8
}