{
    "distance_to_goal": 8.547698792815208,
    "success": 0.2625,
    "spl": 0.24750892953919523,
    "ndtw": 0.47106837560442416,
    "path_length": 7.753500670165522,
    "oracle_success": 0.35,
    "steps_taken": 54.275
}