{
    "distance_to_goal": 8.592625719867646,
    "success": 0.2375,
    "spl": 0.22774000061645472,
    "ndtw": 0.4635753611517711,
    "path_length": 7.730258485930999,
    "oracle_success": 0.325,
    "steps_taken": 59.4125
}