{
    "distance_to_goal": 9.152717395313084,
    "success": 0.1875,
    "spl": 0.17823548148854887,
    "ndtw": 0.4470467499676721,
    "path_length": 7.075715450535062,
    "oracle_success": 0.2375,
    "steps_taken": 52.8125
}