{
    "distance_to_goal": 9.076855901628733,
    "success": 0.2625,
    "spl": 0.24466241818094775,
    "ndtw": 0.45768296792451196,
    "path_length": 7.441109920432791,
    "oracle_success": 0.3375,
    "steps_taken": 52.5
}