{
    "distance_to_goal": 8.222873854960834,
    "success": 0.2249357326478149,
    "spl": 0.21676735848071035,
    "ndtw": 0.4797000935370733,
    "path_length": 7.250792925749118,
    "oracle_success": 0.3046272493573265,
    "steps_taken": 56.494858611825194
}