{
    "distance_to_goal": 7.760230376571417,
    "success": 0.3375,
    "spl": 0.3156484822458313,
    "ndtw": 0.5296058506659918,
    "path_length": 6.930667379661463,
    "oracle_success": 0.3875,
    "steps_taken": 51.5125
}