{
    "distance_to_goal": 8.708177522197365,
    "success": 0.2125,
    "spl": 0.20393022756426085,
    "ndtw": 0.46403670799278707,
    "path_length": 6.820833015873082,
    "oracle_success": 0.2625,
    "steps_taken": 50.0
}