{
    "distance_to_goal": 9.161448329695222,
    "success": 0.1528004350190321,
    "spl": 0.14415067481552107,
    "ndtw": 0.4191302780860355,
    "path_length": 6.920600203815009,
    "oracle_success": 0.21859706362153344,
    "steps_taken": 60.317020119630236
}