{
    "distance_to_goal": 8.229281974118443,
    "success": 0.2377892030848329,
    "spl": 0.2269412270092805,
    "ndtw": 0.4811576570191125,
    "path_length": 7.466023820850499,
    "oracle_success": 0.34190231362467866,
    "steps_taken": 53.75706940874036
}