{
    "distance_to_goal": 8.913279825635254,
    "success": 0.2125,
    "spl": 0.1964113491717498,
    "ndtw": 0.4519523303059472,
    "path_length": 7.339666285971179,
    "oracle_success": 0.2625,
    "steps_taken": 55.575
}