{
    "distance_to_goal": 8.603465599695024,
    "success": 0.2275064267352185,
    "spl": 0.2139494727968776,
    "ndtw": 0.452805602416753,
    "path_length": 8.178919349513523,
    "oracle_success": 0.3277634961439589,
    "steps_taken": 58.52185089974293
}