{
    "distance_to_goal": 8.203117857402273,
    "success": 0.2480719794344473,
    "spl": 0.23398665264223156,
    "ndtw": 0.47828627712771593,
    "path_length": 7.519804258247722,
    "oracle_success": 0.33033419023136246,
    "steps_taken": 56.224935732647815
}