{
    "distance_to_goal": 9.395595184341072,
    "success": 0.175,
    "spl": 0.16194329139567537,
    "ndtw": 0.42379889236116697,
    "path_length": 7.708614574000239,
    "oracle_success": 0.225,
    "steps_taken": 49.05
}