{
    "distance_to_goal": 8.813519947603345,
    "success": 0.2125,
    "spl": 0.19934765109427033,
    "ndtw": 0.4546075140418228,
    "path_length": 7.882487163209589,
    "oracle_success": 0.325,
    "steps_taken": 57.15
}