{
    "distance_to_goal": 8.639781542867421,
    "success": 0.2375,
    "spl": 0.20815941942599006,
    "ndtw": 0.4672441733639071,
    "path_length": 7.475639263610356,
    "oracle_success": 0.3125,
    "steps_taken": 53.075
}