{
    "distance_to_goal": 8.757857766260985,
    "success": 0.2249357326478149,
    "spl": 0.21400160851091707,
    "ndtw": 0.4451780879115572,
    "path_length": 7.392025988184944,
    "oracle_success": 0.3110539845758355,
    "steps_taken": 55.326478149100254
}