{
    "distance_to_goal": 8.754259838163852,
    "success": 0.175,
    "spl": 0.16429525188386604,
    "ndtw": 0.4617347454582664,
    "path_length": 8.043359095987398,
    "oracle_success": 0.375,
    "steps_taken": 58.9875
}