{
    "distance_to_goal": 8.551549449935555,
    "success": 0.25,
    "spl": 0.23262209735199946,
    "ndtw": 0.47632021735222885,
    "path_length": 7.227945578232175,
    "oracle_success": 0.3125,
    "steps_taken": 53.5375
}