{
    "distance_to_goal": 8.441501269073903,
    "success": 0.2390745501285347,
    "spl": 0.2273310234525577,
    "ndtw": 0.46890045380409967,
    "path_length": 7.526941110268526,
    "oracle_success": 0.31233933161953725,
    "steps_taken": 58.731362467866326
}