{
    "distance_to_goal": 8.191946758702397,
    "success": 0.3125,
    "spl": 0.30296748039419563,
    "ndtw": 0.4887531975473263,
    "path_length": 7.390934878541157,
    "oracle_success": 0.3875,
    "steps_taken": 59.05
}