{
    "distance_to_goal": 8.89312206953764,
    "success": 0.25,
    "spl": 0.23517470412289296,
    "ndtw": 0.44555574414922344,
    "path_length": 7.832875219745844,
    "oracle_success": 0.375,
    "steps_taken": 58.0375
}