{
    "distance_to_goal": 8.277003421785746,
    "success": 0.2455012853470437,
    "spl": 0.23566382978172462,
    "ndtw": 0.4749709308646199,
    "path_length": 7.392748155287425,
    "oracle_success": 0.32904884318766064,
    "steps_taken": 56.51670951156812
}