{
    "distance_to_goal": 8.8536288138479,
    "success": 0.1875,
    "spl": 0.17334308802969972,
    "ndtw": 0.4479150352825493,
    "path_length": 7.454227436729707,
    "oracle_success": 0.325,
    "steps_taken": 56.675
}