{
    "distance_to_goal": 9.178695408646636,
    "success": 0.13050570962479607,
    "spl": 0.12216294345974156,
    "ndtw": 0.4071766165305731,
    "path_length": 6.455446593017204,
    "oracle_success": 0.18325176726481784,
    "steps_taken": 53.73083197389886
}