{
    "distance_to_goal": 7.917324657975708,
    "success": 0.2802056555269923,
    "spl": 0.2620171461086781,
    "ndtw": 0.5050207356348536,
    "path_length": 7.373562064948338,
    "oracle_success": 0.34190231362467866,
    "steps_taken": 54.3560411311054
}