{
    "distance_to_goal": 9.288696093716704,
    "success": 0.15443175638934203,
    "spl": 0.14264510453043203,
    "ndtw": 0.41269469487577337,
    "path_length": 7.097599145352221,
    "oracle_success": 0.22022838499184338,
    "steps_taken": 59.43828167482327
}