{
    "distance_to_goal": 7.997990553577741,
    "success": 0.3333333333333333,
    "spl": 0.3333333333333333,
    "ndtw": 0.5717136319761243,
    "path_length": 8.175918834904829,
    "oracle_success": 0.3333333333333333,
    "steps_taken": 49.333333333333336
}