{
    "distance_to_goal": 14.909518758455912,
    "success": 0.16666666666666666,
    "spl": 0.1249733654172816,
    "ndtw": 0.20153022861088718,
    "path_length": 12.958923906514732,
    "oracle_success": 0.16666666666666666,
    "steps_taken": 105.83333333333333
}