{
    "distance_to_goal": 14.767650286356607,
    "success": 0.0,
    "spl": 0.0,
    "ndtw": 0.14779976317038435,
    "path_length": 12.424566601480668,
    "oracle_success": 0.16666666666666666,
    "steps_taken": 136.66666666666666
}