{
    "distance_to_goal": 12.303913270433744,
    "success": 0.16666666666666666,
    "spl": 0.1577382233051323,
    "ndtw": 0.32851522871440175,
    "path_length": 10.097770899534225,
    "oracle_success": 0.16666666666666666,
    "steps_taken": 81.5
}