{
    "distance_to_goal": 10.214328408241272,
    "success": 0.16666666666666666,
    "spl": 0.1281098935689243,
    "ndtw": 0.3512912262777868,
    "path_length": 10.109791104351947,
    "oracle_success": 0.16666666666666666,
    "steps_taken": 109.0
}