{
    "distance_to_goal": 16.156625628471375,
    "success": 0.16666666666666666,
    "spl": 0.12392783603543345,
    "ndtw": 0.19179081849966875,
    "path_length": 13.89333845457683,
    "oracle_success": 0.16666666666666666,
    "steps_taken": 102.0
}