{
    "distance_to_goal": 13.1558731396993,
    "success": 0.16666666666666666,
    "spl": 0.16666666666666666,
    "ndtw": 0.30174028943327885,
    "path_length": 8.521709219863018,
    "oracle_success": 0.16666666666666666,
    "steps_taken": 126.0
}