{
    "distance_to_goal": 13.371846278508505,
    "success": 0.0,
    "spl": 0.0,
    "ndtw": 0.23105831683249736,
    "path_length": 13.033141128718853,
    "oracle_success": 0.16666666666666666,
    "steps_taken": 85.16666666666667
}