{
    "distance_to_goal": 13.850117325782776,
    "success": 0.16666666666666666,
    "spl": 0.15748651156333102,
    "ndtw": 0.3049717947280941,
    "path_length": 10.301234326946238,
    "oracle_success": 0.16666666666666666,
    "steps_taken": 78.0
}