{
    "distance_to_goal": 15.77620542049408,
    "success": 0.16666666666666666,
    "spl": 0.13027688493442285,
    "ndtw": 0.2181795309441866,
    "path_length": 13.673378941738823,
    "oracle_success": 0.16666666666666666,
    "steps_taken": 98.66666666666667
}