{
    "distance_to_goal": 15.430707136789957,
    "success": 0.0,
    "spl": 0.0,
    "ndtw": 0.21805417064638932,
    "path_length": 12.018765072027842,
    "oracle_success": 0.16666666666666666,
    "steps_taken": 93.16666666666667
}