{
    "distance_to_goal": 16.37284501393636,
    "success": 0.0,
    "spl": 0.0,
    "ndtw": 0.16515315463433436,
    "path_length": 13.250052783638239,
    "oracle_success": 0.16666666666666666,
    "steps_taken": 113.83333333333333
}