{
    "distance_to_goal": 14.352823575337728,
    "success": 0.16666666666666666,
    "spl": 0.12440665163787236,
    "ndtw": 0.20249583220080467,
    "path_length": 11.03762362897396,
    "oracle_success": 0.16666666666666666,
    "steps_taken": 93.16666666666667
}