{
    "distance_to_goal": 8.78399068377912,
    "success": 0.225,
    "spl": 0.20711195245119055,
    "ndtw": 0.47378140983947814,
    "path_length": 8.010402007680387,
    "oracle_success": 0.2875,
    "steps_taken": 49.6625
}