{
    "distance_to_goal": 8.511321318894625,
    "success": 0.175,
    "spl": 0.16809168530022414,
    "ndtw": 0.4895318371499213,
    "path_length": 7.228455671761185,
    "oracle_success": 0.2125,
    "steps_taken": 45.9625
}