{
    "distance_to_goal": 8.24445507992059,
    "success": 0.1875,
    "spl": 0.18084296466775024,
    "ndtw": 0.4741785638642252,
    "path_length": 7.840127838670742,
    "oracle_success": 0.2625,
    "steps_taken": 63.1625
}