{
    "distance_to_goal": 9.765726776607334,
    "success": 0.2,
    "spl": 0.18901150898217361,
    "ndtw": 0.42513976160860284,
    "path_length": 7.729378463095008,
    "oracle_success": 0.2625,
    "steps_taken": 55.8125
}