{
    "distance_to_goal": 8.32121151611209,
    "success": 0.2375,
    "spl": 0.23312915941088036,
    "ndtw": 0.4930614181298651,
    "path_length": 7.211777577956672,
    "oracle_success": 0.2875,
    "steps_taken": 48.2875
}