{
    "distance_to_goal": 8.792461649514735,
    "success": 0.225,
    "spl": 0.20754338333974293,
    "ndtw": 0.47140584716307876,
    "path_length": 8.173689201287925,
    "oracle_success": 0.2875,
    "steps_taken": 51.725
}