{
    "distance_to_goal": 8.96632271911949,
    "success": 0.2125,
    "spl": 0.20249202398922392,
    "ndtw": 0.4594028183088869,
    "path_length": 7.097765240841545,
    "oracle_success": 0.225,
    "steps_taken": 60.9375
}