{
    "distance_to_goal": 8.51508215200156,
    "success": 0.2125,
    "spl": 0.19940320949725215,
    "ndtw": 0.48900466891254385,
    "path_length": 7.331760035431944,
    "oracle_success": 0.275,
    "steps_taken": 47.7875
}