{
    "distance_to_goal": 9.044341421313584,
    "success": 0.15,
    "spl": 0.1458357090158334,
    "ndtw": 0.4541734366291895,
    "path_length": 7.5859702212619595,
    "oracle_success": 0.2375,
    "steps_taken": 52.6875
}