{
    "distance_to_goal": 8.070180239342154,
    "success": 0.2125,
    "spl": 0.19736062311996552,
    "ndtw": 0.5059607976496515,
    "path_length": 7.7586886037955995,
    "oracle_success": 0.2625,
    "steps_taken": 59.025
}