{
    "distance_to_goal": 8.743452426232398,
    "success": 0.1625,
    "spl": 0.15526354025999303,
    "ndtw": 0.46712993308671164,
    "path_length": 7.411741327634081,
    "oracle_success": 0.2,
    "steps_taken": 46.7875
}