{
    "distance_to_goal": 8.632229494862258,
    "success": 0.1875,
    "spl": 0.1734291069547743,
    "ndtw": 0.47184951020776883,
    "path_length": 7.516690531335189,
    "oracle_success": 0.2625,
    "steps_taken": 63.8875
}