{
    "distance_to_goal": 7.883354378806709,
    "success": 0.2390745501285347,
    "spl": 0.22661681365068487,
    "ndtw": 0.4900946129501195,
    "path_length": 7.496318266020778,
    "oracle_success": 0.30077120822622105,
    "steps_taken": 50.696658097686374
}