{
    "distance_to_goal": 7.854067932460026,
    "success": 0.2159383033419023,
    "spl": 0.20552958565876253,
    "ndtw": 0.5005051239163033,
    "path_length": 7.569575378291411,
    "oracle_success": 0.2892030848329049,
    "steps_taken": 51.05526992287918
}