{
    "distance_to_goal": 8.464027503691614,
    "success": 0.2375,
    "spl": 0.2283072229156072,
    "ndtw": 0.48772183430467725,
    "path_length": 7.408132815640419,
    "oracle_success": 0.275,
    "steps_taken": 54.775
}