{
    "distance_to_goal": 8.42217264957726,
    "success": 0.2125,
    "spl": 0.20191564833389092,
    "ndtw": 0.4826143374086656,
    "path_length": 7.491183257097146,
    "oracle_success": 0.25,
    "steps_taken": 55.0625
}