{
    "distance_to_goal": 7.736468392051757,
    "success": 0.2125,
    "spl": 0.20049598573395472,
    "ndtw": 0.500154463823648,
    "path_length": 7.3426206360571085,
    "oracle_success": 0.275,
    "steps_taken": 57.4875
}