{
    "distance_to_goal": 9.789207831397652,
    "success": 0.175,
    "spl": 0.15752329896292588,
    "ndtw": 0.4232234854636463,
    "path_length": 8.240490409219637,
    "oracle_success": 0.2625,
    "steps_taken": 59.825
}