{
    "distance_to_goal": 7.518774243009427,
    "success": 0.2712082262210797,
    "spl": 0.25921366746872543,
    "ndtw": 0.5240238457999961,
    "path_length": 7.808623484091038,
    "oracle_success": 0.35989717223650386,
    "steps_taken": 54.167095115681235
}