{
    "distance_to_goal": 8.526311863213778,
    "success": 0.225,
    "spl": 0.21143218570246228,
    "ndtw": 0.487387088256395,
    "path_length": 7.922644870600197,
    "oracle_success": 0.3125,
    "steps_taken": 49.125
}