{
    "distance_to_goal": 8.188800490404063,
    "success": 0.1859706362153344,
    "spl": 0.1774036609547705,
    "ndtw": 0.46935078032746624,
    "path_length": 6.537004647947278,
    "oracle_success": 0.23164763458401305,
    "steps_taken": 58.205002718868954
}