{
    "distance_to_goal": 8.305254836194218,
    "success": 0.2,
    "spl": 0.18927874691059213,
    "ndtw": 0.4829748040123598,
    "path_length": 7.9675322197261265,
    "oracle_success": 0.3125,
    "steps_taken": 61.5875
}