{
    "distance_to_goal": 8.404981317929924,
    "success": 0.175,
    "spl": 0.16400877046773324,
    "ndtw": 0.46797384306428214,
    "path_length": 7.126202164776624,
    "oracle_success": 0.2375,
    "steps_taken": 64.3875
}