{
    "distance_to_goal": 8.363416646234691,
    "success": 0.2125,
    "spl": 0.19699921668530446,
    "ndtw": 0.49319331321589555,
    "path_length": 7.519554821937345,
    "oracle_success": 0.2875,
    "steps_taken": 60.9125
}