{
    "distance_to_goal": 8.637883536331355,
    "success": 0.2,
    "spl": 0.18135430385380763,
    "ndtw": 0.4579349185493129,
    "path_length": 7.775007339112927,
    "oracle_success": 0.2625,
    "steps_taken": 49.1375
}