{
    "distance_to_goal": 8.795179423876107,
    "success": 0.1875,
    "spl": 0.17931722917351017,
    "ndtw": 0.4564721317655688,
    "path_length": 6.802647647587582,
    "oracle_success": 0.225,
    "steps_taken": 51.05
}