{
    "distance_to_goal": 8.264592797122896,
    "success": 0.2625,
    "spl": 0.2492315546469852,
    "ndtw": 0.4920024789648233,
    "path_length": 7.631522573251277,
    "oracle_success": 0.3375,
    "steps_taken": 51.6625
}