{
    "distance_to_goal": 7.995071689225734,
    "success": 0.1875,
    "spl": 0.17830335191248964,
    "ndtw": 0.489314522948722,
    "path_length": 7.380888745805715,
    "oracle_success": 0.275,
    "steps_taken": 60.0875
}