{
    "distance_to_goal": 9.163007225655019,
    "success": 0.175,
    "spl": 0.16701440749343002,
    "ndtw": 0.4435181910603623,
    "path_length": 7.5778032198548315,
    "oracle_success": 0.225,
    "steps_taken": 52.4625
}