{
    "distance_to_goal": 8.743054806254804,
    "success": 0.175,
    "spl": 0.17400489458600849,
    "ndtw": 0.4647846301437431,
    "path_length": 7.539725230436531,
    "oracle_success": 0.2125,
    "steps_taken": 51.275
}