{
    "distance_to_goal": 7.6626804944673665,
    "success": 0.2622107969151671,
    "spl": 0.25112395761005624,
    "ndtw": 0.5167888615631168,
    "path_length": 7.441300107697034,
    "oracle_success": 0.32390745501285345,
    "steps_taken": 55.790488431876604
}