{
    "distance_to_goal": 9.983592641353606,
    "success": 0.1125,
    "spl": 0.0973864283316904,
    "ndtw": 0.38046133464921267,
    "path_length": 9.338963883020915,
    "oracle_success": 0.25,
    "steps_taken": 62.7625
}