{
    "distance_to_goal": 8.711465363763272,
    "success": 0.2,
    "spl": 0.19135703645073288,
    "ndtw": 0.46756226940120876,
    "path_length": 6.721218257647706,
    "oracle_success": 0.2375,
    "steps_taken": 50.5625
}