{
    "distance_to_goal": 7.336898198432665,
    "success": 0.2866323907455013,
    "spl": 0.2758121095847017,
    "ndtw": 0.5387402321357535,
    "path_length": 7.442887614176466,
    "oracle_success": 0.35989717223650386,
    "steps_taken": 50.09768637532134
}