{
    "distance_to_goal": 8.414869931526482,
    "success": 0.1625,
    "spl": 0.14908163091570031,
    "ndtw": 0.46413060659985883,
    "path_length": 7.587014207342873,
    "oracle_success": 0.2625,
    "steps_taken": 58.3
}