{
    "distance_to_goal": 8.544105945900082,
    "success": 0.2375,
    "spl": 0.22666015581180807,
    "ndtw": 0.48843939398469277,
    "path_length": 7.7248053447343406,
    "oracle_success": 0.275,
    "steps_taken": 49.9375
}