{
    "distance_to_goal": 8.776099552214145,
    "success": 0.175,
    "spl": 0.17304037788028964,
    "ndtw": 0.4648539507536686,
    "path_length": 7.185262829089507,
    "oracle_success": 0.2375,
    "steps_taken": 51.6125
}