{
    "distance_to_goal": 9.413400661759079,
    "success": 0.2125,
    "spl": 0.20256568318356266,
    "ndtw": 0.4370052427293394,
    "path_length": 7.499961193883792,
    "oracle_success": 0.225,
    "steps_taken": 50.1125
}