{
    "distance_to_goal": 8.767765436135232,
    "success": 0.15,
    "spl": 0.14109819240345456,
    "ndtw": 0.48012333734816587,
    "path_length": 7.846377132809721,
    "oracle_success": 0.2625,
    "steps_taken": 49.4625
}