{
    "distance_to_goal": 7.904532677866518,
    "success": 0.2,
    "spl": 0.19065005382611472,
    "ndtw": 0.4936329225405706,
    "path_length": 7.237560398573987,
    "oracle_success": 0.2625,
    "steps_taken": 61.5375
}