{
    "distance_to_goal": 8.946149330213666,
    "success": 0.2375,
    "spl": 0.23050187053631266,
    "ndtw": 0.4701968200656612,
    "path_length": 7.511491935269442,
    "oracle_success": 0.2625,
    "steps_taken": 49.5375
}