{
    "distance_to_goal": 9.465819182805717,
    "success": 0.175,
    "spl": 0.1657672443315164,
    "ndtw": 0.43649289288948934,
    "path_length": 7.398708106810227,
    "oracle_success": 0.2625,
    "steps_taken": 52.2375
}