{
    "distance_to_goal": 8.495266174711286,
    "success": 0.1625,
    "spl": 0.15512904236107034,
    "ndtw": 0.4787602979059232,
    "path_length": 7.267864405922592,
    "oracle_success": 0.225,
    "steps_taken": 47.15
}