{
    "distance_to_goal": 7.984697191230953,
    "success": 0.1875,
    "spl": 0.179240270398615,
    "ndtw": 0.49427768674991884,
    "path_length": 7.364202288468368,
    "oracle_success": 0.25,
    "steps_taken": 71.2625
}