{
    "distance_to_goal": 10.326928520575166,
    "success": 0.075,
    "spl": 0.06628204733887647,
    "ndtw": 0.3569708057819917,
    "path_length": 8.533423992455823,
    "oracle_success": 0.2125,
    "steps_taken": 66.225
}