{
    "distance_to_goal": 8.669853618182241,
    "success": 0.1875,
    "spl": 0.18185069435014029,
    "ndtw": 0.4641446694886101,
    "path_length": 7.067506656749174,
    "oracle_success": 0.2125,
    "steps_taken": 46.9625
}