{
    "distance_to_goal": 8.77356879170984,
    "success": 0.1875,
    "spl": 0.16804592836696636,
    "ndtw": 0.45567491535791343,
    "path_length": 7.871312613098416,
    "oracle_success": 0.2375,
    "steps_taken": 57.8125
}