{
    "distance_to_goal": 8.572712711431086,
    "success": 0.2,
    "spl": 0.18253236902798503,
    "ndtw": 0.4694301150490686,
    "path_length": 8.048905860364902,
    "oracle_success": 0.3125,
    "steps_taken": 72.7625
}