{
    "distance_to_goal": 8.999046389572323,
    "success": 0.1875,
    "spl": 0.17780526692746018,
    "ndtw": 0.4432546032873197,
    "path_length": 8.136156638117972,
    "oracle_success": 0.3125,
    "steps_taken": 54.625
}