{
    "distance_to_goal": 9.889079837873577,
    "success": 0.1375,
    "spl": 0.12383766508613121,
    "ndtw": 0.3999897184983444,
    "path_length": 8.347937146550976,
    "oracle_success": 0.2125,
    "steps_taken": 62.3125
}