{
    "distance_to_goal": 9.142509150318801,
    "success": 0.1875,
    "spl": 0.1826834101351851,
    "ndtw": 0.4541558402394289,
    "path_length": 8.417476566624828,
    "oracle_success": 0.2375,
    "steps_taken": 52.375
}