{
    "distance_to_goal": 8.872760785557329,
    "success": 0.2375,
    "spl": 0.22974110894910466,
    "ndtw": 0.4706156658281673,
    "path_length": 7.425001795362914,
    "oracle_success": 0.2625,
    "steps_taken": 53.825
}