{
    "distance_to_goal": 8.401509896107019,
    "success": 0.2125,
    "spl": 0.20379897618797252,
    "ndtw": 0.4969654672250856,
    "path_length": 7.112311510345899,
    "oracle_success": 0.275,
    "steps_taken": 48.35
}