{
    "distance_to_goal": 8.584797260351479,
    "success": 0.1875,
    "spl": 0.1749664777732416,
    "ndtw": 0.45779192458712226,
    "path_length": 7.818622246163431,
    "oracle_success": 0.275,
    "steps_taken": 59.0375
}