{
    "distance_to_goal": 8.772600820474327,
    "success": 0.1875,
    "spl": 0.17512576532688393,
    "ndtw": 0.4748093490735192,
    "path_length": 7.225134366471321,
    "oracle_success": 0.275,
    "steps_taken": 59.225
}