{
    "distance_to_goal": 8.313531506992877,
    "success": 0.1625,
    "spl": 0.15048604127375614,
    "ndtw": 0.49087926437744234,
    "path_length": 7.07843237107154,
    "oracle_success": 0.2375,
    "steps_taken": 61.5375
}