{
    "distance_to_goal": 8.510220857150852,
    "success": 0.2,
    "spl": 0.18406396007016296,
    "ndtw": 0.48873913575672556,
    "path_length": 7.3627207485726105,
    "oracle_success": 0.2875,
    "steps_taken": 56.625
}