{
    "distance_to_goal": 8.352529302267778,
    "success": 0.1854268624252311,
    "spl": 0.17909531996738226,
    "ndtw": 0.4579072522550847,
    "path_length": 6.584344876434323,
    "oracle_success": 0.2115280043501903,
    "steps_taken": 68.02827623708538
}