{
    "distance_to_goal": 8.91357387136668,
    "success": 0.1625,
    "spl": 0.15888790466734315,
    "ndtw": 0.4633926497472336,
    "path_length": 7.033638368063839,
    "oracle_success": 0.225,
    "steps_taken": 48.525
}