{
    "distance_to_goal": 8.120779999904334,
    "success": 0.1875,
    "spl": 0.18426858252273967,
    "ndtw": 0.4916050901807374,
    "path_length": 7.2737544842646455,
    "oracle_success": 0.2625,
    "steps_taken": 55.4375
}