{
    "distance_to_goal": 8.901039478927851,
    "success": 0.1625,
    "spl": 0.15521045708031767,
    "ndtw": 0.4537194422842661,
    "path_length": 7.083751176751685,
    "oracle_success": 0.175,
    "steps_taken": 48.0375
}