{
    "distance_to_goal": 8.552015669830144,
    "success": 0.2375,
    "spl": 0.22757933738882405,
    "ndtw": 0.482396140357357,
    "path_length": 8.078277385496767,
    "oracle_success": 0.2875,
    "steps_taken": 55.525
}