{
    "distance_to_goal": 8.86858550887555,
    "success": 0.175,
    "spl": 0.16330861761855126,
    "ndtw": 0.45488572358499973,
    "path_length": 7.904492290178314,
    "oracle_success": 0.2375,
    "steps_taken": 56.4125
}