{
    "distance_to_goal": 8.532027602940797,
    "success": 0.2375,
    "spl": 0.22783316840984477,
    "ndtw": 0.48303621550297376,
    "path_length": 7.356410066620446,
    "oracle_success": 0.2625,
    "steps_taken": 46.6375
}