{
    "distance_to_goal": 9.435788150690495,
    "success": 0.1375,
    "spl": 0.13371065326758158,
    "ndtw": 0.42710325745934663,
    "path_length": 7.65198402502574,
    "oracle_success": 0.2,
    "steps_taken": 51.1125
}