{
    "distance_to_goal": 7.696139405081695,
    "success": 0.2544987146529563,
    "spl": 0.24433560906501092,
    "ndtw": 0.5207336173637561,
    "path_length": 6.8193863613094505,
    "oracle_success": 0.30077120822622105,
    "steps_taken": 45.11182519280206
}