{
    "distance_to_goal": 8.28905844704216,
    "success": 0.17781402936378465,
    "spl": 0.17193863671941467,
    "ndtw": 0.46455183680519896,
    "path_length": 6.342326468959409,
    "oracle_success": 0.21859706362153344,
    "steps_taken": 47.93746601413812
}