{
    "distance_to_goal": 8.304541458410695,
    "success": 0.19249592169657423,
    "spl": 0.18473034086062012,
    "ndtw": 0.457369708381038,
    "path_length": 6.565777390251101,
    "oracle_success": 0.2267536704730832,
    "steps_taken": 51.98205546492659
}