{
    "distance_to_goal": 8.901586186513304,
    "success": 0.2125,
    "spl": 0.20623335872780255,
    "ndtw": 0.45721564796656267,
    "path_length": 8.147624655743039,
    "oracle_success": 0.275,
    "steps_taken": 52.025
}