{
    "distance_to_goal": 8.811936611495913,
    "success": 0.1875,
    "spl": 0.17589857832738878,
    "ndtw": 0.4494604951421408,
    "path_length": 8.228647227294278,
    "oracle_success": 0.275,
    "steps_taken": 55.4875
}