{
    "distance_to_goal": 8.182166813872755,
    "success": 0.2125,
    "spl": 0.19756817073605862,
    "ndtw": 0.49416594176998413,
    "path_length": 7.736810814565979,
    "oracle_success": 0.275,
    "steps_taken": 55.2375
}