{
    "distance_to_goal": 9.160598113853485,
    "success": 0.175,
    "spl": 0.16796765070143838,
    "ndtw": 0.4489164455676769,
    "path_length": 7.7696357576642185,
    "oracle_success": 0.225,
    "steps_taken": 56.0875
}