{
    "distance_to_goal": 7.387688169059532,
    "success": 0.2583547557840617,
    "spl": 0.25130833545872877,
    "ndtw": 0.5257371681942253,
    "path_length": 7.383468532137961,
    "oracle_success": 0.33547557840616965,
    "steps_taken": 56.674807197943444
}