{
    "distance_to_goal": 8.99277759026736,
    "success": 0.225,
    "spl": 0.21825973593855838,
    "ndtw": 0.4611393444214622,
    "path_length": 7.788835370319655,
    "oracle_success": 0.25,
    "steps_taken": 49.725
}