{
    "distance_to_goal": 8.664757897891104,
    "success": 0.225,
    "spl": 0.21298036990911512,
    "ndtw": 0.49368322046477314,
    "path_length": 7.862085572723276,
    "oracle_success": 0.2875,
    "steps_taken": 50.5375
}