{
    "distance_to_goal": 8.357953950576483,
    "success": 0.2125,
    "spl": 0.19280768199412426,
    "ndtw": 0.47205899093596865,
    "path_length": 8.412742380076065,
    "oracle_success": 0.25,
    "steps_taken": 50.6625
}