{
    "distance_to_goal": 8.547654949687422,
    "success": 0.1875,
    "spl": 0.17994826812639428,
    "ndtw": 0.4675545297609265,
    "path_length": 7.437439705338329,
    "oracle_success": 0.225,
    "steps_taken": 54.5625
}