{
    "distance_to_goal": 8.543137581832706,
    "success": 0.2125,
    "spl": 0.20213646954205614,
    "ndtw": 0.47612569009395517,
    "path_length": 6.989560815657024,
    "oracle_success": 0.2625,
    "steps_taken": 69.5125
}