{
    "distance_to_goal": 7.738305025528111,
    "success": 0.2544987146529563,
    "spl": 0.24369926961877392,
    "ndtw": 0.5052614203581093,
    "path_length": 7.467552253519126,
    "oracle_success": 0.3329048843187661,
    "steps_taken": 50.03598971722365
}