{
    "distance_to_goal": 8.899412907846273,
    "success": 0.2125,
    "spl": 0.19699552660537134,
    "ndtw": 0.4616921972148459,
    "path_length": 7.4331676426591,
    "oracle_success": 0.2625,
    "steps_taken": 52.0875
}