{
    "distance_to_goal": 8.246577324531973,
    "success": 0.25,
    "spl": 0.23341434555687107,
    "ndtw": 0.48617226038539885,
    "path_length": 7.913367395475507,
    "oracle_success": 0.3125,
    "steps_taken": 53.275
}