{
    "distance_to_goal": 7.843901334516704,
    "success": 0.225,
    "spl": 0.21060273748926686,
    "ndtw": 0.5216808242624752,
    "path_length": 7.463491118745878,
    "oracle_success": 0.3125,
    "steps_taken": 52.225
}