{
    "distance_to_goal": 8.611144089512527,
    "success": 0.1625,
    "spl": 0.15092622135327557,
    "ndtw": 0.4590000580784147,
    "path_length": 7.263203488092404,
    "oracle_success": 0.2,
    "steps_taken": 73.0375
}