{
    "distance_to_goal": 9.552705544696806,
    "success": 0.11092985318107668,
    "spl": 0.0977926612270106,
    "ndtw": 0.3559264428036319,
    "path_length": 7.791456468859532,
    "oracle_success": 0.18433931484502447,
    "steps_taken": 71.87710712343664
}