{
    "distance_to_goal": 8.57014955189079,
    "success": 0.1625,
    "spl": 0.1625,
    "ndtw": 0.45451212873743596,
    "path_length": 5.580649253117736,
    "oracle_success": 0.175,
    "steps_taken": 38.45
}