{
    "distance_to_goal": 9.912285595387221,
    "success": 0.125,
    "spl": 0.10893126390936944,
    "ndtw": 0.34753472440457917,
    "path_length": 8.952625198365421,
    "oracle_success": 0.225,
    "steps_taken": 77.65
}