{
    "distance_to_goal": 8.865999790803938,
    "success": 0.19794344473007713,
    "spl": 0.183734334052078,
    "ndtw": 0.4232186423200318,
    "path_length": 8.129967456783707,
    "oracle_success": 0.2866323907455013,
    "steps_taken": 65.3650385604113
}