{
    "distance_to_goal": 8.65055151314386,
    "success": 0.20179948586118251,
    "spl": 0.18796972624785677,
    "ndtw": 0.4299154866929738,
    "path_length": 7.482417724841288,
    "oracle_success": 0.2596401028277635,
    "steps_taken": 64.41388174807199
}