{
    "distance_to_goal": 8.919036909751593,
    "success": 0.175,
    "spl": 0.1697785017016813,
    "ndtw": 0.4425009219089353,
    "path_length": 5.997708147668163,
    "oracle_success": 0.1875,
    "steps_taken": 44.7375
}