{
    "distance_to_goal": 9.251338635385036,
    "success": 0.175,
    "spl": 0.14874055068873854,
    "ndtw": 0.36716299215111736,
    "path_length": 9.826770127847757,
    "oracle_success": 0.275,
    "steps_taken": 89.9375
}