{
    "distance_to_goal": 9.465263811876198,
    "success": 0.13624678663239073,
    "spl": 0.1220790048675707,
    "ndtw": 0.36930927645438755,
    "path_length": 9.812034702741157,
    "oracle_success": 0.31362467866323906,
    "steps_taken": 86.76735218508998
}