{
    "distance_to_goal": 9.272992606461049,
    "success": 0.175,
    "spl": 0.15761857975775673,
    "ndtw": 0.39033309452197884,
    "path_length": 9.7856438844758,
    "oracle_success": 0.275,
    "steps_taken": 84.9375
}