{
    "distance_to_goal": 8.27236421308588,
    "success": 0.16580976863753213,
    "spl": 0.1592891639035899,
    "ndtw": 0.45145041641741906,
    "path_length": 5.459264815518828,
    "oracle_success": 0.20051413881748073,
    "steps_taken": 39.25964010282777
}