{
    "distance_to_goal": 8.537983347793471,
    "success": 0.17866323907455012,
    "spl": 0.1707718345208518,
    "ndtw": 0.44081785165027587,
    "path_length": 7.007019693115966,
    "oracle_success": 0.2442159383033419,
    "steps_taken": 55.98586118251928
}