{
    "distance_to_goal": 9.081630294270461,
    "success": 0.13376835236541598,
    "spl": 0.11786758344676287,
    "ndtw": 0.3981446789039045,
    "path_length": 6.677389530721105,
    "oracle_success": 0.18107667210440456,
    "steps_taken": 57.88091353996737
}