{
    "distance_to_goal": 9.312086859901292,
    "success": 0.08972267536704731,
    "spl": 0.08169157500189964,
    "ndtw": 0.36946982092686953,
    "path_length": 6.901825094717731,
    "oracle_success": 0.13866231647634583,
    "steps_taken": 56.61174551386623
}