{
    "distance_to_goal": 10.259280271828175,
    "success": 0.1,
    "spl": 0.07764769606847813,
    "ndtw": 0.34426262340621644,
    "path_length": 9.327726794577028,
    "oracle_success": 0.25,
    "steps_taken": 77.3625
}