{
    "distance_to_goal": 8.979476341180597,
    "success": 0.10657966286025014,
    "spl": 0.09988984780860197,
    "ndtw": 0.3963940801253282,
    "path_length": 6.261303511108431,
    "oracle_success": 0.15497553017944535,
    "steps_taken": 53.437737901033174
}