{
    "distance_to_goal": 8.520277920924126,
    "success": 0.225,
    "spl": 0.21834342838377863,
    "ndtw": 0.47324507089588186,
    "path_length": 6.028328719318961,
    "oracle_success": 0.2375,
    "steps_taken": 49.025
}