{
    "distance_to_goal": 9.309291312564165,
    "success": 0.1375,
    "spl": 0.1179630825157032,
    "ndtw": 0.40103323813433295,
    "path_length": 9.013336560106836,
    "oracle_success": 0.2625,
    "steps_taken": 76.075
}