{
    "distance_to_goal": 8.224525941444853,
    "success": 0.2326478149100257,
    "spl": 0.2240874679270394,
    "ndtw": 0.4669317395668761,
    "path_length": 6.305624630159468,
    "oracle_success": 0.2634961439588689,
    "steps_taken": 49.512853470437015
}