{
    "distance_to_goal": 8.401409199121373,
    "success": 0.19665809768637532,
    "spl": 0.19025553951288252,
    "ndtw": 0.4554670118734724,
    "path_length": 6.822295735981723,
    "oracle_success": 0.2506426735218509,
    "steps_taken": 53.26349614395887
}