{
    "distance_to_goal": 8.514965170161238,
    "success": 0.20565552699228792,
    "spl": 0.1974903705607294,
    "ndtw": 0.45036937418876943,
    "path_length": 6.734913092740189,
    "oracle_success": 0.25578406169665807,
    "steps_taken": 51.72107969151671
}