{
    "distance_to_goal": 8.707330130040646,
    "success": 0.2,
    "spl": 0.19321673786766805,
    "ndtw": 0.43994160228694723,
    "path_length": 7.1673334768280315,
    "oracle_success": 0.2125,
    "steps_taken": 57.725
}