{
    "distance_to_goal": 9.213662110307377,
    "success": 0.1928020565552699,
    "spl": 0.17614141915775244,
    "ndtw": 0.42398066618070435,
    "path_length": 9.52808513053627,
    "oracle_success": 0.36246786632390743,
    "steps_taken": 64.6349614395887
}