{
    "distance_to_goal": 8.59373487309962,
    "success": 0.19023136246786632,
    "spl": 0.18159155928145707,
    "ndtw": 0.44930399040538654,
    "path_length": 8.2972322909541,
    "oracle_success": 0.32904884318766064,
    "steps_taken": 56.347043701799485
}