{
    "distance_to_goal": 8.41954823508667,
    "success": 0.20179948586118251,
    "spl": 0.19079304526313928,
    "ndtw": 0.4487537168320938,
    "path_length": 8.695547129084012,
    "oracle_success": 0.3444730077120823,
    "steps_taken": 62.0694087403599
}