{
    "distance_to_goal": 10.215210153129258,
    "success": 0.13539967373572595,
    "spl": 0.12292252424157996,
    "ndtw": 0.36581240001750537,
    "path_length": 8.671235879104525,
    "oracle_success": 0.22838499184339314,
    "steps_taken": 67.015769439913
}