{
    "distance_to_goal": 8.821313884109259,
    "success": 0.1625,
    "spl": 0.15534929338636488,
    "ndtw": 0.4422163570832507,
    "path_length": 7.64886711910367,
    "oracle_success": 0.3125,
    "steps_taken": 52.275
}