{
    "distance_to_goal": 10.704344081878663,
    "success": 0.1125,
    "spl": 0.09438729465623379,
    "ndtw": 0.3764497665410415,
    "path_length": 9.18489205990918,
    "oracle_success": 0.2375,
    "steps_taken": 55.675
}