{
    "distance_to_goal": 10.19800375327468,
    "success": 0.1375,
    "spl": 0.1297576292016688,
    "ndtw": 0.3732369337206218,
    "path_length": 10.009111177860177,
    "oracle_success": 0.2625,
    "steps_taken": 65.7375
}