{
    "distance_to_goal": 8.48454762250185,
    "success": 0.1875,
    "spl": 0.16900324712465825,
    "ndtw": 0.44162955362442435,
    "path_length": 8.983371699077994,
    "oracle_success": 0.3625,
    "steps_taken": 59.325
}