{
    "distance_to_goal": 8.173803865526514,
    "success": 0.19023136246786632,
    "spl": 0.178795945770812,
    "ndtw": 0.4647908971147359,
    "path_length": 8.33686951670954,
    "oracle_success": 0.36375321336760924,
    "steps_taken": 56.0745501285347
}