{
    "distance_to_goal": 10.382884523645043,
    "success": 0.075,
    "spl": 0.06764647689572205,
    "ndtw": 0.36443058320935007,
    "path_length": 8.675944131950382,
    "oracle_success": 0.2,
    "steps_taken": 51.025
}