{
    "distance_to_goal": 8.999538100528074,
    "success": 0.20051413881748073,
    "spl": 0.18436844176013215,
    "ndtw": 0.4320234364254218,
    "path_length": 9.513018499236912,
    "oracle_success": 0.33161953727506427,
    "steps_taken": 65.46915167095116
}