{
    "distance_to_goal": 10.007953220902415,
    "success": 0.13866231647634583,
    "spl": 0.12345619387523009,
    "ndtw": 0.3725315741901846,
    "path_length": 9.060104362577242,
    "oracle_success": 0.2528548123980424,
    "steps_taken": 68.59543230016313
}