{
    "distance_to_goal": 10.65899836421013,
    "success": 0.1,
    "spl": 0.08894669737394008,
    "ndtw": 0.3441576355697626,
    "path_length": 9.120229195867433,
    "oracle_success": 0.2375,
    "steps_taken": 62.9375
}