{
    "distance_to_goal": 9.690008108504117,
    "success": 0.225,
    "spl": 0.20241644906947293,
    "ndtw": 0.40974770912615704,
    "path_length": 9.54450632337248,
    "oracle_success": 0.3625,
    "steps_taken": 60.1375
}