{
    "distance_to_goal": 9.841346499696375,
    "success": 0.1,
    "spl": 0.0942557786453506,
    "ndtw": 0.3600649629655808,
    "path_length": 9.315900293072627,
    "oracle_success": 0.2,
    "steps_taken": 63.65
}