{
    "distance_to_goal": 9.553245074273192,
    "success": 0.1402936378466558,
    "spl": 0.13140815556970606,
    "ndtw": 0.3961977633880355,
    "path_length": 7.555736074721369,
    "oracle_success": 0.21533442088091354,
    "steps_taken": 56.468189233278956
}