{
    "distance_to_goal": 8.93475247069159,
    "success": 0.20051413881748073,
    "spl": 0.18760953529204008,
    "ndtw": 0.43510177218972995,
    "path_length": 9.261510905259506,
    "oracle_success": 0.3393316195372751,
    "steps_taken": 66.00642673521851
}