{
    "distance_to_goal": 10.677065251022578,
    "success": 0.125,
    "spl": 0.11486253366323558,
    "ndtw": 0.35088533113783477,
    "path_length": 9.752740309818183,
    "oracle_success": 0.2625,
    "steps_taken": 66.25
}