{
    "distance_to_goal": 9.987425034625689,
    "success": 0.14845024469820556,
    "spl": 0.13402183194031717,
    "ndtw": 0.3835882006388211,
    "path_length": 9.068024113969972,
    "oracle_success": 0.24796084828711257,
    "steps_taken": 67.74551386623165
}