{
    "distance_to_goal": 8.921607702970505,
    "success": 0.175,
    "spl": 0.16172460990363755,
    "ndtw": 0.42435435303887503,
    "path_length": 9.056251184047046,
    "oracle_success": 0.35,
    "steps_taken": 59.35
}