{
    "distance_to_goal": 9.198902340888365,
    "success": 0.2043701799485861,
    "spl": 0.18928028437041314,
    "ndtw": 0.42235016747303966,
    "path_length": 9.290177864786743,
    "oracle_success": 0.35347043701799485,
    "steps_taken": 62.854755784061695
}