{
    "distance_to_goal": 8.770387137744452,
    "success": 0.18251928020565553,
    "spl": 0.1699652983257565,
    "ndtw": 0.42524337396316647,
    "path_length": 8.53254693700244,
    "oracle_success": 0.3213367609254499,
    "steps_taken": 61.08226221079691
}