{
    "distance_to_goal": 10.494827587902545,
    "success": 0.125,
    "spl": 0.10861887012557388,
    "ndtw": 0.35991654514216187,
    "path_length": 9.3340742613771,
    "oracle_success": 0.2625,
    "steps_taken": 64.7875
}