{
    "distance_to_goal": 8.977628388219443,
    "success": 0.2159383033419023,
    "spl": 0.20119308260206845,
    "ndtw": 0.42892684008331733,
    "path_length": 8.93118009643101,
    "oracle_success": 0.3277634961439589,
    "steps_taken": 63.383033419023135
}