{
    "distance_to_goal": 9.89919410198927,
    "success": 0.15,
    "spl": 0.13554809972508497,
    "ndtw": 0.38319918870463293,
    "path_length": 9.168945815623738,
    "oracle_success": 0.2625,
    "steps_taken": 61.825
}