{
    "distance_to_goal": 10.850066983886062,
    "success": 0.125,
    "spl": 0.10252570942526953,
    "ndtw": 0.3607382942738263,
    "path_length": 9.64067172347568,
    "oracle_success": 0.2375,
    "steps_taken": 60.4875
}