{
    "distance_to_goal": 10.98268670514226,
    "success": 0.1125,
    "spl": 0.1044884564521952,
    "ndtw": 0.35788642955565086,
    "path_length": 9.435087932023453,
    "oracle_success": 0.175,
    "steps_taken": 63.525
}