{
    "distance_to_goal": 10.82634882479906,
    "success": 0.05,
    "spl": 0.04646849410802982,
    "ndtw": 0.35434253143648436,
    "path_length": 8.738044177443953,
    "oracle_success": 0.175,
    "steps_taken": 61.6875
}