{
    "distance_to_goal": 10.03659781627357,
    "success": 0.1375,
    "spl": 0.11885463648885024,
    "ndtw": 0.38401837912973846,
    "path_length": 9.486354005313478,
    "oracle_success": 0.2875,
    "steps_taken": 65.125
}