{
    "distance_to_goal": 10.582373444736003,
    "success": 0.1125,
    "spl": 0.09575149175712575,
    "ndtw": 0.36529106971549424,
    "path_length": 9.45590188468923,
    "oracle_success": 0.2375,
    "steps_taken": 65.0625
}