{
    "distance_to_goal": 9.245479970425368,
    "success": 0.1625,
    "spl": 0.1539834715761851,
    "ndtw": 0.41305678701066234,
    "path_length": 8.13831127685844,
    "oracle_success": 0.275,
    "steps_taken": 54.9
}