{
    "distance_to_goal": 9.838204979989678,
    "success": 0.1125,
    "spl": 0.09875322184642574,
    "ndtw": 0.3794121578654345,
    "path_length": 9.263167414481426,
    "oracle_success": 0.275,
    "steps_taken": 59.025
}