{
    "distance_to_goal": 10.082870760560036,
    "success": 0.1375,
    "spl": 0.1301999638336197,
    "ndtw": 0.3812176240522932,
    "path_length": 9.070517997938442,
    "oracle_success": 0.2625,
    "steps_taken": 56.4625
}