{
    "distance_to_goal": 8.78707887083292,
    "success": 0.1625,
    "spl": 0.15058062826593005,
    "ndtw": 0.41629895186721216,
    "path_length": 9.466179802123225,
    "oracle_success": 0.3125,
    "steps_taken": 63.725
}