{
    "distance_to_goal": 9.993706118305882,
    "success": 0.18894601542416453,
    "spl": 0.1705968465407628,
    "ndtw": 0.39366817061993004,
    "path_length": 10.092712361832724,
    "oracle_success": 0.33161953727506427,
    "steps_taken": 66.94473007712082
}