{
    "distance_to_goal": 10.222212854772806,
    "success": 0.175,
    "spl": 0.1578960887424313,
    "ndtw": 0.3708265404090413,
    "path_length": 9.349796412186697,
    "oracle_success": 0.2625,
    "steps_taken": 55.9125
}