{
    "distance_to_goal": 8.985640443861485,
    "success": 0.1625,
    "spl": 0.14348854589817753,
    "ndtw": 0.4058495702035031,
    "path_length": 9.598910770999256,
    "oracle_success": 0.35,
    "steps_taken": 61.125
}