{
    "distance_to_goal": 10.870186512172221,
    "success": 0.0875,
    "spl": 0.08435925000044994,
    "ndtw": 0.3640451873829536,
    "path_length": 9.674841282586566,
    "oracle_success": 0.2625,
    "steps_taken": 61.925
}