{
    "distance_to_goal": 10.403302705287933,
    "success": 0.15,
    "spl": 0.11570620791163125,
    "ndtw": 0.36449194879129637,
    "path_length": 9.647548552870285,
    "oracle_success": 0.25,
    "steps_taken": 63.45
}