{
    "distance_to_goal": 9.892583232373,
    "success": 0.125,
    "spl": 0.11885525219845605,
    "ndtw": 0.3830035680139308,
    "path_length": 8.981017287127907,
    "oracle_success": 0.2125,
    "steps_taken": 58.5375
}