{
    "distance_to_goal": 8.906643164157867,
    "success": 0.1375,
    "spl": 0.1260225905277005,
    "ndtw": 0.43006119562096234,
    "path_length": 8.955901795922546,
    "oracle_success": 0.325,
    "steps_taken": 58.375
}