{
    "distance_to_goal": 10.330768931098282,
    "success": 0.1375,
    "spl": 0.12723692782022672,
    "ndtw": 0.3843576729936555,
    "path_length": 9.136589850211749,
    "oracle_success": 0.2625,
    "steps_taken": 62.9375
}