{
    "distance_to_goal": 10.310273580735245,
    "success": 0.09787928221859707,
    "spl": 0.08800278412849821,
    "ndtw": 0.35579061974512055,
    "path_length": 8.916038483437115,
    "oracle_success": 0.21805328983143013,
    "steps_taken": 69.7553017944535
}