{
    "distance_to_goal": 10.443791831284761,
    "success": 0.1375,
    "spl": 0.13005688888590605,
    "ndtw": 0.3551037337942269,
    "path_length": 9.07629864727205,
    "oracle_success": 0.2125,
    "steps_taken": 62.525
}