{
    "distance_to_goal": 9.241219539549633,
    "success": 0.2120822622107969,
    "spl": 0.19376075446939653,
    "ndtw": 0.42215777146143285,
    "path_length": 9.12423546029473,
    "oracle_success": 0.32005141388174807,
    "steps_taken": 60.1439588688946
}