{
    "distance_to_goal": 10.358327400684356,
    "success": 0.1,
    "spl": 0.09852572587202965,
    "ndtw": 0.3649748188032223,
    "path_length": 9.621178463660181,
    "oracle_success": 0.225,
    "steps_taken": 62.825
}