{
    "distance_to_goal": 10.720425049215555,
    "success": 0.125,
    "spl": 0.11036406758962367,
    "ndtw": 0.36163574008242916,
    "path_length": 10.007374345860445,
    "oracle_success": 0.2625,
    "steps_taken": 62.625
}