{
    "distance_to_goal": 9.480437611272764,
    "success": 0.16965742251223492,
    "spl": 0.1556685617121953,
    "ndtw": 0.4012160981991369,
    "path_length": 7.972291502898696,
    "oracle_success": 0.24469820554649266,
    "steps_taken": 61.0
}