{
    "distance_to_goal": 9.323835872486233,
    "success": 0.175,
    "spl": 0.1590500593286996,
    "ndtw": 0.43151694063627355,
    "path_length": 8.843373469240031,
    "oracle_success": 0.2625,
    "steps_taken": 60.475
}