{
    "distance_to_goal": 9.067537226644763,
    "success": 0.2120822622107969,
    "spl": 0.19834434350033459,
    "ndtw": 0.4312756894685638,
    "path_length": 9.38015360603346,
    "oracle_success": 0.34704370179948585,
    "steps_taken": 65.7107969151671
}