{
    "distance_to_goal": 10.524078368209302,
    "success": 0.125,
    "spl": 0.10314093775676592,
    "ndtw": 0.35905586533011596,
    "path_length": 8.89691924515646,
    "oracle_success": 0.2125,
    "steps_taken": 54.8625
}