{
    "distance_to_goal": 8.481339710077467,
    "success": 0.2403598971722365,
    "spl": 0.2259121988206587,
    "ndtw": 0.458436733839801,
    "path_length": 8.44688474131292,
    "oracle_success": 0.3560411311053985,
    "steps_taken": 56.2120822622108
}