{
    "distance_to_goal": 9.878056214749813,
    "success": 0.2125,
    "spl": 0.19810985204282033,
    "ndtw": 0.4046694344728946,
    "path_length": 9.354086954321247,
    "oracle_success": 0.3375,
    "steps_taken": 61.4
}