{
    "distance_to_goal": 9.592112769559026,
    "success": 0.1625,
    "spl": 0.14742373138066495,
    "ndtw": 0.40203471007814606,
    "path_length": 9.590608508349396,
    "oracle_success": 0.3125,
    "steps_taken": 59.05
}