{
    "distance_to_goal": 9.353727981448174,
    "success": 0.1,
    "spl": 0.09486132602442411,
    "ndtw": 0.3991005289265694,
    "path_length": 9.289580184593797,
    "oracle_success": 0.2625,
    "steps_taken": 57.0375
}