{
    "distance_to_goal": 9.862640802189707,
    "success": 0.2125,
    "spl": 0.19331656862906144,
    "ndtw": 0.40775778812582253,
    "path_length": 10.32044464466162,
    "oracle_success": 0.3625,
    "steps_taken": 65.4625
}