{
    "distance_to_goal": 9.884793066978455,
    "success": 0.1875,
    "spl": 0.1656619764865043,
    "ndtw": 0.40371398600789926,
    "path_length": 9.53640332344221,
    "oracle_success": 0.3125,
    "steps_taken": 60.9625
}