{
    "distance_to_goal": 10.458933808654546,
    "success": 0.125,
    "spl": 0.1108004312935289,
    "ndtw": 0.371150002484404,
    "path_length": 9.383135475520977,
    "oracle_success": 0.25,
    "steps_taken": 58.4125
}