{
    "distance_to_goal": 8.590185677541712,
    "success": 0.2210796915167095,
    "spl": 0.21014291340359015,
    "ndtw": 0.4712145188928045,
    "path_length": 8.315914097160064,
    "oracle_success": 0.33676092544987146,
    "steps_taken": 54.850899742930594
}