{
    "distance_to_goal": 9.852729640838291,
    "success": 0.14790647090810222,
    "spl": 0.13619792519221982,
    "ndtw": 0.38008887296097615,
    "path_length": 7.691030205764325,
    "oracle_success": 0.22185970636215335,
    "steps_taken": 63.366503534529635
}