{
    "distance_to_goal": 10.067889124155045,
    "success": 0.0875,
    "spl": 0.08035365325438211,
    "ndtw": 0.38220373528359985,
    "path_length": 9.203195331635651,
    "oracle_success": 0.225,
    "steps_taken": 61.275
}