{
    "distance_to_goal": 10.267994311824442,
    "success": 0.1375,
    "spl": 0.13182129048028346,
    "ndtw": 0.3738472686578942,
    "path_length": 8.864676412673996,
    "oracle_success": 0.2625,
    "steps_taken": 62.2125
}