{
    "distance_to_goal": 9.523928740243628,
    "success": 0.1566068515497553,
    "spl": 0.1404742203267262,
    "ndtw": 0.39601457328688666,
    "path_length": 7.697019889931023,
    "oracle_success": 0.24306688417618272,
    "steps_taken": 64.35127786840674
}