{
    "distance_to_goal": 9.876965185254813,
    "success": 0.1875,
    "spl": 0.16469294917342167,
    "ndtw": 0.40330033133615234,
    "path_length": 8.539331863244296,
    "oracle_success": 0.2625,
    "steps_taken": 60.325
}