{
    "distance_to_goal": 10.009385038912296,
    "success": 0.15,
    "spl": 0.13584958151788792,
    "ndtw": 0.40645953337084045,
    "path_length": 8.744721050694352,
    "oracle_success": 0.3,
    "steps_taken": 61.2625
}