{
    "distance_to_goal": 10.066050127521157,
    "success": 0.175,
    "spl": 0.16258299211376964,
    "ndtw": 0.4003624804144047,
    "path_length": 8.715763773507206,
    "oracle_success": 0.3125,
    "steps_taken": 57.775
}