{
    "distance_to_goal": 8.912001825124026,
    "success": 0.2125,
    "spl": 0.20425439980418553,
    "ndtw": 0.43846740006189944,
    "path_length": 8.053905031780596,
    "oracle_success": 0.325,
    "steps_taken": 63.1125
}