{
    "distance_to_goal": 8.225282950025138,
    "success": 0.2249357326478149,
    "spl": 0.21252193330527155,
    "ndtw": 0.48443955581648435,
    "path_length": 7.276896348526534,
    "oracle_success": 0.2763496143958869,
    "steps_taken": 54.52442159383033
}