{
    "distance_to_goal": 9.807732639461756,
    "success": 0.1375,
    "spl": 0.1269889270331093,
    "ndtw": 0.38495965720967457,
    "path_length": 8.843751027050894,
    "oracle_success": 0.25,
    "steps_taken": 57.3375
}