{
    "distance_to_goal": 8.958417470380663,
    "success": 0.2625,
    "spl": 0.24564926702137985,
    "ndtw": 0.4747806032418425,
    "path_length": 8.398551138176117,
    "oracle_success": 0.3125,
    "steps_taken": 61.0375
}