{
    "distance_to_goal": 9.36787617587813,
    "success": 0.15497553017944535,
    "spl": 0.14264343811137092,
    "ndtw": 0.40898158965025766,
    "path_length": 7.790634906112114,
    "oracle_success": 0.2365415986949429,
    "steps_taken": 64.93909733550844
}