{
    "distance_to_goal": 9.622581495903432,
    "success": 0.175,
    "spl": 0.16443680135424885,
    "ndtw": 0.4249419023576467,
    "path_length": 7.541473774291807,
    "oracle_success": 0.2375,
    "steps_taken": 53.45
}