{
    "distance_to_goal": 10.551296968758106,
    "success": 0.1875,
    "spl": 0.17021524019354134,
    "ndtw": 0.3883840695597924,
    "path_length": 8.835222798916265,
    "oracle_success": 0.3,
    "steps_taken": 62.0375
}