{
    "distance_to_goal": 8.412275268746525,
    "success": 0.19665809768637532,
    "spl": 0.18515714836507294,
    "ndtw": 0.4500609583928073,
    "path_length": 8.40686880059124,
    "oracle_success": 0.3213367609254499,
    "steps_taken": 67.7172236503856
}