{
    "distance_to_goal": 8.750639167477814,
    "success": 0.21465295629820053,
    "spl": 0.2008157220883532,
    "ndtw": 0.45533290121959397,
    "path_length": 8.345435491323046,
    "oracle_success": 0.3380462724935733,
    "steps_taken": 62.26349614395887
}