{
    "distance_to_goal": 8.552800553582685,
    "success": 0.21979434447300772,
    "spl": 0.2071822346982571,
    "ndtw": 0.45421651728175966,
    "path_length": 8.204957176115938,
    "oracle_success": 0.34190231362467866,
    "steps_taken": 59.45629820051414
}