{
    "distance_to_goal": 9.183603365859017,
    "success": 0.225,
    "spl": 0.20913307013340257,
    "ndtw": 0.4472509134073642,
    "path_length": 8.200902741831959,
    "oracle_success": 0.3125,
    "steps_taken": 60.1875
}