{
    "distance_to_goal": 8.665732045099139,
    "success": 0.2375,
    "spl": 0.19917203992903965,
    "ndtw": 0.44261368890284364,
    "path_length": 8.191532606373949,
    "oracle_success": 0.275,
    "steps_taken": 60.7875
}