{
    "distance_to_goal": 9.025315031428416,
    "success": 0.2352185089974293,
    "spl": 0.21893399515408213,
    "ndtw": 0.43689381182590326,
    "path_length": 8.524663956850187,
    "oracle_success": 0.34575835475578404,
    "steps_taken": 64.08226221079691
}