{
    "distance_to_goal": 9.696587259951048,
    "success": 0.1375,
    "spl": 0.12626956986624607,
    "ndtw": 0.3976223813206183,
    "path_length": 8.679760287335672,
    "oracle_success": 0.2375,
    "steps_taken": 58.3625
}