{
    "distance_to_goal": 9.062790816309827,
    "success": 0.2365038560411311,
    "spl": 0.22205023513204583,
    "ndtw": 0.4374240162592195,
    "path_length": 8.419293404922891,
    "oracle_success": 0.34061696658097684,
    "steps_taken": 61.81491002570694
}