{
    "distance_to_goal": 10.43275142107159,
    "success": 0.15,
    "spl": 0.14580131139907607,
    "ndtw": 0.3796206892733507,
    "path_length": 8.261086545608123,
    "oracle_success": 0.2375,
    "steps_taken": 60.925
}