{
    "distance_to_goal": 10.023939381539822,
    "success": 0.1875,
    "spl": 0.16390884956045038,
    "ndtw": 0.4259023845398889,
    "path_length": 8.837187403818826,
    "oracle_success": 0.325,
    "steps_taken": 61.125
}