{
    "distance_to_goal": 9.948321453469353,
    "success": 0.12071778140293637,
    "spl": 0.10887798361143099,
    "ndtw": 0.37568253203973684,
    "path_length": 7.65462002338639,
    "oracle_success": 0.2044589450788472,
    "steps_taken": 63.66068515497553
}