{
    "distance_to_goal": 10.19997682441026,
    "success": 0.2125,
    "spl": 0.20206321113761402,
    "ndtw": 0.40888231299384525,
    "path_length": 8.507653894281248,
    "oracle_success": 0.2875,
    "steps_taken": 62.4375
}