{
    "distance_to_goal": 9.61288260165602,
    "success": 0.225,
    "spl": 0.20277480308483167,
    "ndtw": 0.4325731657688342,
    "path_length": 8.611738795530982,
    "oracle_success": 0.3,
    "steps_taken": 56.35
}