{
    "distance_to_goal": 10.434105567261577,
    "success": 0.125,
    "spl": 0.11071033902980214,
    "ndtw": 0.4008098658340192,
    "path_length": 8.068024752262863,
    "oracle_success": 0.2,
    "steps_taken": 58.7625
}