{
    "distance_to_goal": 10.224678018316627,
    "success": 0.1625,
    "spl": 0.1544866668419942,
    "ndtw": 0.41069463951877117,
    "path_length": 8.24473408770864,
    "oracle_success": 0.2625,
    "steps_taken": 62.9625
}