{
    "distance_to_goal": 9.621032381989062,
    "success": 0.1125,
    "spl": 0.11097617894453515,
    "ndtw": 0.4212513688955906,
    "path_length": 8.875745644890412,
    "oracle_success": 0.225,
    "steps_taken": 60.2
}