{
    "distance_to_goal": 8.783251669444622,
    "success": 0.21465295629820053,
    "spl": 0.2022742590550539,
    "ndtw": 0.45037357776292974,
    "path_length": 8.2499786395258,
    "oracle_success": 0.32390745501285345,
    "steps_taken": 65.44987146529563
}