{
    "distance_to_goal": 9.342920263484121,
    "success": 0.1375,
    "spl": 0.13523294812785253,
    "ndtw": 0.4156222933069439,
    "path_length": 8.010378867617643,
    "oracle_success": 0.2125,
    "steps_taken": 56.8
}