{
    "distance_to_goal": 10.01241589859128,
    "success": 0.1125,
    "spl": 0.10797489912797531,
    "ndtw": 0.37351969792662865,
    "path_length": 8.727819761229911,
    "oracle_success": 0.25,
    "steps_taken": 60.1125
}