{
    "distance_to_goal": 8.677096455235867,
    "success": 0.23393316195372751,
    "spl": 0.2174903171654356,
    "ndtw": 0.44809774323442453,
    "path_length": 8.696505298449809,
    "oracle_success": 0.35218508997429304,
    "steps_taken": 64.09640102827764
}