{
    "distance_to_goal": 9.814018565788865,
    "success": 0.125,
    "spl": 0.11973649402300617,
    "ndtw": 0.4107800001470713,
    "path_length": 8.45550010654765,
    "oracle_success": 0.2875,
    "steps_taken": 57.6125
}