{
    "distance_to_goal": 9.839617659151553,
    "success": 0.0875,
    "spl": 0.07916228884704934,
    "ndtw": 0.39279902462581034,
    "path_length": 7.962204600567153,
    "oracle_success": 0.1875,
    "steps_taken": 54.75
}