{
    "distance_to_goal": 10.151766785606743,
    "success": 0.1625,
    "spl": 0.15771716897594037,
    "ndtw": 0.40592997952024773,
    "path_length": 8.812101202623259,
    "oracle_success": 0.2375,
    "steps_taken": 62.75
}