{
    "distance_to_goal": 8.317885067419251,
    "success": 0.23136246786632392,
    "spl": 0.21832863689895837,
    "ndtw": 0.4673753266419139,
    "path_length": 8.344206273595855,
    "oracle_success": 0.3444730077120823,
    "steps_taken": 62.51542416452442
}