{
    "distance_to_goal": 8.98740430557406,
    "success": 0.2133676092544987,
    "spl": 0.19906720554433466,
    "ndtw": 0.4406749186039518,
    "path_length": 8.618189272829676,
    "oracle_success": 0.34318766066838047,
    "steps_taken": 62.82776349614396
}