{
    "distance_to_goal": 9.970382047258317,
    "success": 0.1875,
    "spl": 0.17636682216599858,
    "ndtw": 0.42216740634449723,
    "path_length": 8.29415337871169,
    "oracle_success": 0.275,
    "steps_taken": 56.45
}