{
    "distance_to_goal": 10.882018680373827,
    "success": 0.16666666666666666,
    "spl": 0.16666666666666666,
    "ndtw": 0.3218252538535105,
    "path_length": 7.79419594630599,
    "oracle_success": 0.16666666666666666,
    "steps_taken": 67.33333333333333
}