{
    "distance_to_goal": 10.121046135822931,
    "success": 0.3333333333333333,
    "spl": 0.2996860253258007,
    "ndtw": 0.42080747702224147,
    "path_length": 9.183339138825735,
    "oracle_success": 0.3333333333333333,
    "steps_taken": 99.33333333333333
}