{
    "distance_to_goal": 8.994305965354172,
    "success": 0.2262210796915167,
    "spl": 0.21018611403794377,
    "ndtw": 0.4440633394406885,
    "path_length": 8.65880831432655,
    "oracle_success": 0.34061696658097684,
    "steps_taken": 63.79177377892031
}