{
    "distance_to_goal": 9.159191980212928,
    "success": 0.225,
    "spl": 0.2016821491342371,
    "ndtw": 0.4270792835549779,
    "path_length": 9.265138749504695,
    "oracle_success": 0.3,
    "steps_taken": 69.7625
}