{
    "distance_to_goal": 8.339807909913361,
    "success": 0.2625,
    "spl": 0.2413862828043108,
    "ndtw": 0.4833250746132741,
    "path_length": 8.539169767458676,
    "oracle_success": 0.3375,
    "steps_taken": 62.7125
}