{
    "distance_to_goal": 8.737851313346455,
    "success": 0.2275064267352185,
    "spl": 0.21115138393651586,
    "ndtw": 0.44509945533306133,
    "path_length": 8.621061152745883,
    "oracle_success": 0.3161953727506427,
    "steps_taken": 62.401028277634964
}