{
    "distance_to_goal": 10.057806913182139,
    "success": 0.175,
    "spl": 0.16388846650452338,
    "ndtw": 0.4054654648015494,
    "path_length": 9.070403671555686,
    "oracle_success": 0.2625,
    "steps_taken": 75.85
}