{
    "distance_to_goal": 8.25032016004802,
    "success": 0.23136246786632392,
    "spl": 0.21611871538696753,
    "ndtw": 0.46693044763826547,
    "path_length": 8.45664746568206,
    "oracle_success": 0.3277634961439589,
    "steps_taken": 61.7146529562982
}