{
    "distance_to_goal": 9.063725701719523,
    "success": 0.1625,
    "spl": 0.14358379568683907,
    "ndtw": 0.4269674428127909,
    "path_length": 8.736185546685011,
    "oracle_success": 0.2875,
    "steps_taken": 70.5125
}