{
    "distance_to_goal": 8.404980054206591,
    "success": 0.2249357326478149,
    "spl": 0.20786099260077137,
    "ndtw": 0.4640608432722379,
    "path_length": 8.721378624317495,
    "oracle_success": 0.32904884318766064,
    "steps_taken": 60.08611825192802
}