{
    "distance_to_goal": 8.579112617954957,
    "success": 0.2095115681233933,
    "spl": 0.19972427929676762,
    "ndtw": 0.4514345168110714,
    "path_length": 8.266282770443517,
    "oracle_success": 0.3097686375321337,
    "steps_taken": 60.01028277634961
}