{
    "distance_to_goal": 9.686768036633486,
    "success": 0.15823817292006526,
    "spl": 0.1423707744003969,
    "ndtw": 0.38723190847108996,
    "path_length": 8.50183083984627,
    "oracle_success": 0.2365415986949429,
    "steps_taken": 69.00598151169113
}