{
    "distance_to_goal": 8.908068406209349,
    "success": 0.1875,
    "spl": 0.1736187958228215,
    "ndtw": 0.46069478784277634,
    "path_length": 7.430800862031174,
    "oracle_success": 0.225,
    "steps_taken": 54.65
}