{
    "distance_to_goal": 8.374551450646935,
    "success": 0.22879177377892032,
    "spl": 0.214488115261213,
    "ndtw": 0.4619380708911814,
    "path_length": 8.454904281195791,
    "oracle_success": 0.3508997429305913,
    "steps_taken": 62.97043701799486
}