{
    "distance_to_goal": 9.624261074910642,
    "success": 0.1533442088091354,
    "spl": 0.14172468740976107,
    "ndtw": 0.38962974158986247,
    "path_length": 8.102779922131603,
    "oracle_success": 0.24469820554649266,
    "steps_taken": 69.33550842849375
}