{
    "distance_to_goal": 10.240824130922556,
    "success": 0.1375,
    "spl": 0.1329957035121114,
    "ndtw": 0.397294134044652,
    "path_length": 7.546724491259181,
    "oracle_success": 0.225,
    "steps_taken": 61.5125
}