{
    "distance_to_goal": 9.368756575882434,
    "success": 0.25,
    "spl": 0.23057052151810611,
    "ndtw": 0.4332073596952325,
    "path_length": 8.685572012654024,
    "oracle_success": 0.3125,
    "steps_taken": 61.9125
}