{
    "distance_to_goal": 9.404007932295807,
    "success": 0.13539967373572595,
    "spl": 0.12318234280501075,
    "ndtw": 0.3940942763273391,
    "path_length": 7.737925588496801,
    "oracle_success": 0.23491027732463296,
    "steps_taken": 64.3132137030995
}