{
    "distance_to_goal": 8.71530871575933,
    "success": 0.20179948586118251,
    "spl": 0.19059760134128328,
    "ndtw": 0.45404807000310965,
    "path_length": 7.4943230152555085,
    "oracle_success": 0.2686375321336761,
    "steps_taken": 56.58226221079691
}