{
    "distance_to_goal": 9.690909147639356,
    "success": 0.1729200652528548,
    "spl": 0.16014565867992936,
    "ndtw": 0.40817121376555277,
    "path_length": 8.497765983464753,
    "oracle_success": 0.28874388254486133,
    "steps_taken": 69.8847199564981
}