{
    "distance_to_goal": 8.532899491488934,
    "success": 0.225,
    "spl": 0.2111794571242917,
    "ndtw": 0.43807186184925867,
    "path_length": 8.845198421431997,
    "oracle_success": 0.375,
    "steps_taken": 67.0125
}