{
    "distance_to_goal": 8.766654074564576,
    "success": 0.225,
    "spl": 0.19603095477647986,
    "ndtw": 0.43183696903019875,
    "path_length": 8.280792656049016,
    "oracle_success": 0.3125,
    "steps_taken": 63.8875
}