{
    "distance_to_goal": 8.72136209096884,
    "success": 0.2455012853470437,
    "spl": 0.2243097571411468,
    "ndtw": 0.44970066481012966,
    "path_length": 8.71414423396715,
    "oracle_success": 0.34704370179948585,
    "steps_taken": 63.79177377892031
}