{
    "distance_to_goal": 8.374667372295972,
    "success": 0.2159383033419023,
    "spl": 0.19916315842442486,
    "ndtw": 0.4691961983020452,
    "path_length": 6.963806765944193,
    "oracle_success": 0.2467866323907455,
    "steps_taken": 50.710796915167094
}