{
    "distance_to_goal": 7.892674863261858,
    "success": 0.22236503856041132,
    "spl": 0.21332206831339598,
    "ndtw": 0.4854331008910607,
    "path_length": 6.550375430921123,
    "oracle_success": 0.2506426735218509,
    "steps_taken": 48.77634961439589
}