{
    "distance_to_goal": 8.577208861708641,
    "success": 0.1875,
    "spl": 0.16188528681472752,
    "ndtw": 0.4739641700481988,
    "path_length": 6.432996494323016,
    "oracle_success": 0.2125,
    "steps_taken": 47.15
}