{
    "distance_to_goal": 8.454959158599376,
    "success": 0.2375,
    "spl": 0.20990098007095118,
    "ndtw": 0.45775219784055193,
    "path_length": 7.3024181256419975,
    "oracle_success": 0.275,
    "steps_taken": 49.4125
}