{
    "distance_to_goal": 8.259139163047076,
    "success": 0.2125,
    "spl": 0.18192168162413044,
    "ndtw": 0.4699872149687466,
    "path_length": 7.361867528868606,
    "oracle_success": 0.2375,
    "steps_taken": 53.725
}