{
    "distance_to_goal": 8.927054753899574,
    "success": 0.175,
    "spl": 0.15220558172056933,
    "ndtw": 0.43728922064258385,
    "path_length": 8.053760973455697,
    "oracle_success": 0.25,
    "steps_taken": 62.375
}