{
    "distance_to_goal": 10.889156381289164,
    "success": 0.16666666666666666,
    "spl": 0.15010396329922546,
    "ndtw": 0.37855061385505034,
    "path_length": 7.459228370338678,
    "oracle_success": 0.16666666666666666,
    "steps_taken": 43.833333333333336
}