{
    "distance_to_goal": 12.188858270645142,
    "success": 0.0,
    "spl": 0.0,
    "ndtw": 0.30406580573232767,
    "path_length": 8.787042893779775,
    "oracle_success": 0.16666666666666666,
    "steps_taken": 49.666666666666664
}