{
    "distance_to_goal": 11.061417152484259,
    "success": 0.16666666666666666,
    "spl": 0.15721039580618862,
    "ndtw": 0.39827021612937,
    "path_length": 6.70338923111558,
    "oracle_success": 0.16666666666666666,
    "steps_taken": 62.333333333333336
}