{
    "distance_to_goal": 11.598114172617594,
    "success": 0.0,
    "spl": 0.0,
    "ndtw": 0.34311753243870996,
    "path_length": 6.067834045815592,
    "oracle_success": 0.0,
    "steps_taken": 37.5
}