{
    "distance_to_goal": 8.33569515379658,
    "success": 0.22236503856041132,
    "spl": 0.20561003232416677,
    "ndtw": 0.47053257489458333,
    "path_length": 8.043226316598556,
    "oracle_success": 0.34061696658097684,
    "steps_taken": 60.56426735218509
}