{
    "distance_to_goal": 8.815141074731946,
    "success": 0.225,
    "spl": 0.2027137558103175,
    "ndtw": 0.4564126517207713,
    "path_length": 8.867183242720785,
    "oracle_success": 0.325,
    "steps_taken": 62.4
}