{
    "distance_to_goal": 8.722538864612579,
    "success": 0.2,
    "spl": 0.19913872600495525,
    "ndtw": 0.44785189273460724,
    "path_length": 8.68689316654327,
    "oracle_success": 0.375,
    "steps_taken": 61.325
}