{
    "distance_to_goal": 8.355665751174092,
    "success": 0.275,
    "spl": 0.2567403221927811,
    "ndtw": 0.48846892771164746,
    "path_length": 8.108800622820855,
    "oracle_success": 0.3625,
    "steps_taken": 65.975
}