{
    "distance_to_goal": 9.5041306886822,
    "success": 0.2125,
    "spl": 0.18406665202413192,
    "ndtw": 0.421885157158201,
    "path_length": 8.717125631811083,
    "oracle_success": 0.3125,
    "steps_taken": 57.225
}