{
    "distance_to_goal": 9.35234845019877,
    "success": 0.2125,
    "spl": 0.19554571573594476,
    "ndtw": 0.43709166581212805,
    "path_length": 8.361768925280632,
    "oracle_success": 0.3125,
    "steps_taken": 70.9125
}