{
    "distance_to_goal": 9.203845764510334,
    "success": 0.225,
    "spl": 0.20254367247188548,
    "ndtw": 0.4447395513649515,
    "path_length": 8.570014866325524,
    "oracle_success": 0.2875,
    "steps_taken": 58.2375
}