{
    "distance_to_goal": 9.500304727442563,
    "success": 0.2125,
    "spl": 0.20276327949840534,
    "ndtw": 0.4347035145785784,
    "path_length": 8.640754657197201,
    "oracle_success": 0.3,
    "steps_taken": 60.5
}