{
    "distance_to_goal": 8.182096006721258,
    "success": 0.275,
    "spl": 0.2535830722321942,
    "ndtw": 0.4883733420482317,
    "path_length": 7.763318891718518,
    "oracle_success": 0.3625,
    "steps_taken": 61.7875
}