{
    "distance_to_goal": 7.954300132912888,
    "success": 0.2660668380462725,
    "spl": 0.24854001752126278,
    "ndtw": 0.49181886315779116,
    "path_length": 8.059490223046822,
    "oracle_success": 0.36503856041131105,
    "steps_taken": 58.584832904884315
}