{
    "distance_to_goal": 8.032293088944835,
    "success": 0.2442159383033419,
    "spl": 0.23005141653203323,
    "ndtw": 0.4940716912241358,
    "path_length": 7.765520779041412,
    "oracle_success": 0.35347043701799485,
    "steps_taken": 55.68766066838046
}