{
    "distance_to_goal": 9.412827926259965,
    "success": 0.14790647090810222,
    "spl": 0.1357427778775513,
    "ndtw": 0.4047240243023641,
    "path_length": 8.025546063446676,
    "oracle_success": 0.233278955954323,
    "steps_taken": 65.66721044045677
}