{
    "distance_to_goal": 7.992287443218164,
    "success": 0.2634961439588689,
    "spl": 0.24851696459871006,
    "ndtw": 0.4839229568110725,
    "path_length": 8.133978010024462,
    "oracle_success": 0.38303341902313626,
    "steps_taken": 62.2853470437018
}