{
    "distance_to_goal": 8.283483692950025,
    "success": 0.2442159383033419,
    "spl": 0.23119585840191753,
    "ndtw": 0.47563801513887655,
    "path_length": 7.467341650394223,
    "oracle_success": 0.32390745501285345,
    "steps_taken": 57.40874035989717
}