{
    "distance_to_goal": 8.015764671351501,
    "success": 0.25578406169665807,
    "spl": 0.23974791036691617,
    "ndtw": 0.4888774657727678,
    "path_length": 8.103152199277222,
    "oracle_success": 0.3560411311053985,
    "steps_taken": 58.724935732647815
}