{
    "distance_to_goal": 9.371063247323036,
    "success": 0.2125,
    "spl": 0.19437093741561887,
    "ndtw": 0.43069954585961395,
    "path_length": 8.051181254995754,
    "oracle_success": 0.3125,
    "steps_taken": 62.725
}