{
    "distance_to_goal": 8.141054054956816,
    "success": 0.2416452442159383,
    "spl": 0.22860881936529198,
    "ndtw": 0.48248385413795497,
    "path_length": 8.37440849920731,
    "oracle_success": 0.34190231362467866,
    "steps_taken": 63.023136246786635
}