{
    "distance_to_goal": 8.178494723513722,
    "success": 0.25,
    "spl": 0.23106082682889711,
    "ndtw": 0.4948056243515972,
    "path_length": 8.954379245128802,
    "oracle_success": 0.3875,
    "steps_taken": 63.9375
}