{
    "distance_to_goal": 9.762892839566174,
    "success": 0.13050570962479607,
    "spl": 0.12089924037505097,
    "ndtw": 0.38290029473229087,
    "path_length": 7.550482536323425,
    "oracle_success": 0.20717781402936378,
    "steps_taken": 65.81566068515498
}