{
    "distance_to_goal": 7.947931281290948,
    "success": 0.25,
    "spl": 0.23077003299396814,
    "ndtw": 0.5029513181338594,
    "path_length": 8.18505313383066,
    "oracle_success": 0.3375,
    "steps_taken": 66.8125
}