{
    "distance_to_goal": 9.218496387451887,
    "success": 0.175,
    "spl": 0.16169530371326984,
    "ndtw": 0.4348699948031086,
    "path_length": 7.85423673838377,
    "oracle_success": 0.2875,
    "steps_taken": 57.5875
}