{
    "distance_to_goal": 9.5596644661879,
    "success": 0.1528004350190321,
    "spl": 0.13922045030409758,
    "ndtw": 0.3972001957106691,
    "path_length": 8.1841318072524,
    "oracle_success": 0.23762914627514953,
    "steps_taken": 69.9505165851006
}