{
    "distance_to_goal": 8.71691197939217,
    "success": 0.25,
    "spl": 0.22900728608706955,
    "ndtw": 0.47288295336943964,
    "path_length": 8.332887109927833,
    "oracle_success": 0.3875,
    "steps_taken": 64.6375
}