{
    "distance_to_goal": 8.107728987587448,
    "success": 0.2532133676092545,
    "spl": 0.24109848273670043,
    "ndtw": 0.4933316531450214,
    "path_length": 7.937598725829784,
    "oracle_success": 0.34190231362467866,
    "steps_taken": 61.6426735218509
}