{
    "distance_to_goal": 9.339783818797777,
    "success": 0.13213703099510604,
    "spl": 0.12428322400367105,
    "ndtw": 0.4080876605435048,
    "path_length": 7.36589024006231,
    "oracle_success": 0.2039151712887439,
    "steps_taken": 61.98803697661773
}