{
    "distance_to_goal": 8.438812490180135,
    "success": 0.275,
    "spl": 0.25706166248363405,
    "ndtw": 0.4734246921449724,
    "path_length": 7.897023573762271,
    "oracle_success": 0.375,
    "steps_taken": 62.125
}