{
    "distance_to_goal": 8.569314347952604,
    "success": 0.275,
    "spl": 0.24585076575270745,
    "ndtw": 0.45914941097971845,
    "path_length": 8.674070993706119,
    "oracle_success": 0.375,
    "steps_taken": 66.7875
}