{
    "distance_to_goal": 8.01069566346705,
    "success": 0.2625,
    "spl": 0.24930888857033257,
    "ndtw": 0.5070239729785752,
    "path_length": 8.292958549410105,
    "oracle_success": 0.3,
    "steps_taken": 66.325
}