{
    "distance_to_goal": 8.831087556853891,
    "success": 0.225,
    "spl": 0.21573027467710376,
    "ndtw": 0.46346430627306107,
    "path_length": 7.230144109774666,
    "oracle_success": 0.275,
    "steps_taken": 50.5875
}