{
    "distance_to_goal": 8.489517900987426,
    "success": 0.2467866323907455,
    "spl": 0.22714902282266114,
    "ndtw": 0.470482483967836,
    "path_length": 8.536022391100296,
    "oracle_success": 0.3508997429305913,
    "steps_taken": 59.80848329048843
}