{
    "distance_to_goal": 9.5461903950397,
    "success": 0.14518760195758565,
    "spl": 0.1299343666076009,
    "ndtw": 0.3862272431489623,
    "path_length": 8.069342051815923,
    "oracle_success": 0.2365415986949429,
    "steps_taken": 67.14246873300706
}