{
    "distance_to_goal": 9.193873324845232,
    "success": 0.17128874388254486,
    "spl": 0.15840690291554488,
    "ndtw": 0.41310000152569787,
    "path_length": 7.652328222686642,
    "oracle_success": 0.2463295269168026,
    "steps_taken": 60.78520935290919
}