{
    "distance_to_goal": 10.331318594142795,
    "success": 0.125,
    "spl": 0.11380327500030418,
    "ndtw": 0.3643796418591715,
    "path_length": 8.843288749907515,
    "oracle_success": 0.2375,
    "steps_taken": 68.6625
}