{
    "distance_to_goal": 9.627684789150953,
    "success": 0.2375,
    "spl": 0.21790143685816715,
    "ndtw": 0.42510438565062314,
    "path_length": 8.283673534935257,
    "oracle_success": 0.275,
    "steps_taken": 60.425
}