{
    "distance_to_goal": 9.642797663062812,
    "success": 0.125,
    "spl": 0.11192880067020354,
    "ndtw": 0.3856355985470777,
    "path_length": 8.931607770733535,
    "oracle_success": 0.275,
    "steps_taken": 58.9625
}