{
    "distance_to_goal": 8.354650011712298,
    "success": 0.2120822622107969,
    "spl": 0.20154452266739162,
    "ndtw": 0.4440466146469593,
    "path_length": 8.204475675445552,
    "oracle_success": 0.32390745501285345,
    "steps_taken": 64.1439588688946
}