{
    "distance_to_goal": 8.203173760966347,
    "success": 0.2544987146529563,
    "spl": 0.23642245734965622,
    "ndtw": 0.4866438069719425,
    "path_length": 8.079026319703095,
    "oracle_success": 0.3508997429305913,
    "steps_taken": 61.27377892030848
}