{
    "distance_to_goal": 8.73871019938458,
    "success": 0.2043701799485861,
    "spl": 0.1905952317368666,
    "ndtw": 0.43880004007781687,
    "path_length": 8.711739065985181,
    "oracle_success": 0.33161953727506427,
    "steps_taken": 65.25449871465295
}