{
    "distance_to_goal": 8.420971402252011,
    "success": 0.2467866323907455,
    "spl": 0.23163371435763258,
    "ndtw": 0.459109160107838,
    "path_length": 8.40745204775841,
    "oracle_success": 0.3277634961439589,
    "steps_taken": 63.991002570694086
}