{
    "distance_to_goal": 9.511631526052952,
    "success": 0.1625,
    "spl": 0.15403239166459382,
    "ndtw": 0.41938564784797955,
    "path_length": 7.931092744361377,
    "oracle_success": 0.2625,
    "steps_taken": 58.175
}