{
    "distance_to_goal": 9.235374605893893,
    "success": 0.14518760195758565,
    "spl": 0.1322757983697855,
    "ndtw": 0.41256358836120216,
    "path_length": 7.5684004877828555,
    "oracle_success": 0.2359978249048396,
    "steps_taken": 64.54323001631322
}