{
    "distance_to_goal": 8.384777037220934,
    "success": 0.2249357326478149,
    "spl": 0.20850314749522278,
    "ndtw": 0.45695946681150984,
    "path_length": 7.9746955178577,
    "oracle_success": 0.31748071979434445,
    "steps_taken": 60.44987146529563
}