{
    "distance_to_goal": 8.83978648558259,
    "success": 0.175,
    "spl": 0.16342526885042188,
    "ndtw": 0.4277943410999809,
    "path_length": 8.585496201578644,
    "oracle_success": 0.275,
    "steps_taken": 57.1
}