{
    "distance_to_goal": 8.431804252065392,
    "success": 0.1928020565552699,
    "spl": 0.17745407738072266,
    "ndtw": 0.44762034225744324,
    "path_length": 8.467244327752006,
    "oracle_success": 0.31233933161953725,
    "steps_taken": 65.15552699228792
}