{
    "distance_to_goal": 8.008105811698885,
    "success": 0.21979434447300772,
    "spl": 0.20845981978600486,
    "ndtw": 0.4809273607440375,
    "path_length": 8.28739593836134,
    "oracle_success": 0.3444730077120823,
    "steps_taken": 59.412596401028274
}