{
    "distance_to_goal": 9.070112015174873,
    "success": 0.15497553017944535,
    "spl": 0.14000156927027366,
    "ndtw": 0.41301619881254753,
    "path_length": 8.211153667489791,
    "oracle_success": 0.26101141924959215,
    "steps_taken": 65.97661772702556
}