{
    "distance_to_goal": 9.115391021966934,
    "success": 0.1375,
    "spl": 0.13152348340471992,
    "ndtw": 0.41650797733504924,
    "path_length": 7.50118541647098,
    "oracle_success": 0.25,
    "steps_taken": 60.8625
}