{
    "distance_to_goal": 8.229092157649351,
    "success": 0.18894601542416453,
    "spl": 0.18024195236301738,
    "ndtw": 0.4671745407671306,
    "path_length": 5.971030287344241,
    "oracle_success": 0.21465295629820053,
    "steps_taken": 50.20822622107969
}