{
    "distance_to_goal": 9.072053199261427,
    "success": 0.1125,
    "spl": 0.11227233050332294,
    "ndtw": 0.42566407684557844,
    "path_length": 6.013900481912598,
    "oracle_success": 0.125,
    "steps_taken": 47.7625
}