{
    "distance_to_goal": 8.794702486228198,
    "success": 0.1875,
    "spl": 0.1777963071769481,
    "ndtw": 0.46937758469855784,
    "path_length": 6.8967631598003205,
    "oracle_success": 0.2,
    "steps_taken": 49.6875
}