{
    "distance_to_goal": 8.386566199458043,
    "success": 0.1928020565552699,
    "spl": 0.1864389648590852,
    "ndtw": 0.4614714233961291,
    "path_length": 6.577988746634162,
    "oracle_success": 0.2480719794344473,
    "steps_taken": 52.94215938303342
}