{
    "distance_to_goal": 10.215464647114278,
    "success": 0.1,
    "spl": 0.09542270872885775,
    "ndtw": 0.3731239319740341,
    "path_length": 8.290256970538712,
    "oracle_success": 0.2,
    "steps_taken": 77.5125
}