{
    "distance_to_goal": 8.32463409232603,
    "success": 0.20565552699228792,
    "spl": 0.18789295644704637,
    "ndtw": 0.4596194943484187,
    "path_length": 7.3235073988538515,
    "oracle_success": 0.3046272493573265,
    "steps_taken": 62.2866323907455
}