{
    "distance_to_goal": 9.214568130671978,
    "success": 0.1875,
    "spl": 0.17395128838589022,
    "ndtw": 0.41254853077224257,
    "path_length": 7.235589568741853,
    "oracle_success": 0.2375,
    "steps_taken": 53.675
}