{
    "distance_to_goal": 8.859567384421826,
    "success": 0.1625,
    "spl": 0.15124598003690776,
    "ndtw": 0.4309419342965507,
    "path_length": 7.7051896815188226,
    "oracle_success": 0.2875,
    "steps_taken": 61.7125
}