{
    "distance_to_goal": 8.961929456989226,
    "success": 0.18894601542416453,
    "spl": 0.1771867804559092,
    "ndtw": 0.4363830793663624,
    "path_length": 7.260391180908193,
    "oracle_success": 0.2699228791773779,
    "steps_taken": 53.940874035989715
}