{
    "distance_to_goal": 9.623650850355626,
    "success": 0.15,
    "spl": 0.1388726529176844,
    "ndtw": 0.40491485153814344,
    "path_length": 7.8465461031360375,
    "oracle_success": 0.225,
    "steps_taken": 59.6625
}