{
    "distance_to_goal": 8.479323167440057,
    "success": 0.23136246786632392,
    "spl": 0.21574327416656583,
    "ndtw": 0.4504495291110596,
    "path_length": 7.452708443627477,
    "oracle_success": 0.3149100257069409,
    "steps_taken": 59.63753213367609
}