{
    "distance_to_goal": 9.203610978473652,
    "success": 0.1348558999456226,
    "spl": 0.12257627342008465,
    "ndtw": 0.398099264956837,
    "path_length": 6.564550891785325,
    "oracle_success": 0.17781402936378465,
    "steps_taken": 64.48939641109298
}