{
    "distance_to_goal": 8.218965203767034,
    "success": 0.24293059125964012,
    "spl": 0.231876500871556,
    "ndtw": 0.48192805968121183,
    "path_length": 6.821085765483106,
    "oracle_success": 0.28406169665809766,
    "steps_taken": 51.47043701799486
}