{
    "distance_to_goal": 9.445369214005769,
    "success": 0.1375,
    "spl": 0.12450141043978165,
    "ndtw": 0.4026293338599725,
    "path_length": 7.667496133177233,
    "oracle_success": 0.25,
    "steps_taken": 54.425
}