{
    "distance_to_goal": 9.000047323852778,
    "success": 0.1875,
    "spl": 0.17359394779208043,
    "ndtw": 0.4459215533812083,
    "path_length": 7.5632758173858745,
    "oracle_success": 0.2625,
    "steps_taken": 52.8375
}