{
    "distance_to_goal": 8.417623609610878,
    "success": 0.2352185089974293,
    "spl": 0.22146383117590926,
    "ndtw": 0.46236293362096564,
    "path_length": 7.09933262174917,
    "oracle_success": 0.27892030848329047,
    "steps_taken": 57.62210796915167
}