{
    "distance_to_goal": 8.965208429470659,
    "success": 0.1125,
    "spl": 0.10676666399399762,
    "ndtw": 0.4252492870728897,
    "path_length": 6.755299371038563,
    "oracle_success": 0.1375,
    "steps_taken": 52.0875
}