{
    "distance_to_goal": 9.082266504317522,
    "success": 0.2125,
    "spl": 0.18790164840967602,
    "ndtw": 0.4177091969953855,
    "path_length": 7.8419164651888424,
    "oracle_success": 0.2625,
    "steps_taken": 56.0375
}