{
    "distance_to_goal": 8.729807804992236,
    "success": 0.1928020565552699,
    "spl": 0.18036071827913835,
    "ndtw": 0.44896033023230714,
    "path_length": 7.144282922786718,
    "oracle_success": 0.2827763496143959,
    "steps_taken": 62.27120822622108
}