{
    "distance_to_goal": 10.50300390869379,
    "success": 0.075,
    "spl": 0.06651888220485706,
    "ndtw": 0.3450300856019109,
    "path_length": 8.146874886815826,
    "oracle_success": 0.1875,
    "steps_taken": 77.175
}