{
    "distance_to_goal": 9.097259102112707,
    "success": 0.12343665035345297,
    "spl": 0.11556594992537449,
    "ndtw": 0.39735945256004424,
    "path_length": 6.245520952909808,
    "oracle_success": 0.15769439912996194,
    "steps_taken": 61.374116367591085
}