{
    "distance_to_goal": 8.869101601208662,
    "success": 0.14627514953779228,
    "spl": 0.13284929670616863,
    "ndtw": 0.414232727967727,
    "path_length": 6.768289954208049,
    "oracle_success": 0.19412724306688417,
    "steps_taken": 59.442088091353995
}