{
    "distance_to_goal": 9.827246280014515,
    "success": 0.1125,
    "spl": 0.10797281071893632,
    "ndtw": 0.38960356542732505,
    "path_length": 7.4801035781770535,
    "oracle_success": 0.225,
    "steps_taken": 62.375
}