{
    "distance_to_goal": 8.391004417091608,
    "success": 0.1375,
    "spl": 0.13186857041586872,
    "ndtw": 0.4554866843582204,
    "path_length": 6.070042697316967,
    "oracle_success": 0.175,
    "steps_taken": 45.1625
}