{
    "distance_to_goal": 9.016060090927146,
    "success": 0.12343665035345297,
    "spl": 0.11557144556978619,
    "ndtw": 0.41047417002551073,
    "path_length": 6.148729679761852,
    "oracle_success": 0.17128874388254486,
    "steps_taken": 56.38009787928222
}