{
    "distance_to_goal": 9.5007104113698,
    "success": 0.1375,
    "spl": 0.1297439686273812,
    "ndtw": 0.4108440800534853,
    "path_length": 7.565326563984977,
    "oracle_success": 0.1875,
    "steps_taken": 68.4375
}