{
    "distance_to_goal": 9.036081114411354,
    "success": 0.125,
    "spl": 0.11010393145993853,
    "ndtw": 0.42484434399366744,
    "path_length": 6.7807049988768995,
    "oracle_success": 0.1625,
    "steps_taken": 54.525
}