{
    "distance_to_goal": 10.149918037679784,
    "success": 0.11568123393316196,
    "spl": 0.10032868052775419,
    "ndtw": 0.3485442978078996,
    "path_length": 7.635320484126937,
    "oracle_success": 0.17223650385604114,
    "steps_taken": 59.55655526992288
}