{
    "distance_to_goal": 10.431664762257151,
    "success": 0.11696658097686376,
    "spl": 0.10177087268669016,
    "ndtw": 0.3338778892483873,
    "path_length": 8.560889584072092,
    "oracle_success": 0.19665809768637532,
    "steps_taken": 65.60925449871465
}