{
    "distance_to_goal": 8.118034121955686,
    "success": 0.15823817292006526,
    "spl": 0.1534489707750438,
    "ndtw": 0.46300140104059845,
    "path_length": 5.213061886759359,
    "oracle_success": 0.17781402936378465,
    "steps_taken": 46.758564437194124
}