{
    "distance_to_goal": 9.129502464085817,
    "success": 0.1125,
    "spl": 0.09543661000833192,
    "ndtw": 0.4542978702337213,
    "path_length": 7.5074820562731475,
    "oracle_success": 0.2125,
    "steps_taken": 49.2375
}