{
    "distance_to_goal": 9.024506937712431,
    "success": 0.1625,
    "spl": 0.15207298179955547,
    "ndtw": 0.4595994928600865,
    "path_length": 7.038679991280387,
    "oracle_success": 0.2125,
    "steps_taken": 46.15
}