{
    "distance_to_goal": 8.282953727245332,
    "success": 0.2375,
    "spl": 0.2258677744250594,
    "ndtw": 0.4838407937545809,
    "path_length": 6.571171108074486,
    "oracle_success": 0.275,
    "steps_taken": 48.6375
}