{
    "distance_to_goal": 7.7907306656241415,
    "success": 0.275,
    "spl": 0.264000813084712,
    "ndtw": 0.5153123017658061,
    "path_length": 5.973885384830647,
    "oracle_success": 0.3375,
    "steps_taken": 46.875
}