{
    "distance_to_goal": 8.783160902559757,
    "success": 0.1875,
    "spl": 0.16662186622653496,
    "ndtw": 0.4730741328828315,
    "path_length": 6.702566270751413,
    "oracle_success": 0.275,
    "steps_taken": 47.375
}