{
    "distance_to_goal": 8.470424254983664,
    "success": 0.175,
    "spl": 0.16159407269079465,
    "ndtw": 0.48298646293944836,
    "path_length": 6.768279684708423,
    "oracle_success": 0.2625,
    "steps_taken": 47.15
}