{
    "distance_to_goal": 7.469590155728602,
    "success": 0.2275064267352185,
    "spl": 0.21807323336450202,
    "ndtw": 0.5229779912011538,
    "path_length": 6.390651466826435,
    "oracle_success": 0.2699228791773779,
    "steps_taken": 47.19408740359897
}