{
    "distance_to_goal": 7.5018492712038345,
    "success": 0.2352185089974293,
    "spl": 0.22617053612678736,
    "ndtw": 0.5237499512422562,
    "path_length": 6.217707300116796,
    "oracle_success": 0.2622107969151671,
    "steps_taken": 46.31619537275064
}