{
    "distance_to_goal": 8.008168025687336,
    "success": 0.225,
    "spl": 0.20868819905875577,
    "ndtw": 0.5013999911181625,
    "path_length": 6.483593760384247,
    "oracle_success": 0.2875,
    "steps_taken": 47.225
}