{
    "distance_to_goal": 7.314270348525139,
    "success": 0.24293059125964012,
    "spl": 0.23599675490109429,
    "ndtw": 0.5293306485652187,
    "path_length": 5.833779888527498,
    "oracle_success": 0.2776349614395887,
    "steps_taken": 46.80976863753213
}