{
    "distance_to_goal": 7.826453125721998,
    "success": 0.18508997429305912,
    "spl": 0.17718971671215245,
    "ndtw": 0.49806500726924696,
    "path_length": 5.693215011080517,
    "oracle_success": 0.2159383033419023,
    "steps_taken": 47.559125964010285
}