{
    "distance_to_goal": 8.558084826171399,
    "success": 0.1875,
    "spl": 0.1731649408720906,
    "ndtw": 0.4728738212259115,
    "path_length": 6.5367875911761075,
    "oracle_success": 0.2125,
    "steps_taken": 47.1875
}