{
    "distance_to_goal": 8.450167810340787,
    "success": 0.1566068515497553,
    "spl": 0.1506261597409576,
    "ndtw": 0.44942048451335354,
    "path_length": 5.608580940699582,
    "oracle_success": 0.17944535073409462,
    "steps_taken": 46.060358890701465
}