{
    "distance_to_goal": 8.896600515395402,
    "success": 0.2,
    "spl": 0.17787676593180457,
    "ndtw": 0.45381348107501934,
    "path_length": 7.223902188637294,
    "oracle_success": 0.2375,
    "steps_taken": 46.8875
}