{
    "distance_to_goal": 7.670287927378036,
    "success": 0.2390745501285347,
    "spl": 0.22947614749719045,
    "ndtw": 0.509220356310114,
    "path_length": 6.315876484149716,
    "oracle_success": 0.2699228791773779,
    "steps_taken": 48.998714652956295
}