{
    "distance_to_goal": 8.201821194589138,
    "success": 0.2,
    "spl": 0.18789740522852577,
    "ndtw": 0.4803726717950944,
    "path_length": 6.257703349660733,
    "oracle_success": 0.2375,
    "steps_taken": 48.9375
}