{
    "distance_to_goal": 8.808993203938007,
    "success": 0.2,
    "spl": 0.18515204855183254,
    "ndtw": 0.45631211622371426,
    "path_length": 6.9407174733001735,
    "oracle_success": 0.2875,
    "steps_taken": 46.325
}