{
    "distance_to_goal": 9.063246135413646,
    "success": 0.1375,
    "spl": 0.12677681011042108,
    "ndtw": 0.460929546299284,
    "path_length": 6.748019276709899,
    "oracle_success": 0.2125,
    "steps_taken": 47.95
}