{
    "distance_to_goal": 8.977886664867402,
    "success": 0.2125,
    "spl": 0.18675161953417105,
    "ndtw": 0.44693333270825286,
    "path_length": 7.493672657595016,
    "oracle_success": 0.2875,
    "steps_taken": 47.1625
}