{
    "distance_to_goal": 7.547710313971674,
    "success": 0.23136246786632392,
    "spl": 0.21839942694603123,
    "ndtw": 0.516490867108648,
    "path_length": 6.511579233867387,
    "oracle_success": 0.2737789203084833,
    "steps_taken": 48.9305912596401
}