{
    "distance_to_goal": 8.314779964847858,
    "success": 0.2300771208226221,
    "spl": 0.21525998367406876,
    "ndtw": 0.47289367268480414,
    "path_length": 8.531999346713349,
    "oracle_success": 0.3496143958868895,
    "steps_taken": 61.98071979434447
}