{
    "distance_to_goal": 9.074012969061732,
    "success": 0.1875,
    "spl": 0.17530532550980235,
    "ndtw": 0.45086617441010485,
    "path_length": 8.20819547509891,
    "oracle_success": 0.2875,
    "steps_taken": 62.1625
}