{
    "distance_to_goal": 9.95064284596967,
    "success": 0.14573137574768896,
    "spl": 0.1323299199596622,
    "ndtw": 0.38436367183329523,
    "path_length": 8.4765469767237,
    "oracle_success": 0.25339858618814576,
    "steps_taken": 65.20282762370854
}