{
    "distance_to_goal": 7.976043879765548,
    "success": 0.22236503856041132,
    "spl": 0.2096956605873732,
    "ndtw": 0.475801966287345,
    "path_length": 8.442561080421605,
    "oracle_success": 0.3329048843187661,
    "steps_taken": 60.06426735218509
}