{
    "distance_to_goal": 8.770670184120537,
    "success": 0.2125,
    "spl": 0.19642514326188948,
    "ndtw": 0.4608833096227519,
    "path_length": 8.240497194735088,
    "oracle_success": 0.3,
    "steps_taken": 61.7125
}