{
    "distance_to_goal": 8.15316113358445,
    "success": 0.2365038560411311,
    "spl": 0.2196208835405788,
    "ndtw": 0.47426254803670465,
    "path_length": 8.539544051964231,
    "oracle_success": 0.36246786632390743,
    "steps_taken": 62.89974293059126
}