{
    "distance_to_goal": 9.414792730241544,
    "success": 0.14899401848830887,
    "spl": 0.13904635116959588,
    "ndtw": 0.4027347867407123,
    "path_length": 7.444740026881537,
    "oracle_success": 0.22185970636215335,
    "steps_taken": 60.57585644371941
}