{
    "distance_to_goal": 10.182349232025445,
    "success": 0.1625,
    "spl": 0.14982110218727698,
    "ndtw": 0.37895649649295954,
    "path_length": 8.285919693054165,
    "oracle_success": 0.2625,
    "steps_taken": 63.65
}