{
    "distance_to_goal": 9.151150972768665,
    "success": 0.1875,
    "spl": 0.1683685625635451,
    "ndtw": 0.43354596331287515,
    "path_length": 8.843360071237063,
    "oracle_success": 0.325,
    "steps_taken": 61.8125
}