{
    "distance_to_goal": 9.300575006753206,
    "success": 0.1625,
    "spl": 0.14882630161405971,
    "ndtw": 0.42527319981054273,
    "path_length": 8.583042327459406,
    "oracle_success": 0.2875,
    "steps_taken": 62.2375
}