{
    "distance_to_goal": 8.750980647601628,
    "success": 0.20308483290488433,
    "spl": 0.18804569197287396,
    "ndtw": 0.434691224600792,
    "path_length": 9.023196519037866,
    "oracle_success": 0.34190231362467866,
    "steps_taken": 67.2892030848329
}