{
    "distance_to_goal": 10.07004880849272,
    "success": 0.1875,
    "spl": 0.1775458536979247,
    "ndtw": 0.39500316886289416,
    "path_length": 8.171365046553658,
    "oracle_success": 0.275,
    "steps_taken": 63.9875
}