{
    "distance_to_goal": 8.925975079834462,
    "success": 0.2125,
    "spl": 0.19673658185321752,
    "ndtw": 0.4631268225376962,
    "path_length": 8.65006210852361,
    "oracle_success": 0.35,
    "steps_taken": 65.3
}