{
    "distance_to_goal": 8.247765708342195,
    "success": 0.2125,
    "spl": 0.19886335415508447,
    "ndtw": 0.47180364085356424,
    "path_length": 9.049611507856753,
    "oracle_success": 0.3375,
    "steps_taken": 63.4
}