{
    "distance_to_goal": 8.991698268055917,
    "success": 0.225,
    "spl": 0.2070411632831727,
    "ndtw": 0.4507881052625158,
    "path_length": 8.913460125552955,
    "oracle_success": 0.3375,
    "steps_taken": 63.0125
}