{
    "distance_to_goal": 8.571874635758544,
    "success": 0.2159383033419023,
    "spl": 0.1987285127865951,
    "ndtw": 0.45508024446721007,
    "path_length": 8.463166270322446,
    "oracle_success": 0.33161953727506427,
    "steps_taken": 63.26992287917738
}