{
    "distance_to_goal": 8.633132165436725,
    "success": 0.20822622107969152,
    "spl": 0.1940769858283698,
    "ndtw": 0.45280963979201816,
    "path_length": 8.406870657594775,
    "oracle_success": 0.3161953727506427,
    "steps_taken": 63.09640102827763
}