{
    "distance_to_goal": 8.987454127892851,
    "success": 0.2125,
    "spl": 0.19585848097052655,
    "ndtw": 0.4400237598269858,
    "path_length": 8.164883637336953,
    "oracle_success": 0.2875,
    "steps_taken": 57.5875
}