{
    "distance_to_goal": 9.694197252275277,
    "success": 0.14790647090810222,
    "spl": 0.13702755078673762,
    "ndtw": 0.3967662761232012,
    "path_length": 7.4748878829874705,
    "oracle_success": 0.22892876563349646,
    "steps_taken": 61.83088635127787
}