{
    "distance_to_goal": 8.794553252095046,
    "success": 0.2210796915167095,
    "spl": 0.2056523341698655,
    "ndtw": 0.4377966440692961,
    "path_length": 8.137477184384561,
    "oracle_success": 0.3059125964010283,
    "steps_taken": 62.73650385604113
}