{
    "distance_to_goal": 9.660399369707067,
    "success": 0.14138118542686243,
    "spl": 0.13249995157836833,
    "ndtw": 0.3905944780848405,
    "path_length": 7.466891423302436,
    "oracle_success": 0.20554649265905384,
    "steps_taken": 60.2784121805329
}