{
    "distance_to_goal": 9.164811692945658,
    "success": 0.175,
    "spl": 0.15897656069067317,
    "ndtw": 0.45055210761364667,
    "path_length": 8.007619210851347,
    "oracle_success": 0.2625,
    "steps_taken": 61.9375
}