{
    "distance_to_goal": 9.947298469860106,
    "success": 0.1375,
    "spl": 0.12335446359737531,
    "ndtw": 0.38438157325113076,
    "path_length": 8.424756062185043,
    "oracle_success": 0.2375,
    "steps_taken": 62.8375
}