{
    "distance_to_goal": 9.187600804120303,
    "success": 0.2,
    "spl": 0.1805475974875903,
    "ndtw": 0.42400464353721024,
    "path_length": 8.891042550420389,
    "oracle_success": 0.2875,
    "steps_taken": 67.9875
}