{
    "distance_to_goal": 10.097511033713818,
    "success": 0.1375,
    "spl": 0.12776528742138643,
    "ndtw": 0.3835591584080565,
    "path_length": 8.471474804222817,
    "oracle_success": 0.225,
    "steps_taken": 62.925
}