{
    "distance_to_goal": 8.389827822600814,
    "success": 0.22879177377892032,
    "spl": 0.21371998565550557,
    "ndtw": 0.4651582591803068,
    "path_length": 8.198449156981741,
    "oracle_success": 0.3277634961439589,
    "steps_taken": 61.22365038560411
}