{
    "distance_to_goal": 9.343654293566942,
    "success": 0.175,
    "spl": 0.15665810414624773,
    "ndtw": 0.40708564711018136,
    "path_length": 8.134889382659457,
    "oracle_success": 0.25,
    "steps_taken": 64.7875
}