{
    "distance_to_goal": 9.760106495022773,
    "success": 0.1375,
    "spl": 0.13338619545440214,
    "ndtw": 0.3978388446772525,
    "path_length": 8.701875915331039,
    "oracle_success": 0.2875,
    "steps_taken": 69.2875
}