{
    "distance_to_goal": 9.60709556043148,
    "success": 0.1625,
    "spl": 0.14429757646589986,
    "ndtw": 0.4164822437419159,
    "path_length": 8.295969752129167,
    "oracle_success": 0.275,
    "steps_taken": 60.8875
}