{
    "distance_to_goal": 8.20330930221674,
    "success": 0.1859706362153344,
    "spl": 0.17479625359566703,
    "ndtw": 0.46113112474757073,
    "path_length": 6.682032271855402,
    "oracle_success": 0.2267536704730832,
    "steps_taken": 51.59380097879282
}