{
    "distance_to_goal": 8.71514585763216,
    "success": 0.1375,
    "spl": 0.12116159858537508,
    "ndtw": 0.44514202714851925,
    "path_length": 7.43093763361685,
    "oracle_success": 0.2125,
    "steps_taken": 64.05
}