{
    "distance_to_goal": 8.263882698863744,
    "success": 0.2375,
    "spl": 0.22232457622061785,
    "ndtw": 0.4761100292555832,
    "path_length": 7.630248361616395,
    "oracle_success": 0.3125,
    "steps_taken": 65.15
}