{
    "distance_to_goal": 8.851360713504254,
    "success": 0.1875,
    "spl": 0.1697488175630817,
    "ndtw": 0.4480023854478799,
    "path_length": 7.514578340575099,
    "oracle_success": 0.225,
    "steps_taken": 58.4625
}