{
    "distance_to_goal": 8.669542024098337,
    "success": 0.2125,
    "spl": 0.1951154709569612,
    "ndtw": 0.45778331650379317,
    "path_length": 7.302466354111675,
    "oracle_success": 0.2375,
    "steps_taken": 73.4875
}