{
    "distance_to_goal": 9.116635077004322,
    "success": 0.2,
    "spl": 0.1724109215967488,
    "ndtw": 0.4392164149204216,
    "path_length": 7.9474269935395565,
    "oracle_success": 0.2625,
    "steps_taken": 79.9125
}