{
    "distance_to_goal": 8.765416264533997,
    "success": 0.225,
    "spl": 0.21142985516548235,
    "ndtw": 0.4629911416561475,
    "path_length": 7.224900039173804,
    "oracle_success": 0.2875,
    "steps_taken": 53.7625
}