{
    "distance_to_goal": 8.061653808504342,
    "success": 0.1875,
    "spl": 0.1738049685717535,
    "ndtw": 0.48001774354792853,
    "path_length": 8.081025948992465,
    "oracle_success": 0.3,
    "steps_taken": 61.3625
}