{
    "distance_to_goal": 8.60866418145597,
    "success": 0.1875,
    "spl": 0.1700354450296307,
    "ndtw": 0.4327752718119191,
    "path_length": 8.037015332118608,
    "oracle_success": 0.2375,
    "steps_taken": 65.5125
}