{
    "distance_to_goal": 8.371405588835477,
    "success": 0.225,
    "spl": 0.20951455274565695,
    "ndtw": 0.4757495516103332,
    "path_length": 7.147837834770326,
    "oracle_success": 0.2625,
    "steps_taken": 77.0375
}