{
    "distance_to_goal": 8.626399916782976,
    "success": 0.2,
    "spl": 0.18486049456196305,
    "ndtw": 0.46998842483775743,
    "path_length": 7.403786315699108,
    "oracle_success": 0.2375,
    "steps_taken": 56.325
}