{
    "distance_to_goal": 8.606536455266177,
    "success": 0.1625,
    "spl": 0.1444479794724997,
    "ndtw": 0.4574489605092655,
    "path_length": 7.211952560225406,
    "oracle_success": 0.2125,
    "steps_taken": 56.55
}