{
    "distance_to_goal": 8.782351578772069,
    "success": 0.1625,
    "spl": 0.1461470533480562,
    "ndtw": 0.43961382385215353,
    "path_length": 7.6854493372375146,
    "oracle_success": 0.2125,
    "steps_taken": 57.45
}