{
    "distance_to_goal": 8.906676295399667,
    "success": 0.1875,
    "spl": 0.16850571281505966,
    "ndtw": 0.4525768812784027,
    "path_length": 7.938936363253743,
    "oracle_success": 0.2625,
    "steps_taken": 57.95
}