{
    "distance_to_goal": 9.091388838738203,
    "success": 0.1375,
    "spl": 0.12184974848450487,
    "ndtw": 0.42461218657510724,
    "path_length": 7.529830391384894,
    "oracle_success": 0.175,
    "steps_taken": 61.8
}