{
    "distance_to_goal": 9.038852262683212,
    "success": 0.1875,
    "spl": 0.17134804333096548,
    "ndtw": 0.44372237191466324,
    "path_length": 7.963019933528267,
    "oracle_success": 0.25,
    "steps_taken": 61.95
}