{
    "distance_to_goal": 8.395420406386256,
    "success": 0.2625,
    "spl": 0.23048344297837703,
    "ndtw": 0.47815805837262515,
    "path_length": 7.684799599542748,
    "oracle_success": 0.3125,
    "steps_taken": 57.5375
}