{
    "distance_to_goal": 8.524088966101408,
    "success": 0.1875,
    "spl": 0.1744747113798828,
    "ndtw": 0.46557076869207903,
    "path_length": 8.24478150763316,
    "oracle_success": 0.2625,
    "steps_taken": 80.5875
}