{
    "distance_to_goal": 8.29199121765845,
    "success": 0.16476345840130505,
    "spl": 0.15738470688139589,
    "ndtw": 0.4539015596573645,
    "path_length": 6.113130597661962,
    "oracle_success": 0.19738988580750408,
    "steps_taken": 46.83469276780859
}