{
    "distance_to_goal": 8.200597285106777,
    "success": 0.1625,
    "spl": 0.1499135411889762,
    "ndtw": 0.48475798692702926,
    "path_length": 8.033971987653057,
    "oracle_success": 0.2875,
    "steps_taken": 72.325
}