{
    "distance_to_goal": 8.296153430661766,
    "success": 0.20565552699228792,
    "spl": 0.1937904582402612,
    "ndtw": 0.47100307699782695,
    "path_length": 7.248651661682621,
    "oracle_success": 0.2750642673521851,
    "steps_taken": 51.350899742930594
}