{
    "distance_to_goal": 8.857502719014883,
    "success": 0.2125,
    "spl": 0.19569971040565007,
    "ndtw": 0.4577875850820011,
    "path_length": 7.623997752228751,
    "oracle_success": 0.2875,
    "steps_taken": 53.7375
}