{
    "distance_to_goal": 9.055258838646115,
    "success": 0.225,
    "spl": 0.21385830488943108,
    "ndtw": 0.4207104341472198,
    "path_length": 8.518452328175773,
    "oracle_success": 0.3125,
    "steps_taken": 67.95
}