{
    "distance_to_goal": 8.645184372365474,
    "success": 0.2125,
    "spl": 0.19490157611767947,
    "ndtw": 0.4469933938807838,
    "path_length": 7.893619800917804,
    "oracle_success": 0.275,
    "steps_taken": 68.1875
}