{
    "distance_to_goal": 8.320250477269292,
    "success": 0.2625,
    "spl": 0.24780069579048125,
    "ndtw": 0.48837017904910657,
    "path_length": 7.005942172245705,
    "oracle_success": 0.3375,
    "steps_taken": 49.7625
}