{
    "distance_to_goal": 8.829150491207837,
    "success": 0.175,
    "spl": 0.14989415136375303,
    "ndtw": 0.4393451886505386,
    "path_length": 7.969710390461842,
    "oracle_success": 0.2125,
    "steps_taken": 58.175
}