{
    "distance_to_goal": 8.812599822506309,
    "success": 0.2,
    "spl": 0.18158670222075515,
    "ndtw": 0.44631678465931157,
    "path_length": 7.623620819288772,
    "oracle_success": 0.2125,
    "steps_taken": 75.45
}