{
    "distance_to_goal": 8.223036485910416,
    "success": 0.2,
    "spl": 0.17955576610230667,
    "ndtw": 0.47141036875951847,
    "path_length": 7.333888113871216,
    "oracle_success": 0.2375,
    "steps_taken": 53.9875
}