{
    "distance_to_goal": 8.001433034986258,
    "success": 0.2,
    "spl": 0.17680509059481905,
    "ndtw": 0.4841392294500454,
    "path_length": 7.919224877502026,
    "oracle_success": 0.2625,
    "steps_taken": 65.275
}