{
    "distance_to_goal": 8.822439921540758,
    "success": 0.1533442088091354,
    "spl": 0.13914683916937276,
    "ndtw": 0.43447357799424063,
    "path_length": 7.511597635299902,
    "oracle_success": 0.20554649265905384,
    "steps_taken": 93.99293094072866
}