{
    "distance_to_goal": 8.495934498868882,
    "success": 0.1875,
    "spl": 0.17495167685992807,
    "ndtw": 0.45961715343105974,
    "path_length": 7.436456684558652,
    "oracle_success": 0.25,
    "steps_taken": 68.0875
}