{
    "distance_to_goal": 8.54853963535279,
    "success": 0.1875,
    "spl": 0.17243147999236103,
    "ndtw": 0.46187292576017513,
    "path_length": 7.7205227060359904,
    "oracle_success": 0.225,
    "steps_taken": 76.975
}