{
    "distance_to_goal": 8.249463969655334,
    "success": 0.2375,
    "spl": 0.2189890414084572,
    "ndtw": 0.4645019440810878,
    "path_length": 8.153137632878497,
    "oracle_success": 0.275,
    "steps_taken": 66.4625
}