{
    "distance_to_goal": 8.699298157170414,
    "success": 0.2125,
    "spl": 0.19241339708661948,
    "ndtw": 0.4669214829238536,
    "path_length": 7.6323828560533,
    "oracle_success": 0.275,
    "steps_taken": 53.6625
}