{
    "distance_to_goal": 8.258175010234117,
    "success": 0.2,
    "spl": 0.17939398606761772,
    "ndtw": 0.47664337179598687,
    "path_length": 7.509639184642583,
    "oracle_success": 0.2375,
    "steps_taken": 78.325
}