{
    "distance_to_goal": 7.811124480705335,
    "success": 0.25578406169665807,
    "spl": 0.24190244290770063,
    "ndtw": 0.5029375961446955,
    "path_length": 7.8633693358120365,
    "oracle_success": 0.32519280205655526,
    "steps_taken": 58.159383033419026
}