{
    "distance_to_goal": 8.426897011697292,
    "success": 0.2125,
    "spl": 0.19832944622690432,
    "ndtw": 0.48262682746904934,
    "path_length": 7.112118428433314,
    "oracle_success": 0.25,
    "steps_taken": 55.7625
}