{
    "distance_to_goal": 9.043464505299927,
    "success": 0.175,
    "spl": 0.15843524449310392,
    "ndtw": 0.43802429586544206,
    "path_length": 7.758958780346438,
    "oracle_success": 0.2625,
    "steps_taken": 58.95
}