{
    "distance_to_goal": 8.421772472187877,
    "success": 0.225,
    "spl": 0.2069234336756023,
    "ndtw": 0.4674575540723701,
    "path_length": 7.862711926631164,
    "oracle_success": 0.3125,
    "steps_taken": 61.0625
}