{
    "distance_to_goal": 9.330784977227449,
    "success": 0.2125,
    "spl": 0.19097158973487074,
    "ndtw": 0.4210622761772781,
    "path_length": 7.989987360453233,
    "oracle_success": 0.2625,
    "steps_taken": 59.95
}