{
    "distance_to_goal": 7.543885007998631,
    "success": 0.3059125964010283,
    "spl": 0.2957297887911595,
    "ndtw": 0.5256671242462653,
    "path_length": 7.404109067704997,
    "oracle_success": 0.37146529562982006,
    "steps_taken": 48.75835475578406
}