{
    "distance_to_goal": 9.013980576395989,
    "success": 0.1625,
    "spl": 0.1530259628502056,
    "ndtw": 0.4324529486575087,
    "path_length": 7.698632697227927,
    "oracle_success": 0.2375,
    "steps_taken": 73.95
}