{
    "distance_to_goal": 8.371394849382341,
    "success": 0.2125,
    "spl": 0.19438748740530234,
    "ndtw": 0.4798797647757553,
    "path_length": 6.666925880103372,
    "oracle_success": 0.25,
    "steps_taken": 44.9625
}