{
    "distance_to_goal": 9.589888848364353,
    "success": 0.1125,
    "spl": 0.09377729325785512,
    "ndtw": 0.3981486796102432,
    "path_length": 8.010361791233299,
    "oracle_success": 0.225,
    "steps_taken": 56.05
}