{
    "distance_to_goal": 7.950301300361753,
    "success": 0.175,
    "spl": 0.16155767453990766,
    "ndtw": 0.4725535184679047,
    "path_length": 7.8209672388620675,
    "oracle_success": 0.2625,
    "steps_taken": 68.7125
}