{
    "distance_to_goal": 8.980103837326169,
    "success": 0.1625,
    "spl": 0.1517973613395403,
    "ndtw": 0.428049326554848,
    "path_length": 7.745511722553056,
    "oracle_success": 0.2625,
    "steps_taken": 57.5
}