{
    "distance_to_goal": 8.565086301229893,
    "success": 0.2125,
    "spl": 0.19691643815629092,
    "ndtw": 0.46826416049942976,
    "path_length": 7.610805704328231,
    "oracle_success": 0.2375,
    "steps_taken": 56.1
}