{
    "distance_to_goal": 8.836148723214865,
    "success": 0.1875,
    "spl": 0.16648352940322264,
    "ndtw": 0.45712062075999915,
    "path_length": 7.482053464767523,
    "oracle_success": 0.2625,
    "steps_taken": 51.525
}