{
    "distance_to_goal": 9.219122621417046,
    "success": 0.175,
    "spl": 0.15835989615123958,
    "ndtw": 0.4293047144291567,
    "path_length": 7.670404311310267,
    "oracle_success": 0.225,
    "steps_taken": 62.025
}