{
    "distance_to_goal": 8.564224305539392,
    "success": 0.2625,
    "spl": 0.24147991774626262,
    "ndtw": 0.4865398537740141,
    "path_length": 7.366454805905232,
    "oracle_success": 0.325,
    "steps_taken": 50.9375
}