{
    "distance_to_goal": 7.633742391131818,
    "success": 0.2375,
    "spl": 0.21935074954812403,
    "ndtw": 0.49501524690224086,
    "path_length": 7.424139242619276,
    "oracle_success": 0.2875,
    "steps_taken": 71.7375
}