{
    "distance_to_goal": 8.299463862739504,
    "success": 0.225,
    "spl": 0.21194818389137868,
    "ndtw": 0.4654342392034538,
    "path_length": 7.639663164736703,
    "oracle_success": 0.2625,
    "steps_taken": 66.4625
}