{
    "distance_to_goal": 8.600891710072755,
    "success": 0.2125,
    "spl": 0.19737764699504107,
    "ndtw": 0.4603924647353802,
    "path_length": 7.365313822263852,
    "oracle_success": 0.2375,
    "steps_taken": 59.05
}