{
    "distance_to_goal": 8.522029802203178,
    "success": 0.225,
    "spl": 0.206515049595784,
    "ndtw": 0.46428094908588147,
    "path_length": 7.50246598055819,
    "oracle_success": 0.2875,
    "steps_taken": 53.4875
}