{
    "distance_to_goal": 9.41363420188427,
    "success": 0.1375,
    "spl": 0.12167360076698816,
    "ndtw": 0.4164625750715863,
    "path_length": 8.156632813320675,
    "oracle_success": 0.2375,
    "steps_taken": 56.7375
}