{
    "distance_to_goal": 8.522242634557188,
    "success": 0.1875,
    "spl": 0.16946481110350767,
    "ndtw": 0.45388174988282215,
    "path_length": 7.198899052524939,
    "oracle_success": 0.25,
    "steps_taken": 70.175
}