{
    "distance_to_goal": 8.66228183284402,
    "success": 0.1625,
    "spl": 0.14723339423632922,
    "ndtw": 0.4368173244546599,
    "path_length": 7.688928165077232,
    "oracle_success": 0.275,
    "steps_taken": 72.1875
}