{
    "distance_to_goal": 8.642090040445328,
    "success": 0.2125,
    "spl": 0.19274246168588396,
    "ndtw": 0.45565111442553174,
    "path_length": 7.408616324973991,
    "oracle_success": 0.25,
    "steps_taken": 56.0125
}