{
    "distance_to_goal": 9.056923643499612,
    "success": 0.2375,
    "spl": 0.2188907112852922,
    "ndtw": 0.44248390413840577,
    "path_length": 7.749277599371271,
    "oracle_success": 0.2875,
    "steps_taken": 55.7875
}