{
    "distance_to_goal": 7.766606262615693,
    "success": 0.2712082262210797,
    "spl": 0.2575106887195599,
    "ndtw": 0.5123275929452642,
    "path_length": 7.7171247288900116,
    "oracle_success": 0.32904884318766064,
    "steps_taken": 50.826478149100254
}