{
    "distance_to_goal": 9.317419971898198,
    "success": 0.1875,
    "spl": 0.16875299315884945,
    "ndtw": 0.41954678687834035,
    "path_length": 8.368647116344654,
    "oracle_success": 0.25,
    "steps_taken": 65.225
}