{
    "distance_to_goal": 8.552197866409191,
    "success": 0.19575856443719414,
    "spl": 0.18201103899084967,
    "ndtw": 0.4408866165140038,
    "path_length": 7.3018875228121365,
    "oracle_success": 0.24469820554649266,
    "steps_taken": 67.77977161500816
}