{
    "distance_to_goal": 8.797882172092795,
    "success": 0.1625,
    "spl": 0.13710983571286256,
    "ndtw": 0.43179819319662477,
    "path_length": 8.08496870114468,
    "oracle_success": 0.275,
    "steps_taken": 60.7875
}