{
    "distance_to_goal": 9.642074751853944,
    "success": 0.1375,
    "spl": 0.12483124802710974,
    "ndtw": 0.3976060565704903,
    "path_length": 8.162650404445595,
    "oracle_success": 0.2375,
    "steps_taken": 58.575
}