{
    "distance_to_goal": 9.347329498827458,
    "success": 0.1625,
    "spl": 0.15199798672105252,
    "ndtw": 0.4336560634134511,
    "path_length": 7.498862142326834,
    "oracle_success": 0.2125,
    "steps_taken": 58.125
}