{
    "distance_to_goal": 7.754648162382427,
    "success": 0.2403598971722365,
    "spl": 0.22620781663035155,
    "ndtw": 0.4922125079576982,
    "path_length": 8.097941373527268,
    "oracle_success": 0.3444730077120823,
    "steps_taken": 61.667095115681235
}