{
    "distance_to_goal": 8.720704562589527,
    "success": 0.2375,
    "spl": 0.22224216455047724,
    "ndtw": 0.4529036560557538,
    "path_length": 7.4288784475298595,
    "oracle_success": 0.275,
    "steps_taken": 62.625
}