{
    "distance_to_goal": 9.183719393610954,
    "success": 0.2,
    "spl": 0.1834763664263015,
    "ndtw": 0.4454291280675943,
    "path_length": 7.6115616390539795,
    "oracle_success": 0.2375,
    "steps_taken": 56.6125
}