{
    "distance_to_goal": 9.149958163127303,
    "success": 0.1875,
    "spl": 0.17448334351881303,
    "ndtw": 0.4456502235506557,
    "path_length": 7.20947076071125,
    "oracle_success": 0.225,
    "steps_taken": 54.8375
}