{
    "distance_to_goal": 8.907339977100492,
    "success": 0.175,
    "spl": 0.15688976033048962,
    "ndtw": 0.44477047918938073,
    "path_length": 7.130256605078467,
    "oracle_success": 0.2125,
    "steps_taken": 75.6125
}