{
    "distance_to_goal": 8.216629326343536,
    "success": 0.1875,
    "spl": 0.1705419909865437,
    "ndtw": 0.46356670275770195,
    "path_length": 7.888074562046677,
    "oracle_success": 0.2375,
    "steps_taken": 71.15
}