{
    "distance_to_goal": 8.908285854943097,
    "success": 0.2125,
    "spl": 0.18679581564121137,
    "ndtw": 0.4495493867471523,
    "path_length": 7.9343277558948415,
    "oracle_success": 0.25,
    "steps_taken": 55.775
}