{
    "distance_to_goal": 8.933677538111805,
    "success": 0.1875,
    "spl": 0.16670953663477794,
    "ndtw": 0.453403694675156,
    "path_length": 7.595678920281353,
    "oracle_success": 0.225,
    "steps_taken": 53.475
}