{
    "distance_to_goal": 7.781209963290045,
    "success": 0.2519280205655527,
    "spl": 0.23892094183183543,
    "ndtw": 0.49706055460493487,
    "path_length": 8.240109646032744,
    "oracle_success": 0.3444730077120823,
    "steps_taken": 61.44987146529563
}