{
    "distance_to_goal": 8.018455035754679,
    "success": 0.2365038560411311,
    "spl": 0.2230220688577321,
    "ndtw": 0.49048652292494965,
    "path_length": 8.162342488919897,
    "oracle_success": 0.3329048843187661,
    "steps_taken": 58.47557840616967
}