{
    "distance_to_goal": 9.021044551208615,
    "success": 0.1625,
    "spl": 0.14916693647688423,
    "ndtw": 0.43974160740084206,
    "path_length": 7.320684779458679,
    "oracle_success": 0.1875,
    "steps_taken": 56.6125
}