{
    "distance_to_goal": 8.394005320593715,
    "success": 0.2125,
    "spl": 0.19699761412272238,
    "ndtw": 0.4589826573559558,
    "path_length": 8.102382166520693,
    "oracle_success": 0.275,
    "steps_taken": 76.1125
}