{
    "distance_to_goal": 8.310773546621203,
    "success": 0.275,
    "spl": 0.2502641750712276,
    "ndtw": 0.47501203226184574,
    "path_length": 7.411241479846649,
    "oracle_success": 0.2875,
    "steps_taken": 55.975
}