{
    "distance_to_goal": 8.377258498221636,
    "success": 0.2125,
    "spl": 0.19337059889612,
    "ndtw": 0.4745669640962589,
    "path_length": 7.296064711257349,
    "oracle_success": 0.2875,
    "steps_taken": 63.6625
}