{
    "distance_to_goal": 7.44234911358142,
    "success": 0.2660668380462725,
    "spl": 0.2500807588001078,
    "ndtw": 0.5098024128217801,
    "path_length": 8.164690948669634,
    "oracle_success": 0.3560411311053985,
    "steps_taken": 79.38688946015424
}