{
    "distance_to_goal": 9.340106611140072,
    "success": 0.175,
    "spl": 0.16335941631550258,
    "ndtw": 0.4276241611744185,
    "path_length": 7.318498331587762,
    "oracle_success": 0.2375,
    "steps_taken": 57.0875
}