{
    "distance_to_goal": 9.124830943346023,
    "success": 0.2,
    "spl": 0.17333692247567395,
    "ndtw": 0.4323746187626785,
    "path_length": 7.854450391605496,
    "oracle_success": 0.2375,
    "steps_taken": 54.6375
}