{
    "distance_to_goal": 7.903280140932621,
    "success": 0.2159383033419023,
    "spl": 0.2094361522419295,
    "ndtw": 0.49255536683341833,
    "path_length": 6.032401072438375,
    "oracle_success": 0.2583547557840617,
    "steps_taken": 43.14781491002571
}