{
    "distance_to_goal": 8.045302544906736,
    "success": 0.2125,
    "spl": 0.2053216940330466,
    "ndtw": 0.4782195400877944,
    "path_length": 5.558157756179571,
    "oracle_success": 0.225,
    "steps_taken": 42.4625
}