{
    "distance_to_goal": 8.653584206104279,
    "success": 0.175,
    "spl": 0.16682630878312263,
    "ndtw": 0.46399089655587683,
    "path_length": 6.342580963298678,
    "oracle_success": 0.225,
    "steps_taken": 56.7125
}