{
    "distance_to_goal": 8.18959281568662,
    "success": 0.20051413881748073,
    "spl": 0.19751103731871528,
    "ndtw": 0.47065465718665034,
    "path_length": 5.1900587823427715,
    "oracle_success": 0.2159383033419023,
    "steps_taken": 40.5
}