{
    "distance_to_goal": 8.582155223935843,
    "success": 0.15,
    "spl": 0.14808276373282508,
    "ndtw": 0.4490463403041459,
    "path_length": 5.625866410479648,
    "oracle_success": 0.2125,
    "steps_taken": 49.1375
}