{
    "distance_to_goal": 8.1557354234159,
    "success": 0.2375,
    "spl": 0.22780607120734536,
    "ndtw": 0.4991042208294137,
    "path_length": 6.156963170855306,
    "oracle_success": 0.275,
    "steps_taken": 46.3875
}