{
    "distance_to_goal": 8.035579376667737,
    "success": 0.2875,
    "spl": 0.27553572751247396,
    "ndtw": 0.507301126507773,
    "path_length": 7.040272172028199,
    "oracle_success": 0.35,
    "steps_taken": 58.9125
}