{
    "distance_to_goal": 9.038422948867083,
    "success": 0.1625,
    "spl": 0.15231856903064145,
    "ndtw": 0.4386692380604371,
    "path_length": 5.569412404159084,
    "oracle_success": 0.175,
    "steps_taken": 44.0625
}