{
    "distance_to_goal": 8.851144222170115,
    "success": 0.1875,
    "spl": 0.1756303902399181,
    "ndtw": 0.4602641912333875,
    "path_length": 6.770530119740579,
    "oracle_success": 0.2625,
    "steps_taken": 58.75
}