{
    "distance_to_goal": 9.437974813245864,
    "success": 0.13866231647634583,
    "spl": 0.13092991878295293,
    "ndtw": 0.40814818376106893,
    "path_length": 6.727838117239236,
    "oracle_success": 0.18651441000543773,
    "steps_taken": 58.9673735725938
}