{
    "distance_to_goal": 8.301847178402781,
    "success": 0.2365038560411311,
    "spl": 0.22570765195177744,
    "ndtw": 0.46394783199624,
    "path_length": 6.615028558650609,
    "oracle_success": 0.29048843187660667,
    "steps_taken": 59.2853470437018
}