{
    "distance_to_goal": 8.300047348811265,
    "success": 0.2390745501285347,
    "spl": 0.22821901316473223,
    "ndtw": 0.48178339728397135,
    "path_length": 7.288419053634461,
    "oracle_success": 0.3277634961439589,
    "steps_taken": 53.26992287917738
}