{
    "distance_to_goal": 8.565411335974932,
    "success": 0.0875,
    "spl": 0.08633342275524591,
    "ndtw": 0.4499002451221914,
    "path_length": 5.4004448530613445,
    "oracle_success": 0.15,
    "steps_taken": 40.2125
}