{
    "distance_to_goal": 8.009211530908942,
    "success": 0.2125,
    "spl": 0.2020035779005736,
    "ndtw": 0.49221953185298173,
    "path_length": 5.444753912143642,
    "oracle_success": 0.2375,
    "steps_taken": 40.325
}