{
    "distance_to_goal": 8.6514623131603,
    "success": 0.1625,
    "spl": 0.15567995432125933,
    "ndtw": 0.44818299561568686,
    "path_length": 5.910330632561818,
    "oracle_success": 0.225,
    "steps_taken": 53.9625
}