{
    "distance_to_goal": 8.225637406110764,
    "success": 0.175,
    "spl": 0.1681324192681134,
    "ndtw": 0.4753074646624415,
    "path_length": 5.546830563852564,
    "oracle_success": 0.2,
    "steps_taken": 46.975
}