{
    "distance_to_goal": 8.686776383221149,
    "success": 0.1375,
    "spl": 0.12794199107991458,
    "ndtw": 0.4492142408386085,
    "path_length": 5.625603673816658,
    "oracle_success": 0.1875,
    "steps_taken": 48.7875
}