{
    "distance_to_goal": 8.984915094515951,
    "success": 0.13159325720500273,
    "spl": 0.1256110028893692,
    "ndtw": 0.41385831560421116,
    "path_length": 5.919276466942662,
    "oracle_success": 0.17998912452419794,
    "steps_taken": 63.56334964654704
}