{
    "distance_to_goal": 8.782293319402342,
    "success": 0.12887438825448613,
    "spl": 0.12535270464852746,
    "ndtw": 0.4322760023481456,
    "path_length": 5.405163170372053,
    "oracle_success": 0.1598694942903752,
    "steps_taken": 46.703099510603586
}