{
    "distance_to_goal": 8.223110505386918,
    "success": 0.18508997429305912,
    "spl": 0.17932293010526604,
    "ndtw": 0.46810171487971786,
    "path_length": 5.504451140967218,
    "oracle_success": 0.2262210796915167,
    "steps_taken": 38.79177377892031
}