{
    "distance_to_goal": 8.728520350158215,
    "success": 0.125,
    "spl": 0.11580154135229356,
    "ndtw": 0.4546856468551204,
    "path_length": 5.471327476552688,
    "oracle_success": 0.15,
    "steps_taken": 40.6125
}