{
    "distance_to_goal": 8.353369526565075,
    "success": 0.2125,
    "spl": 0.19431846681748635,
    "ndtw": 0.46329629031050185,
    "path_length": 7.028391565941274,
    "oracle_success": 0.275,
    "steps_taken": 56.6875
}