{
    "distance_to_goal": 8.823182563856244,
    "success": 0.1875,
    "spl": 0.17272111683880284,
    "ndtw": 0.4588265444204792,
    "path_length": 6.975134134851396,
    "oracle_success": 0.25,
    "steps_taken": 48.825
}