{
    "distance_to_goal": 8.526437789393269,
    "success": 0.1953727506426735,
    "spl": 0.1823853534354078,
    "ndtw": 0.45752010136968985,
    "path_length": 7.03008926073839,
    "oracle_success": 0.2596401028277635,
    "steps_taken": 58.588688946015424
}