{
    "distance_to_goal": 8.542660723999143,
    "success": 0.1625,
    "spl": 0.1502289581101428,
    "ndtw": 0.46215812736363737,
    "path_length": 6.1084888718090955,
    "oracle_success": 0.225,
    "steps_taken": 45.6375
}