{
    "distance_to_goal": 8.980671051020627,
    "success": 0.11256117455138662,
    "spl": 0.10818185042423743,
    "ndtw": 0.41534893481623214,
    "path_length": 5.17062932312877,
    "oracle_success": 0.13648722131593258,
    "steps_taken": 48.9178901576944
}