{
    "distance_to_goal": 8.104489438794554,
    "success": 0.2375,
    "spl": 0.22918801709446024,
    "ndtw": 0.4831760771929409,
    "path_length": 5.97547159261303,
    "oracle_success": 0.25,
    "steps_taken": 45.5625
}