{
    "distance_to_goal": 8.189501621212168,
    "success": 0.19023136246786632,
    "spl": 0.18363768501839361,
    "ndtw": 0.46553423186590825,
    "path_length": 5.939941541979426,
    "oracle_success": 0.24293059125964012,
    "steps_taken": 48.12724935732648
}