{
    "distance_to_goal": 8.304703277535737,
    "success": 0.1625,
    "spl": 0.15527439370264853,
    "ndtw": 0.4758257896843552,
    "path_length": 5.647430955665186,
    "oracle_success": 0.1875,
    "steps_taken": 43.5875
}