{
    "distance_to_goal": 8.050328924236844,
    "success": 0.2210796915167095,
    "spl": 0.2147498470281119,
    "ndtw": 0.4803702577283796,
    "path_length": 5.825986404463767,
    "oracle_success": 0.2519280205655527,
    "steps_taken": 45.54370179948586
}