{
    "distance_to_goal": 9.136990063637494,
    "success": 0.1125,
    "spl": 0.1094491003564313,
    "ndtw": 0.4292438276745478,
    "path_length": 5.911836306739133,
    "oracle_success": 0.1875,
    "steps_taken": 48.2875
}