{
    "distance_to_goal": 8.49280280098319,
    "success": 0.2125,
    "spl": 0.20564518154161604,
    "ndtw": 0.4714618979398736,
    "path_length": 5.537423088989454,
    "oracle_success": 0.2375,
    "steps_taken": 36.725
}