{
    "distance_to_goal": 9.593266107887029,
    "success": 0.2,
    "spl": 0.1770305513494168,
    "ndtw": 0.44553921993110956,
    "path_length": 7.4995574177708475,
    "oracle_success": 0.25,
    "steps_taken": 47.75
}