{
    "distance_to_goal": 9.064013862609864,
    "success": 0.1875,
    "spl": 0.16880094666473228,
    "ndtw": 0.4597488932967395,
    "path_length": 7.232504485372919,
    "oracle_success": 0.2375,
    "steps_taken": 47.175
}