{
    "distance_to_goal": 9.27153947353363,
    "success": 0.175,
    "spl": 0.1615346181707798,
    "ndtw": 0.4427949571819626,
    "path_length": 7.240457328082994,
    "oracle_success": 0.2375,
    "steps_taken": 50.5125
}