{
    "distance_to_goal": 8.846064633876086,
    "success": 0.2375,
    "spl": 0.22565425456752006,
    "ndtw": 0.4675673369538743,
    "path_length": 7.510646257805638,
    "oracle_success": 0.3125,
    "steps_taken": 52.8625
}