{
    "distance_to_goal": 9.655933573096991,
    "success": 0.1375,
    "spl": 0.11736755432030163,
    "ndtw": 0.41430864816888063,
    "path_length": 7.461667324788868,
    "oracle_success": 0.2125,
    "steps_taken": 50.875
}