{
    "distance_to_goal": 8.890842395665985,
    "success": 0.17455138662316477,
    "spl": 0.1634345651957826,
    "ndtw": 0.43332265754543237,
    "path_length": 6.930837634716169,
    "oracle_success": 0.21859706362153344,
    "steps_taken": 49.88743882544861
}