{
    "distance_to_goal": 9.992758139222861,
    "success": 0.15,
    "spl": 0.1313619642830212,
    "ndtw": 0.39707376457525695,
    "path_length": 8.528548979037442,
    "oracle_success": 0.275,
    "steps_taken": 61.3
}