{
    "distance_to_goal": 9.640414636582136,
    "success": 0.1625,
    "spl": 0.14184992638904984,
    "ndtw": 0.4427459943669233,
    "path_length": 7.993962909711991,
    "oracle_success": 0.275,
    "steps_taken": 52.625
}