{
    "distance_to_goal": 9.08125027101487,
    "success": 0.15,
    "spl": 0.1413142309255656,
    "ndtw": 0.4435008801337732,
    "path_length": 7.1835368645377455,
    "oracle_success": 0.2625,
    "steps_taken": 48.3125
}