{
    "distance_to_goal": 9.623897373303771,
    "success": 0.1375,
    "spl": 0.11785277690526588,
    "ndtw": 0.4284546538837432,
    "path_length": 7.3315813734196125,
    "oracle_success": 0.225,
    "steps_taken": 51.925
}