{
    "distance_to_goal": 9.024008131027221,
    "success": 0.225,
    "spl": 0.20466267107629083,
    "ndtw": 0.458266045041667,
    "path_length": 7.498634811094962,
    "oracle_success": 0.3125,
    "steps_taken": 49.375
}