{
    "distance_to_goal": 9.065860221534967,
    "success": 0.1875,
    "spl": 0.1647370174455502,
    "ndtw": 0.45605816958488343,
    "path_length": 7.144983974052593,
    "oracle_success": 0.2375,
    "steps_taken": 46.8
}