{
    "distance_to_goal": 9.38780526407063,
    "success": 0.15,
    "spl": 0.13489098327249865,
    "ndtw": 0.43384654114185733,
    "path_length": 7.0294126481981944,
    "oracle_success": 0.2125,
    "steps_taken": 49.625
}