{
    "distance_to_goal": 9.208551093935966,
    "success": 0.225,
    "spl": 0.21533453284585885,
    "ndtw": 0.44309541951943504,
    "path_length": 7.667557489918545,
    "oracle_success": 0.2875,
    "steps_taken": 50.9125
}