{
    "distance_to_goal": 8.470847268607578,
    "success": 0.18923327895595432,
    "spl": 0.17647386441967822,
    "ndtw": 0.450632466902976,
    "path_length": 7.0089281955764715,
    "oracle_success": 0.23817292006525284,
    "steps_taken": 53.2452419793366
}