{
    "distance_to_goal": 9.168691048864275,
    "success": 0.1875,
    "spl": 0.16899664501540776,
    "ndtw": 0.450749998743974,
    "path_length": 7.4898923837579785,
    "oracle_success": 0.25,
    "steps_taken": 49.8375
}