{
    "distance_to_goal": 9.111014858633279,
    "success": 0.1375,
    "spl": 0.12451048245842249,
    "ndtw": 0.44703067052854484,
    "path_length": 7.3583530347561465,
    "oracle_success": 0.25,
    "steps_taken": 49.375
}