{
    "distance_to_goal": 8.707734285481274,
    "success": 0.2625,
    "spl": 0.23859640545236874,
    "ndtw": 0.46133373265933714,
    "path_length": 7.8258402444308075,
    "oracle_success": 0.375,
    "steps_taken": 54.5125
}