{
    "distance_to_goal": 9.454975439608097,
    "success": 0.1875,
    "spl": 0.16784092895840666,
    "ndtw": 0.4280773076987446,
    "path_length": 7.288252707500942,
    "oracle_success": 0.2375,
    "steps_taken": 48.1
}