{
    "distance_to_goal": 9.116951875388622,
    "success": 0.1875,
    "spl": 0.17889926875157272,
    "ndtw": 0.44756573649217224,
    "path_length": 7.011136659514159,
    "oracle_success": 0.2625,
    "steps_taken": 45.375
}