{
    "distance_to_goal": 9.386943107284605,
    "success": 0.2625,
    "spl": 0.23922708681080468,
    "ndtw": 0.4509476515730064,
    "path_length": 8.058817238314077,
    "oracle_success": 0.375,
    "steps_taken": 52.825
}