{
    "distance_to_goal": 8.08088802859417,
    "success": 0.2506426735218509,
    "spl": 0.23410510086602832,
    "ndtw": 0.5003921407753027,
    "path_length": 7.492569148976091,
    "oracle_success": 0.32390745501285345,
    "steps_taken": 49.39331619537275
}