{
    "distance_to_goal": 8.954070396907628,
    "success": 0.2,
    "spl": 0.17641589963981782,
    "ndtw": 0.45763291212997226,
    "path_length": 7.384766641503665,
    "oracle_success": 0.2875,
    "steps_taken": 51.125
}