{
    "distance_to_goal": 8.979313191771507,
    "success": 0.2125,
    "spl": 0.19072778190946596,
    "ndtw": 0.47329663656751847,
    "path_length": 7.702884765807539,
    "oracle_success": 0.35,
    "steps_taken": 49.875
}