{
    "distance_to_goal": 8.902847607247532,
    "success": 0.2,
    "spl": 0.17870341004803997,
    "ndtw": 0.4703454991376373,
    "path_length": 7.790258842287585,
    "oracle_success": 0.3125,
    "steps_taken": 52.4125
}