{
    "distance_to_goal": 8.742534766625614,
    "success": 0.225,
    "spl": 0.20019667529423596,
    "ndtw": 0.4726747463084216,
    "path_length": 7.872640997148119,
    "oracle_success": 0.2875,
    "steps_taken": 56.125
}