{
    "distance_to_goal": 7.915685342907293,
    "success": 0.2544987146529563,
    "spl": 0.24317166437209778,
    "ndtw": 0.49220552343746565,
    "path_length": 7.467689824691867,
    "oracle_success": 0.31233933161953725,
    "steps_taken": 52.88431876606684
}