{
    "distance_to_goal": 9.43594993315637,
    "success": 0.1625,
    "spl": 0.14405902983950103,
    "ndtw": 0.44754351931189423,
    "path_length": 7.422315851878375,
    "oracle_success": 0.25,
    "steps_taken": 48.6375
}