{
    "distance_to_goal": 9.652716135233641,
    "success": 0.175,
    "spl": 0.15676177812665976,
    "ndtw": 0.4193448672778052,
    "path_length": 7.684723719116301,
    "oracle_success": 0.2875,
    "steps_taken": 48.3875
}