{
    "distance_to_goal": 9.710604812949896,
    "success": 0.1625,
    "spl": 0.14829497195815827,
    "ndtw": 0.41054025092088875,
    "path_length": 7.569723245722708,
    "oracle_success": 0.2375,
    "steps_taken": 48.6875
}