{
    "distance_to_goal": 8.064830724853822,
    "success": 0.2352185089974293,
    "spl": 0.21727664400272775,
    "ndtw": 0.4920255569352923,
    "path_length": 7.630117296535922,
    "oracle_success": 0.2969151670951157,
    "steps_taken": 51.23778920308483
}