{
    "distance_to_goal": 8.667967113852502,
    "success": 0.175,
    "spl": 0.16484964242260475,
    "ndtw": 0.47394456351831743,
    "path_length": 6.979810830578208,
    "oracle_success": 0.2625,
    "steps_taken": 46.7375
}