{
    "distance_to_goal": 8.810463002789765,
    "success": 0.1875,
    "spl": 0.1717923676552799,
    "ndtw": 0.46190442041282964,
    "path_length": 6.431141409929841,
    "oracle_success": 0.225,
    "steps_taken": 47.9125
}