{
    "distance_to_goal": 9.445973623543978,
    "success": 0.1625,
    "spl": 0.14470620186805094,
    "ndtw": 0.4372872923052678,
    "path_length": 7.055515564745292,
    "oracle_success": 0.225,
    "steps_taken": 49.125
}