{
    "distance_to_goal": 8.697735423222184,
    "success": 0.2125,
    "spl": 0.19882234854643377,
    "ndtw": 0.4744231666251867,
    "path_length": 6.959763012907933,
    "oracle_success": 0.25,
    "steps_taken": 49.7625
}