{
    "distance_to_goal": 9.172791903465987,
    "success": 0.225,
    "spl": 0.20104119506670887,
    "ndtw": 0.4513121473015699,
    "path_length": 7.311435254220851,
    "oracle_success": 0.2375,
    "steps_taken": 49.8875
}