{
    "distance_to_goal": 8.660525683686137,
    "success": 0.225,
    "spl": 0.20984165537108943,
    "ndtw": 0.48070599817294885,
    "path_length": 7.014041692076717,
    "oracle_success": 0.25,
    "steps_taken": 47.1
}