{
    "distance_to_goal": 9.265647543687374,
    "success": 0.1875,
    "spl": 0.17566268165045512,
    "ndtw": 0.4418457933879337,
    "path_length": 7.186072648805566,
    "oracle_success": 0.2625,
    "steps_taken": 47.0875
}