{
    "distance_to_goal": 8.905754322558641,
    "success": 0.225,
    "spl": 0.20989247044203152,
    "ndtw": 0.46535723751591257,
    "path_length": 7.3420041228528135,
    "oracle_success": 0.325,
    "steps_taken": 50.2125
}