{
    "distance_to_goal": 8.780157928541303,
    "success": 0.175,
    "spl": 0.1626422237698883,
    "ndtw": 0.4719523664477654,
    "path_length": 6.465231031377334,
    "oracle_success": 0.2375,
    "steps_taken": 42.325
}