{
    "distance_to_goal": 9.553855229541659,
    "success": 0.1375,
    "spl": 0.1271866848526893,
    "ndtw": 0.4058706719141785,
    "path_length": 7.81971388803795,
    "oracle_success": 0.225,
    "steps_taken": 48.8625
}