{
    "distance_to_goal": 8.18490233241669,
    "success": 0.2467866323907455,
    "spl": 0.22934778388532567,
    "ndtw": 0.48773319266127446,
    "path_length": 7.512645230518936,
    "oracle_success": 0.3161953727506427,
    "steps_taken": 51.70565552699229
}