{
    "distance_to_goal": 8.60986365005374,
    "success": 0.225,
    "spl": 0.20360698808925398,
    "ndtw": 0.47967463991484827,
    "path_length": 6.708497285400517,
    "oracle_success": 0.2375,
    "steps_taken": 45.6625
}