{
    "distance_to_goal": 9.254185379669071,
    "success": 0.1625,
    "spl": 0.14593579463530632,
    "ndtw": 0.44136039710969144,
    "path_length": 7.417971415014472,
    "oracle_success": 0.25,
    "steps_taken": 46.5375
}