{
    "distance_to_goal": 9.089656788110734,
    "success": 0.15,
    "spl": 0.13737956566319964,
    "ndtw": 0.45299106439991405,
    "path_length": 7.148784009227529,
    "oracle_success": 0.2125,
    "steps_taken": 46.1125
}