{
    "distance_to_goal": 9.864687840268015,
    "success": 0.1625,
    "spl": 0.14995768452548625,
    "ndtw": 0.3941851634838653,
    "path_length": 8.937853008322868,
    "oracle_success": 0.275,
    "steps_taken": 60.45
}