{
    "distance_to_goal": 9.059003256633877,
    "success": 0.175,
    "spl": 0.16311657313191924,
    "ndtw": 0.46912009920972536,
    "path_length": 7.265017701126635,
    "oracle_success": 0.2375,
    "steps_taken": 44.975
}