{
    "distance_to_goal": 9.407192577421664,
    "success": 0.1875,
    "spl": 0.17570494524604835,
    "ndtw": 0.43776041507470875,
    "path_length": 7.144138107262552,
    "oracle_success": 0.2375,
    "steps_taken": 48.6125
}