{
    "distance_to_goal": 9.374629338458181,
    "success": 0.1375,
    "spl": 0.12439216275985772,
    "ndtw": 0.42788555946743223,
    "path_length": 7.447330152406357,
    "oracle_success": 0.2375,
    "steps_taken": 48.2875
}