{
    "distance_to_goal": 8.997382827848195,
    "success": 0.175,
    "spl": 0.15882297391653377,
    "ndtw": 0.4549838289258604,
    "path_length": 7.257794688129797,
    "oracle_success": 0.225,
    "steps_taken": 48.575
}