{
    "distance_to_goal": 8.991973695717752,
    "success": 0.1875,
    "spl": 0.16954863802817705,
    "ndtw": 0.4448087971228746,
    "path_length": 7.164730525156483,
    "oracle_success": 0.2375,
    "steps_taken": 47.825
}