{
    "distance_to_goal": 9.100774551555514,
    "success": 0.225,
    "spl": 0.21139514355071037,
    "ndtw": 0.44824569942060116,
    "path_length": 7.6821829286636785,
    "oracle_success": 0.35,
    "steps_taken": 54.675
}