{
    "distance_to_goal": 9.119145436957478,
    "success": 0.1625,
    "spl": 0.1534365815947969,
    "ndtw": 0.4567429790418499,
    "path_length": 7.073849601182064,
    "oracle_success": 0.2375,
    "steps_taken": 48.65
}