{
    "distance_to_goal": 9.344044468551875,
    "success": 0.175,
    "spl": 0.15860606782616887,
    "ndtw": 0.442883917923259,
    "path_length": 7.277631518756971,
    "oracle_success": 0.225,
    "steps_taken": 48.3125
}