{
    "distance_to_goal": 9.120621712878346,
    "success": 0.2,
    "spl": 0.17882858154901696,
    "ndtw": 0.45369826842034044,
    "path_length": 7.548984765133355,
    "oracle_success": 0.2625,
    "steps_taken": 51.1375
}