{
    "distance_to_goal": 9.149557080678642,
    "success": 0.1875,
    "spl": 0.17473374855833618,
    "ndtw": 0.43651277035617475,
    "path_length": 7.58708822192566,
    "oracle_success": 0.3,
    "steps_taken": 57.5875
}