{
    "distance_to_goal": 8.064724861301846,
    "success": 0.24293059125964012,
    "spl": 0.22757008540045937,
    "ndtw": 0.486227026913381,
    "path_length": 7.87619014880019,
    "oracle_success": 0.31233933161953725,
    "steps_taken": 52.88560411311054
}