{
    "distance_to_goal": 8.975483977794648,
    "success": 0.1875,
    "spl": 0.17463823032701625,
    "ndtw": 0.4673513890753484,
    "path_length": 7.079760745586827,
    "oracle_success": 0.2625,
    "steps_taken": 47.025
}