{
    "distance_to_goal": 8.916094088181854,
    "success": 0.15,
    "spl": 0.13814689684205006,
    "ndtw": 0.46696242689021955,
    "path_length": 6.943451041728258,
    "oracle_success": 0.2125,
    "steps_taken": 45.8875
}