{
    "distance_to_goal": 9.495201428607107,
    "success": 0.1625,
    "spl": 0.15170755823371868,
    "ndtw": 0.4396833144829958,
    "path_length": 7.6308275206247345,
    "oracle_success": 0.2625,
    "steps_taken": 47.625
}