{
    "distance_to_goal": 8.926538617536426,
    "success": 0.275,
    "spl": 0.2503841080887602,
    "ndtw": 0.4645231231163197,
    "path_length": 7.689235185924917,
    "oracle_success": 0.3375,
    "steps_taken": 51.4625
}