{
    "distance_to_goal": 9.709405675530434,
    "success": 0.1875,
    "spl": 0.1710911669006038,
    "ndtw": 0.4190048184337556,
    "path_length": 7.743913353374228,
    "oracle_success": 0.25,
    "steps_taken": 48.8125
}