{
    "distance_to_goal": 9.495299854502083,
    "success": 0.1375,
    "spl": 0.13049236107551923,
    "ndtw": 0.4334008636020824,
    "path_length": 8.067985185451107,
    "oracle_success": 0.2625,
    "steps_taken": 63.175
}