{
    "distance_to_goal": 9.13704746067524,
    "success": 0.1875,
    "spl": 0.16912708282942002,
    "ndtw": 0.4434903889561236,
    "path_length": 7.918516239523887,
    "oracle_success": 0.3375,
    "steps_taken": 54.6125
}