{
    "distance_to_goal": 9.287085029482842,
    "success": 0.2,
    "spl": 0.17888662096652097,
    "ndtw": 0.45151248823704837,
    "path_length": 7.708480947674252,
    "oracle_success": 0.3125,
    "steps_taken": 55.475
}