{
    "distance_to_goal": 8.852512827515602,
    "success": 0.225,
    "spl": 0.20179087095381626,
    "ndtw": 0.47202462184269994,
    "path_length": 7.46879764967598,
    "oracle_success": 0.2625,
    "steps_taken": 51.2875
}