{
    "distance_to_goal": 9.086020816862582,
    "success": 0.2125,
    "spl": 0.1865120942292381,
    "ndtw": 0.45488655063241457,
    "path_length": 7.2993294594809415,
    "oracle_success": 0.275,
    "steps_taken": 46.7875
}