{
    "distance_to_goal": 8.602259693196315,
    "success": 0.18270799347471453,
    "spl": 0.17203390728761533,
    "ndtw": 0.44949402553369305,
    "path_length": 6.785560502838633,
    "oracle_success": 0.2300163132137031,
    "steps_taken": 52.570418705818376
}