{
    "distance_to_goal": 8.978219598159194,
    "success": 0.2,
    "spl": 0.18853930064114083,
    "ndtw": 0.4536851198163738,
    "path_length": 7.547403387248051,
    "oracle_success": 0.2625,
    "steps_taken": 53.2875
}