{
    "distance_to_goal": 8.623532843589782,
    "success": 0.2125,
    "spl": 0.20024439869587923,
    "ndtw": 0.48639310633655475,
    "path_length": 6.701644343664521,
    "oracle_success": 0.2875,
    "steps_taken": 45.8125
}