{
    "distance_to_goal": 9.490208620764315,
    "success": 0.2375,
    "spl": 0.21482760655991276,
    "ndtw": 0.44817715415068404,
    "path_length": 7.260786465369165,
    "oracle_success": 0.275,
    "steps_taken": 47.875
}