{
    "distance_to_goal": 9.825699932128192,
    "success": 0.1625,
    "spl": 0.14898683276534166,
    "ndtw": 0.42154130684766355,
    "path_length": 7.785702656256035,
    "oracle_success": 0.2125,
    "steps_taken": 50.65
}