{
    "distance_to_goal": 8.985614139214158,
    "success": 0.1375,
    "spl": 0.13163732366166497,
    "ndtw": 0.4543496277658853,
    "path_length": 7.591632653330453,
    "oracle_success": 0.2625,
    "steps_taken": 54.05
}