{
    "distance_to_goal": 9.500016791187226,
    "success": 0.175,
    "spl": 0.16402311643670003,
    "ndtw": 0.4356819519329965,
    "path_length": 8.085079393663909,
    "oracle_success": 0.2875,
    "steps_taken": 60.925
}