{
    "distance_to_goal": 8.909018396480437,
    "success": 0.18270799347471453,
    "spl": 0.16993647095792755,
    "ndtw": 0.43155880795748097,
    "path_length": 7.785777209937129,
    "oracle_success": 0.2561174551386623,
    "steps_taken": 55.1468189233279
}