{
    "distance_to_goal": 9.158383026719093,
    "success": 0.1625,
    "spl": 0.1445448670630176,
    "ndtw": 0.44798506524932913,
    "path_length": 7.007595173129812,
    "oracle_success": 0.25,
    "steps_taken": 47.8375
}