{
    "distance_to_goal": 9.211021658033133,
    "success": 0.1875,
    "spl": 0.16457372634231393,
    "ndtw": 0.43698854803271425,
    "path_length": 7.472077663522214,
    "oracle_success": 0.275,
    "steps_taken": 51.6125
}