{
    "distance_to_goal": 9.092727452050894,
    "success": 0.1875,
    "spl": 0.1726807389742475,
    "ndtw": 0.44803802946668947,
    "path_length": 6.993162935087457,
    "oracle_success": 0.2125,
    "steps_taken": 46.7125
}