{
    "distance_to_goal": 9.569527643173933,
    "success": 0.1625,
    "spl": 0.1519160171771296,
    "ndtw": 0.4209163960553354,
    "path_length": 7.294643686074414,
    "oracle_success": 0.2375,
    "steps_taken": 47.6375
}