{
    "distance_to_goal": 9.518155367672444,
    "success": 0.1375,
    "spl": 0.12737296124344843,
    "ndtw": 0.4174824627583595,
    "path_length": 7.520130542991683,
    "oracle_success": 0.25,
    "steps_taken": 46.825
}