{
    "distance_to_goal": 9.338122250884771,
    "success": 0.2125,
    "spl": 0.194972053776165,
    "ndtw": 0.45597766440162424,
    "path_length": 8.181235163332895,
    "oracle_success": 0.3375,
    "steps_taken": 52.0875
}