{
    "distance_to_goal": 9.158141516521573,
    "success": 0.175,
    "spl": 0.16157294431433059,
    "ndtw": 0.43859722724038397,
    "path_length": 7.432094728865195,
    "oracle_success": 0.275,
    "steps_taken": 49.4875
}