{
    "distance_to_goal": 9.319284153729678,
    "success": 0.1625,
    "spl": 0.13956157224421478,
    "ndtw": 0.4531068912646458,
    "path_length": 7.451591240102426,
    "oracle_success": 0.2375,
    "steps_taken": 50.425
}