{
    "distance_to_goal": 9.688107746839524,
    "success": 0.1875,
    "spl": 0.16810436633731693,
    "ndtw": 0.43805421773205805,
    "path_length": 7.679424299160019,
    "oracle_success": 0.2875,
    "steps_taken": 48.45
}