{
    "distance_to_goal": 8.98334396108985,
    "success": 0.175,
    "spl": 0.16457703581134234,
    "ndtw": 0.44279783941523493,
    "path_length": 7.016221833915916,
    "oracle_success": 0.25,
    "steps_taken": 48.0875
}