{
    "distance_to_goal": 9.338447520136834,
    "success": 0.1375,
    "spl": 0.12552211523943785,
    "ndtw": 0.43446740852204185,
    "path_length": 7.135627298784675,
    "oracle_success": 0.2,
    "steps_taken": 49.2125
}