{
    "distance_to_goal": 9.17183136716485,
    "success": 0.175,
    "spl": 0.15624858120514387,
    "ndtw": 0.4503247172892171,
    "path_length": 7.131104563712142,
    "oracle_success": 0.2125,
    "steps_taken": 48.575
}