{
    "distance_to_goal": 8.827645163983107,
    "success": 0.15,
    "spl": 0.14049712500731948,
    "ndtw": 0.4594400961763826,
    "path_length": 6.311977360595483,
    "oracle_success": 0.1875,
    "steps_taken": 44.8625
}