{
    "distance_to_goal": 9.264978562481701,
    "success": 0.25,
    "spl": 0.23361880793947964,
    "ndtw": 0.44518676372348615,
    "path_length": 7.374052644520998,
    "oracle_success": 0.2875,
    "steps_taken": 52.5875
}