{
    "distance_to_goal": 9.098803986236453,
    "success": 0.2125,
    "spl": 0.1990106786056398,
    "ndtw": 0.46772547333579106,
    "path_length": 7.632245133718243,
    "oracle_success": 0.3375,
    "steps_taken": 56.5
}