{
    "distance_to_goal": 9.275815808773041,
    "success": 0.2375,
    "spl": 0.21599451740057746,
    "ndtw": 0.4508668356187287,
    "path_length": 7.970518570858985,
    "oracle_success": 0.325,
    "steps_taken": 59.0375
}