{
    "distance_to_goal": 9.268360541760922,
    "success": 0.1375,
    "spl": 0.12639969170020454,
    "ndtw": 0.4440432503410977,
    "path_length": 7.345151933724992,
    "oracle_success": 0.2625,
    "steps_taken": 48.7875
}