{
    "distance_to_goal": 9.235976171121001,
    "success": 0.1625,
    "spl": 0.15470501521167193,
    "ndtw": 0.4451889816221561,
    "path_length": 7.130866731167771,
    "oracle_success": 0.225,
    "steps_taken": 47.925
}