{
    "distance_to_goal": 8.255729884374887,
    "success": 0.275,
    "spl": 0.25181812689042443,
    "ndtw": 0.4961973138754165,
    "path_length": 7.3241447024105355,
    "oracle_success": 0.3375,
    "steps_taken": 49.0625
}