{
    "distance_to_goal": 10.16682684123516,
    "success": 0.175,
    "spl": 0.15302042666007015,
    "ndtw": 0.3890212318050363,
    "path_length": 7.93403773936443,
    "oracle_success": 0.225,
    "steps_taken": 56.9375
}