{
    "distance_to_goal": 9.00896135866642,
    "success": 0.1375,
    "spl": 0.1213724625588887,
    "ndtw": 0.4468763933173808,
    "path_length": 7.3891501754987985,
    "oracle_success": 0.1875,
    "steps_taken": 50.975
}