{
    "distance_to_goal": 9.437506613880396,
    "success": 0.15,
    "spl": 0.1324523215017243,
    "ndtw": 0.4392326916389476,
    "path_length": 7.781845325161703,
    "oracle_success": 0.2375,
    "steps_taken": 53.0875
}