{
    "distance_to_goal": 8.672001735353842,
    "success": 0.2,
    "spl": 0.18560249759659253,
    "ndtw": 0.47696759453546217,
    "path_length": 7.002961170580238,
    "oracle_success": 0.2875,
    "steps_taken": 48.3875
}