{
    "distance_to_goal": 8.790554472245276,
    "success": 0.225,
    "spl": 0.20883764955751632,
    "ndtw": 0.4858771240709478,
    "path_length": 7.3224962646141645,
    "oracle_success": 0.275,
    "steps_taken": 47.9875
}