{
    "distance_to_goal": 9.392301247268914,
    "success": 0.25,
    "spl": 0.22428500866519702,
    "ndtw": 0.4236037049774377,
    "path_length": 7.7207503090437966,
    "oracle_success": 0.325,
    "steps_taken": 57.5875
}