{
    "distance_to_goal": 9.522559984773398,
    "success": 0.125,
    "spl": 0.10837606794509011,
    "ndtw": 0.43057448728762615,
    "path_length": 7.615579577069729,
    "oracle_success": 0.2375,
    "steps_taken": 53.1125
}