{
    "distance_to_goal": 8.910814806073905,
    "success": 0.2125,
    "spl": 0.19735515969687026,
    "ndtw": 0.4733797266850547,
    "path_length": 7.426321912102867,
    "oracle_success": 0.3375,
    "steps_taken": 48.0375
}