{
    "distance_to_goal": 9.5632826320827,
    "success": 0.15,
    "spl": 0.12430798894541702,
    "ndtw": 0.42346029877773184,
    "path_length": 7.530647157202475,
    "oracle_success": 0.2125,
    "steps_taken": 49.7875
}