{
    "distance_to_goal": 9.50855876877904,
    "success": 0.175,
    "spl": 0.15464452109792684,
    "ndtw": 0.43202348495455123,
    "path_length": 7.7212163635180335,
    "oracle_success": 0.25,
    "steps_taken": 48.7625
}