{
    "distance_to_goal": 8.722370265424251,
    "success": 0.175,
    "spl": 0.16629851147587354,
    "ndtw": 0.4710582607677871,
    "path_length": 7.053843180323019,
    "oracle_success": 0.25,
    "steps_taken": 49.1375
}