{
    "distance_to_goal": 9.653038417547942,
    "success": 0.1875,
    "spl": 0.16857191475065766,
    "ndtw": 0.42298571743018226,
    "path_length": 7.885685536079109,
    "oracle_success": 0.2375,
    "steps_taken": 51.0125
}