{
    "distance_to_goal": 7.956923879252072,
    "success": 0.2352185089974293,
    "spl": 0.22161205267464185,
    "ndtw": 0.5017746520778238,
    "path_length": 7.021578743724011,
    "oracle_success": 0.2737789203084833,
    "steps_taken": 49.08226221079691
}