{
    "distance_to_goal": 8.633726212382317,
    "success": 0.175,
    "spl": 0.16073480477510022,
    "ndtw": 0.4759566632436593,
    "path_length": 7.1434437993681055,
    "oracle_success": 0.2375,
    "steps_taken": 47.0
}