{
    "distance_to_goal": 9.176888241805136,
    "success": 0.2,
    "spl": 0.18562367749687186,
    "ndtw": 0.43652424298740444,
    "path_length": 8.013523636991158,
    "oracle_success": 0.2375,
    "steps_taken": 61.775
}