{
    "distance_to_goal": 9.296997282281518,
    "success": 0.175,
    "spl": 0.15346350186789795,
    "ndtw": 0.43953457337944324,
    "path_length": 7.283825261006132,
    "oracle_success": 0.2625,
    "steps_taken": 49.6625
}