{
    "distance_to_goal": 9.299904684722424,
    "success": 0.1875,
    "spl": 0.168559947913804,
    "ndtw": 0.43652503609685345,
    "path_length": 7.427868367743213,
    "oracle_success": 0.275,
    "steps_taken": 48.6375
}