{
    "distance_to_goal": 9.016030917316675,
    "success": 0.125,
    "spl": 0.11445242145449304,
    "ndtw": 0.44586744186371086,
    "path_length": 7.767395312339067,
    "oracle_success": 0.275,
    "steps_taken": 51.4
}