{
    "distance_to_goal": 9.063309067860246,
    "success": 0.175,
    "spl": 0.161629790452754,
    "ndtw": 0.4669856933430383,
    "path_length": 7.123245861881879,
    "oracle_success": 0.2625,
    "steps_taken": 47.6375
}