{
    "distance_to_goal": 9.509016728401184,
    "success": 0.225,
    "spl": 0.19858406460354613,
    "ndtw": 0.4313728506249941,
    "path_length": 7.995436136546777,
    "oracle_success": 0.325,
    "steps_taken": 58.4625
}