{
    "distance_to_goal": 8.106792601280317,
    "success": 0.2390745501285347,
    "spl": 0.22230046196110126,
    "ndtw": 0.4822322921530845,
    "path_length": 7.676375561435624,
    "oracle_success": 0.32005141388174807,
    "steps_taken": 53.20694087403599
}