{
    "distance_to_goal": 8.53357970229994,
    "success": 0.2352185089974293,
    "spl": 0.21940670693057357,
    "ndtw": 0.4551725243264048,
    "path_length": 7.807007578181381,
    "oracle_success": 0.30848329048843187,
    "steps_taken": 55.253213367609256
}