{
    "distance_to_goal": 9.245041509717703,
    "success": 0.1375,
    "spl": 0.12492122655274948,
    "ndtw": 0.44280811759511235,
    "path_length": 7.250871183723211,
    "oracle_success": 0.2,
    "steps_taken": 48.9375
}