{
    "distance_to_goal": 9.276785447448493,
    "success": 0.1625,
    "spl": 0.14801559464242287,
    "ndtw": 0.4402980927338717,
    "path_length": 7.621652730088681,
    "oracle_success": 0.275,
    "steps_taken": 49.25
}