{
    "distance_to_goal": 9.072473958879709,
    "success": 0.225,
    "spl": 0.20239265794082115,
    "ndtw": 0.4574795257108974,
    "path_length": 8.811429338707182,
    "oracle_success": 0.3875,
    "steps_taken": 59.5375
}