{
    "distance_to_goal": 9.601913318783044,
    "success": 0.175,
    "spl": 0.16270359495138068,
    "ndtw": 0.43441401115278244,
    "path_length": 7.393363087659236,
    "oracle_success": 0.25,
    "steps_taken": 46.9375
}