{
    "distance_to_goal": 8.57100528451808,
    "success": 0.19922879177377892,
    "spl": 0.18418701451326455,
    "ndtw": 0.44663562272579643,
    "path_length": 8.725561984736963,
    "oracle_success": 0.33161953727506427,
    "steps_taken": 61.24164524421594
}