{
    "distance_to_goal": 9.800378967821597,
    "success": 0.0875,
    "spl": 0.08156933855278455,
    "ndtw": 0.3768193742622119,
    "path_length": 8.835195061984319,
    "oracle_success": 0.25,
    "steps_taken": 63.9625
}