{
    "distance_to_goal": 8.428729960307058,
    "success": 0.2416452442159383,
    "spl": 0.22639519529921837,
    "ndtw": 0.45457175408210826,
    "path_length": 8.069923253662761,
    "oracle_success": 0.3264781491002571,
    "steps_taken": 56.7879177377892
}