{
    "distance_to_goal": 8.460069497865277,
    "success": 0.21979434447300772,
    "spl": 0.20549549001378564,
    "ndtw": 0.44797961638019795,
    "path_length": 8.766259426712983,
    "oracle_success": 0.34318766066838047,
    "steps_taken": 64.26992287917737
}