{
    "distance_to_goal": 8.3531870783084,
    "success": 0.2403598971722365,
    "spl": 0.22264343655247723,
    "ndtw": 0.47039210138760423,
    "path_length": 8.623747438044546,
    "oracle_success": 0.34832904884318766,
    "steps_taken": 62.696658097686374
}