{
    "distance_to_goal": 9.038353122234497,
    "success": 0.18251928020565553,
    "spl": 0.1646698840285081,
    "ndtw": 0.41511969829017625,
    "path_length": 9.303253843435284,
    "oracle_success": 0.3226221079691517,
    "steps_taken": 66.69280205655527
}