{
    "distance_to_goal": 7.975761413516759,
    "success": 0.2275064267352185,
    "spl": 0.21353156000715431,
    "ndtw": 0.4791684873838112,
    "path_length": 7.800762310494831,
    "oracle_success": 0.3046272493573265,
    "steps_taken": 54.123393316195376
}