{
    "distance_to_goal": 9.608162051439285,
    "success": 0.175,
    "spl": 0.16248316552203504,
    "ndtw": 0.38227457856445374,
    "path_length": 8.633174369331412,
    "oracle_success": 0.2875,
    "steps_taken": 61.85
}