{
    "distance_to_goal": 9.044436708643683,
    "success": 0.16204458945078848,
    "spl": 0.14964621045076995,
    "ndtw": 0.42075318800567674,
    "path_length": 7.335464093788784,
    "oracle_success": 0.23491027732463296,
    "steps_taken": 63.47362697117999
}