{
    "distance_to_goal": 8.20469814109446,
    "success": 0.2352185089974293,
    "spl": 0.22055658108760628,
    "ndtw": 0.47588548741625214,
    "path_length": 8.289355540467954,
    "oracle_success": 0.36503856041131105,
    "steps_taken": 57.44601542416452
}