{
    "distance_to_goal": 9.194673009915277,
    "success": 0.2125,
    "spl": 0.1947519967833814,
    "ndtw": 0.42479719361497714,
    "path_length": 8.7873451888212,
    "oracle_success": 0.3375,
    "steps_taken": 59.575
}