{
    "distance_to_goal": 8.509940836951136,
    "success": 0.2125,
    "spl": 0.19293948903860106,
    "ndtw": 0.44090406849249925,
    "path_length": 7.921813022851711,
    "oracle_success": 0.275,
    "steps_taken": 53.925
}