{
    "distance_to_goal": 8.805817795544863,
    "success": 0.2125,
    "spl": 0.19130372602628326,
    "ndtw": 0.4109406778313921,
    "path_length": 8.117311738413992,
    "oracle_success": 0.3125,
    "steps_taken": 64.1
}