{
    "distance_to_goal": 8.15224545663534,
    "success": 0.2480719794344473,
    "spl": 0.23224859691344168,
    "ndtw": 0.4770845911566547,
    "path_length": 8.130759653589214,
    "oracle_success": 0.3444730077120823,
    "steps_taken": 56.33419023136247
}