{
    "distance_to_goal": 9.586665353056624,
    "success": 0.14627514953779228,
    "spl": 0.13155874058470782,
    "ndtw": 0.3870594764735482,
    "path_length": 8.008484773867943,
    "oracle_success": 0.22512234910277323,
    "steps_taken": 66.40130505709625
}