{
    "distance_to_goal": 9.49148786284309,
    "success": 0.14518760195758565,
    "spl": 0.13222367056898715,
    "ndtw": 0.39051116208162406,
    "path_length": 7.988213489910995,
    "oracle_success": 0.23545405111473627,
    "steps_taken": 62.27406199021207
}