{
    "distance_to_goal": 9.253102704137564,
    "success": 0.1875,
    "spl": 0.16434195056042214,
    "ndtw": 0.4149217212042733,
    "path_length": 8.745762419528665,
    "oracle_success": 0.3,
    "steps_taken": 62.525
}