{
    "distance_to_goal": 9.296946994137867,
    "success": 0.14355628058727568,
    "spl": 0.13063810726027478,
    "ndtw": 0.4021893897935109,
    "path_length": 7.480812090427481,
    "oracle_success": 0.21533442088091354,
    "steps_taken": 56.740076128330614
}