{
    "distance_to_goal": 8.337370458942452,
    "success": 0.23136246786632392,
    "spl": 0.22049577597562317,
    "ndtw": 0.4773513014637741,
    "path_length": 6.542524412555306,
    "oracle_success": 0.2686375321336761,
    "steps_taken": 50.10154241645244
}