{
    "distance_to_goal": 9.201325639337302,
    "success": 0.1875,
    "spl": 0.18350965986187637,
    "ndtw": 0.4170505937333746,
    "path_length": 7.824394287005998,
    "oracle_success": 0.3375,
    "steps_taken": 61.35
}