{
    "distance_to_goal": 9.438365058973432,
    "success": 0.2125,
    "spl": 0.20116321740572793,
    "ndtw": 0.42754162292955317,
    "path_length": 8.199344197509344,
    "oracle_success": 0.2875,
    "steps_taken": 56.0875
}