{
    "distance_to_goal": 8.895912617072463,
    "success": 0.15,
    "spl": 0.13530544657954446,
    "ndtw": 0.43854029781544723,
    "path_length": 7.486269686685409,
    "oracle_success": 0.2625,
    "steps_taken": 60.65
}