{
    "distance_to_goal": 8.820621787046099,
    "success": 0.18123393316195371,
    "spl": 0.16817830122565747,
    "ndtw": 0.43312568983386673,
    "path_length": 7.630945544328499,
    "oracle_success": 0.2930591259640103,
    "steps_taken": 59.196658097686374
}