{
    "distance_to_goal": 8.355039530536663,
    "success": 0.17609254498714652,
    "spl": 0.16683560141232245,
    "ndtw": 0.44839555216842714,
    "path_length": 7.413064349490559,
    "oracle_success": 0.2660668380462725,
    "steps_taken": 59.232647814910024
}