{
    "distance_to_goal": 8.158267397941078,
    "success": 0.2185089974293059,
    "spl": 0.2083790278963109,
    "ndtw": 0.4772556611822413,
    "path_length": 7.1370849854332326,
    "oracle_success": 0.29562982005141386,
    "steps_taken": 50.88560411311054
}