{
    "distance_to_goal": 9.442864893004298,
    "success": 0.1375,
    "spl": 0.1293776081998412,
    "ndtw": 0.42439778312895254,
    "path_length": 7.238711441331543,
    "oracle_success": 0.2,
    "steps_taken": 47.7375
}