{
    "distance_to_goal": 9.352290043607354,
    "success": 0.15,
    "spl": 0.14219744870187226,
    "ndtw": 0.4252559228572371,
    "path_length": 8.774786319345003,
    "oracle_success": 0.3125,
    "steps_taken": 65.975
}