{
    "distance_to_goal": 8.89540924280882,
    "success": 0.1625,
    "spl": 0.14715337290670016,
    "ndtw": 0.45277506800406764,
    "path_length": 7.226514890577528,
    "oracle_success": 0.225,
    "steps_taken": 56.2625
}