{
    "distance_to_goal": 8.237106575412739,
    "success": 0.2326478149100257,
    "spl": 0.21978211882566798,
    "ndtw": 0.4761259904953967,
    "path_length": 7.553684245566883,
    "oracle_success": 0.31748071979434445,
    "steps_taken": 53.39845758354756
}