{
    "distance_to_goal": 8.604157606512308,
    "success": 0.2125,
    "spl": 0.19914143002131612,
    "ndtw": 0.4625318206008434,
    "path_length": 6.713230283375014,
    "oracle_success": 0.25,
    "steps_taken": 50.1875
}