{
    "distance_to_goal": 8.213828878477216,
    "success": 0.25,
    "spl": 0.23236620442259454,
    "ndtw": 0.4835333490663108,
    "path_length": 7.30896638080012,
    "oracle_success": 0.3125,
    "steps_taken": 54.5125
}