{
    "distance_to_goal": 8.988523673928581,
    "success": 0.18270799347471453,
    "spl": 0.17048995054697685,
    "ndtw": 0.4332322551593614,
    "path_length": 6.959932872912687,
    "oracle_success": 0.22457857531266992,
    "steps_taken": 54.876019575856446
}