{"length": 6.9931322779369784, "error": 9.716019856651695, "oracle success": 0.18309859154929578, "success": 0.1352699530516432, "spl": 0.12554347937354357}