{
    "distance_to_goal": 10.111622345633805,
    "success": 0.125,
    "spl": 0.11480605364122817,
    "ndtw": 0.3898452747645996,
    "path_length": 9.093851815990638,
    "oracle_success": 0.2625,
    "steps_taken": 60.5
}