{
    "distance_to_goal": 8.224010717516387,
    "success": 0.2159383033419023,
    "spl": 0.20879026803216105,
    "ndtw": 0.4801512670394209,
    "path_length": 7.788639281183314,
    "oracle_success": 0.3277634961439589,
    "steps_taken": 55.188946015424165
}