{
    "distance_to_goal": 9.140552020445465,
    "success": 0.1625,
    "spl": 0.14826431936380602,
    "ndtw": 0.4354433466750069,
    "path_length": 7.551963876865872,
    "oracle_success": 0.2375,
    "steps_taken": 50.1125
}