{
    "distance_to_goal": 9.170399174466729,
    "success": 0.1375,
    "spl": 0.13142911326076945,
    "ndtw": 0.39463812870460735,
    "path_length": 8.07648045036476,
    "oracle_success": 0.2625,
    "steps_taken": 61.45
}