{
    "distance_to_goal": 8.174378858405168,
    "success": 0.2390745501285347,
    "spl": 0.22948601780057554,
    "ndtw": 0.48710186691525076,
    "path_length": 7.544719544207654,
    "oracle_success": 0.3329048843187661,
    "steps_taken": 52.24807197943445
}