{
    "distance_to_goal": 9.343047488740098,
    "success": 0.1566068515497553,
    "spl": 0.1440554392074442,
    "ndtw": 0.41147536766073406,
    "path_length": 7.210966876745105,
    "oracle_success": 0.22892876563349646,
    "steps_taken": 56.70799347471452
}