{
    "distance_to_goal": 8.929420315422009,
    "success": 0.1631321370309951,
    "spl": 0.15468969192230497,
    "ndtw": 0.42504113591068193,
    "path_length": 6.593953364763365,
    "oracle_success": 0.20989668297988037,
    "steps_taken": 54.03806416530723
}