{
    "distance_to_goal": 9.195829760283232,
    "success": 0.125,
    "spl": 0.11978568384790662,
    "ndtw": 0.4586755786943638,
    "path_length": 6.948226239928045,
    "oracle_success": 0.1875,
    "steps_taken": 45.75
}