{
    "distance_to_goal": 9.199830412119628,
    "success": 0.175,
    "spl": 0.1647050438756133,
    "ndtw": 0.4420439517545879,
    "path_length": 7.067947996803559,
    "oracle_success": 0.2125,
    "steps_taken": 48.475
}