{
    "distance_to_goal": 8.753424640275671,
    "success": 0.19408740359897173,
    "spl": 0.1850968391459939,
    "ndtw": 0.4557740056759458,
    "path_length": 7.743696155154498,
    "oracle_success": 0.2776349614395887,
    "steps_taken": 56.52827763496144
}