{
    "distance_to_goal": 9.869804994016885,
    "success": 0.15,
    "spl": 0.14487390548351162,
    "ndtw": 0.39358364905578447,
    "path_length": 7.096035985392518,
    "oracle_success": 0.225,
    "steps_taken": 52.2625
}