{
    "distance_to_goal": 8.548994053527712,
    "success": 0.1875,
    "spl": 0.17607129490300072,
    "ndtw": 0.4657541099007205,
    "path_length": 7.614108758796647,
    "oracle_success": 0.3375,
    "steps_taken": 55.2875
}