{
    "distance_to_goal": 9.595422698557377,
    "success": 0.15,
    "spl": 0.13857388723881095,
    "ndtw": 0.42474862338073577,
    "path_length": 7.517817054361897,
    "oracle_success": 0.25,
    "steps_taken": 52.0375
}