{
    "distance_to_goal": 8.833593179648535,
    "success": 0.17455138662316477,
    "spl": 0.16497404597155535,
    "ndtw": 0.43758601324076374,
    "path_length": 6.933425170552772,
    "oracle_success": 0.233278955954323,
    "steps_taken": 56.88145731375748
}