{
    "distance_to_goal": 8.78159458041191,
    "success": 0.1375,
    "spl": 0.12833993268076055,
    "ndtw": 0.4638924497347821,
    "path_length": 7.6084282623138275,
    "oracle_success": 0.3,
    "steps_taken": 52.8875
}