{
    "distance_to_goal": 11.05411073038771,
    "success": 0.12082262210796915,
    "spl": 0.07358811935771903,
    "ndtw": 0.17924041255089757,
    "path_length": 18.016528522805896,
    "oracle_success": 0.4383033419023136,
    "steps_taken": 182.0
}