{
    "distance_to_goal": 11.205083177295828,
    "success": 0.09352909189777053,
    "spl": 0.052079060748823104,
    "ndtw": 0.18233593869620177,
    "path_length": 17.283561562512286,
    "oracle_success": 0.343121261555193,
    "steps_taken": 182.0
}