{
    "distance_to_goal": 10.6302216665403,
    "success": 0.09135399673735727,
    "spl": 0.051219933240835305,
    "ndtw": 0.16722036633379142,
    "path_length": 17.090469473938043,
    "oracle_success": 0.3278955954323002,
    "steps_taken": 182.0
}