{
    "distance_to_goal": 11.600100297413785,
    "success": 0.10282776349614396,
    "spl": 0.05212614780426986,
    "ndtw": 0.16670254702390702,
    "path_length": 18.24721137961105,
    "oracle_success": 0.39588688946015427,
    "steps_taken": 182.0
}