{
    "distance_to_goal": 12.201146966218948,
    "success": 0.1125,
    "spl": 0.06037119821317061,
    "ndtw": 0.17361678152929955,
    "path_length": 16.892520941248268,
    "oracle_success": 0.4,
    "steps_taken": 182.0
}