{
    "distance_to_goal": 11.846538900256464,
    "success": 0.07197943444730077,
    "spl": 0.044746794462619234,
    "ndtw": 0.1611041153719102,
    "path_length": 18.336284088549007,
    "oracle_success": 0.39331619537275064,
    "steps_taken": 182.0
}