{
    "distance_to_goal": 10.377908358558033,
    "success": 0.10494834148994019,
    "spl": 0.0568019693070326,
    "ndtw": 0.18849427067450353,
    "path_length": 17.259490571581132,
    "oracle_success": 0.32843936922240347,
    "steps_taken": 182.0
}