{
    "distance_to_goal": 11.117734085023404,
    "success": 0.0875,
    "spl": 0.04774829936825019,
    "ndtw": 0.1308277310161289,
    "path_length": 18.656480043780174,
    "oracle_success": 0.325,
    "steps_taken": 182.0
}