{
    "distance_to_goal": 11.200013053083941,
    "success": 0.06812339331619537,
    "spl": 0.03794148582237927,
    "ndtw": 0.16745570272138954,
    "path_length": 18.881468779975304,
    "oracle_success": 0.4203084832904884,
    "steps_taken": 182.0
}