{
    "distance_to_goal": 11.893850442022085,
    "success": 0.0625,
    "spl": 0.030685480862648308,
    "ndtw": 0.12741028413337463,
    "path_length": 17.458908239660786,
    "oracle_success": 0.25,
    "steps_taken": 182.0
}