{
    "distance_to_goal": 11.071555517518123,
    "success": 0.08997429305912596,
    "spl": 0.05355304462079696,
    "ndtw": 0.15581297869946353,
    "path_length": 18.868919263491506,
    "oracle_success": 0.4190231362467866,
    "steps_taken": 182.0
}