{
    "distance_to_goal": 11.346305839717388,
    "success": 0.075,
    "spl": 0.02856887959486141,
    "ndtw": 0.14416872860878704,
    "path_length": 16.878177362665884,
    "oracle_success": 0.3125,
    "steps_taken": 182.0
}