{
    "distance_to_goal": 10.752841691672803,
    "success": 0.0625,
    "spl": 0.03547406866774487,
    "ndtw": 0.183399465977223,
    "path_length": 16.72416887531875,
    "oracle_success": 0.375,
    "steps_taken": 182.0
}