{
    "distance_to_goal": 11.444930264726281,
    "success": 0.1,
    "spl": 0.04864463409441927,
    "ndtw": 0.1455526261137908,
    "path_length": 17.910946385504776,
    "oracle_success": 0.3625,
    "steps_taken": 182.0
}