{
    "distance_to_goal": 11.838510251045227,
    "success": 0.075,
    "spl": 0.04577445577599392,
    "ndtw": 0.1588377685695755,
    "path_length": 17.947591012311204,
    "oracle_success": 0.375,
    "steps_taken": 182.0
}