{
    "distance_to_goal": 11.288032633556499,
    "success": 0.08611825192802057,
    "spl": 0.0484570435076859,
    "ndtw": 0.18222091408180843,
    "path_length": 17.86945763551247,
    "oracle_success": 0.4138817480719794,
    "steps_taken": 182.0
}