{
    "distance_to_goal": 12.163582280278206,
    "success": 0.05,
    "spl": 0.02837613236295461,
    "ndtw": 0.13895630793318042,
    "path_length": 17.572610356048973,
    "oracle_success": 0.3375,
    "steps_taken": 178.95
}