{
    "distance_to_goal": 11.917405121028423,
    "success": 0.0125,
    "spl": 0.005195576704220524,
    "ndtw": 0.1335302316068183,
    "path_length": 17.193607187385794,
    "oracle_success": 0.35,
    "steps_taken": 182.0
}