{
    "distance_to_goal": 11.470666546336071,
    "success": 0.08374116367591082,
    "spl": 0.04637322499984229,
    "ndtw": 0.1633453499426441,
    "path_length": 17.266985437519757,
    "oracle_success": 0.33387710712343666,
    "steps_taken": 182.0
}