{
    "distance_to_goal": 11.121848131716252,
    "success": 0.0875,
    "spl": 0.03598964022250111,
    "ndtw": 0.13476713420945124,
    "path_length": 18.100224363732558,
    "oracle_success": 0.425,
    "steps_taken": 182.0
}