{
    "distance_to_goal": 11.649735095724463,
    "success": 0.0875,
    "spl": 0.04564774792301675,
    "ndtw": 0.14702620010643871,
    "path_length": 17.26652300931164,
    "oracle_success": 0.3625,
    "steps_taken": 182.0
}