{
    "distance_to_goal": 11.732881668582559,
    "success": 0.1,
    "spl": 0.05487084505096655,
    "ndtw": 0.15050484675634163,
    "path_length": 18.050403368168705,
    "oracle_success": 0.375,
    "steps_taken": 182.0
}