{
    "distance_to_goal": 12.311828197911382,
    "success": 0.075,
    "spl": 0.037226680136425376,
    "ndtw": 0.15102815674355274,
    "path_length": 15.48956561339728,
    "oracle_success": 0.2625,
    "steps_taken": 182.0
}