{
    "distance_to_goal": 12.345256073772907,
    "success": 0.075,
    "spl": 0.027834129699159264,
    "ndtw": 0.1084511036249313,
    "path_length": 17.899639677672486,
    "oracle_success": 0.325,
    "steps_taken": 182.0
}