{
    "distance_to_goal": 11.27208796017121,
    "success": 0.10796915167095116,
    "spl": 0.05858485394253574,
    "ndtw": 0.16927272611923128,
    "path_length": 17.564897601468225,
    "oracle_success": 0.37532133676092544,
    "steps_taken": 182.0
}