{
    "distance_to_goal": 11.169633454138026,
    "success": 0.11053984575835475,
    "spl": 0.058819622097917953,
    "ndtw": 0.1710508039675159,
    "path_length": 18.3716669966043,
    "oracle_success": 0.4138817480719794,
    "steps_taken": 182.0
}