{
    "distance_to_goal": 12.4470778638497,
    "success": 0.0625,
    "spl": 0.03559955767174823,
    "ndtw": 0.13023705974505584,
    "path_length": 17.9543582938982,
    "oracle_success": 0.325,
    "steps_taken": 182.0
}