{
    "distance_to_goal": 6.5378804008166,
    "success": 0.3333333333333333,
    "spl": 0.3333333333333333,
    "ndtw": 0.6258865705555003,
    "path_length": 7.269545764662325,
    "oracle_success": 0.3333333333333333,
    "steps_taken": 93.33333333333333
}