{
    "distance_to_goal": 7.233341654141744,
    "success": 0.16666666666666666,
    "spl": 0.16666666666666666,
    "ndtw": 0.5366399461170431,
    "path_length": 10.964068820079168,
    "oracle_success": 0.5,
    "steps_taken": 94.16666666666667
}