{
    "distance_to_goal": 7.294746125737826,
    "success": 0.3333333333333333,
    "spl": 0.328621915638074,
    "ndtw": 0.541623614315609,
    "path_length": 10.084476796289286,
    "oracle_success": 0.5,
    "steps_taken": 85.5
}