{
    "distance_to_goal": 9.26754651971372,
    "success": 0.13496143958868895,
    "spl": 0.12799887868939389,
    "ndtw": 0.40776195747296046,
    "path_length": 6.652333053671743,
    "oracle_success": 0.2043701799485861,
    "steps_taken": 46.17994858611825
}