{
    "distance_to_goal": 7.829041005559936,
    "success": 0.23136246786632392,
    "spl": 0.2166242745933499,
    "ndtw": 0.48218103558233555,
    "path_length": 7.920612956148489,
    "oracle_success": 0.30205655526992287,
    "steps_taken": 57.91388174807198
}