{
    "distance_to_goal": 9.235729995932655,
    "success": 0.1506253398586188,
    "spl": 0.1392015974927543,
    "ndtw": 0.40467587409738354,
    "path_length": 6.834112439862556,
    "oracle_success": 0.19956498096791733,
    "steps_taken": 52.158238172920065
}