{
    "distance_to_goal": 9.286474665254355,
    "success": 0.175,
    "spl": 0.1530040929812529,
    "ndtw": 0.4434258549832131,
    "path_length": 9.293158605811186,
    "oracle_success": 0.2875,
    "steps_taken": 63.2125
}