{
    "distance_to_goal": 9.830129795246405,
    "success": 0.13866231647634583,
    "spl": 0.12713014501579212,
    "ndtw": 0.37034826989330577,
    "path_length": 8.356096349787032,
    "oracle_success": 0.23164763458401305,
    "steps_taken": 64.62588363240891
}