{
    "distance_to_goal": 9.776100080613535,
    "success": 0.15809768637532134,
    "spl": 0.14549944374642862,
    "ndtw": 0.38883281656410357,
    "path_length": 8.907020030181789,
    "oracle_success": 0.2776349614395887,
    "steps_taken": 69.00899742930591
}