{
    "distance_to_goal": 8.267491897247291,
    "success": 0.2390745501285347,
    "spl": 0.22181997470963025,
    "ndtw": 0.46799650233402884,
    "path_length": 8.955208093152082,
    "oracle_success": 0.34061696658097684,
    "steps_taken": 63.16966580976864
}