{
    "distance_to_goal": 7.8386479615973625,
    "success": 0.2660668380462725,
    "spl": 0.24881257881675803,
    "ndtw": 0.5019279948823027,
    "path_length": 8.268120798039902,
    "oracle_success": 0.36246786632390743,
    "steps_taken": 56.904884318766065
}