{
    "distance_to_goal": 8.898104017600417,
    "success": 0.2375,
    "spl": 0.21390313243113973,
    "ndtw": 0.45247254257669123,
    "path_length": 9.759795271325856,
    "oracle_success": 0.3375,
    "steps_taken": 61.4625
}