{
    "distance_to_goal": 7.795085988977115,
    "success": 0.2480719794344473,
    "spl": 0.23278402718210198,
    "ndtw": 0.49808119143700363,
    "path_length": 7.549659571838991,
    "oracle_success": 0.3059125964010283,
    "steps_taken": 50.80591259640103
}