{
    "distance_to_goal": 9.453962194453926,
    "success": 0.1125,
    "spl": 0.10100302655678262,
    "ndtw": 0.4040527548382511,
    "path_length": 9.738981444480165,
    "oracle_success": 0.3125,
    "steps_taken": 60.65
}