{
    "distance_to_goal": 7.916928763676118,
    "success": 0.2712082262210797,
    "spl": 0.2560764850485052,
    "ndtw": 0.48879004160364353,
    "path_length": 8.635495813565875,
    "oracle_success": 0.41002570694087404,
    "steps_taken": 58.31491002570694
}