{
    "distance_to_goal": 8.374883274547756,
    "success": 0.1,
    "spl": 0.09304299302712987,
    "ndtw": 0.45282330839366364,
    "path_length": 8.156586159800645,
    "oracle_success": 0.275,
    "steps_taken": 54.5625
}