{
    "distance_to_goal": 9.41269362032365,
    "success": 0.1370309951060359,
    "spl": 0.12586455154967333,
    "ndtw": 0.39462467906244414,
    "path_length": 8.024950345917134,
    "oracle_success": 0.23817292006525284,
    "steps_taken": 68.45241979336596
}