{
    "distance_to_goal": 8.526198549861697,
    "success": 0.22879177377892032,
    "spl": 0.2125385989835454,
    "ndtw": 0.4631177180608939,
    "path_length": 8.597881404704529,
    "oracle_success": 0.32904884318766064,
    "steps_taken": 58.83676092544987
}