{
    "distance_to_goal": 9.744103743187788,
    "success": 0.1598694942903752,
    "spl": 0.14962042512497806,
    "ndtw": 0.38385005826255436,
    "path_length": 7.624357276575225,
    "oracle_success": 0.22185970636215335,
    "steps_taken": 61.91190864600326
}