{
    "distance_to_goal": 8.609231999436044,
    "success": 0.20822622107969152,
    "spl": 0.19156217474124831,
    "ndtw": 0.46027933613446465,
    "path_length": 8.8011319371877,
    "oracle_success": 0.3329048843187661,
    "steps_taken": 59.868894601542415
}