{
    "distance_to_goal": 9.028938027471304,
    "success": 0.2125,
    "spl": 0.1993407444072186,
    "ndtw": 0.4490104080643418,
    "path_length": 8.801171101763611,
    "oracle_success": 0.2875,
    "steps_taken": 53.85
}