{
    "distance_to_goal": 8.514705895632506,
    "success": 0.225,
    "spl": 0.20856119655582925,
    "ndtw": 0.48212857943517895,
    "path_length": 7.537934896879596,
    "oracle_success": 0.275,
    "steps_taken": 48.575
}