{
    "distance_to_goal": 8.925556392595173,
    "success": 0.1875,
    "spl": 0.17599968864133572,
    "ndtw": 0.43905970332057453,
    "path_length": 8.616893770138267,
    "oracle_success": 0.275,
    "steps_taken": 62.6875
}