{
    "distance_to_goal": 8.028556199558079,
    "success": 0.225,
    "spl": 0.2083694306989198,
    "ndtw": 0.4846310361290101,
    "path_length": 8.706596618890762,
    "oracle_success": 0.325,
    "steps_taken": 57.2375
}