{
    "distance_to_goal": 8.312676833995203,
    "success": 0.21979434447300772,
    "spl": 0.20491141494724044,
    "ndtw": 0.4735097950529195,
    "path_length": 8.435487905506905,
    "oracle_success": 0.32390745501285345,
    "steps_taken": 61.0745501285347
}