{
    "distance_to_goal": 8.083282763689066,
    "success": 0.2532133676092545,
    "spl": 0.23395275207565594,
    "ndtw": 0.48163067412665217,
    "path_length": 8.008079595222606,
    "oracle_success": 0.35218508997429304,
    "steps_taken": 57.10796915167095
}