{
    "distance_to_goal": 8.67537710426859,
    "success": 0.22236503856041132,
    "spl": 0.20796590866005424,
    "ndtw": 0.44967497973692333,
    "path_length": 8.244724378068879,
    "oracle_success": 0.30077120822622105,
    "steps_taken": 68.98586118251929
}