{
    "distance_to_goal": 7.812328788265586,
    "success": 0.2625,
    "spl": 0.24513885491586224,
    "ndtw": 0.5168304713633112,
    "path_length": 8.251228387792072,
    "oracle_success": 0.325,
    "steps_taken": 60.4875
}