{
    "distance_to_goal": 8.970050630182465,
    "success": 0.17455138662316477,
    "spl": 0.16004213714207316,
    "ndtw": 0.4172395920520143,
    "path_length": 7.510328819191667,
    "oracle_success": 0.2398042414355628,
    "steps_taken": 61.419249592169656
}