{
    "distance_to_goal": 9.164994987413538,
    "success": 0.17128874388254486,
    "spl": 0.15832515187465174,
    "ndtw": 0.41092999839876226,
    "path_length": 7.539785631875476,
    "oracle_success": 0.2544861337683524,
    "steps_taken": 63.325720500271885
}