{
    "distance_to_goal": 8.56003691330552,
    "success": 0.1625,
    "spl": 0.15485866620927283,
    "ndtw": 0.47663734184417084,
    "path_length": 7.861445052886848,
    "oracle_success": 0.2875,
    "steps_taken": 59.325
}