{
    "distance_to_goal": 7.767475046523892,
    "success": 0.2596401028277635,
    "spl": 0.24124823962250125,
    "ndtw": 0.49464657285642166,
    "path_length": 7.98672393959045,
    "oracle_success": 0.33676092544987146,
    "steps_taken": 58.75706940874036
}