{
    "distance_to_goal": 9.631911724805832,
    "success": 0.1625,
    "spl": 0.1469824913159981,
    "ndtw": 0.4212333587114858,
    "path_length": 9.111806152947247,
    "oracle_success": 0.3,
    "steps_taken": 60.125
}