{
    "distance_to_goal": 7.8254300293855,
    "success": 0.2596401028277635,
    "spl": 0.24459525774056615,
    "ndtw": 0.5056575092414798,
    "path_length": 8.06825711906768,
    "oracle_success": 0.36375321336760924,
    "steps_taken": 59.38817480719794
}