{
    "distance_to_goal": 8.028930083453503,
    "success": 0.2519280205655527,
    "spl": 0.23726101421612897,
    "ndtw": 0.4968503906962844,
    "path_length": 8.041442608044138,
    "oracle_success": 0.3444730077120823,
    "steps_taken": 59.850899742930594
}