{
    "distance_to_goal": 9.206495855702467,
    "success": 0.1397498640565525,
    "spl": 0.12656440543884712,
    "ndtw": 0.40766806764196706,
    "path_length": 7.42818882790265,
    "oracle_success": 0.22457857531266992,
    "steps_taken": 62.507340946166394
}