{
    "distance_to_goal": 7.939751702547073,
    "success": 0.2125,
    "spl": 0.20941029144590226,
    "ndtw": 0.5013676671631518,
    "path_length": 8.125163435738068,
    "oracle_success": 0.3125,
    "steps_taken": 55.775
}