{
    "distance_to_goal": 8.16776299206564,
    "success": 0.2249357326478149,
    "spl": 0.21038847770230015,
    "ndtw": 0.46859230236459426,
    "path_length": 8.560729721303533,
    "oracle_success": 0.36375321336760924,
    "steps_taken": 67.68766066838046
}