{
    "distance_to_goal": 9.015131851285696,
    "success": 0.175,
    "spl": 0.16324662014436045,
    "ndtw": 0.42979012574699027,
    "path_length": 8.35295248615148,
    "oracle_success": 0.25,
    "steps_taken": 69.8125
}