{
    "distance_to_goal": 8.330922501252672,
    "success": 0.25578406169665807,
    "spl": 0.23938234022747384,
    "ndtw": 0.4833173820830563,
    "path_length": 8.50216768640559,
    "oracle_success": 0.37146529562982006,
    "steps_taken": 59.66580976863753
}