{
    "distance_to_goal": 9.328462226185675,
    "success": 0.1598694942903752,
    "spl": 0.14776985207869855,
    "ndtw": 0.39910496537456397,
    "path_length": 7.598772962601234,
    "oracle_success": 0.2463295269168026,
    "steps_taken": 62.45133224578575
}