{
    "distance_to_goal": 10.82534225162473,
    "success": 0.10925449871465295,
    "spl": 0.09919636442750798,
    "ndtw": 0.3451688917515655,
    "path_length": 9.831446289691357,
    "oracle_success": 0.2622107969151671,
    "steps_taken": 65.69794344473007
}