{
    "distance_to_goal": 10.634901147884737,
    "success": 0.1272430668841762,
    "spl": 0.11176404848351307,
    "ndtw": 0.3562204956995671,
    "path_length": 9.325566665062627,
    "oracle_success": 0.23436650353452965,
    "steps_taken": 61.86568787384448
}