{
    "distance_to_goal": 11.722563574463129,
    "success": 0.0875,
    "spl": 0.07848507653787076,
    "ndtw": 0.31105846920026026,
    "path_length": 10.456618828234786,
    "oracle_success": 0.1875,
    "steps_taken": 76.2625
}