{
    "distance_to_goal": 10.526146341450417,
    "success": 0.12210796915167095,
    "spl": 0.11074526389235381,
    "ndtw": 0.3572602568268401,
    "path_length": 10.07215518987535,
    "oracle_success": 0.30077120822622105,
    "steps_taken": 65.49742930591259
}