{
    "distance_to_goal": 11.874718122184277,
    "success": 0.075,
    "spl": 0.06466435923822013,
    "ndtw": 0.291147145785788,
    "path_length": 10.693242227921825,
    "oracle_success": 0.175,
    "steps_taken": 86.675
}