{
    "distance_to_goal": 11.451445074379444,
    "success": 0.075,
    "spl": 0.0671704072111427,
    "ndtw": 0.3074949634419973,
    "path_length": 10.659922116749609,
    "oracle_success": 0.2125,
    "steps_taken": 77.425
}