{
    "distance_to_goal": 11.077308706194163,
    "success": 0.075,
    "spl": 0.06685018070594959,
    "ndtw": 0.3380003195374063,
    "path_length": 9.681051019175891,
    "oracle_success": 0.175,
    "steps_taken": 63.425
}