{
    "distance_to_goal": 11.320496354997157,
    "success": 0.05,
    "spl": 0.044162177523315624,
    "ndtw": 0.3047811204908317,
    "path_length": 9.546554453171655,
    "oracle_success": 0.1625,
    "steps_taken": 62.3
}