{
    "distance_to_goal": 10.68752700409661,
    "success": 0.12398042414355628,
    "spl": 0.10876299433545694,
    "ndtw": 0.35147594061410997,
    "path_length": 9.587707781658283,
    "oracle_success": 0.24415443175638935,
    "steps_taken": 65.95921696574226
}