{
    "distance_to_goal": 12.469202375598252,
    "success": 0.0625,
    "spl": 0.058682510857079054,
    "ndtw": 0.2790093494559606,
    "path_length": 10.77783333968963,
    "oracle_success": 0.1875,
    "steps_taken": 80.675
}