{
    "distance_to_goal": 11.44276787340641,
    "success": 0.05,
    "spl": 0.040120035890490076,
    "ndtw": 0.28546938007219386,
    "path_length": 10.595202795351799,
    "oracle_success": 0.1625,
    "steps_taken": 94.2375
}