{
    "distance_to_goal": 11.081342707763984,
    "success": 0.10282776349614396,
    "spl": 0.09168920389815635,
    "ndtw": 0.33522286373620613,
    "path_length": 10.54432121589779,
    "oracle_success": 0.27892030848329047,
    "steps_taken": 70.41773778920309
}