{
    "distance_to_goal": 11.359977004677058,
    "success": 0.075,
    "spl": 0.06916217752331563,
    "ndtw": 0.3021648022879146,
    "path_length": 10.379637641056615,
    "oracle_success": 0.1875,
    "steps_taken": 75.6
}