{
    "distance_to_goal": 11.413154020532966,
    "success": 0.0625,
    "spl": 0.0589133146653499,
    "ndtw": 0.300887910026253,
    "path_length": 10.360218257704306,
    "oracle_success": 0.1875,
    "steps_taken": 86.1625
}