{
    "distance_to_goal": 11.145771373206975,
    "success": 0.10025706940874037,
    "spl": 0.08717433402267945,
    "ndtw": 0.3251360882111714,
    "path_length": 10.650080850082112,
    "oracle_success": 0.2712082262210797,
    "steps_taken": 73.9987146529563
}