{
    "distance_to_goal": 10.487534480178532,
    "success": 0.13104948341489941,
    "spl": 0.1162939519098291,
    "ndtw": 0.36752961486745317,
    "path_length": 9.042317729318782,
    "oracle_success": 0.24034801522566612,
    "steps_taken": 60.523654159869494
}