{
    "distance_to_goal": 10.73978630658287,
    "success": 0.10925449871465295,
    "spl": 0.0970308251914154,
    "ndtw": 0.34324633023799234,
    "path_length": 10.100111708230626,
    "oracle_success": 0.2737789203084833,
    "steps_taken": 68.05912596401028
}