{
    "distance_to_goal": 11.747778175026179,
    "success": 0.075,
    "spl": 0.06233467495424955,
    "ndtw": 0.30661115498377456,
    "path_length": 10.737307140859487,
    "oracle_success": 0.1625,
    "steps_taken": 82.4125
}