{
    "distance_to_goal": 11.439987875521183,
    "success": 0.075,
    "spl": 0.07139970153963042,
    "ndtw": 0.3216316525756989,
    "path_length": 9.575862420885706,
    "oracle_success": 0.1375,
    "steps_taken": 71.375
}