{
    "distance_to_goal": 11.955701012164354,
    "success": 0.075,
    "spl": 0.06105568926125723,
    "ndtw": 0.28527794335037626,
    "path_length": 10.554647192780783,
    "oracle_success": 0.2,
    "steps_taken": 91.1625
}