{
    "distance_to_goal": 10.52082191507277,
    "success": 0.11439588688946016,
    "spl": 0.10372403497974461,
    "ndtw": 0.3534722983312103,
    "path_length": 9.730589436932085,
    "oracle_success": 0.2763496143958869,
    "steps_taken": 64.62596401028277
}