{
    "distance_to_goal": 10.567779315399566,
    "success": 0.1343121261555193,
    "spl": 0.11895768697907065,
    "ndtw": 0.3579469915643294,
    "path_length": 9.627292752851693,
    "oracle_success": 0.2523110386079391,
    "steps_taken": 64.06797172376291
}