{
    "distance_to_goal": 10.865792576099116,
    "success": 0.10925449871465295,
    "spl": 0.09754123417357595,
    "ndtw": 0.345114372770101,
    "path_length": 10.233058517439625,
    "oracle_success": 0.2737789203084833,
    "steps_taken": 66.74421593830334
}