{
    "distance_to_goal": 10.900917413830758,
    "success": 0.0875,
    "spl": 0.07184639649220995,
    "ndtw": 0.3291251031707624,
    "path_length": 10.004918592986265,
    "oracle_success": 0.225,
    "steps_taken": 70.9625
}