{
    "distance_to_goal": 11.34156027212739,
    "success": 0.0625,
    "spl": 0.05316715082826893,
    "ndtw": 0.329468769603683,
    "path_length": 10.07508543780549,
    "oracle_success": 0.1625,
    "steps_taken": 87.625
}