{
    "distance_to_goal": 10.623707298543735,
    "success": 0.10925449871465295,
    "spl": 0.0997091887109223,
    "ndtw": 0.35642887794736844,
    "path_length": 9.633957408381335,
    "oracle_success": 0.25578406169665807,
    "steps_taken": 61.832904884318765
}