{
    "distance_to_goal": 11.505906122177839,
    "success": 0.075,
    "spl": 0.06574197180581237,
    "ndtw": 0.3020383538838297,
    "path_length": 9.729038765608664,
    "oracle_success": 0.175,
    "steps_taken": 77.225
}