{
    "distance_to_goal": 11.594475834816695,
    "success": 0.075,
    "spl": 0.0632374408265711,
    "ndtw": 0.31622045859820086,
    "path_length": 10.80422780271183,
    "oracle_success": 0.175,
    "steps_taken": 80.925
}