{
    "distance_to_goal": 9.883476385474205,
    "success": 0.15,
    "spl": 0.11883776092600114,
    "ndtw": 0.3995317923812722,
    "path_length": 7.4044011137099,
    "oracle_success": 0.1875,
    "steps_taken": 44.825
}