{
    "distance_to_goal": 9.7528510096606,
    "success": 0.11963023382272975,
    "spl": 0.10796347903653061,
    "ndtw": 0.3772926882403904,
    "path_length": 7.317879081524349,
    "oracle_success": 0.16693855356171833,
    "steps_taken": 50.127243066884176
}