{
    "distance_to_goal": 9.652361722290516,
    "success": 0.075,
    "spl": 0.06973702428335467,
    "ndtw": 0.4088128754418746,
    "path_length": 5.9995178357581604,
    "oracle_success": 0.1125,
    "steps_taken": 36.1
}