{
    "distance_to_goal": 8.949622256820183,
    "success": 0.15809768637532134,
    "spl": 0.14349227727664662,
    "ndtw": 0.43379046227237916,
    "path_length": 7.134095011995295,
    "oracle_success": 0.23136246786632392,
    "steps_taken": 45.7185089974293
}