{
    "distance_to_goal": 9.34339843954709,
    "success": 0.18508997429305912,
    "spl": 0.16175064159215338,
    "ndtw": 0.41526258855905135,
    "path_length": 7.940669404821413,
    "oracle_success": 0.2467866323907455,
    "steps_taken": 49.901028277634964
}