{
    "distance_to_goal": 9.366463284891644,
    "success": 0.15809768637532134,
    "spl": 0.14331929575172114,
    "ndtw": 0.40966748116943236,
    "path_length": 7.058356333627973,
    "oracle_success": 0.23136246786632392,
    "steps_taken": 45.48586118251928
}