{
    "distance_to_goal": 9.920805463939905,
    "success": 0.0875,
    "spl": 0.08275863473074414,
    "ndtw": 0.38584573378370246,
    "path_length": 6.338495612028055,
    "oracle_success": 0.1,
    "steps_taken": 39.4375
}