{
    "distance_to_goal": 9.183837427198887,
    "success": 0.1,
    "spl": 0.09585428095629166,
    "ndtw": 0.41358881328486696,
    "path_length": 6.064170933442074,
    "oracle_success": 0.125,
    "steps_taken": 35.8125
}