{
    "distance_to_goal": 10.076278775930405,
    "success": 0.1375,
    "spl": 0.11029836897643117,
    "ndtw": 0.39674942535175184,
    "path_length": 8.192035309947546,
    "oracle_success": 0.2,
    "steps_taken": 50.0625
}