{
    "distance_to_goal": 9.326568621747063,
    "success": 0.1468189233278956,
    "spl": 0.13963987378419365,
    "ndtw": 0.4079586187092581,
    "path_length": 6.226584203807777,
    "oracle_success": 0.1761827079934747,
    "steps_taken": 41.47797716150082
}