{
    "distance_to_goal": 9.280608182030809,
    "success": 0.16580976863753213,
    "spl": 0.1508973749507432,
    "ndtw": 0.41081854074544977,
    "path_length": 7.814229780044156,
    "oracle_success": 0.24293059125964012,
    "steps_taken": 50.37146529562982
}