{
    "distance_to_goal": 10.129682995378971,
    "success": 0.1125,
    "spl": 0.09980622359812694,
    "ndtw": 0.3803514477835681,
    "path_length": 6.4988127103541045,
    "oracle_success": 0.1375,
    "steps_taken": 41.775
}