{
    "distance_to_goal": 10.21426345333457,
    "success": 0.1125,
    "spl": 0.10416638486064697,
    "ndtw": 0.37496713133775394,
    "path_length": 7.964006728568347,
    "oracle_success": 0.175,
    "steps_taken": 48.6
}