{
    "distance_to_goal": 8.890545824250555,
    "success": 0.17352185089974292,
    "spl": 0.15895813357246819,
    "ndtw": 0.43768810229653793,
    "path_length": 6.753232317499856,
    "oracle_success": 0.21979434447300772,
    "steps_taken": 42.501285347043705
}