{
    "distance_to_goal": 10.29926127642393,
    "success": 0.1,
    "spl": 0.09086535903619655,
    "ndtw": 0.37904364669591684,
    "path_length": 7.503967709839344,
    "oracle_success": 0.1625,
    "steps_taken": 47.9875
}