{
    "distance_to_goal": 9.878964917361737,
    "success": 0.1125,
    "spl": 0.10236698079751907,
    "ndtw": 0.394450993138907,
    "path_length": 6.591698812280083,
    "oracle_success": 0.15,
    "steps_taken": 40.6
}