{
    "distance_to_goal": 9.463766343146563,
    "success": 0.125,
    "spl": 0.11045122805035121,
    "ndtw": 0.4010257853966885,
    "path_length": 7.436855528817977,
    "oracle_success": 0.1875,
    "steps_taken": 45.85
}