{
    "distance_to_goal": 10.45399578474462,
    "success": 0.0875,
    "spl": 0.07515293587347102,
    "ndtw": 0.36601440897567006,
    "path_length": 7.671083199302666,
    "oracle_success": 0.125,
    "steps_taken": 47.875
}