{
    "distance_to_goal": 9.936285904422402,
    "success": 0.1875,
    "spl": 0.16972245518688556,
    "ndtw": 0.3977514524025404,
    "path_length": 8.113459665846435,
    "oracle_success": 0.2375,
    "steps_taken": 50.3625
}