{
    "distance_to_goal": 9.213939645210642,
    "success": 0.13539967373572595,
    "spl": 0.12769714255311518,
    "ndtw": 0.4164605443073378,
    "path_length": 6.542217537799483,
    "oracle_success": 0.16802610114192496,
    "steps_taken": 41.433931484502445
}