{
    "distance_to_goal": 9.681547769159078,
    "success": 0.1,
    "spl": 0.08467852678986994,
    "ndtw": 0.40544102485853883,
    "path_length": 7.621771451542736,
    "oracle_success": 0.1875,
    "steps_taken": 49.075
}