{
    "distance_to_goal": 9.828441005572676,
    "success": 0.0875,
    "spl": 0.07615909466721298,
    "ndtw": 0.3995322786991332,
    "path_length": 6.8054282353667075,
    "oracle_success": 0.1125,
    "steps_taken": 42.9625
}