{
    "distance_to_goal": 10.06735258512199,
    "success": 0.1125,
    "spl": 0.09539632670639617,
    "ndtw": 0.39030836450994977,
    "path_length": 8.256181891794128,
    "oracle_success": 0.2,
    "steps_taken": 50.1875
}