{
    "distance_to_goal": 9.095597970485688,
    "success": 0.175,
    "spl": 0.15706284506088017,
    "ndtw": 0.43248633028119743,
    "path_length": 6.8723177695064805,
    "oracle_success": 0.175,
    "steps_taken": 42.05
}