{
    "distance_to_goal": 9.080461528736398,
    "success": 0.17352185089974292,
    "spl": 0.15930526332837353,
    "ndtw": 0.43220860974529485,
    "path_length": 7.755776753306092,
    "oracle_success": 0.2467866323907455,
    "steps_taken": 47.39331619537275
}