{
    "distance_to_goal": 9.62975143028252,
    "success": 0.11256117455138662,
    "spl": 0.1043991899116879,
    "ndtw": 0.3866345758452151,
    "path_length": 7.099407272545973,
    "oracle_success": 0.1729200652528548,
    "steps_taken": 47.923327895595435
}