{
    "distance_to_goal": 10.237553773447871,
    "success": 0.125,
    "spl": 0.10645678800113745,
    "ndtw": 0.3849134367454418,
    "path_length": 7.379364817385794,
    "oracle_success": 0.1625,
    "steps_taken": 46.9625
}