{
    "distance_to_goal": 8.82167474617152,
    "success": 0.17737789203084833,
    "spl": 0.1643637550645925,
    "ndtw": 0.44791733160360103,
    "path_length": 6.655422568916829,
    "oracle_success": 0.2236503856041131,
    "steps_taken": 41.5719794344473
}