{
    "distance_to_goal": 9.50446117296815,
    "success": 0.1375,
    "spl": 0.1232985441583921,
    "ndtw": 0.4222068784266895,
    "path_length": 6.727635427314089,
    "oracle_success": 0.2125,
    "steps_taken": 41.5875
}