{
    "distance_to_goal": 9.099529090483498,
    "success": 0.17737789203084833,
    "spl": 0.1676372510681791,
    "ndtw": 0.43312858102304796,
    "path_length": 6.732002935229081,
    "oracle_success": 0.2120822622107969,
    "steps_taken": 41.577120822622106
}