{
    "distance_to_goal": 9.637417458742856,
    "success": 0.2,
    "spl": 0.1874098754584987,
    "ndtw": 0.42777635768497096,
    "path_length": 7.343997815827606,
    "oracle_success": 0.2625,
    "steps_taken": 58.1375
}