{
    "distance_to_goal": 9.05850995928049,
    "success": 0.1875,
    "spl": 0.17444854954489386,
    "ndtw": 0.4538912961254461,
    "path_length": 7.861594263778533,
    "oracle_success": 0.2375,
    "steps_taken": 55.8
}