{
    "distance_to_goal": 8.253504941120246,
    "success": 0.22879177377892032,
    "spl": 0.2122022177769994,
    "ndtw": 0.4729095357081056,
    "path_length": 8.199871769210752,
    "oracle_success": 0.3496143958868895,
    "steps_taken": 60.43573264781491
}