{
    "distance_to_goal": 9.381327855680137,
    "success": 0.175,
    "spl": 0.16212831090662602,
    "ndtw": 0.42662811559940766,
    "path_length": 7.432399520260515,
    "oracle_success": 0.225,
    "steps_taken": 57.925
}