{
    "distance_to_goal": 9.608154480159282,
    "success": 0.1375,
    "spl": 0.11993503432038981,
    "ndtw": 0.4126905462505455,
    "path_length": 7.872374833154026,
    "oracle_success": 0.2375,
    "steps_taken": 56.8125
}