{
    "distance_to_goal": 9.639571890980005,
    "success": 0.1125,
    "spl": 0.10293951810109077,
    "ndtw": 0.3923547014901726,
    "path_length": 7.56028517333325,
    "oracle_success": 0.2125,
    "steps_taken": 56.0125
}