{
    "distance_to_goal": 9.058670374898563,
    "success": 0.15443175638934203,
    "spl": 0.14518786442682172,
    "ndtw": 0.4255938933660282,
    "path_length": 7.1919348978051945,
    "oracle_success": 0.23817292006525284,
    "steps_taken": 58.2778684067428
}