{
    "distance_to_goal": 8.14037470364402,
    "success": 0.25578406169665807,
    "spl": 0.2393891233666424,
    "ndtw": 0.4878183004686396,
    "path_length": 7.315162948463399,
    "oracle_success": 0.3033419023136247,
    "steps_taken": 53.6401028277635
}