{
    "distance_to_goal": 9.976797976344823,
    "success": 0.125,
    "spl": 0.11443926334629984,
    "ndtw": 0.39200027965263406,
    "path_length": 7.3008844590862285,
    "oracle_success": 0.2125,
    "steps_taken": 59.2
}