{
    "distance_to_goal": 9.685546660795808,
    "success": 0.2125,
    "spl": 0.1872069257593193,
    "ndtw": 0.4072903898578429,
    "path_length": 7.664890652225003,
    "oracle_success": 0.275,
    "steps_taken": 58.725
}