{
    "distance_to_goal": 8.900045007224184,
    "success": 0.15225666122892875,
    "spl": 0.14311733967490242,
    "ndtw": 0.4250448917861545,
    "path_length": 6.902487632304707,
    "oracle_success": 0.20717781402936378,
    "steps_taken": 57.23708537248505
}