{
    "distance_to_goal": 9.809341901540757,
    "success": 0.1625,
    "spl": 0.15022915150586022,
    "ndtw": 0.4018083281349204,
    "path_length": 7.628963011933957,
    "oracle_success": 0.225,
    "steps_taken": 58.75
}