{
    "distance_to_goal": 8.593503376358886,
    "success": 0.2120822622107969,
    "spl": 0.19802486242244868,
    "ndtw": 0.46486573621250743,
    "path_length": 7.8612404086776495,
    "oracle_success": 0.30077120822622105,
    "steps_taken": 59.70565552699229
}