{
    "distance_to_goal": 10.016470707952976,
    "success": 0.1875,
    "spl": 0.17737415705522722,
    "ndtw": 0.4160250124094943,
    "path_length": 7.977196634252323,
    "oracle_success": 0.2625,
    "steps_taken": 57.6125
}