{
    "distance_to_goal": 10.115709717944265,
    "success": 0.175,
    "spl": 0.16190131251596968,
    "ndtw": 0.41120987600545433,
    "path_length": 9.21789943545009,
    "oracle_success": 0.2875,
    "steps_taken": 61.3875
}