{
    "distance_to_goal": 8.298815621450965,
    "success": 0.21979434447300772,
    "spl": 0.20319029485219,
    "ndtw": 0.46724052760853335,
    "path_length": 7.7919065591276775,
    "oracle_success": 0.2930591259640103,
    "steps_taken": 53.64781491002571
}