{
    "distance_to_goal": 8.264838014822693,
    "success": 0.2120822622107969,
    "spl": 0.20100400613899527,
    "ndtw": 0.4741295590600032,
    "path_length": 7.087053362705394,
    "oracle_success": 0.2737789203084833,
    "steps_taken": 53.196658097686374
}