{
    "distance_to_goal": 8.904848263971507,
    "success": 0.2375,
    "spl": 0.22570138833978345,
    "ndtw": 0.45921522948521776,
    "path_length": 8.306673250870656,
    "oracle_success": 0.3375,
    "steps_taken": 58.775
}