{
    "distance_to_goal": 9.261338586732744,
    "success": 0.2,
    "spl": 0.18731379242192356,
    "ndtw": 0.43179240179029926,
    "path_length": 7.729682506743233,
    "oracle_success": 0.2875,
    "steps_taken": 52.9875
}