{
    "distance_to_goal": 9.44830915685743,
    "success": 0.1875,
    "spl": 0.17616679175500932,
    "ndtw": 0.41573668538716246,
    "path_length": 8.477577525156084,
    "oracle_success": 0.25,
    "steps_taken": 64.7875
}