{
    "distance_to_goal": 8.318204932317023,
    "success": 0.21465295629820053,
    "spl": 0.20319196490762728,
    "ndtw": 0.4693313107119026,
    "path_length": 7.859685350671602,
    "oracle_success": 0.3033419023136247,
    "steps_taken": 56.34318766066838
}