{
    "distance_to_goal": 9.705301992967724,
    "success": 0.1875,
    "spl": 0.173002801848321,
    "ndtw": 0.42719407634152945,
    "path_length": 8.686983387253713,
    "oracle_success": 0.325,
    "steps_taken": 62.1625
}