{
    "distance_to_goal": 8.906058842374003,
    "success": 0.1397498640565525,
    "spl": 0.13259228518145325,
    "ndtw": 0.42413690419178496,
    "path_length": 6.244929537943549,
    "oracle_success": 0.19684611201740077,
    "steps_taken": 54.78847199564981
}