{
    "distance_to_goal": 10.382449590228498,
    "success": 0.1625,
    "spl": 0.15725950582101925,
    "ndtw": 0.4028696856408568,
    "path_length": 7.96656071866164,
    "oracle_success": 0.2625,
    "steps_taken": 66.375
}