{
    "distance_to_goal": 9.432108053270081,
    "success": 0.14192495921696574,
    "spl": 0.13275884864955964,
    "ndtw": 0.39796419295211966,
    "path_length": 6.947258393594315,
    "oracle_success": 0.20010875475802067,
    "steps_taken": 60.80587275693311
}