{
    "distance_to_goal": 9.674060157686473,
    "success": 0.1875,
    "spl": 0.1703189352784274,
    "ndtw": 0.42321027069297673,
    "path_length": 8.000626859243493,
    "oracle_success": 0.275,
    "steps_taken": 57.45
}