{
    "distance_to_goal": 8.610190210025998,
    "success": 0.20565552699228792,
    "spl": 0.19359172250316187,
    "ndtw": 0.4622981234781524,
    "path_length": 8.01112794181405,
    "oracle_success": 0.32519280205655526,
    "steps_taken": 56.59383033419023
}