{
    "distance_to_goal": 8.628193413786073,
    "success": 0.2095115681233933,
    "spl": 0.1985010479128942,
    "ndtw": 0.4570935325450559,
    "path_length": 7.919410437802245,
    "oracle_success": 0.3033419023136247,
    "steps_taken": 58.386889460154244
}