{
    "distance_to_goal": 9.124961384758354,
    "success": 0.1625,
    "spl": 0.15581420422848882,
    "ndtw": 0.4353507134799239,
    "path_length": 8.015480192855467,
    "oracle_success": 0.2875,
    "steps_taken": 56.375
}