{
    "distance_to_goal": 9.181535713125623,
    "success": 0.19408740359897173,
    "spl": 0.17941670098598267,
    "ndtw": 0.41329078754061505,
    "path_length": 8.950726729296623,
    "oracle_success": 0.3097686375321337,
    "steps_taken": 65.96272493573265
}