{
    "distance_to_goal": 9.199034627340733,
    "success": 0.1,
    "spl": 0.09764256951452299,
    "ndtw": 0.43701601115241484,
    "path_length": 7.698446703853551,
    "oracle_success": 0.1875,
    "steps_taken": 57.9375
}