{
    "distance_to_goal": 8.819553555877626,
    "success": 0.19794344473007713,
    "spl": 0.18428128397112564,
    "ndtw": 0.43054134141420325,
    "path_length": 8.496029565456762,
    "oracle_success": 0.29048843187660667,
    "steps_taken": 64.45372750642673
}