{
    "distance_to_goal": 10.171229469589889,
    "success": 0.1375,
    "spl": 0.13186394696343703,
    "ndtw": 0.4144997765607874,
    "path_length": 8.142032776062843,
    "oracle_success": 0.225,
    "steps_taken": 52.4625
}