{
    "distance_to_goal": 9.593174163624644,
    "success": 0.1875,
    "spl": 0.17066097183268528,
    "ndtw": 0.395980455980553,
    "path_length": 9.159477856743615,
    "oracle_success": 0.3,
    "steps_taken": 66.7875
}