{
    "distance_to_goal": 9.708142736181617,
    "success": 0.2125,
    "spl": 0.20101725544603646,
    "ndtw": 0.4224556512626016,
    "path_length": 8.298876182275126,
    "oracle_success": 0.2625,
    "steps_taken": 59.675
}