{
    "distance_to_goal": 8.979641802082256,
    "success": 0.1928020565552699,
    "spl": 0.17961353513437717,
    "ndtw": 0.4266398949475706,
    "path_length": 8.422301360001104,
    "oracle_success": 0.30205655526992287,
    "steps_taken": 63.54241645244216
}