{
    "distance_to_goal": 10.083725620433688,
    "success": 0.0625,
    "spl": 0.057036783635439736,
    "ndtw": 0.385064354280549,
    "path_length": 8.342879693501164,
    "oracle_success": 0.225,
    "steps_taken": 57.1125
}