{
    "distance_to_goal": 9.437376058846713,
    "success": 0.15,
    "spl": 0.13808523430805636,
    "ndtw": 0.41683598400110633,
    "path_length": 7.437001085279706,
    "oracle_success": 0.1875,
    "steps_taken": 51.825
}