{
    "distance_to_goal": 9.360962045565248,
    "success": 0.1625,
    "spl": 0.15003028228998913,
    "ndtw": 0.4342023729455594,
    "path_length": 8.14949832186394,
    "oracle_success": 0.2375,
    "steps_taken": 58.2125
}