{
    "distance_to_goal": 9.592617510545992,
    "success": 0.13539967373572595,
    "spl": 0.12163634117679216,
    "ndtw": 0.39120479985902473,
    "path_length": 8.420164669163597,
    "oracle_success": 0.2267536704730832,
    "steps_taken": 62.56878738444807
}