{
    "distance_to_goal": 10.056485279649497,
    "success": 0.125,
    "spl": 0.10292060037134246,
    "ndtw": 0.38383866614488427,
    "path_length": 9.48162284801947,
    "oracle_success": 0.2875,
    "steps_taken": 68.1125
}