{
    "distance_to_goal": 8.929268698766828,
    "success": 0.15,
    "spl": 0.13944296205560813,
    "ndtw": 0.44709200231452967,
    "path_length": 8.093021949037212,
    "oracle_success": 0.2625,
    "steps_taken": 60.6125
}