{
    "distance_to_goal": 10.054364285431802,
    "success": 0.1375,
    "spl": 0.1306577635979453,
    "ndtw": 0.3962007651909751,
    "path_length": 8.628786188539914,
    "oracle_success": 0.25,
    "steps_taken": 59.375
}