{
    "distance_to_goal": 9.008586994186043,
    "success": 0.1625,
    "spl": 0.15707416981227315,
    "ndtw": 0.46232958531647605,
    "path_length": 7.960463400388835,
    "oracle_success": 0.2875,
    "steps_taken": 54.575
}