{
    "distance_to_goal": 10.40499638170004,
    "success": 0.1875,
    "spl": 0.15716161196433234,
    "ndtw": 0.3697655146142178,
    "path_length": 9.474308761052539,
    "oracle_success": 0.275,
    "steps_taken": 64.9125
}