{
    "distance_to_goal": 9.380919011123478,
    "success": 0.1875,
    "spl": 0.17152957188772489,
    "ndtw": 0.4199721837179208,
    "path_length": 8.597728457557968,
    "oracle_success": 0.2375,
    "steps_taken": 62.45
}