{
    "distance_to_goal": 9.680138798038586,
    "success": 0.15171288743882544,
    "spl": 0.13974249234986125,
    "ndtw": 0.38967090397603227,
    "path_length": 8.153703011910462,
    "oracle_success": 0.2300163132137031,
    "steps_taken": 62.450244698205545
}