{
    "distance_to_goal": 8.670980757847428,
    "success": 0.2125,
    "spl": 0.2057801747128524,
    "ndtw": 0.46650971687420373,
    "path_length": 8.500939523021225,
    "oracle_success": 0.3,
    "steps_taken": 58.0875
}