{
    "distance_to_goal": 10.028460670323346,
    "success": 0.13376835236541598,
    "spl": 0.12381804018058767,
    "ndtw": 0.3789805961258133,
    "path_length": 8.353515218231115,
    "oracle_success": 0.21533442088091354,
    "steps_taken": 64.11582381729201
}