{
    "distance_to_goal": 10.11820171698928,
    "success": 0.125,
    "spl": 0.11860309323422694,
    "ndtw": 0.3887707598648164,
    "path_length": 8.893518100632354,
    "oracle_success": 0.2625,
    "steps_taken": 66.6875
}