{
    "distance_to_goal": 8.715815530491366,
    "success": 0.2120822622107969,
    "spl": 0.19694533166870273,
    "ndtw": 0.4528277882160066,
    "path_length": 8.78181100492712,
    "oracle_success": 0.33547557840616965,
    "steps_taken": 62.01156812339332
}