{
    "distance_to_goal": 9.55222947769116,
    "success": 0.15809768637532134,
    "spl": 0.14171382196178095,
    "ndtw": 0.3958607743221365,
    "path_length": 8.908278264519602,
    "oracle_success": 0.2982005141388175,
    "steps_taken": 63.44987146529563
}