{
    "distance_to_goal": 9.868264839425683,
    "success": 0.1375,
    "spl": 0.12537854394933756,
    "ndtw": 0.41770892879399657,
    "path_length": 8.161722016474233,
    "oracle_success": 0.225,
    "steps_taken": 56.8625
}