{
    "distance_to_goal": 8.507930952548062,
    "success": 0.2159383033419023,
    "spl": 0.20030827663817397,
    "ndtw": 0.4713049845045775,
    "path_length": 8.267601453560745,
    "oracle_success": 0.3277634961439589,
    "steps_taken": 59.2879177377892
}