{
    "distance_to_goal": 9.702836272232295,
    "success": 0.13866231647634583,
    "spl": 0.12821089302158317,
    "ndtw": 0.3894930372469631,
    "path_length": 8.490939416607102,
    "oracle_success": 0.22512234910277323,
    "steps_taken": 63.539967373572594
}