{
    "distance_to_goal": 9.551346414908767,
    "success": 0.175,
    "spl": 0.1547129380588111,
    "ndtw": 0.4176634862172576,
    "path_length": 9.043148192355876,
    "oracle_success": 0.3125,
    "steps_taken": 58.9125
}