{
    "distance_to_goal": 8.272739799554367,
    "success": 0.23136246786632392,
    "spl": 0.2157900128086002,
    "ndtw": 0.47549420852555535,
    "path_length": 8.130511899801029,
    "oracle_success": 0.32390745501285345,
    "steps_taken": 57.595115681233935
}