{
    "distance_to_goal": 8.2977520038199,
    "success": 0.2442159383033419,
    "spl": 0.2222471279420597,
    "ndtw": 0.4688496603756066,
    "path_length": 8.321501456404459,
    "oracle_success": 0.34061696658097684,
    "steps_taken": 59.681233933161955
}