{
    "distance_to_goal": 9.631252271309496,
    "success": 0.175,
    "spl": 0.14720986624444393,
    "ndtw": 0.40788411288000087,
    "path_length": 8.908549750921471,
    "oracle_success": 0.2875,
    "steps_taken": 59.975
}