{
    "distance_to_goal": 9.650796377332881,
    "success": 0.125,
    "spl": 0.11619082778323911,
    "ndtw": 0.4120826512409092,
    "path_length": 8.499367481993977,
    "oracle_success": 0.225,
    "steps_taken": 59.4125
}