{
    "distance_to_goal": 9.593818474747241,
    "success": 0.1875,
    "spl": 0.15587462945824074,
    "ndtw": 0.416014093404616,
    "path_length": 7.825125008320901,
    "oracle_success": 0.225,
    "steps_taken": 57.775
}