{
    "distance_to_goal": 9.974578417092562,
    "success": 0.225,
    "spl": 0.20269906336789356,
    "ndtw": 0.40339279548827695,
    "path_length": 8.895268199493875,
    "oracle_success": 0.275,
    "steps_taken": 59.4875
}