{
    "distance_to_goal": 9.70866557098925,
    "success": 0.1875,
    "spl": 0.17318466501935958,
    "ndtw": 0.38353322388889904,
    "path_length": 9.803645887889434,
    "oracle_success": 0.325,
    "steps_taken": 70.2125
}