{
    "distance_to_goal": 8.47237593418222,
    "success": 0.22236503856041132,
    "spl": 0.2137944170699028,
    "ndtw": 0.4662578770818196,
    "path_length": 8.30477957243213,
    "oracle_success": 0.31362467866323906,
    "steps_taken": 58.0745501285347
}