{
    "distance_to_goal": 10.051625088974834,
    "success": 0.125,
    "spl": 0.12172102822054498,
    "ndtw": 0.3797135333990108,
    "path_length": 8.943605118175038,
    "oracle_success": 0.275,
    "steps_taken": 65.825
}