{
    "distance_to_goal": 9.101048372360305,
    "success": 0.2262210796915167,
    "spl": 0.2140699148331514,
    "ndtw": 0.44003260018728024,
    "path_length": 8.83116335367947,
    "oracle_success": 0.32519280205655526,
    "steps_taken": 63.23521850899743
}