{
    "distance_to_goal": 9.369961995447117,
    "success": 0.15388798259923872,
    "spl": 0.14308692191559239,
    "ndtw": 0.40339770195278485,
    "path_length": 7.866676833043707,
    "oracle_success": 0.24089178901576944,
    "steps_taken": 66.86568787384448
}