{
    "distance_to_goal": 9.145214126375922,
    "success": 0.21722365038560412,
    "spl": 0.20050939698275622,
    "ndtw": 0.43692278321855804,
    "path_length": 9.430069729419728,
    "oracle_success": 0.34318766066838047,
    "steps_taken": 66.85347043701799
}