{
    "distance_to_goal": 9.075535479187966,
    "success": 0.2,
    "spl": 0.17794123568532214,
    "ndtw": 0.42216524116560017,
    "path_length": 9.003781140828504,
    "oracle_success": 0.3125,
    "steps_taken": 60.4875
}