{
    "distance_to_goal": 8.916795994770405,
    "success": 0.2120822622107969,
    "spl": 0.19624281612201996,
    "ndtw": 0.4462000483292955,
    "path_length": 9.113497721349589,
    "oracle_success": 0.30848329048843187,
    "steps_taken": 61.41773778920309
}