{
    "distance_to_goal": 8.784617105953798,
    "success": 0.2352185089974293,
    "spl": 0.221307910288645,
    "ndtw": 0.4581041113454886,
    "path_length": 8.453204032440247,
    "oracle_success": 0.31876606683804626,
    "steps_taken": 59.25706940874036
}