{
    "distance_to_goal": 9.612440858046408,
    "success": 0.14627514953779228,
    "spl": 0.13734069493852827,
    "ndtw": 0.39624881974521176,
    "path_length": 8.295133524253439,
    "oracle_success": 0.24361065796628603,
    "steps_taken": 64.52147906470908
}