{
    "distance_to_goal": 9.608675775676966,
    "success": 0.2125,
    "spl": 0.18965462336407463,
    "ndtw": 0.4260529802947081,
    "path_length": 9.15160259125405,
    "oracle_success": 0.325,
    "steps_taken": 64.8875
}