{
    "distance_to_goal": 9.79535587131977,
    "success": 0.175,
    "spl": 0.1593401287707942,
    "ndtw": 0.39112692665180426,
    "path_length": 8.87658084713621,
    "oracle_success": 0.2375,
    "steps_taken": 66.0375
}