{
    "distance_to_goal": 9.13346394329307,
    "success": 0.15116911364872213,
    "spl": 0.1420555885004785,
    "ndtw": 0.42393515765363693,
    "path_length": 7.479050204833344,
    "oracle_success": 0.22566612289287658,
    "steps_taken": 58.511147362697116
}