{
    "distance_to_goal": 10.407381314039231,
    "success": 0.1,
    "spl": 0.09263948383695227,
    "ndtw": 0.3634575305734345,
    "path_length": 9.550800987980509,
    "oracle_success": 0.2375,
    "steps_taken": 71.9125
}