{
    "distance_to_goal": 8.758428969979287,
    "success": 0.2375,
    "spl": 0.21905806394449648,
    "ndtw": 0.44531267556513454,
    "path_length": 8.519497792528806,
    "oracle_success": 0.35,
    "steps_taken": 64.9625
}