{
    "distance_to_goal": 9.470014897153357,
    "success": 0.1402936378466558,
    "spl": 0.13006092807813224,
    "ndtw": 0.4063152690153229,
    "path_length": 7.6086915040134695,
    "oracle_success": 0.22892876563349646,
    "steps_taken": 63.93855356171832
}