{
    "distance_to_goal": 9.860529027879238,
    "success": 0.2125,
    "spl": 0.20194549192552264,
    "ndtw": 0.4072254839016133,
    "path_length": 8.961448567759328,
    "oracle_success": 0.2875,
    "steps_taken": 65.35
}