{
    "distance_to_goal": 9.225645562562047,
    "success": 0.21079691516709512,
    "spl": 0.19668514060584635,
    "ndtw": 0.4306407599228734,
    "path_length": 8.784309912908789,
    "oracle_success": 0.30077120822622105,
    "steps_taken": 60.08354755784062
}