{
    "distance_to_goal": 9.811585254967213,
    "success": 0.1125,
    "spl": 0.10190939641294465,
    "ndtw": 0.40508973015240324,
    "path_length": 8.42687457420311,
    "oracle_success": 0.1875,
    "steps_taken": 68.05
}