{
    "distance_to_goal": 8.969969668308307,
    "success": 0.21465295629820053,
    "spl": 0.20142976894059328,
    "ndtw": 0.4422609273657251,
    "path_length": 9.07675452690668,
    "oracle_success": 0.3393316195372751,
    "steps_taken": 65.47814910025707
}