{
    "distance_to_goal": 8.856754391640425,
    "success": 0.2125,
    "spl": 0.20399841129753443,
    "ndtw": 0.45375938017792566,
    "path_length": 8.113555675116368,
    "oracle_success": 0.3,
    "steps_taken": 56.425
}