{
    "distance_to_goal": 8.493601870069467,
    "success": 0.22879177377892032,
    "spl": 0.2154329923887999,
    "ndtw": 0.46261648661598814,
    "path_length": 8.365199882061995,
    "oracle_success": 0.3393316195372751,
    "steps_taken": 62.29948586118252
}