{
    "distance_to_goal": 8.153394863928805,
    "success": 0.2159383033419023,
    "spl": 0.20426926656522545,
    "ndtw": 0.4864028067164378,
    "path_length": 6.824985611074833,
    "oracle_success": 0.2583547557840617,
    "steps_taken": 47.37917737789203
}