{
    "distance_to_goal": 7.959652332134143,
    "success": 0.17737789203084833,
    "spl": 0.17706908434218468,
    "ndtw": 0.48456435437986256,
    "path_length": 5.127315352169017,
    "oracle_success": 0.18894601542416453,
    "steps_taken": 34.69408740359897
}