{
    "distance_to_goal": 8.341424942955106,
    "success": 0.2352185089974293,
    "spl": 0.20970228576301034,
    "ndtw": 0.45872309708308734,
    "path_length": 8.646365561544147,
    "oracle_success": 0.34704370179948585,
    "steps_taken": 61.73778920308483
}