{
    "distance_to_goal": 8.035710996232334,
    "success": 0.2442159383033419,
    "spl": 0.2324466610508106,
    "ndtw": 0.4855832804183997,
    "path_length": 8.374963499844926,
    "oracle_success": 0.3444730077120823,
    "steps_taken": 56.92416452442159
}