{
    "distance_to_goal": 8.11525490816807,
    "success": 0.2544987146529563,
    "spl": 0.23931885614182952,
    "ndtw": 0.47651585543405567,
    "path_length": 8.328050801893168,
    "oracle_success": 0.36632390745501286,
    "steps_taken": 59.54627249357326
}