{
    "distance_to_goal": 8.694328585080802,
    "success": 0.2625,
    "spl": 0.24378569594751545,
    "ndtw": 0.46905121674418454,
    "path_length": 7.99660406782059,
    "oracle_success": 0.35,
    "steps_taken": 55.7875
}