{
    "distance_to_goal": 8.81980191282928,
    "success": 0.2,
    "spl": 0.19365476087777866,
    "ndtw": 0.4524398884163774,
    "path_length": 8.167339262546738,
    "oracle_success": 0.3,
    "steps_taken": 57.5625
}