{
    "distance_to_goal": 8.56102342872969,
    "success": 0.22236503856041132,
    "spl": 0.20775589594467794,
    "ndtw": 0.45590729774376143,
    "path_length": 8.449546083273042,
    "oracle_success": 0.3213367609254499,
    "steps_taken": 66.55655526992288
}