{
    "distance_to_goal": 8.146960398914882,
    "success": 0.22879177377892032,
    "spl": 0.21824098083595211,
    "ndtw": 0.47299391084797104,
    "path_length": 7.4014645741154546,
    "oracle_success": 0.31748071979434445,
    "steps_taken": 55.24035989717223
}