{
    "distance_to_goal": 9.272082320442337,
    "success": 0.15497553017944535,
    "spl": 0.14127883502922456,
    "ndtw": 0.4093039686030991,
    "path_length": 7.195408690051423,
    "oracle_success": 0.22185970636215335,
    "steps_taken": 67.9184339314845
}