{
    "distance_to_goal": 9.088473992422223,
    "success": 0.2125,
    "spl": 0.1962484763741468,
    "ndtw": 0.4289112248281903,
    "path_length": 8.834054797142745,
    "oracle_success": 0.3375,
    "steps_taken": 62.5375
}