{
    "distance_to_goal": 9.396939961612224,
    "success": 0.175,
    "spl": 0.15835780740247302,
    "ndtw": 0.41195902322361133,
    "path_length": 8.504294106527231,
    "oracle_success": 0.2875,
    "steps_taken": 61.5375
}