{
    "distance_to_goal": 9.217163824290036,
    "success": 0.2125,
    "spl": 0.20235904112083308,
    "ndtw": 0.43370572937145163,
    "path_length": 7.956196614401415,
    "oracle_success": 0.3125,
    "steps_taken": 56.675
}