{
    "distance_to_goal": 9.55529393926263,
    "success": 0.1875,
    "spl": 0.17677244871907236,
    "ndtw": 0.41144055355535486,
    "path_length": 8.69295425816935,
    "oracle_success": 0.2875,
    "steps_taken": 64.2875
}