{
    "distance_to_goal": 8.23215034933507,
    "success": 0.2210796915167095,
    "spl": 0.20914781912521704,
    "ndtw": 0.4746183692576869,
    "path_length": 8.057811083267167,
    "oracle_success": 0.34061696658097684,
    "steps_taken": 62.12596401028278
}