{
    "distance_to_goal": 9.488810774244778,
    "success": 0.14518760195758565,
    "spl": 0.13204662809421316,
    "ndtw": 0.3981064768793689,
    "path_length": 7.745329384289476,
    "oracle_success": 0.2262098966829799,
    "steps_taken": 63.51441000543774
}