{
    "distance_to_goal": 8.3610584933531,
    "success": 0.2390745501285347,
    "spl": 0.22286009449354202,
    "ndtw": 0.4603339429120981,
    "path_length": 8.102126890276766,
    "oracle_success": 0.3277634961439589,
    "steps_taken": 59.6413881748072
}