{
    "distance_to_goal": 9.222365742176772,
    "success": 0.1125,
    "spl": 0.102059278295038,
    "ndtw": 0.41219030879516205,
    "path_length": 8.266443457605783,
    "oracle_success": 0.2125,
    "steps_taken": 58.625
}