{
    "distance_to_goal": 8.349827483870989,
    "success": 0.2095115681233933,
    "spl": 0.19961709249949375,
    "ndtw": 0.46094489697613644,
    "path_length": 7.749199053856636,
    "oracle_success": 0.2982005141388175,
    "steps_taken": 54.24807197943445
}