{
    "distance_to_goal": 8.258496151944971,
    "success": 0.23136246786632392,
    "spl": 0.21838362765505234,
    "ndtw": 0.47152517438029845,
    "path_length": 7.594487094029617,
    "oracle_success": 0.3097686375321337,
    "steps_taken": 57.03598971722365
}