{
    "distance_to_goal": 10.07347081899643,
    "success": 0.075,
    "spl": 0.07027199332343138,
    "ndtw": 0.3719039907954978,
    "path_length": 8.377174219762674,
    "oracle_success": 0.2125,
    "steps_taken": 59.95
}