{
    "distance_to_goal": 9.619501602688583,
    "success": 0.13539967373572595,
    "spl": 0.12353214273328153,
    "ndtw": 0.3931058998128329,
    "path_length": 8.05441886482363,
    "oracle_success": 0.23491027732463296,
    "steps_taken": 66.6231647634584
}