{
    "distance_to_goal": 9.15438662757849,
    "success": 0.14899401848830887,
    "spl": 0.13869812043135468,
    "ndtw": 0.4116116252221225,
    "path_length": 7.086687378072259,
    "oracle_success": 0.21750951604132682,
    "steps_taken": 58.60467645459489
}