{
    "distance_to_goal": 10.737675631222505,
    "success": 0.09511568123393316,
    "spl": 0.08348771418901448,
    "ndtw": 0.3342210078715601,
    "path_length": 10.97130356189266,
    "oracle_success": 0.2879177377892031,
    "steps_taken": 84.39974293059126
}