{
    "distance_to_goal": 9.247875273227692,
    "success": 0.3333333333333333,
    "spl": 0.3333333333333333,
    "ndtw": 0.5514153576453872,
    "path_length": 9.584236544867357,
    "oracle_success": 0.3333333333333333,
    "steps_taken": 85.5
}