{
    "distance_to_goal": 6.262517035007477,
    "success": 0.16666666666666666,
    "spl": 0.16666666666666666,
    "ndtw": 0.5521217080625476,
    "path_length": 11.543547799189886,
    "oracle_success": 0.3333333333333333,
    "steps_taken": 86.5
}