{
    "distance_to_goal": 9.37330600656569,
    "success": 0.1625,
    "spl": 0.15952458382275087,
    "ndtw": 0.38689162521019443,
    "path_length": 9.358086380291251,
    "oracle_success": 0.3375,
    "steps_taken": 67.325
}