{
    "distance_to_goal": 9.12643718953151,
    "success": 0.15167095115681234,
    "spl": 0.14197138109076532,
    "ndtw": 0.3998767118603547,
    "path_length": 8.572347701615257,
    "oracle_success": 0.2879177377892031,
    "steps_taken": 70.80077120822622
}