{
    "distance_to_goal": 9.760314954857,
    "success": 0.1348558999456226,
    "spl": 0.11988089328693029,
    "ndtw": 0.37888908259486903,
    "path_length": 8.226474883824835,
    "oracle_success": 0.2240348015225666,
    "steps_taken": 75.4426318651441
}