{
    "distance_to_goal": 9.43580486926049,
    "success": 0.1533442088091354,
    "spl": 0.13681883335312894,
    "ndtw": 0.3972714104056981,
    "path_length": 8.280331369805285,
    "oracle_success": 0.25666122892876564,
    "steps_taken": 77.61990212071778
}