{
    "distance_to_goal": 8.938324147160225,
    "success": 0.19794344473007713,
    "spl": 0.1813651005562612,
    "ndtw": 0.42827202444302465,
    "path_length": 8.770533393420568,
    "oracle_success": 0.33547557840616965,
    "steps_taken": 69.15295629820051
}