{
    "distance_to_goal": 8.923757439661188,
    "success": 0.16838046272493573,
    "spl": 0.15197556722179154,
    "ndtw": 0.41794556593624077,
    "path_length": 9.036351382153452,
    "oracle_success": 0.32519280205655526,
    "steps_taken": 65.91388174807199
}