{
    "distance_to_goal": 9.900738205620943,
    "success": 0.14301250679717237,
    "spl": 0.1304107132808575,
    "ndtw": 0.3821428274053883,
    "path_length": 8.786291766672763,
    "oracle_success": 0.23871669385535618,
    "steps_taken": 66.22675367047309
}