{
    "distance_to_goal": 10.564586659893394,
    "success": 0.125,
    "spl": 0.11423912776307366,
    "ndtw": 0.35017982291196204,
    "path_length": 9.533527558229162,
    "oracle_success": 0.25,
    "steps_taken": 77.05
}