{
    "distance_to_goal": 9.163719518804458,
    "success": 0.14524421593830333,
    "spl": 0.13167769560645232,
    "ndtw": 0.4102341328650834,
    "path_length": 9.164703168886549,
    "oracle_success": 0.32390745501285345,
    "steps_taken": 67.38431876606684
}