{
    "distance_to_goal": 10.306528143199843,
    "success": 0.12833061446438282,
    "spl": 0.11227827929263917,
    "ndtw": 0.3581174263569569,
    "path_length": 9.386397540196507,
    "oracle_success": 0.25938009787928223,
    "steps_taken": 76.56661228928766
}