{
    "distance_to_goal": 10.378597409278154,
    "success": 0.125,
    "spl": 0.11652316764632813,
    "ndtw": 0.36703355094790024,
    "path_length": 9.225534083963748,
    "oracle_success": 0.2375,
    "steps_taken": 68.425
}