{
    "distance_to_goal": 10.381073657423258,
    "success": 0.1125,
    "spl": 0.1010874834288148,
    "ndtw": 0.35998864515972595,
    "path_length": 9.444286291408547,
    "oracle_success": 0.2375,
    "steps_taken": 68.175
}