{
    "distance_to_goal": 11.636614359294375,
    "success": 0.3333333333333333,
    "spl": 0.3330090520823315,
    "ndtw": 0.43208006974283103,
    "path_length": 10.777737364172935,
    "oracle_success": 0.3333333333333333,
    "steps_taken": 63.833333333333336
}