{
    "distance_to_goal": 10.308800763590261,
    "success": 0.075,
    "spl": 0.06763912962292988,
    "ndtw": 0.3453016946601338,
    "path_length": 9.335142507473938,
    "oracle_success": 0.225,
    "steps_taken": 66.55
}