{
    "distance_to_goal": 8.699184096583517,
    "success": 0.17352185089974292,
    "spl": 0.15872850799841873,
    "ndtw": 0.4229099995792426,
    "path_length": 9.022090565518784,
    "oracle_success": 0.32519280205655526,
    "steps_taken": 77.62467866323908
}