{
    "distance_to_goal": 8.898002426698804,
    "success": 0.175,
    "spl": 0.16635502898348498,
    "ndtw": 0.43713360611725555,
    "path_length": 8.826610823068767,
    "oracle_success": 0.3125,
    "steps_taken": 62.3375
}