{
    "distance_to_goal": 10.520868566606342,
    "success": 0.1348558999456226,
    "spl": 0.11957604864191843,
    "ndtw": 0.35513648765932754,
    "path_length": 9.258490046030609,
    "oracle_success": 0.23871669385535618,
    "steps_taken": 71.07775965198478
}