{
    "distance_to_goal": 10.42212449517101,
    "success": 0.1,
    "spl": 0.09242141627806232,
    "ndtw": 0.36540021059886657,
    "path_length": 9.568281200621277,
    "oracle_success": 0.275,
    "steps_taken": 66.1875
}