{
    "distance_to_goal": 9.918916512226009,
    "success": 0.15551930396954866,
    "spl": 0.13875625000536101,
    "ndtw": 0.3764486672090333,
    "path_length": 9.166478236065382,
    "oracle_success": 0.28548123980424145,
    "steps_taken": 82.02501359434476
}