{
    "distance_to_goal": 9.169878512103791,
    "success": 0.14267352185089974,
    "spl": 0.13127903998226695,
    "ndtw": 0.4071913001151197,
    "path_length": 8.770303083504917,
    "oracle_success": 0.3097686375321337,
    "steps_taken": 69.04627249357327
}