{
    "distance_to_goal": 8.327416498367231,
    "success": 0.20565552699228792,
    "spl": 0.19151750587251867,
    "ndtw": 0.45261508470236783,
    "path_length": 8.747469046587115,
    "oracle_success": 0.36118251928020567,
    "steps_taken": 65.48971722365039
}