{
    "distance_to_goal": 9.874954244069238,
    "success": 0.14910025706940874,
    "spl": 0.13420551734817146,
    "ndtw": 0.3779106034098223,
    "path_length": 9.164622843074486,
    "oracle_success": 0.29048843187660667,
    "steps_taken": 74.29048843187661
}