{
    "distance_to_goal": 11.306492994228998,
    "success": 0.3333333333333333,
    "spl": 0.3333333333333333,
    "ndtw": 0.4546802343850958,
    "path_length": 9.957067294822386,
    "oracle_success": 0.3333333333333333,
    "steps_taken": 70.83333333333333
}