{
    "distance_to_goal": 9.35810886725354,
    "success": 0.1468189233278956,
    "spl": 0.132731422889472,
    "ndtw": 0.40450396229349905,
    "path_length": 7.843290137175298,
    "oracle_success": 0.24469820554649266,
    "steps_taken": 64.12561174551387
}