{
    "distance_to_goal": 8.753063815801493,
    "success": 0.23136246786632392,
    "spl": 0.21873724396860578,
    "ndtw": 0.46068083018602685,
    "path_length": 8.646455999451641,
    "oracle_success": 0.34318766066838047,
    "steps_taken": 62.95372750642674
}