{
    "distance_to_goal": 9.150523948855698,
    "success": 0.175,
    "spl": 0.15913874553627116,
    "ndtw": 0.41412050454013044,
    "path_length": 8.644194080121816,
    "oracle_success": 0.275,
    "steps_taken": 71.2125
}