{
    "distance_to_goal": 8.184920495112635,
    "success": 0.2390745501285347,
    "spl": 0.22635776735396296,
    "ndtw": 0.4755106214376071,
    "path_length": 8.00709156937678,
    "oracle_success": 0.33161953727506427,
    "steps_taken": 60.2879177377892
}