{
    "distance_to_goal": 8.634702268710173,
    "success": 0.2043701799485861,
    "spl": 0.1952210532918623,
    "ndtw": 0.4672977601917067,
    "path_length": 8.123673267655521,
    "oracle_success": 0.32005141388174807,
    "steps_taken": 58.73393316195373
}