{
    "distance_to_goal": 9.022541915718467,
    "success": 0.2125,
    "spl": 0.1984484064531394,
    "ndtw": 0.44164726044171604,
    "path_length": 8.447407936825828,
    "oracle_success": 0.325,
    "steps_taken": 65.45
}