{
    "distance_to_goal": 8.620816039797733,
    "success": 0.21465295629820053,
    "spl": 0.200863468816723,
    "ndtw": 0.4510584062482462,
    "path_length": 8.149847256564101,
    "oracle_success": 0.3226221079691517,
    "steps_taken": 61.6439588688946
}