{
    "distance_to_goal": 9.017567308992147,
    "success": 0.2125,
    "spl": 0.19322890228634965,
    "ndtw": 0.4400538477719853,
    "path_length": 7.3065647121402435,
    "oracle_success": 0.2875,
    "steps_taken": 57.5875
}