{
    "distance_to_goal": 8.703048489615322,
    "success": 0.2375,
    "spl": 0.22513320111111024,
    "ndtw": 0.46601265937130415,
    "path_length": 8.195596143591683,
    "oracle_success": 0.3375,
    "steps_taken": 57.375
}