{
    "distance_to_goal": 8.634028509489061,
    "success": 0.2365038560411311,
    "spl": 0.21982397450980412,
    "ndtw": 0.4509283270877192,
    "path_length": 8.164504447434187,
    "oracle_success": 0.34061696658097684,
    "steps_taken": 61.804627249357324
}