{
    "distance_to_goal": 9.493735193379745,
    "success": 0.1500815660685155,
    "spl": 0.13635729389192716,
    "ndtw": 0.39846929274738496,
    "path_length": 7.8801833468382005,
    "oracle_success": 0.23817292006525284,
    "steps_taken": 62.74061990212072
}