{
    "distance_to_goal": 9.18706535259915,
    "success": 0.16476345840130505,
    "spl": 0.15007189225372514,
    "ndtw": 0.4100853538122355,
    "path_length": 7.415723777991057,
    "oracle_success": 0.2365415986949429,
    "steps_taken": 60.63621533442088
}