{
    "distance_to_goal": 8.490398003549762,
    "success": 0.2275064267352185,
    "spl": 0.2136510850390172,
    "ndtw": 0.46431953933181447,
    "path_length": 8.415884734180597,
    "oracle_success": 0.34704370179948585,
    "steps_taken": 64.24421593830334
}