{
    "distance_to_goal": 8.450272531083433,
    "success": 0.2095115681233933,
    "spl": 0.1976083663510403,
    "ndtw": 0.4592254298986129,
    "path_length": 8.14848205678561,
    "oracle_success": 0.3329048843187661,
    "steps_taken": 59.91773778920309
}