{
    "distance_to_goal": 9.696617339551448,
    "success": 0.1125,
    "spl": 0.10673647152477286,
    "ndtw": 0.3827424540550407,
    "path_length": 8.054073412375875,
    "oracle_success": 0.1875,
    "steps_taken": 64.025
}