{
    "distance_to_goal": 8.368951776455178,
    "success": 0.2159383033419023,
    "spl": 0.20102616285439673,
    "ndtw": 0.462859002607453,
    "path_length": 7.643893147480202,
    "oracle_success": 0.30848329048843187,
    "steps_taken": 55.04755784061697
}