{
    "distance_to_goal": 10.079505168557848,
    "success": 0.14355628058727568,
    "spl": 0.1283669413055199,
    "ndtw": 0.36743115638835727,
    "path_length": 8.762465028365341,
    "oracle_success": 0.25122349102773245,
    "steps_taken": 71.82816748232734
}