{
    "distance_to_goal": 8.867326744738966,
    "success": 0.2375,
    "spl": 0.21717966059085686,
    "ndtw": 0.45380836309382105,
    "path_length": 8.391621302661951,
    "oracle_success": 0.2875,
    "steps_taken": 59.1875
}