{
    "distance_to_goal": 8.30996667189586,
    "success": 0.24293059125964012,
    "spl": 0.2194285600610409,
    "ndtw": 0.46965195747939903,
    "path_length": 8.711537585056055,
    "oracle_success": 0.33161953727506427,
    "steps_taken": 60.92159383033419
}