{
    "distance_to_goal": 8.43005674717359,
    "success": 0.2493573264781491,
    "spl": 0.23575803809318605,
    "ndtw": 0.4658781862460494,
    "path_length": 8.931300310739598,
    "oracle_success": 0.3496143958868895,
    "steps_taken": 64.76992287917737
}