{
    "distance_to_goal": 9.907545955885098,
    "success": 0.13594344752582926,
    "spl": 0.12198126169517758,
    "ndtw": 0.3886804699907316,
    "path_length": 8.713583875379653,
    "oracle_success": 0.23110386079390974,
    "steps_taken": 67.96519847743339
}