{
    "distance_to_goal": 8.540217124596047,
    "success": 0.20051413881748073,
    "spl": 0.18608904778412366,
    "ndtw": 0.44258421813747495,
    "path_length": 8.334118731393879,
    "oracle_success": 0.32005141388174807,
    "steps_taken": 62.72879177377892
}