{
    "distance_to_goal": 9.608749900558125,
    "success": 0.12669929309407288,
    "spl": 0.11795176929874555,
    "ndtw": 0.3954849891529112,
    "path_length": 7.85204261133234,
    "oracle_success": 0.22185970636215335,
    "steps_taken": 58.462207721587816
}