{
    "distance_to_goal": 9.332763160765172,
    "success": 0.1625,
    "spl": 0.15480409921051583,
    "ndtw": 0.4245132870626607,
    "path_length": 8.447833724124939,
    "oracle_success": 0.25,
    "steps_taken": 65.0125
}