{
    "distance_to_goal": 10.11896084100008,
    "success": 0.1,
    "spl": 0.09804842672819714,
    "ndtw": 0.3882642672405369,
    "path_length": 7.959597475582268,
    "oracle_success": 0.2125,
    "steps_taken": 57.1
}