{
    "distance_to_goal": 8.340128368020517,
    "success": 0.2377892030848329,
    "spl": 0.22182764245708583,
    "ndtw": 0.468625887353566,
    "path_length": 8.482658308072132,
    "oracle_success": 0.32519280205655526,
    "steps_taken": 61.02956298200514
}