{
    "distance_to_goal": 8.498224587738514,
    "success": 0.2125,
    "spl": 0.19876076008705612,
    "ndtw": 0.46863301002959556,
    "path_length": 8.11105813126547,
    "oracle_success": 0.3375,
    "steps_taken": 62.025
}