{
    "distance_to_goal": 8.40635254891029,
    "success": 0.2069408740359897,
    "spl": 0.19092003875461458,
    "ndtw": 0.4598793842007863,
    "path_length": 8.490955418320596,
    "oracle_success": 0.3329048843187661,
    "steps_taken": 61.41645244215938
}