{
    "distance_to_goal": 9.32938555404544,
    "success": 0.2125,
    "spl": 0.18961133535659536,
    "ndtw": 0.42923448170168105,
    "path_length": 8.701007827650756,
    "oracle_success": 0.3,
    "steps_taken": 65.2
}