{
    "distance_to_goal": 8.66204017239855,
    "success": 0.2159383033419023,
    "spl": 0.2028442942304151,
    "ndtw": 0.4501980307396827,
    "path_length": 8.542307125593213,
    "oracle_success": 0.33161953727506427,
    "steps_taken": 65.6413881748072
}