{
    "distance_to_goal": 8.861309565235034,
    "success": 0.21979434447300772,
    "spl": 0.20894793878060824,
    "ndtw": 0.440378795424016,
    "path_length": 8.16331744517617,
    "oracle_success": 0.2930591259640103,
    "steps_taken": 64.0706940874036
}