{
    "distance_to_goal": 9.028061978518963,
    "success": 0.175,
    "spl": 0.15947541663496664,
    "ndtw": 0.45537582769136875,
    "path_length": 8.828403922647704,
    "oracle_success": 0.325,
    "steps_taken": 57.475
}