{
    "distance_to_goal": 9.094921668618918,
    "success": 0.2125,
    "spl": 0.19296331739021716,
    "ndtw": 0.44135749077564634,
    "path_length": 8.081313955131918,
    "oracle_success": 0.2625,
    "steps_taken": 61.85
}