{
    "distance_to_goal": 10.121297042444349,
    "success": 0.1,
    "spl": 0.09570676884061152,
    "ndtw": 0.37805007716292677,
    "path_length": 7.360232359688962,
    "oracle_success": 0.175,
    "steps_taken": 58.325
}