{
    "distance_to_goal": 8.141603876106384,
    "success": 0.2480719794344473,
    "spl": 0.23315489573862663,
    "ndtw": 0.47863965401635905,
    "path_length": 8.155930030102535,
    "oracle_success": 0.32519280205655526,
    "steps_taken": 61.95758354755784
}