{
    "distance_to_goal": 10.150966414984248,
    "success": 0.10657966286025014,
    "spl": 0.09782372002430566,
    "ndtw": 0.36662437340086357,
    "path_length": 8.336138333087236,
    "oracle_success": 0.2044589450788472,
    "steps_taken": 67.294725394236
}