{
    "distance_to_goal": 9.792974277213215,
    "success": 0.175,
    "spl": 0.16365016298493187,
    "ndtw": 0.40602528844630353,
    "path_length": 7.749502343535527,
    "oracle_success": 0.2125,
    "steps_taken": 62.55
}