{
    "distance_to_goal": 10.099642776280982,
    "success": 0.13268080478520936,
    "spl": 0.11588371807892592,
    "ndtw": 0.37085956227670336,
    "path_length": 8.843800432483,
    "oracle_success": 0.2398042414355628,
    "steps_taken": 66.23762914627515
}