{
    "distance_to_goal": 11.494116628170014,
    "success": 0.075,
    "spl": 0.07082362342116322,
    "ndtw": 0.3271420178874738,
    "path_length": 9.702974316518134,
    "oracle_success": 0.2,
    "steps_taken": 76.5625
}