{
    "distance_to_goal": 10.340786061808467,
    "success": 0.0625,
    "spl": 0.05951136284029242,
    "ndtw": 0.3696634105853434,
    "path_length": 8.927772086192272,
    "oracle_success": 0.2125,
    "steps_taken": 64.6
}