{
    "distance_to_goal": 10.452022546773666,
    "success": 0.10494834148994019,
    "spl": 0.09515577974409022,
    "ndtw": 0.3488265340145392,
    "path_length": 8.878403768730514,
    "oracle_success": 0.21207177814029363,
    "steps_taken": 76.11092985318108
}