{
    "distance_to_goal": 10.17912895347358,
    "success": 0.09897172236503857,
    "spl": 0.0904963563580291,
    "ndtw": 0.37085908505722276,
    "path_length": 9.040337083712696,
    "oracle_success": 0.2519280205655527,
    "steps_taken": 63.38174807197944
}