{
    "distance_to_goal": 12.175133017078043,
    "success": 0.0625,
    "spl": 0.056413635216006376,
    "ndtw": 0.3047661270535235,
    "path_length": 10.354872276789683,
    "oracle_success": 0.2125,
    "steps_taken": 78.45
}