{
    "distance_to_goal": 11.145474087446928,
    "success": 0.0875,
    "spl": 0.07912573197343949,
    "ndtw": 0.3345076136372145,
    "path_length": 9.398005550933885,
    "oracle_success": 0.2125,
    "steps_taken": 74.0375
}