{
    "distance_to_goal": 10.264618121468386,
    "success": 0.11854268624252311,
    "spl": 0.10500346396576957,
    "ndtw": 0.35202190477805145,
    "path_length": 8.438449062441933,
    "oracle_success": 0.21479064709081022,
    "steps_taken": 66.92495921696575
}