{
    "distance_to_goal": 10.529484181478619,
    "success": 0.0875,
    "spl": 0.08397637880555615,
    "ndtw": 0.34638205235476843,
    "path_length": 9.317843486042694,
    "oracle_success": 0.2375,
    "steps_taken": 72.525
}