{
    "distance_to_goal": 10.358868421586621,
    "success": 0.1370309951060359,
    "spl": 0.12200748533977365,
    "ndtw": 0.36234243092061563,
    "path_length": 8.627854841353075,
    "oracle_success": 0.2234910277324633,
    "steps_taken": 68.32137030995106
}