{
    "distance_to_goal": 11.663002317398787,
    "success": 0.0375,
    "spl": 0.031541731893103754,
    "ndtw": 0.33150710793464316,
    "path_length": 9.496220549719874,
    "oracle_success": 0.1875,
    "steps_taken": 68.975
}