{
    "distance_to_goal": 11.445498820953071,
    "success": 0.0625,
    "spl": 0.056803118784381754,
    "ndtw": 0.30956863583058686,
    "path_length": 9.012832263064727,
    "oracle_success": 0.1875,
    "steps_taken": 67.9
}