{
    "distance_to_goal": 10.999443962052464,
    "success": 0.0875,
    "spl": 0.07621491252496701,
    "ndtw": 0.33058825930726177,
    "path_length": 9.63394415502844,
    "oracle_success": 0.25,
    "steps_taken": 67.9125
}