{
    "distance_to_goal": 10.242089111693108,
    "success": 0.10796915167095116,
    "spl": 0.09854945907208258,
    "ndtw": 0.3568245170891627,
    "path_length": 9.177495989399093,
    "oracle_success": 0.26735218508997427,
    "steps_taken": 70.80719794344473
}