{
    "distance_to_goal": 11.077911499887705,
    "success": 0.0625,
    "spl": 0.05334957464059716,
    "ndtw": 0.330368251723336,
    "path_length": 9.797461645826115,
    "oracle_success": 0.2375,
    "steps_taken": 68.5375
}