{
    "distance_to_goal": 10.24977941872375,
    "success": 0.10025706940874037,
    "spl": 0.09059613257637159,
    "ndtw": 0.3497858152159393,
    "path_length": 8.778527984540553,
    "oracle_success": 0.2365038560411311,
    "steps_taken": 72.426735218509
}