{
    "distance_to_goal": 10.864333194121718,
    "success": 0.075,
    "spl": 0.06839764776249171,
    "ndtw": 0.3488086258895583,
    "path_length": 9.937256324780174,
    "oracle_success": 0.2625,
    "steps_taken": 60.5625
}