{
    "distance_to_goal": 10.651855997741222,
    "success": 0.0625,
    "spl": 0.06055765824972609,
    "ndtw": 0.3662837950806058,
    "path_length": 8.98483772764448,
    "oracle_success": 0.1875,
    "steps_taken": 67.3
}