{
    "distance_to_goal": 11.249224192649127,
    "success": 0.05,
    "spl": 0.043225885036360524,
    "ndtw": 0.3190701491383524,
    "path_length": 9.769931580281991,
    "oracle_success": 0.225,
    "steps_taken": 70.125
}