{
    "distance_to_goal": 10.30548348191618,
    "success": 0.10925449871465295,
    "spl": 0.09787448720543779,
    "ndtw": 0.3607821408357901,
    "path_length": 8.96443972239174,
    "oracle_success": 0.25578406169665807,
    "steps_taken": 66.63367609254499
}