{
    "distance_to_goal": 11.53528413027525,
    "success": 0.0375,
    "spl": 0.03473108442821887,
    "ndtw": 0.31156074583005067,
    "path_length": 9.505940083123278,
    "oracle_success": 0.2125,
    "steps_taken": 74.25
}