{
    "distance_to_goal": 10.88484982139692,
    "success": 0.11053984575835475,
    "spl": 0.10131944144315178,
    "ndtw": 0.34579749287245015,
    "path_length": 9.261637590964586,
    "oracle_success": 0.2532133676092545,
    "steps_taken": 75.89845758354755
}