{
    "distance_to_goal": 10.063859499339733,
    "success": 0.11182519280205655,
    "spl": 0.10044852693102056,
    "ndtw": 0.38119953659876116,
    "path_length": 8.823328332737642,
    "oracle_success": 0.25578406169665807,
    "steps_taken": 63.12853470437018
}