{
    "distance_to_goal": 10.323560807729441,
    "success": 0.11182519280205655,
    "spl": 0.10090667329035038,
    "ndtw": 0.34917375343684304,
    "path_length": 9.088030244462747,
    "oracle_success": 0.2609254498714653,
    "steps_taken": 71.18508997429306
}