{
    "distance_to_goal": 11.143598324805499,
    "success": 0.0875,
    "spl": 0.08047852631169439,
    "ndtw": 0.3372105459958449,
    "path_length": 9.100546182098332,
    "oracle_success": 0.1875,
    "steps_taken": 70.45
}