{
    "distance_to_goal": 10.265123587521021,
    "success": 0.12941816204458945,
    "spl": 0.1137673851421438,
    "ndtw": 0.35859657133639866,
    "path_length": 8.852537500096101,
    "oracle_success": 0.2240348015225666,
    "steps_taken": 68.31430125067972
}