{
    "distance_to_goal": 10.919949336349964,
    "success": 0.0625,
    "spl": 0.05641401278411494,
    "ndtw": 0.34644291425284457,
    "path_length": 9.311401474382729,
    "oracle_success": 0.2,
    "steps_taken": 60.5375
}