{
    "distance_to_goal": 10.324533490641258,
    "success": 0.11053984575835475,
    "spl": 0.09826015553738633,
    "ndtw": 0.3609901044605153,
    "path_length": 9.177293386322631,
    "oracle_success": 0.2506426735218509,
    "steps_taken": 72.10411311053984
}