{
    "distance_to_goal": 10.769626986980438,
    "success": 0.0875,
    "spl": 0.08272291600893064,
    "ndtw": 0.35878204926355783,
    "path_length": 9.301303659885889,
    "oracle_success": 0.2375,
    "steps_taken": 63.875
}