{
    "distance_to_goal": 10.19970210620554,
    "success": 0.07326478149100257,
    "spl": 0.06454274687186383,
    "ndtw": 0.3452139764901979,
    "path_length": 8.99485297985911,
    "oracle_success": 0.21465295629820053,
    "steps_taken": 68.26221079691517
}