{
    "distance_to_goal": 8.936607358311626,
    "success": 0.18251928020565553,
    "spl": 0.1745520207799882,
    "ndtw": 0.42719000180736433,
    "path_length": 8.422091665373147,
    "oracle_success": 0.2699228791773779,
    "steps_taken": 60.68637532133676
}