{
    "distance_to_goal": 8.506283115049714,
    "success": 0.20822622107969152,
    "spl": 0.19149702599291016,
    "ndtw": 0.45220466619851046,
    "path_length": 8.14888114155365,
    "oracle_success": 0.31233933161953725,
    "steps_taken": 58.790488431876604
}