{
    "distance_to_goal": 8.772959352843463,
    "success": 0.2375,
    "spl": 0.21830821796798933,
    "ndtw": 0.4478504682921062,
    "path_length": 8.721556032740045,
    "oracle_success": 0.3375,
    "steps_taken": 55.75
}