{
    "distance_to_goal": 9.304056556661406,
    "success": 0.15225666122892875,
    "spl": 0.14131946036767126,
    "ndtw": 0.4026429421170943,
    "path_length": 7.694699548107891,
    "oracle_success": 0.24850462207721588,
    "steps_taken": 66.95867319195214
}