{
    "distance_to_goal": 9.572974445298314,
    "success": 0.1125,
    "spl": 0.10388734458565947,
    "ndtw": 0.3695569841887422,
    "path_length": 7.940812303405255,
    "oracle_success": 0.2375,
    "steps_taken": 63.8625
}