{
    "distance_to_goal": 8.794414887204766,
    "success": 0.2625,
    "spl": 0.22699180433326985,
    "ndtw": 0.4347177895524596,
    "path_length": 8.584368276392343,
    "oracle_success": 0.3625,
    "steps_taken": 63.325
}