{
    "distance_to_goal": 8.47000386797677,
    "success": 0.20565552699228792,
    "spl": 0.1937786487810981,
    "ndtw": 0.4558997303813829,
    "path_length": 8.185053478108701,
    "oracle_success": 0.32005141388174807,
    "steps_taken": 60.886889460154244
}