{
    "distance_to_goal": 8.368912885458734,
    "success": 0.2403598971722365,
    "spl": 0.22417835501263247,
    "ndtw": 0.46546514224844004,
    "path_length": 8.249132720243848,
    "oracle_success": 0.3444730077120823,
    "steps_taken": 60.854755784061695
}