{
    "distance_to_goal": 9.201383658498525,
    "success": 0.2375,
    "spl": 0.21417675554103827,
    "ndtw": 0.4116018888787507,
    "path_length": 9.37778553152457,
    "oracle_success": 0.3375,
    "steps_taken": 67.35
}