{
    "distance_to_goal": 9.453491957113147,
    "success": 0.1625,
    "spl": 0.1590688739556696,
    "ndtw": 0.419722166007622,
    "path_length": 8.482600543659647,
    "oracle_success": 0.275,
    "steps_taken": 57.8625
}