{
    "distance_to_goal": 8.720310410661838,
    "success": 0.2467866323907455,
    "spl": 0.22486635674705735,
    "ndtw": 0.4544513564330146,
    "path_length": 8.832374223123534,
    "oracle_success": 0.3740359897172236,
    "steps_taken": 62.54370179948586
}