{
    "distance_to_goal": 8.704128464358286,
    "success": 0.2236503856041131,
    "spl": 0.20975146379901966,
    "ndtw": 0.44539984576669356,
    "path_length": 9.096030712546511,
    "oracle_success": 0.33547557840616965,
    "steps_taken": 67.42544987146529
}