{
    "distance_to_goal": 8.873312290997308,
    "success": 0.18123393316195371,
    "spl": 0.16871138795247817,
    "ndtw": 0.4225070103971751,
    "path_length": 8.34202119657544,
    "oracle_success": 0.2853470437017995,
    "steps_taken": 64.30462724935732
}