{
    "distance_to_goal": 9.21346252411604,
    "success": 0.2125,
    "spl": 0.18754048556840286,
    "ndtw": 0.4274392527821296,
    "path_length": 8.719101162638982,
    "oracle_success": 0.3125,
    "steps_taken": 61.0375
}