{
    "distance_to_goal": 9.654560136795045,
    "success": 0.1625,
    "spl": 0.14755219163881392,
    "ndtw": 0.39709417392069685,
    "path_length": 8.100068704113752,
    "oracle_success": 0.275,
    "steps_taken": 67.825
}