{
    "distance_to_goal": 9.43199557519724,
    "success": 0.1402936378466558,
    "spl": 0.13085088950590593,
    "ndtw": 0.4073248918740716,
    "path_length": 7.770378416423194,
    "oracle_success": 0.233278955954323,
    "steps_taken": 61.417074497009246
}