{
    "distance_to_goal": 8.639614488556981,
    "success": 0.225,
    "spl": 0.20457060755195883,
    "ndtw": 0.45028415423460355,
    "path_length": 6.930784105148632,
    "oracle_success": 0.2875,
    "steps_taken": 58.2
}