{
    "distance_to_goal": 8.736339237473924,
    "success": 0.2043701799485861,
    "spl": 0.19047374316036828,
    "ndtw": 0.44393895067746875,
    "path_length": 7.544667005532714,
    "oracle_success": 0.2853470437017995,
    "steps_taken": 55.56169665809769
}