{
    "distance_to_goal": 9.637678088629421,
    "success": 0.14192495921696574,
    "spl": 0.1242313043402881,
    "ndtw": 0.3871690381087746,
    "path_length": 8.243168864837338,
    "oracle_success": 0.24361065796628603,
    "steps_taken": 72.61881457313757
}