{
    "distance_to_goal": 9.518666626885533,
    "success": 0.1875,
    "spl": 0.17185571804300065,
    "ndtw": 0.40812997956086744,
    "path_length": 8.711514872415682,
    "oracle_success": 0.2875,
    "steps_taken": 62.6125
}