{
    "distance_to_goal": 9.631039174481247,
    "success": 0.15769439912996194,
    "spl": 0.14566966641019152,
    "ndtw": 0.39614664689486595,
    "path_length": 8.332263849064077,
    "oracle_success": 0.26046764545948886,
    "steps_taken": 70.35834692767808
}