{
    "distance_to_goal": 9.481081540882588,
    "success": 0.0875,
    "spl": 0.07337344079311116,
    "ndtw": 0.38679465296622717,
    "path_length": 9.599668390175138,
    "oracle_success": 0.25,
    "steps_taken": 67.6875
}