{
    "distance_to_goal": 9.041514945030212,
    "success": 0.0625,
    "spl": 0.05310175768746049,
    "ndtw": 0.4176606018869104,
    "path_length": 8.891229047761396,
    "oracle_success": 0.2625,
    "steps_taken": 63.175
}