{
    "distance_to_goal": 11.345549505203962,
    "success": 0.0625,
    "spl": 0.05992910688849011,
    "ndtw": 0.31322156966706494,
    "path_length": 9.70105791380738,
    "oracle_success": 0.2,
    "steps_taken": 64.3125
}