{
    "distance_to_goal": 10.114103420823813,
    "success": 0.0875,
    "spl": 0.07769685862363038,
    "ndtw": 0.3842804351602936,
    "path_length": 8.474393955234422,
    "oracle_success": 0.1875,
    "steps_taken": 61.675
}