{
    "distance_to_goal": 9.576969317344895,
    "success": 0.18894601542416453,
    "spl": 0.17935068030894827,
    "ndtw": 0.41972377005531325,
    "path_length": 9.44572042190685,
    "oracle_success": 0.33547557840616965,
    "steps_taken": 68.58997429305913
}