{
    "distance_to_goal": 9.468266235291958,
    "success": 0.1125,
    "spl": 0.10652997676998918,
    "ndtw": 0.39757088455284845,
    "path_length": 8.359867643518374,
    "oracle_success": 0.2625,
    "steps_taken": 57.2
}