{
    "distance_to_goal": 10.311386929102781,
    "success": 0.13268080478520936,
    "spl": 0.11957624792502416,
    "ndtw": 0.3648950744740121,
    "path_length": 8.856858001137049,
    "oracle_success": 0.23219140837411636,
    "steps_taken": 65.20228384991843
}