{
    "distance_to_goal": 9.436796736709562,
    "success": 0.17480719794344474,
    "spl": 0.16000045341403324,
    "ndtw": 0.4175747262751981,
    "path_length": 9.373478799440376,
    "oracle_success": 0.3329048843187661,
    "steps_taken": 67.33161953727506
}