{
    "distance_to_goal": 10.497557542473078,
    "success": 0.1125,
    "spl": 0.10581457520033288,
    "ndtw": 0.3660689793365096,
    "path_length": 9.665171200223266,
    "oracle_success": 0.2375,
    "steps_taken": 69.225
}