{
    "distance_to_goal": 9.705333206582345,
    "success": 0.16580976863753213,
    "spl": 0.15666369117673293,
    "ndtw": 0.3994532911375118,
    "path_length": 8.80513558552841,
    "oracle_success": 0.29048843187660667,
    "steps_taken": 65.15424164524421
}