{
    "distance_to_goal": 9.541119492002272,
    "success": 0.16966580976863754,
    "spl": 0.15351999061193683,
    "ndtw": 0.40944855530388485,
    "path_length": 9.438501254795016,
    "oracle_success": 0.31233933161953725,
    "steps_taken": 66.05912596401028
}