{
    "distance_to_goal": 9.2412603918463,
    "success": 0.1125,
    "spl": 0.1073611936662385,
    "ndtw": 0.40061577016227307,
    "path_length": 8.340088865417055,
    "oracle_success": 0.2125,
    "steps_taken": 50.675
}