{
    "distance_to_goal": 10.687930758297444,
    "success": 0.0875,
    "spl": 0.08204525165770175,
    "ndtw": 0.36874273642031424,
    "path_length": 9.374866584537084,
    "oracle_success": 0.2375,
    "steps_taken": 60.2375
}