{
    "distance_to_goal": 9.20478920370417,
    "success": 0.18894601542416453,
    "spl": 0.1757539113231203,
    "ndtw": 0.4193816956989035,
    "path_length": 8.614834720509362,
    "oracle_success": 0.3046272493573265,
    "steps_taken": 60.239074550128535
}