{
    "distance_to_goal": 9.388243646174669,
    "success": 0.0875,
    "spl": 0.08289425263708843,
    "ndtw": 0.40143043924823035,
    "path_length": 8.42361960638208,
    "oracle_success": 0.2375,
    "steps_taken": 58.8625
}