{
    "distance_to_goal": 10.439409591071206,
    "success": 0.11908646003262642,
    "spl": 0.10661256985836587,
    "ndtw": 0.35029848779810674,
    "path_length": 8.798237293772633,
    "oracle_success": 0.22185970636215335,
    "steps_taken": 63.159869494290376
}