{
    "distance_to_goal": 10.697472050786018,
    "success": 0.0875,
    "spl": 0.07995869692478433,
    "ndtw": 0.3497796391264215,
    "path_length": 9.480436481634388,
    "oracle_success": 0.2125,
    "steps_taken": 65.4875
}