{
    "distance_to_goal": 10.601613314449787,
    "success": 0.0625,
    "spl": 0.05379448678169448,
    "ndtw": 0.35064539403818007,
    "path_length": 9.365683062869357,
    "oracle_success": 0.1875,
    "steps_taken": 65.325
}