{
    "distance_to_goal": 10.419602450728416,
    "success": 0.0625,
    "spl": 0.058240675633446294,
    "ndtw": 0.3538644940622916,
    "path_length": 9.029462178703398,
    "oracle_success": 0.225,
    "steps_taken": 59.9875
}