{
    "distance_to_goal": 9.874630454927683,
    "success": 0.1,
    "spl": 0.09551628259396092,
    "ndtw": 0.38804888187657904,
    "path_length": 7.479102766246069,
    "oracle_success": 0.2125,
    "steps_taken": 57.7875
}