{
    "distance_to_goal": 9.849386890072937,
    "success": 0.13104948341489941,
    "spl": 0.11826259828101154,
    "ndtw": 0.3832953257693109,
    "path_length": 7.942446202048478,
    "oracle_success": 0.2240348015225666,
    "steps_taken": 56.98966829798804
}