{
    "distance_to_goal": 9.886177159903289,
    "success": 0.14652956298200515,
    "spl": 0.136366356290925,
    "ndtw": 0.3792939173230673,
    "path_length": 9.689848360450751,
    "oracle_success": 0.30205655526992287,
    "steps_taken": 69.88174807197943
}