{
    "distance_to_goal": 9.92893847450614,
    "success": 0.1125,
    "spl": 0.10879195586479895,
    "ndtw": 0.41538542981824317,
    "path_length": 8.774573244004568,
    "oracle_success": 0.275,
    "steps_taken": 62.15
}