{
    "distance_to_goal": 10.26788656897843,
    "success": 0.0625,
    "spl": 0.058725948903128246,
    "ndtw": 0.3501600437141706,
    "path_length": 9.033306809402518,
    "oracle_success": 0.2125,
    "steps_taken": 66.1875
}