{
    "distance_to_goal": 10.026072591543198,
    "success": 0.0875,
    "spl": 0.08239021645483077,
    "ndtw": 0.39196578835487256,
    "path_length": 9.107437260996084,
    "oracle_success": 0.275,
    "steps_taken": 59.85
}