{
    "distance_to_goal": 9.361189248188756,
    "success": 0.18123393316195371,
    "spl": 0.16681480604275772,
    "ndtw": 0.42005271719913845,
    "path_length": 9.098939932583228,
    "oracle_success": 0.31362467866323906,
    "steps_taken": 62.437017994858614
}