{
    "distance_to_goal": 10.06579215079546,
    "success": 0.1,
    "spl": 0.09404424472242132,
    "ndtw": 0.3875326701601589,
    "path_length": 8.324927166000444,
    "oracle_success": 0.2125,
    "steps_taken": 56.2625
}