{
    "distance_to_goal": 9.194268772285431,
    "success": 0.125,
    "spl": 0.11939437912363897,
    "ndtw": 0.43165061980345076,
    "path_length": 8.821899347916576,
    "oracle_success": 0.2375,
    "steps_taken": 63.05
}