{
    "distance_to_goal": 10.762725046277046,
    "success": 0.0875,
    "spl": 0.07893818979512793,
    "ndtw": 0.319774100372605,
    "path_length": 9.432321969245095,
    "oracle_success": 0.2125,
    "steps_taken": 71.4375
}