{
    "distance_to_goal": 10.517374896258115,
    "success": 0.075,
    "spl": 0.06567980974439856,
    "ndtw": 0.3784862797378835,
    "path_length": 9.58692272711778,
    "oracle_success": 0.2375,
    "steps_taken": 66.925
}