{
    "distance_to_goal": 9.683474123477936,
    "success": 0.0875,
    "spl": 0.07920999119197189,
    "ndtw": 0.3953185956448072,
    "path_length": 9.352537341369317,
    "oracle_success": 0.225,
    "steps_taken": 58.3375
}