{
    "distance_to_goal": 10.164954699162655,
    "success": 0.13159325720500273,
    "spl": 0.11600949879223536,
    "ndtw": 0.37245476746346284,
    "path_length": 8.302843345110816,
    "oracle_success": 0.2234910277324633,
    "steps_taken": 64.28493746601414
}