{
    "distance_to_goal": 10.52423548400402,
    "success": 0.1,
    "spl": 0.09723864325294015,
    "ndtw": 0.35930155750335346,
    "path_length": 8.457539595873095,
    "oracle_success": 0.2125,
    "steps_taken": 58.6375
}