{
    "distance_to_goal": 10.167178624868393,
    "success": 0.0875,
    "spl": 0.08354093814954515,
    "ndtw": 0.3870916669706791,
    "path_length": 9.43023851858452,
    "oracle_success": 0.2375,
    "steps_taken": 55.7875
}