{
    "distance_to_goal": 10.03096661200043,
    "success": 0.14267352185089974,
    "spl": 0.13288115629863645,
    "ndtw": 0.38352898232681726,
    "path_length": 8.385582510882479,
    "oracle_success": 0.2622107969151671,
    "steps_taken": 58.4254498714653
}