{
    "distance_to_goal": 10.401250797510148,
    "success": 0.1125,
    "spl": 0.10242743660721103,
    "ndtw": 0.36572983587502056,
    "path_length": 9.512885442842249,
    "oracle_success": 0.275,
    "steps_taken": 58.05
}