{
    "distance_to_goal": 10.228738443553448,
    "success": 0.075,
    "spl": 0.06628748480028916,
    "ndtw": 0.37779030916373607,
    "path_length": 9.207223024050595,
    "oracle_success": 0.2125,
    "steps_taken": 64.85
}