{
    "distance_to_goal": 12.128142661228775,
    "success": 0.05,
    "spl": 0.029759412519339244,
    "ndtw": 0.17087095360669582,
    "path_length": 18.534269395985472,
    "oracle_success": 0.4,
    "steps_taken": 182.0
}