{
    "distance_to_goal": 12.311295548081398,
    "success": 0.0625,
    "spl": 0.03599739541570085,
    "ndtw": 0.14116631298367982,
    "path_length": 18.419974787130194,
    "oracle_success": 0.3875,
    "steps_taken": 182.0
}