{
    "distance_to_goal": 11.206546426738749,
    "success": 0.08483290488431877,
    "spl": 0.055324226332042155,
    "ndtw": 0.2294404966690155,
    "path_length": 15.45624259784869,
    "oracle_success": 0.38946015424164526,
    "steps_taken": 182.0
}