{
    "distance_to_goal": 11.916316097974777,
    "success": 0.0375,
    "spl": 0.025237189667653415,
    "ndtw": 0.14725637237129646,
    "path_length": 17.511090056941963,
    "oracle_success": 0.3625,
    "steps_taken": 182.0
}