{
    "distance_to_goal": 12.129083719477057,
    "success": 0.05,
    "spl": 0.019222865644991562,
    "ndtw": 0.17789270184453793,
    "path_length": 17.41760505437851,
    "oracle_success": 0.375,
    "steps_taken": 182.0
}