{
    "distance_to_goal": 11.569633504748344,
    "success": 0.025,
    "spl": 0.013455471217644977,
    "ndtw": 0.16805674271887738,
    "path_length": 17.173466667404863,
    "oracle_success": 0.325,
    "steps_taken": 182.0
}