{
    "distance_to_goal": 10.909616465357091,
    "success": 0.11439588688946016,
    "spl": 0.06149583056401731,
    "ndtw": 0.19915677538249935,
    "path_length": 17.247910347045874,
    "oracle_success": 0.40359897172236503,
    "steps_taken": 182.0
}