{
    "distance_to_goal": 12.229662108421326,
    "success": 0.05,
    "spl": 0.033347276998441595,
    "ndtw": 0.16595900887504567,
    "path_length": 17.43627008430219,
    "oracle_success": 0.3375,
    "steps_taken": 182.0
}