{
    "distance_to_goal": 12.005297811329365,
    "success": 0.0875,
    "spl": 0.054653064856346655,
    "ndtw": 0.17880868880407336,
    "path_length": 15.367277738422843,
    "oracle_success": 0.375,
    "steps_taken": 182.0
}