{
    "distance_to_goal": 12.836654971167444,
    "success": 0.125,
    "spl": 0.05074701397183919,
    "ndtw": 0.1377183608918488,
    "path_length": 17.384706398421514,
    "oracle_success": 0.325,
    "steps_taken": 182.0
}