{
    "distance_to_goal": 11.421887485008773,
    "success": 0.11439588688946016,
    "spl": 0.06788156826756962,
    "ndtw": 0.19998140112409432,
    "path_length": 16.971079749103687,
    "oracle_success": 0.36503856041131105,
    "steps_taken": 182.0
}