{
    "distance_to_goal": 11.48084765032968,
    "success": 0.08611825192802057,
    "spl": 0.055113615941530004,
    "ndtw": 0.2017363192795328,
    "path_length": 17.05198490167301,
    "oracle_success": 0.39460154241645246,
    "steps_taken": 182.0
}