{
    "distance_to_goal": 10.986385725438595,
    "success": 0.0625,
    "spl": 0.04085558656055673,
    "ndtw": 0.2388737240758493,
    "path_length": 15.057695230148965,
    "oracle_success": 0.4375,
    "steps_taken": 182.0
}