{
    "distance_to_goal": 10.721757318079472,
    "success": 0.1125,
    "spl": 0.06886493705097226,
    "ndtw": 0.21644990251793267,
    "path_length": 15.044254122544896,
    "oracle_success": 0.375,
    "steps_taken": 182.0
}