{
    "distance_to_goal": 11.661638677120209,
    "success": 0.05,
    "spl": 0.029140607672415043,
    "ndtw": 0.1785657747865569,
    "path_length": 17.093699661842354,
    "oracle_success": 0.4,
    "steps_taken": 182.0
}