{
    "distance_to_goal": 12.039101452380418,
    "success": 0.1125,
    "spl": 0.07255369004444638,
    "ndtw": 0.1980076285463787,
    "path_length": 16.119600734126287,
    "oracle_success": 0.375,
    "steps_taken": 180.8625
}