{
    "distance_to_goal": 11.373401974141597,
    "success": 0.0625,
    "spl": 0.03330093105098599,
    "ndtw": 0.16988074879696413,
    "path_length": 16.39996361080848,
    "oracle_success": 0.3875,
    "steps_taken": 182.0
}