{
    "distance_to_goal": 11.148439963161945,
    "success": 0.125,
    "spl": 0.07456194814533876,
    "ndtw": 0.2006226299401638,
    "path_length": 16.486819924744264,
    "oracle_success": 0.325,
    "steps_taken": 182.0
}