{
    "distance_to_goal": 10.416884684053013,
    "success": 0.09624796084828711,
    "spl": 0.06079520786183965,
    "ndtw": 0.2061720181592146,
    "path_length": 16.287049698785104,
    "oracle_success": 0.3512778684067428,
    "steps_taken": 182.0
}