{
    "distance_to_goal": 11.228251979099754,
    "success": 0.08997429305912596,
    "spl": 0.05996313714081215,
    "ndtw": 0.20208297265372327,
    "path_length": 16.937760129190625,
    "oracle_success": 0.3508997429305913,
    "steps_taken": 182.0
}