{
    "distance_to_goal": 12.015191020071507,
    "success": 0.075,
    "spl": 0.05259855744057953,
    "ndtw": 0.1850801313499897,
    "path_length": 17.125152824701267,
    "oracle_success": 0.3125,
    "steps_taken": 182.0
}