{
    "distance_to_goal": 11.711809504404664,
    "success": 0.075,
    "spl": 0.03368775559087598,
    "ndtw": 0.14349514181927905,
    "path_length": 17.750834496477953,
    "oracle_success": 0.45,
    "steps_taken": 182.0
}