{
    "distance_to_goal": 10.791254316473374,
    "success": 0.11568123393316196,
    "spl": 0.06143789646719549,
    "ndtw": 0.1906419852195071,
    "path_length": 17.24112498089513,
    "oracle_success": 0.41645244215938304,
    "steps_taken": 182.0
}