{
    "distance_to_goal": 11.062627319964774,
    "success": 0.09383033419023136,
    "spl": 0.05840126883797307,
    "ndtw": 0.1894529097889086,
    "path_length": 16.479653941564735,
    "oracle_success": 0.390745501285347,
    "steps_taken": 182.0
}