{
    "distance_to_goal": 11.978059622645379,
    "success": 0.1125,
    "spl": 0.05470722407708447,
    "ndtw": 0.1634785301409662,
    "path_length": 17.902111821318975,
    "oracle_success": 0.45,
    "steps_taken": 182.0
}