{
    "distance_to_goal": 10.647008157419796,
    "success": 0.09407286568787385,
    "spl": 0.05524201373652245,
    "ndtw": 0.20751793398786275,
    "path_length": 16.189612188377463,
    "oracle_success": 0.3376835236541599,
    "steps_taken": 181.94453507340947
}