{
    "distance_to_goal": 11.508849048614502,
    "success": 0.0625,
    "spl": 0.03631275444505991,
    "ndtw": 0.17635885599746623,
    "path_length": 17.702133258306997,
    "oracle_success": 0.35,
    "steps_taken": 182.0
}