{
    "distance_to_goal": 11.186512178182602,
    "success": 0.025,
    "spl": 0.015583584368297293,
    "ndtw": 0.18957786522915437,
    "path_length": 16.08922929632425,
    "oracle_success": 0.25,
    "steps_taken": 182.0
}