{
    "distance_to_goal": 11.551077376306058,
    "success": 0.0375,
    "spl": 0.02237355730425466,
    "ndtw": 0.18419011401631202,
    "path_length": 16.244970896295104,
    "oracle_success": 0.4,
    "steps_taken": 182.0
}