{
    "distance_to_goal": 11.255117166414857,
    "success": 0.15,
    "spl": 0.07354428860891216,
    "ndtw": 0.17394153418435393,
    "path_length": 17.31409475504129,
    "oracle_success": 0.3875,
    "steps_taken": 182.0
}