{
    "distance_to_goal": 11.241624195483013,
    "success": 0.11182519280205655,
    "spl": 0.0734381364666457,
    "ndtw": 0.21862262250887932,
    "path_length": 16.220361583002127,
    "oracle_success": 0.37275064267352187,
    "steps_taken": 181.18123393316196
}