{
    "distance_to_goal": 10.214566695805216,
    "success": 0.09026644915715062,
    "spl": 0.049065970003283194,
    "ndtw": 0.1889514810474845,
    "path_length": 16.93612504956128,
    "oracle_success": 0.33822729744426316,
    "steps_taken": 182.0
}