{
    "distance_to_goal": 10.697772789740446,
    "success": 0.09679173463839043,
    "spl": 0.05345439271279503,
    "ndtw": 0.1761984116058547,
    "path_length": 18.01051036006771,
    "oracle_success": 0.35997824904839587,
    "steps_taken": 181.96302338227298
}