{
    "distance_to_goal": 9.63991931797208,
    "success": 0.16751700680272108,
    "spl": 0.1569742207664044,
    "ndtw": 0.4132334147041483,
    "path_length": 8.737625439468681,
    "oracle_success": 0.22108843537414966,
    "steps_taken": 114.79081632653062
}