{
    "distance_to_goal": 5.969829200972779,
    "success": 0.40823970037453183,
    "spl": 0.35864256112714304,
    "ndtw": 0.5383157523666824,
    "path_length": 7.629367899172919,
    "oracle_success": 0.5280898876404494,
    "steps_taken": 89.92134831460675
}