{
    "distance_to_goal": 8.699341518582616,
    "success": 0.22022838499184338,
    "spl": 0.20143352310740442,
    "ndtw": 0.4364986606728383,
    "path_length": 8.59542839878416,
    "oracle_success": 0.3039695486677542,
    "steps_taken": 107.1805328983143
}