{
    "distance_to_goal": 7.028634120309852,
    "success": 0.3167420814479638,
    "spl": 0.2823171081530315,
    "ndtw": 0.47773172072579034,
    "path_length": 8.31253000378038,
    "oracle_success": 0.4494720965309201,
    "steps_taken": 92.16742081447964
}