{
    "distance_to_goal": 8.993494736355112,
    "success": 0.22896281800391388,
    "spl": 0.21892765789636962,
    "ndtw": 0.45859504248385674,
    "path_length": 9.784510329506146,
    "oracle_success": 0.3013698630136986,
    "steps_taken": 110.17808219178082
}