{
    "distance_to_goal": 7.961961146242974,
    "success": 0.2879177377892031,
    "spl": 0.2649678098761485,
    "ndtw": 0.4856251453482876,
    "path_length": 9.047555094828681,
    "oracle_success": 0.3791773778920309,
    "steps_taken": 102.57969151670952
}