{
    "distance_to_goal": 9.611602991446853,
    "success": 0.1375,
    "spl": 0.13017154340150278,
    "ndtw": 0.40877218011366334,
    "path_length": 7.642352522634829,
    "oracle_success": 0.2375,
    "steps_taken": 55.725
}