{
    "distance_to_goal": 9.301569271832705,
    "success": 0.1375,
    "spl": 0.13287785774181876,
    "ndtw": 0.4055311207325725,
    "path_length": 7.038560482155299,
    "oracle_success": 0.2125,
    "steps_taken": 57.925
}