{
    "distance_to_goal": 9.227794402092695,
    "success": 0.175,
    "spl": 0.1719414115086477,
    "ndtw": 0.42012238209426866,
    "path_length": 7.077784689029795,
    "oracle_success": 0.2375,
    "steps_taken": 58.2875
}