{
    "distance_to_goal": 9.586671397462487,
    "success": 0.175,
    "spl": 0.1615954195150444,
    "ndtw": 0.40547543998195384,
    "path_length": 6.921146957902238,
    "oracle_success": 0.275,
    "steps_taken": 50.4375
}