{
    "distance_to_goal": 8.057807038559705,
    "success": 0.2583547557840617,
    "spl": 0.2441025120942927,
    "ndtw": 0.4910885016015793,
    "path_length": 7.273961586523122,
    "oracle_success": 0.31748071979434445,
    "steps_taken": 54.55526992287918
}