{
    "distance_to_goal": 8.286717108979936,
    "success": 0.2095115681233933,
    "spl": 0.19915795074334314,
    "ndtw": 0.46701280703193976,
    "path_length": 7.266645303487345,
    "oracle_success": 0.2814910025706941,
    "steps_taken": 54.1401028277635
}