{
    "distance_to_goal": 9.144281818409352,
    "success": 0.16066838046272494,
    "spl": 0.1524725153987624,
    "ndtw": 0.4139013223809531,
    "path_length": 6.8255046457995405,
    "oracle_success": 0.2403598971722365,
    "steps_taken": 57.4254498714653
}