{
    "distance_to_goal": 8.492454652767869,
    "success": 0.2262210796915167,
    "spl": 0.21737855374654733,
    "ndtw": 0.4687801911930659,
    "path_length": 7.348219908694754,
    "oracle_success": 0.30077120822622105,
    "steps_taken": 54.001285347043705
}