{
    "distance_to_goal": 9.203609660640359,
    "success": 0.175,
    "spl": 0.16198732367779092,
    "ndtw": 0.42049581648632833,
    "path_length": 7.681658766465262,
    "oracle_success": 0.275,
    "steps_taken": 53.5875
}