{
    "distance_to_goal": 10.188063576072455,
    "success": 0.1125,
    "spl": 0.10296382954560242,
    "ndtw": 0.3868476457053999,
    "path_length": 7.770830888673663,
    "oracle_success": 0.25,
    "steps_taken": 58.5125
}