{
    "distance_to_goal": 9.131601615690906,
    "success": 0.14138118542686243,
    "spl": 0.13406976434996398,
    "ndtw": 0.41333772371068134,
    "path_length": 6.473681547147289,
    "oracle_success": 0.1854268624252311,
    "steps_taken": 50.77161500815661
}