{
    "distance_to_goal": 9.273722276976333,
    "success": 0.2125,
    "spl": 0.20312651731539572,
    "ndtw": 0.4413057931633449,
    "path_length": 7.78800515618641,
    "oracle_success": 0.2875,
    "steps_taken": 60.4875
}