{
    "distance_to_goal": 9.033822206407786,
    "success": 0.1875,
    "spl": 0.1739096934888693,
    "ndtw": 0.4484498487377711,
    "path_length": 6.9778392434644045,
    "oracle_success": 0.275,
    "steps_taken": 56.3125
}