{
    "distance_to_goal": 9.679822600632907,
    "success": 0.1125,
    "spl": 0.10446404551302554,
    "ndtw": 0.38253205146731223,
    "path_length": 7.142766870919149,
    "oracle_success": 0.2125,
    "steps_taken": 56.6625
}