{
    "distance_to_goal": 9.472506264156786,
    "success": 0.1402936378466558,
    "spl": 0.1316010705157627,
    "ndtw": 0.4006601393723366,
    "path_length": 6.864901538960652,
    "oracle_success": 0.19249592169657423,
    "steps_taken": 52.07558455682436
}