{
    "distance_to_goal": 8.33920562240489,
    "success": 0.2120822622107969,
    "spl": 0.19938194299671752,
    "ndtw": 0.4623594030906279,
    "path_length": 7.494285744422826,
    "oracle_success": 0.29048843187660667,
    "steps_taken": 57.15681233933162
}