{
    "distance_to_goal": 9.351469668000936,
    "success": 0.15,
    "spl": 0.14267913804232213,
    "ndtw": 0.41041245209291866,
    "path_length": 8.002242658735486,
    "oracle_success": 0.2875,
    "steps_taken": 58.8875
}