{
    "distance_to_goal": 9.925296519696712,
    "success": 0.125,
    "spl": 0.12187757924974203,
    "ndtw": 0.3913609260344083,
    "path_length": 7.407199862232839,
    "oracle_success": 0.15,
    "steps_taken": 49.5875
}