{
    "distance_to_goal": 9.220679568499326,
    "success": 0.2,
    "spl": 0.19165997852670005,
    "ndtw": 0.42925817447121195,
    "path_length": 7.056765801360598,
    "oracle_success": 0.2625,
    "steps_taken": 59.0125
}