{
    "distance_to_goal": 9.69963317848742,
    "success": 0.1375,
    "spl": 0.11906330482507632,
    "ndtw": 0.39815813444794623,
    "path_length": 7.499038074957207,
    "oracle_success": 0.2,
    "steps_taken": 54.7875
}