{
    "distance_to_goal": 9.508471323549747,
    "success": 0.1625,
    "spl": 0.1519595823255135,
    "ndtw": 0.4096233364327209,
    "path_length": 7.528031334932893,
    "oracle_success": 0.3,
    "steps_taken": 62.0125
}