{
    "distance_to_goal": 8.840773323923349,
    "success": 0.2,
    "spl": 0.19215006228547105,
    "ndtw": 0.43653237833235037,
    "path_length": 7.986907220026478,
    "oracle_success": 0.3375,
    "steps_taken": 55.6875
}