{
    "distance_to_goal": 8.274188437563748,
    "success": 0.2442159383033419,
    "spl": 0.2305207783284425,
    "ndtw": 0.4750666404479482,
    "path_length": 7.003426786583904,
    "oracle_success": 0.31362467866323906,
    "steps_taken": 53.66966580976864
}