{
    "distance_to_goal": 9.217494330555201,
    "success": 0.1625,
    "spl": 0.15509485838089837,
    "ndtw": 0.4085650203417578,
    "path_length": 7.197016356745735,
    "oracle_success": 0.2375,
    "steps_taken": 53.2625
}