{
    "distance_to_goal": 8.337425079857475,
    "success": 0.21465295629820053,
    "spl": 0.20233152365912943,
    "ndtw": 0.4771315430978018,
    "path_length": 7.455505569483764,
    "oracle_success": 0.32005141388174807,
    "steps_taken": 54.83804627249357
}