{
    "distance_to_goal": 8.959620309993625,
    "success": 0.2375,
    "spl": 0.22061890469438813,
    "ndtw": 0.43289835917645625,
    "path_length": 8.289401059238893,
    "oracle_success": 0.2625,
    "steps_taken": 53.0125
}