{
    "distance_to_goal": 9.63698388850838,
    "success": 0.12561174551386622,
    "spl": 0.1151133969984384,
    "ndtw": 0.39455665957302416,
    "path_length": 7.9340981760534435,
    "oracle_success": 0.21044045676998369,
    "steps_taken": 60.50462207721588
}