{
    "distance_to_goal": 8.200848087934169,
    "success": 0.2159383033419023,
    "spl": 0.2040142198910979,
    "ndtw": 0.4616793251772345,
    "path_length": 8.2531447890425,
    "oracle_success": 0.32005141388174807,
    "steps_taken": 59.329048843187664
}