{
    "distance_to_goal": 9.273743270337581,
    "success": 0.1625,
    "spl": 0.14242297854685845,
    "ndtw": 0.4083591436759867,
    "path_length": 8.151208742905874,
    "oracle_success": 0.3125,
    "steps_taken": 60.4875
}