{
    "distance_to_goal": 9.114218431097001,
    "success": 0.14518760195758565,
    "spl": 0.13288711791297755,
    "ndtw": 0.4184127831466592,
    "path_length": 7.931277147111273,
    "oracle_success": 0.2544861337683524,
    "steps_taken": 65.45350734094616
}