{
    "distance_to_goal": 8.273115318412186,
    "success": 0.2352185089974293,
    "spl": 0.21553426376606935,
    "ndtw": 0.47031065762152996,
    "path_length": 8.340384993680185,
    "oracle_success": 0.32519280205655526,
    "steps_taken": 61.19151670951157
}