{
    "distance_to_goal": 8.154964252473226,
    "success": 0.22879177377892032,
    "spl": 0.21497801118307425,
    "ndtw": 0.4698493960060327,
    "path_length": 7.91546733904717,
    "oracle_success": 0.3213367609254499,
    "steps_taken": 58.573264781491005
}