{
    "distance_to_goal": 9.705619561672211,
    "success": 0.15,
    "spl": 0.13282077216194765,
    "ndtw": 0.3875814521395046,
    "path_length": 9.404956111556384,
    "oracle_success": 0.2875,
    "steps_taken": 67.4125
}