{
    "distance_to_goal": 8.62939926561514,
    "success": 0.2095115681233933,
    "spl": 0.19256415534670698,
    "ndtw": 0.4333737866520133,
    "path_length": 7.9290646586730915,
    "oracle_success": 0.2943444730077121,
    "steps_taken": 59.55655526992288
}