{
    "distance_to_goal": 10.037660676240922,
    "success": 0.125,
    "spl": 0.115830962961751,
    "ndtw": 0.37264613330826035,
    "path_length": 7.773570118877979,
    "oracle_success": 0.225,
    "steps_taken": 46.8375
}