{
    "distance_to_goal": 9.192293279618024,
    "success": 0.2125,
    "spl": 0.19271416188671298,
    "ndtw": 0.4124059355688656,
    "path_length": 8.891237285768147,
    "oracle_success": 0.275,
    "steps_taken": 60.9625
}