{
    "distance_to_goal": 8.741807838715612,
    "success": 0.2125,
    "spl": 0.19941359861341476,
    "ndtw": 0.43752131879822176,
    "path_length": 8.777713744796348,
    "oracle_success": 0.3375,
    "steps_taken": 65.7
}