{
    "distance_to_goal": 8.294309349637478,
    "success": 0.2375,
    "spl": 0.21963882683601482,
    "ndtw": 0.45486491415941177,
    "path_length": 8.261839676852105,
    "oracle_success": 0.2875,
    "steps_taken": 61.6125
}