{
    "distance_to_goal": 8.73578426070454,
    "success": 0.2185089974293059,
    "spl": 0.20467982446306668,
    "ndtw": 0.4504523612416907,
    "path_length": 8.916936664423908,
    "oracle_success": 0.3496143958868895,
    "steps_taken": 65.47557840616966
}