{
    "distance_to_goal": 8.560361785206053,
    "success": 0.21722365038560412,
    "spl": 0.2064318678845033,
    "ndtw": 0.44841051995567044,
    "path_length": 8.286637429496132,
    "oracle_success": 0.31362467866323906,
    "steps_taken": 67.5012853470437
}