{
    "distance_to_goal": 9.525717783719301,
    "success": 0.175,
    "spl": 0.15562725483519008,
    "ndtw": 0.42883073025157714,
    "path_length": 8.35028495901497,
    "oracle_success": 0.25,
    "steps_taken": 54.6625
}