{
    "distance_to_goal": 8.74660389907658,
    "success": 0.2375,
    "spl": 0.22252303359374767,
    "ndtw": 0.47232254087909065,
    "path_length": 8.488926179811823,
    "oracle_success": 0.325,
    "steps_taken": 55.4375
}