{
    "distance_to_goal": 8.384442360511477,
    "success": 0.2159383033419023,
    "spl": 0.20237357728879118,
    "ndtw": 0.4646561953634416,
    "path_length": 8.712708921376285,
    "oracle_success": 0.3329048843187661,
    "steps_taken": 64.80591259640103
}