{
    "distance_to_goal": 9.61670066519575,
    "success": 0.1370309951060359,
    "spl": 0.12987062954710052,
    "ndtw": 0.3913220055693985,
    "path_length": 8.2973708860395,
    "oracle_success": 0.22022838499184338,
    "steps_taken": 64.03752039151713
}