{
    "distance_to_goal": 9.159955043759442,
    "success": 0.1528004350190321,
    "spl": 0.1389987442836407,
    "ndtw": 0.4055478647463583,
    "path_length": 8.01924467660902,
    "oracle_success": 0.24741707449700925,
    "steps_taken": 63.59380097879282
}