{
    "distance_to_goal": 8.907003945443579,
    "success": 0.24293059125964012,
    "spl": 0.22674583546282454,
    "ndtw": 0.43728624140323874,
    "path_length": 8.57431747221346,
    "oracle_success": 0.32904884318766064,
    "steps_taken": 62.311053984575835
}