{
    "distance_to_goal": 9.687078762799501,
    "success": 0.1375,
    "spl": 0.13198912136430543,
    "ndtw": 0.37600677890132694,
    "path_length": 9.25868949209107,
    "oracle_success": 0.2125,
    "steps_taken": 67.15
}