{
    "distance_to_goal": 9.414133210480212,
    "success": 0.15,
    "spl": 0.14052312076645793,
    "ndtw": 0.41944984507363997,
    "path_length": 7.706274568493245,
    "oracle_success": 0.225,
    "steps_taken": 51.6375
}