{
    "distance_to_goal": 10.21045395564288,
    "success": 0.1375,
    "spl": 0.13101044095828177,
    "ndtw": 0.361755571642174,
    "path_length": 8.379542373263394,
    "oracle_success": 0.25,
    "steps_taken": 58.6625
}