{
    "distance_to_goal": 10.072760407626628,
    "success": 0.1125,
    "spl": 0.08887216065783071,
    "ndtw": 0.33994732731609867,
    "path_length": 8.2305113412207,
    "oracle_success": 0.175,
    "steps_taken": 67.4125
}