{
    "distance_to_goal": 11.113865236938,
    "success": 0.05,
    "spl": 0.047000801797104017,
    "ndtw": 0.3133210003982014,
    "path_length": 7.6318342564161865,
    "oracle_success": 0.1625,
    "steps_taken": 72.1625
}