{
    "distance_to_goal": 10.05682269781828,
    "success": 0.05,
    "spl": 0.04013710873028377,
    "ndtw": 0.36091565318943164,
    "path_length": 5.274653857713565,
    "oracle_success": 0.075,
    "steps_taken": 49.7375
}