{
    "distance_to_goal": 9.42828389853239,
    "success": 0.125,
    "spl": 0.11757751097104172,
    "ndtw": 0.39158451963122454,
    "path_length": 6.852630404313095,
    "oracle_success": 0.2,
    "steps_taken": 58.0625
}