{
    "distance_to_goal": 8.921156150847674,
    "success": 0.1125,
    "spl": 0.10880717161588124,
    "ndtw": 0.4263841243027439,
    "path_length": 5.161370338918641,
    "oracle_success": 0.1125,
    "steps_taken": 35.5125
}