{
    "distance_to_goal": 9.604762191714235,
    "success": 0.16580976863753213,
    "spl": 0.14597905888946255,
    "ndtw": 0.3805669434931947,
    "path_length": 9.100560143340205,
    "oracle_success": 0.28406169665809766,
    "steps_taken": 70.81105398457584
}