{
    "distance_to_goal": 8.821432416886092,
    "success": 0.075,
    "spl": 0.07051039895592882,
    "ndtw": 0.4466020874774578,
    "path_length": 5.985070027122856,
    "oracle_success": 0.1625,
    "steps_taken": 48.725
}