{
    "distance_to_goal": 8.235189505687563,
    "success": 0.1928020565552699,
    "spl": 0.18138158493062503,
    "ndtw": 0.4620299814783341,
    "path_length": 6.183972236660351,
    "oracle_success": 0.23136246786632392,
    "steps_taken": 49.60796915167095
}