{
    "distance_to_goal": 8.809352038800716,
    "success": 0.0875,
    "spl": 0.0836762874184406,
    "ndtw": 0.44223639740526294,
    "path_length": 5.598583890497684,
    "oracle_success": 0.15,
    "steps_taken": 36.225
}