{
    "distance_to_goal": 8.318451150160062,
    "success": 0.17095115681233933,
    "spl": 0.16533864135890536,
    "ndtw": 0.462712431864043,
    "path_length": 6.202036919995197,
    "oracle_success": 0.2120822622107969,
    "steps_taken": 49.5
}