{
    "distance_to_goal": 8.19619154066307,
    "success": 0.15809768637532134,
    "spl": 0.1535911172426742,
    "ndtw": 0.46194954828112045,
    "path_length": 4.912418897087133,
    "oracle_success": 0.16580976863753213,
    "steps_taken": 36.84575835475579
}