{
    "distance_to_goal": 9.114750948291665,
    "success": 0.15167095115681234,
    "spl": 0.1398992798276861,
    "ndtw": 0.4139009099647539,
    "path_length": 7.012226647548749,
    "oracle_success": 0.2210796915167095,
    "steps_taken": 62.80205655526992
}