{
    "distance_to_goal": 9.229220665246249,
    "success": 0.15,
    "spl": 0.13961807354890482,
    "ndtw": 0.43381672916050584,
    "path_length": 6.071678151586093,
    "oracle_success": 0.1625,
    "steps_taken": 44.45
}