{
    "distance_to_goal": 9.136501155789615,
    "success": 0.11256117455138662,
    "spl": 0.10543098556595226,
    "ndtw": 0.3952105438807852,
    "path_length": 5.954642744432348,
    "oracle_success": 0.13539967373572595,
    "steps_taken": 54.48830886351278
}