{
    "distance_to_goal": 8.3950862493366,
    "success": 0.1875,
    "spl": 0.1621186390256924,
    "ndtw": 0.47293512253622516,
    "path_length": 6.292961501289515,
    "oracle_success": 0.2375,
    "steps_taken": 44.8625
}