{
    "distance_to_goal": 8.128441865769021,
    "success": 0.18251928020565553,
    "spl": 0.18017552659046415,
    "ndtw": 0.47008352805240183,
    "path_length": 4.801200801426672,
    "oracle_success": 0.19408740359897173,
    "steps_taken": 33.501285347043705
}