{
    "distance_to_goal": 8.861407079175114,
    "success": 0.1375,
    "spl": 0.1366399096454465,
    "ndtw": 0.4443403424789426,
    "path_length": 4.947164424136404,
    "oracle_success": 0.1375,
    "steps_taken": 37.6875
}