{
    "distance_to_goal": 8.308829680161795,
    "success": 0.18508997429305912,
    "spl": 0.17625889609470913,
    "ndtw": 0.45915117368372294,
    "path_length": 5.613255928026755,
    "oracle_success": 0.20051413881748073,
    "steps_taken": 39.840616966580974
}