{
    "distance_to_goal": 9.477646601200103,
    "success": 0.15,
    "spl": 0.14454046074732413,
    "ndtw": 0.3966876075485778,
    "path_length": 8.746228067745687,
    "oracle_success": 0.2375,
    "steps_taken": 72.8125
}