{
    "distance_to_goal": 9.214639957249165,
    "success": 0.125,
    "spl": 0.12186387547955894,
    "ndtw": 0.42564982524600303,
    "path_length": 5.962340005387545,
    "oracle_success": 0.1375,
    "steps_taken": 38.6625
}