{
    "distance_to_goal": 9.807255866378545,
    "success": 0.1375,
    "spl": 0.13096071815581659,
    "ndtw": 0.4154710800670275,
    "path_length": 7.0935474878526295,
    "oracle_success": 0.1625,
    "steps_taken": 60.7875
}