{
    "distance_to_goal": 8.796855517497459,
    "success": 0.1054921152800435,
    "spl": 0.10355215395088711,
    "ndtw": 0.4182042150514149,
    "path_length": 4.763194378526078,
    "oracle_success": 0.10875475802066341,
    "steps_taken": 35.80967917346384
}