{
    "distance_to_goal": 8.667373353534002,
    "success": 0.16966580976863754,
    "spl": 0.15769084560652138,
    "ndtw": 0.4317824008843375,
    "path_length": 6.440421208507156,
    "oracle_success": 0.20822622107969152,
    "steps_taken": 57.88817480719794
}