{
    "distance_to_goal": 8.798288641870021,
    "success": 0.175,
    "spl": 0.17173881664542795,
    "ndtw": 0.4449726630671799,
    "path_length": 4.945887532434426,
    "oracle_success": 0.175,
    "steps_taken": 34.2875
}