{
    "distance_to_goal": 8.782844188486902,
    "success": 0.10712343665035345,
    "spl": 0.09623241460062996,
    "ndtw": 0.40846995414483367,
    "path_length": 6.249600532228666,
    "oracle_success": 0.15769439912996194,
    "steps_taken": 52.984774333877105
}