{
    "distance_to_goal": 8.729376597195264,
    "success": 0.10168569874932028,
    "spl": 0.09749424341551488,
    "ndtw": 0.41898420920591833,
    "path_length": 5.32690829841758,
    "oracle_success": 0.1245241979336596,
    "steps_taken": 43.09352909189777
}