{
    "distance_to_goal": 9.799270141745287,
    "success": 0.15938303341902313,
    "spl": 0.14439127377125194,
    "ndtw": 0.3836717801469052,
    "path_length": 8.373981012962965,
    "oracle_success": 0.2634961439588689,
    "steps_taken": 65.17737789203085
}