{
    "distance_to_goal": 9.591262841969728,
    "success": 0.175,
    "spl": 0.15460793865736272,
    "ndtw": 0.4064680264365088,
    "path_length": 8.136023183679209,
    "oracle_success": 0.2625,
    "steps_taken": 62.8625
}