{
    "distance_to_goal": 9.774405579618977,
    "success": 0.14845024469820556,
    "spl": 0.13334141038477806,
    "ndtw": 0.36756458018178395,
    "path_length": 8.225786246833842,
    "oracle_success": 0.22185970636215335,
    "steps_taken": 61.727569331158236
}