{
    "distance_to_goal": 9.371295868499633,
    "success": 0.15823817292006526,
    "spl": 0.14378198301082057,
    "ndtw": 0.40257057456109485,
    "path_length": 8.151154298907748,
    "oracle_success": 0.2561174551386623,
    "steps_taken": 65.39641109298532
}