{
    "distance_to_goal": 9.52138420682793,
    "success": 0.19023136246786632,
    "spl": 0.17780064843877366,
    "ndtw": 0.40749548846013467,
    "path_length": 8.548780320776507,
    "oracle_success": 0.2866323907455013,
    "steps_taken": 61.32005141388175
}