{
    "distance_to_goal": 10.733625831454992,
    "success": 0.1625,
    "spl": 0.1558813432895281,
    "ndtw": 0.3583585719785333,
    "path_length": 8.542208819155348,
    "oracle_success": 0.2625,
    "steps_taken": 61.9
}