{
    "distance_to_goal": 9.331160340467731,
    "success": 0.16580976863753213,
    "spl": 0.15378431951799806,
    "ndtw": 0.4063015070085198,
    "path_length": 7.949706658171015,
    "oracle_success": 0.2699228791773779,
    "steps_taken": 59.70437017994858
}