{
    "distance_to_goal": 10.97744163684547,
    "success": 0.125,
    "spl": 0.11776945381197686,
    "ndtw": 0.3359850945836927,
    "path_length": 8.488084868650185,
    "oracle_success": 0.2,
    "steps_taken": 60.55
}