{
    "distance_to_goal": 9.47869653734842,
    "success": 0.14845024469820556,
    "spl": 0.13824593783845038,
    "ndtw": 0.3873846843806135,
    "path_length": 8.141862551381182,
    "oracle_success": 0.233278955954323,
    "steps_taken": 64.8531810766721
}