{
    "distance_to_goal": 9.870080017335328,
    "success": 0.14953779227841218,
    "spl": 0.134434791213348,
    "ndtw": 0.37819378316266333,
    "path_length": 8.668819851345953,
    "oracle_success": 0.25122349102773245,
    "steps_taken": 72.25067971723763
}