{
    "distance_to_goal": 9.099154252558947,
    "success": 0.3,
    "spl": 0.2734745301948899,
    "ndtw": 0.46531542740557474,
    "path_length": 8.233304264774779,
    "oracle_success": 0.3625,
    "steps_taken": 50.5625
}