{
    "distance_to_goal": 8.607659369707108,
    "success": 0.2875,
    "spl": 0.26662631912662493,
    "ndtw": 0.4894362417739984,
    "path_length": 8.904462974465307,
    "oracle_success": 0.3875,
    "steps_taken": 58.725
}