{
    "distance_to_goal": 9.282755829592384,
    "success": 0.13322457857531267,
    "spl": 0.12245725835548707,
    "ndtw": 0.40426831238295874,
    "path_length": 7.376343541214741,
    "oracle_success": 0.20228384991843393,
    "steps_taken": 56.196846112017404
}