{
    "distance_to_goal": 10.549295750260352,
    "success": 0.1,
    "spl": 0.09622029619527453,
    "ndtw": 0.3489876985809798,
    "path_length": 8.835221611725865,
    "oracle_success": 0.275,
    "steps_taken": 65.4125
}