{
    "distance_to_goal": 8.69855195896791,
    "success": 0.22879177377892032,
    "spl": 0.21362375890302276,
    "ndtw": 0.45253718201502063,
    "path_length": 8.349451089346081,
    "oracle_success": 0.34832904884318766,
    "steps_taken": 57.87917737789203
}