{
    "distance_to_goal": 9.00796623453498,
    "success": 0.1875,
    "spl": 0.17709353785044576,
    "ndtw": 0.4546224422206861,
    "path_length": 8.02119312658906,
    "oracle_success": 0.2625,
    "steps_taken": 55.4375
}