{
    "distance_to_goal": 9.58864021860063,
    "success": 0.1875,
    "spl": 0.17176008496084758,
    "ndtw": 0.4110971532275441,
    "path_length": 8.922132094588596,
    "oracle_success": 0.275,
    "steps_taken": 62.6875
}