{
    "distance_to_goal": 8.30830384951784,
    "success": 0.22236503856041132,
    "spl": 0.2108374330225832,
    "ndtw": 0.4754719412164836,
    "path_length": 8.325437308880923,
    "oracle_success": 0.3277634961439589,
    "steps_taken": 59.20694087403599
}