{
    "distance_to_goal": 10.114775971323251,
    "success": 0.1625,
    "spl": 0.14794661866343767,
    "ndtw": 0.404759369731101,
    "path_length": 8.308301482890965,
    "oracle_success": 0.2375,
    "steps_taken": 60.3125
}