{
    "distance_to_goal": 8.817021458096093,
    "success": 0.22236503856041132,
    "spl": 0.20675850421125258,
    "ndtw": 0.4498613349253575,
    "path_length": 8.219572722478903,
    "oracle_success": 0.32904884318766064,
    "steps_taken": 55.15681233933162
}