{
    "distance_to_goal": 8.655963207137768,
    "success": 0.21079691516709512,
    "spl": 0.20145831089942579,
    "ndtw": 0.4509326491032202,
    "path_length": 7.874360567952812,
    "oracle_success": 0.3033419023136247,
    "steps_taken": 59.18637532133676
}