{
    "distance_to_goal": 9.121529691666364,
    "success": 0.1875,
    "spl": 0.16902732706166748,
    "ndtw": 0.44333330542209143,
    "path_length": 8.769936716113326,
    "oracle_success": 0.2625,
    "steps_taken": 56.1875
}