{
    "distance_to_goal": 9.035491218790412,
    "success": 0.2125,
    "spl": 0.19950702648975555,
    "ndtw": 0.4485221678306007,
    "path_length": 8.32876051524654,
    "oracle_success": 0.2875,
    "steps_taken": 59.5875
}