{
    "distance_to_goal": 9.692792417109013,
    "success": 0.2125,
    "spl": 0.18888516431928062,
    "ndtw": 0.40322118114246364,
    "path_length": 8.59687641261553,
    "oracle_success": 0.2875,
    "steps_taken": 63.6
}