{
    "distance_to_goal": 9.817744798374896,
    "success": 0.13104948341489941,
    "spl": 0.11863099387228387,
    "ndtw": 0.37819965723599863,
    "path_length": 8.459034640919706,
    "oracle_success": 0.24850462207721588,
    "steps_taken": 67.2778684067428
}