{
    "distance_to_goal": 8.990559597114212,
    "success": 0.2352185089974293,
    "spl": 0.21353227313656775,
    "ndtw": 0.44262828719634245,
    "path_length": 9.459727668197965,
    "oracle_success": 0.3740359897172236,
    "steps_taken": 67.73521850899743
}