{
    "distance_to_goal": 8.231904909934054,
    "success": 0.2699228791773779,
    "spl": 0.25070892087331664,
    "ndtw": 0.48612110575085565,
    "path_length": 8.712189681227345,
    "oracle_success": 0.3740359897172236,
    "steps_taken": 63.34318766066838
}