{
    "distance_to_goal": 9.47340838238597,
    "success": 0.2625,
    "spl": 0.22295114533359092,
    "ndtw": 0.4088267497362617,
    "path_length": 9.426182953823785,
    "oracle_success": 0.3875,
    "steps_taken": 61.7875
}