{
    "distance_to_goal": 8.297367822196918,
    "success": 0.2544987146529563,
    "spl": 0.24359531274529567,
    "ndtw": 0.4759789839867512,
    "path_length": 8.41384630314335,
    "oracle_success": 0.3676092544987147,
    "steps_taken": 57.048843187660665
}