{
    "distance_to_goal": 8.872813603281974,
    "success": 0.2,
    "spl": 0.18351585086343483,
    "ndtw": 0.44095951552098234,
    "path_length": 9.472908825372723,
    "oracle_success": 0.3625,
    "steps_taken": 61.825
}