{
    "distance_to_goal": 9.192284899761232,
    "success": 0.14518760195758565,
    "spl": 0.13507353175076964,
    "ndtw": 0.41520288089020485,
    "path_length": 7.118947160054166,
    "oracle_success": 0.2262098966829799,
    "steps_taken": 59.035889070146816
}