{
    "distance_to_goal": 8.787740279171032,
    "success": 0.2120822622107969,
    "spl": 0.19710092578839322,
    "ndtw": 0.445007950141525,
    "path_length": 9.422420519073507,
    "oracle_success": 0.38688946015424164,
    "steps_taken": 64.1439588688946
}