{
    "distance_to_goal": 8.245569944381714,
    "success": 0.16666666666666666,
    "spl": 0.16666666666666666,
    "ndtw": 0.49812796856577696,
    "path_length": 9.093233975271383,
    "oracle_success": 0.16666666666666666,
    "steps_taken": 53.666666666666664
}