{
    "distance_to_goal": 7.026157855987549,
    "success": 0.3333333333333333,
    "spl": 0.3333333333333333,
    "ndtw": 0.6067685008782777,
    "path_length": 8.250311414400736,
    "oracle_success": 0.3333333333333333,
    "steps_taken": 114.33333333333333
}