{
    "distance_to_goal": 8.28858866848789,
    "success": 0.21979434447300772,
    "spl": 0.2062073364964429,
    "ndtw": 0.4593092156703932,
    "path_length": 8.561702641140359,
    "oracle_success": 0.34318766066838047,
    "steps_taken": 58.92030848329049
}