{
    "distance_to_goal": 8.567164840535824,
    "success": 0.23136246786632392,
    "spl": 0.2178096401303318,
    "ndtw": 0.4569927465525937,
    "path_length": 8.710504666247852,
    "oracle_success": 0.33547557840616965,
    "steps_taken": 60.048843187660665
}