{
    "distance_to_goal": 8.355378546155894,
    "success": 0.2326478149100257,
    "spl": 0.22123682079324347,
    "ndtw": 0.4592397803581876,
    "path_length": 8.085876974376912,
    "oracle_success": 0.3329048843187661,
    "steps_taken": 61.4305912596401
}