{
    "distance_to_goal": 8.571786206588149,
    "success": 0.2375,
    "spl": 0.22202027439423744,
    "ndtw": 0.4606786697925557,
    "path_length": 8.665791952865515,
    "oracle_success": 0.2875,
    "steps_taken": 64.3
}