{
    "distance_to_goal": 8.617428448796272,
    "success": 0.2125,
    "spl": 0.20349491754142476,
    "ndtw": 0.45915045310032443,
    "path_length": 7.7919307560659945,
    "oracle_success": 0.275,
    "steps_taken": 60.3875
}