{
    "distance_to_goal": 8.06736676743527,
    "success": 0.2275064267352185,
    "spl": 0.21292627162825384,
    "ndtw": 0.470300737983749,
    "path_length": 8.47567745764783,
    "oracle_success": 0.34704370179948585,
    "steps_taken": 60.041131105398456
}