{
    "distance_to_goal": 9.212055120803416,
    "success": 0.15,
    "spl": 0.1422372998274819,
    "ndtw": 0.42914453903936883,
    "path_length": 8.626991431496572,
    "oracle_success": 0.2375,
    "steps_taken": 69.6
}