{
    "distance_to_goal": 9.32001075093888,
    "success": 0.16476345840130505,
    "spl": 0.15131666348352774,
    "ndtw": 0.40437693977042105,
    "path_length": 7.448834753080374,
    "oracle_success": 0.2495921696574225,
    "steps_taken": 62.29798803697662
}