{
    "distance_to_goal": 8.713860592529523,
    "success": 0.2236503856041131,
    "spl": 0.20919774737316627,
    "ndtw": 0.4523669733899827,
    "path_length": 8.536441122942614,
    "oracle_success": 0.34704370179948585,
    "steps_taken": 58.30976863753213
}