{
    "distance_to_goal": 9.416339501738548,
    "success": 0.175,
    "spl": 0.17089535634805678,
    "ndtw": 0.40597872142574287,
    "path_length": 8.69717104928568,
    "oracle_success": 0.2625,
    "steps_taken": 61.9875
}