{
    "distance_to_goal": 9.773460640409448,
    "success": 0.15497553017944535,
    "spl": 0.14126789249035296,
    "ndtw": 0.3880961672172182,
    "path_length": 7.7751754187513855,
    "oracle_success": 0.23491027732463296,
    "steps_taken": 64.34910277324633
}