{
    "distance_to_goal": 9.718642812465328,
    "success": 0.15171288743882544,
    "spl": 0.13999502292739355,
    "ndtw": 0.3938674051966656,
    "path_length": 8.251713380648754,
    "oracle_success": 0.24469820554649266,
    "steps_taken": 63.07504078303426
}