{
    "distance_to_goal": 9.333183063566684,
    "success": 0.1375,
    "spl": 0.1311204307093144,
    "ndtw": 0.38569055406234526,
    "path_length": 7.836512233491566,
    "oracle_success": 0.2125,
    "steps_taken": 59.95
}