{
    "distance_to_goal": 8.642637182772159,
    "success": 0.2625,
    "spl": 0.24527313721010854,
    "ndtw": 0.4487339121365885,
    "path_length": 8.445015817982494,
    "oracle_success": 0.3375,
    "steps_taken": 58.7625
}