{
    "distance_to_goal": 9.382067938894034,
    "success": 0.175,
    "spl": 0.1690660577734679,
    "ndtw": 0.42647894953372756,
    "path_length": 8.365124331461265,
    "oracle_success": 0.275,
    "steps_taken": 58.6875
}