{
    "distance_to_goal": 8.693502473831177,
    "success": 0.225,
    "spl": 0.20773921613264687,
    "ndtw": 0.4309025153086335,
    "path_length": 8.660790964169427,
    "oracle_success": 0.3125,
    "steps_taken": 65.1125
}