{
    "distance_to_goal": 8.948704362753778,
    "success": 0.1875,
    "spl": 0.18243137757481492,
    "ndtw": 0.4316916248380044,
    "path_length": 8.716189049184322,
    "oracle_success": 0.275,
    "steps_taken": 66.5875
}