{
    "distance_to_goal": 9.162098112283275,
    "success": 0.1625,
    "spl": 0.1584942159503008,
    "ndtw": 0.4378828539771883,
    "path_length": 7.418967627729581,
    "oracle_success": 0.2375,
    "steps_taken": 50.5625
}