{
    "distance_to_goal": 8.86355869062245,
    "success": 0.225,
    "spl": 0.2133410514125107,
    "ndtw": 0.4311780953306196,
    "path_length": 9.328403256673308,
    "oracle_success": 0.3625,
    "steps_taken": 70.3625
}