{
    "distance_to_goal": 8.677630597720722,
    "success": 0.2210796915167095,
    "spl": 0.20410430929651446,
    "ndtw": 0.44732181279148586,
    "path_length": 8.796567836305872,
    "oracle_success": 0.32519280205655526,
    "steps_taken": 66.47814910025707
}