{
    "distance_to_goal": 9.45182919278741,
    "success": 0.125,
    "spl": 0.12262025038798345,
    "ndtw": 0.40610910273670775,
    "path_length": 7.606696835982328,
    "oracle_success": 0.225,
    "steps_taken": 62.325
}