{
    "distance_to_goal": 8.564651415249989,
    "success": 0.2120822622107969,
    "spl": 0.2008694938382208,
    "ndtw": 0.45632957408724306,
    "path_length": 8.361686149134286,
    "oracle_success": 0.33161953727506427,
    "steps_taken": 59.46015424164524
}