{
    "distance_to_goal": 8.505259831249713,
    "success": 0.2625,
    "spl": 0.24834833883113036,
    "ndtw": 0.47867589752717976,
    "path_length": 8.616219639964402,
    "oracle_success": 0.3625,
    "steps_taken": 59.675
}