{
    "distance_to_goal": 7.933354193158448,
    "success": 0.2125,
    "spl": 0.20140051321686808,
    "ndtw": 0.45098624219202915,
    "path_length": 8.311739714982007,
    "oracle_success": 0.3125,
    "steps_taken": 71.4
}