{
    "distance_to_goal": 9.361864244565368,
    "success": 0.1625,
    "spl": 0.1590443482819833,
    "ndtw": 0.3982398590231826,
    "path_length": 8.110615971122751,
    "oracle_success": 0.25,
    "steps_taken": 65.05
}