{
    "distance_to_goal": 8.14798037931323,
    "success": 0.2625,
    "spl": 0.24216185018505562,
    "ndtw": 0.46803548559421904,
    "path_length": 8.557983851758763,
    "oracle_success": 0.35,
    "steps_taken": 57.4375
}