{
    "distance_to_goal": 8.464278945330635,
    "success": 0.2275064267352185,
    "spl": 0.21249890010279296,
    "ndtw": 0.46233081302771084,
    "path_length": 8.190701155263179,
    "oracle_success": 0.30848329048843187,
    "steps_taken": 62.98329048843188
}