{
    "distance_to_goal": 9.240922037451293,
    "success": 0.17455138662316477,
    "spl": 0.15837739786819952,
    "ndtw": 0.4076327749379572,
    "path_length": 7.732260630863873,
    "oracle_success": 0.2561174551386623,
    "steps_taken": 67.56063077759651
}