{
    "distance_to_goal": 9.070373745821417,
    "success": 0.175,
    "spl": 0.16732586788873963,
    "ndtw": 0.43639274599160016,
    "path_length": 7.897731598536393,
    "oracle_success": 0.2375,
    "steps_taken": 70.0625
}