{
    "distance_to_goal": 8.446225214749575,
    "success": 0.2625,
    "spl": 0.2522416094891719,
    "ndtw": 0.47468091356394737,
    "path_length": 7.648937137494795,
    "oracle_success": 0.3125,
    "steps_taken": 61.1875
}