{
    "distance_to_goal": 9.656682524933414,
    "success": 0.1533442088091354,
    "spl": 0.14111421355738513,
    "ndtw": 0.39239367525033836,
    "path_length": 7.851645476481703,
    "oracle_success": 0.25122349102773245,
    "steps_taken": 57.35889070146819
}