{
    "distance_to_goal": 9.223536343500019,
    "success": 0.15,
    "spl": 0.14960677523282345,
    "ndtw": 0.40772069572225733,
    "path_length": 8.238037969928701,
    "oracle_success": 0.2625,
    "steps_taken": 55.825
}