{
    "distance_to_goal": 9.521256971359254,
    "success": 0.225,
    "spl": 0.21333292160305767,
    "ndtw": 0.40775172995689984,
    "path_length": 8.435216450737789,
    "oracle_success": 0.3125,
    "steps_taken": 62.8875
}