{
    "distance_to_goal": 8.040184778733547,
    "success": 0.2660668380462725,
    "spl": 0.24933146793140154,
    "ndtw": 0.4834575412545535,
    "path_length": 7.96763587479189,
    "oracle_success": 0.33676092544987146,
    "steps_taken": 58.22236503856041
}