{
    "distance_to_goal": 8.958908434025943,
    "success": 0.15,
    "spl": 0.14514891483544665,
    "ndtw": 0.4258786849268762,
    "path_length": 8.225198104052106,
    "oracle_success": 0.2625,
    "steps_taken": 55.6375
}