{
    "distance_to_goal": 8.828717737272381,
    "success": 0.225,
    "spl": 0.21195223101994737,
    "ndtw": 0.4559622420463233,
    "path_length": 7.404029688268201,
    "oracle_success": 0.2875,
    "steps_taken": 59.15
}