{
    "distance_to_goal": 9.588545051847483,
    "success": 0.1468189233278956,
    "spl": 0.1379493478492591,
    "ndtw": 0.3939304783125532,
    "path_length": 7.930624091402899,
    "oracle_success": 0.2169657422512235,
    "steps_taken": 62.40348015225666
}