{
    "distance_to_goal": 9.65367756076157,
    "success": 0.1125,
    "spl": 0.10829606754565486,
    "ndtw": 0.39633743553153156,
    "path_length": 9.043920073477784,
    "oracle_success": 0.2875,
    "steps_taken": 57.2875
}