{
    "distance_to_goal": 9.38625382424989,
    "success": 0.13050570962479607,
    "spl": 0.12404488634335928,
    "ndtw": 0.3981058714413356,
    "path_length": 7.348299737605593,
    "oracle_success": 0.20228384991843393,
    "steps_taken": 59.00978792822186
}