{
    "distance_to_goal": 9.065178232826293,
    "success": 0.225,
    "spl": 0.21858264076730557,
    "ndtw": 0.44283365153494403,
    "path_length": 8.415877929684939,
    "oracle_success": 0.325,
    "steps_taken": 53.2125
}