{
    "distance_to_goal": 9.896505840867757,
    "success": 0.1125,
    "spl": 0.11015886519229603,
    "ndtw": 0.37684343808708654,
    "path_length": 8.607033651834353,
    "oracle_success": 0.225,
    "steps_taken": 56.75
}