{
    "distance_to_goal": 9.332799081053016,
    "success": 0.1468189233278956,
    "spl": 0.1364265082389898,
    "ndtw": 0.3999627380274355,
    "path_length": 7.4107460423545195,
    "oracle_success": 0.2234910277324633,
    "steps_taken": 58.32463295269168
}