{
    "distance_to_goal": 8.7978446431458,
    "success": 0.225,
    "spl": 0.21782548339514748,
    "ndtw": 0.4413205944809242,
    "path_length": 8.032875078605139,
    "oracle_success": 0.3,
    "steps_taken": 52.875
}