{
    "distance_to_goal": 8.282383710375788,
    "success": 0.2249357326478149,
    "spl": 0.2152287737550327,
    "ndtw": 0.4676089483143419,
    "path_length": 7.94552574173785,
    "oracle_success": 0.3213367609254499,
    "steps_taken": 53.2133676092545
}