{
    "distance_to_goal": 8.552693328633904,
    "success": 0.175,
    "spl": 0.16127482830164871,
    "ndtw": 0.45759377611607677,
    "path_length": 8.771405231277459,
    "oracle_success": 0.3125,
    "steps_taken": 52.675
}