{
    "distance_to_goal": 8.910372503101826,
    "success": 0.1625,
    "spl": 0.1516055797232314,
    "ndtw": 0.4393774528038903,
    "path_length": 8.290012061456219,
    "oracle_success": 0.275,
    "steps_taken": 56.0375
}