{
    "distance_to_goal": 8.195393458851505,
    "success": 0.1928020565552699,
    "spl": 0.1850327449400767,
    "ndtw": 0.45282550039829506,
    "path_length": 8.062583921583672,
    "oracle_success": 0.30077120822622105,
    "steps_taken": 58.04755784061697
}