{
    "distance_to_goal": 8.648063172928625,
    "success": 0.20051413881748073,
    "spl": 0.1938321225529911,
    "ndtw": 0.4525920535915392,
    "path_length": 7.930362608084744,
    "oracle_success": 0.2943444730077121,
    "steps_taken": 55.16195372750643
}