{
    "distance_to_goal": 9.441518846899271,
    "success": 0.1375,
    "spl": 0.13246649157980608,
    "ndtw": 0.3968860363448654,
    "path_length": 8.624660415900872,
    "oracle_success": 0.3,
    "steps_taken": 58.0875
}