{
    "distance_to_goal": 8.216919038817286,
    "success": 0.225,
    "spl": 0.22443403508332677,
    "ndtw": 0.4649634775584378,
    "path_length": 7.413932973361807,
    "oracle_success": 0.2875,
    "steps_taken": 51.6875
}