{
    "distance_to_goal": 8.657230061665178,
    "success": 0.1875,
    "spl": 0.1745148715242531,
    "ndtw": 0.45448757048642713,
    "path_length": 8.428173973628144,
    "oracle_success": 0.2875,
    "steps_taken": 51.3
}