{
    "distance_to_goal": 8.741019857302309,
    "success": 0.2625,
    "spl": 0.24935868654419152,
    "ndtw": 0.46536288171239076,
    "path_length": 7.706368106056471,
    "oracle_success": 0.3125,
    "steps_taken": 58.3
}