{
    "distance_to_goal": 9.217333702743053,
    "success": 0.2125,
    "spl": 0.20480839650727484,
    "ndtw": 0.4177431271907916,
    "path_length": 7.64226992992044,
    "oracle_success": 0.2625,
    "steps_taken": 55.175
}