{
    "distance_to_goal": 7.8022409501679455,
    "success": 0.2352185089974293,
    "spl": 0.2241729542881859,
    "ndtw": 0.48159842634523087,
    "path_length": 8.043570208208658,
    "oracle_success": 0.3393316195372751,
    "steps_taken": 55.06426735218509
}