{
    "distance_to_goal": 8.965681433677673,
    "success": 0.2,
    "spl": 0.1892948314249168,
    "ndtw": 0.44133510623815075,
    "path_length": 8.693019477569033,
    "oracle_success": 0.3,
    "steps_taken": 54.85
}