{
    "distance_to_goal": 9.055558060854674,
    "success": 0.2,
    "spl": 0.1956118622505008,
    "ndtw": 0.43317972310874087,
    "path_length": 8.155675178347156,
    "oracle_success": 0.2625,
    "steps_taken": 50.2875
}