{
    "distance_to_goal": 8.233993346441375,
    "success": 0.20822622107969152,
    "spl": 0.19980024742116856,
    "ndtw": 0.4593132419074136,
    "path_length": 7.597878536064196,
    "oracle_success": 0.2892030848329049,
    "steps_taken": 56.037275064267355
}