{
    "distance_to_goal": 9.448122223466635,
    "success": 0.175,
    "spl": 0.17278570139260602,
    "ndtw": 0.4212088634125082,
    "path_length": 7.898240527602871,
    "oracle_success": 0.2875,
    "steps_taken": 57.5875
}