{
    "distance_to_goal": 9.13372794613242,
    "success": 0.1125,
    "spl": 0.10676365894265687,
    "ndtw": 0.4066436422971026,
    "path_length": 9.453831011729779,
    "oracle_success": 0.2875,
    "steps_taken": 67.8
}