{
    "distance_to_goal": 8.786042492836714,
    "success": 0.2125,
    "spl": 0.2031234480049675,
    "ndtw": 0.45380976870076156,
    "path_length": 7.858099306805525,
    "oracle_success": 0.3125,
    "steps_taken": 56.3875
}