{
    "distance_to_goal": 8.95787563547492,
    "success": 0.1625,
    "spl": 0.16008240301788187,
    "ndtw": 0.4337713056760732,
    "path_length": 8.053042571339756,
    "oracle_success": 0.275,
    "steps_taken": 54.2125
}