{
    "distance_to_goal": 9.423385512126309,
    "success": 0.14355628058727568,
    "spl": 0.1324452966104571,
    "ndtw": 0.38875356525494537,
    "path_length": 7.944373165761033,
    "oracle_success": 0.2234910277324633,
    "steps_taken": 59.92659053833605
}