{
    "distance_to_goal": 8.815230665355921,
    "success": 0.1875,
    "spl": 0.18300320244917062,
    "ndtw": 0.43728500127092634,
    "path_length": 8.386743649560959,
    "oracle_success": 0.325,
    "steps_taken": 57.8375
}