{
    "distance_to_goal": 8.824372197446296,
    "success": 0.18251928020565553,
    "spl": 0.17178176836580655,
    "ndtw": 0.4369738653915828,
    "path_length": 8.584076042243675,
    "oracle_success": 0.3329048843187661,
    "steps_taken": 56.27249357326478
}