{
    "distance_to_goal": 8.213897502054593,
    "success": 0.2352185089974293,
    "spl": 0.22120437724352907,
    "ndtw": 0.47162411170232227,
    "path_length": 7.679889711553704,
    "oracle_success": 0.3046272493573265,
    "steps_taken": 55.62724935732648
}