{
    "distance_to_goal": 9.367449875548482,
    "success": 0.1625,
    "spl": 0.15704580558122508,
    "ndtw": 0.4233624113597255,
    "path_length": 8.384128264896546,
    "oracle_success": 0.2875,
    "steps_taken": 52.25
}