{
    "distance_to_goal": 9.156312099440695,
    "success": 0.1723762914627515,
    "spl": 0.1621531329752836,
    "ndtw": 0.4149231874292787,
    "path_length": 7.428209674634911,
    "oracle_success": 0.2572050027188689,
    "steps_taken": 57.97117998912452
}