{
    "distance_to_goal": 8.403210222162306,
    "success": 0.225,
    "spl": 0.2181377260725399,
    "ndtw": 0.4684723892212209,
    "path_length": 8.073142834746978,
    "oracle_success": 0.325,
    "steps_taken": 53.6625
}