{
    "distance_to_goal": 9.574612865969538,
    "success": 0.1875,
    "spl": 0.16969262856643288,
    "ndtw": 0.40446786035242666,
    "path_length": 7.898118956705448,
    "oracle_success": 0.275,
    "steps_taken": 51.2
}