{
    "distance_to_goal": 10.15780561491847,
    "success": 0.1125,
    "spl": 0.10738576197130208,
    "ndtw": 0.3772898002590633,
    "path_length": 8.639210036878648,
    "oracle_success": 0.2375,
    "steps_taken": 60.3
}