{
    "distance_to_goal": 8.670903501060138,
    "success": 0.2236503856041131,
    "spl": 0.208557665222362,
    "ndtw": 0.45500184768269514,
    "path_length": 8.64198752543983,
    "oracle_success": 0.34318766066838047,
    "steps_taken": 59.74935732647815
}