{
    "distance_to_goal": 9.377772555500268,
    "success": 0.125,
    "spl": 0.11685457737632136,
    "ndtw": 0.3925930179782749,
    "path_length": 7.895218947704416,
    "oracle_success": 0.275,
    "steps_taken": 60.5875
}