{
    "distance_to_goal": 9.518327471613883,
    "success": 0.2125,
    "spl": 0.1985815890914997,
    "ndtw": 0.4353106721872105,
    "path_length": 7.243538929254282,
    "oracle_success": 0.2375,
    "steps_taken": 56.475
}