{
    "distance_to_goal": 9.389518439397216,
    "success": 0.15,
    "spl": 0.13827361638526972,
    "ndtw": 0.4218021522971755,
    "path_length": 7.483932305913186,
    "oracle_success": 0.2625,
    "steps_taken": 53.9375
}