{
    "distance_to_goal": 10.209935179166497,
    "success": 0.1875,
    "spl": 0.1671475413261596,
    "ndtw": 0.3965848839170126,
    "path_length": 7.463990322942846,
    "oracle_success": 0.2375,
    "steps_taken": 54.375
}