{
    "distance_to_goal": 10.063603341206909,
    "success": 0.125,
    "spl": 0.11336632767876209,
    "ndtw": 0.399019262087989,
    "path_length": 7.101528248318937,
    "oracle_success": 0.1875,
    "steps_taken": 53.3375
}