{
    "distance_to_goal": 9.375879357010126,
    "success": 0.2,
    "spl": 0.18858360280459557,
    "ndtw": 0.4363590256651918,
    "path_length": 6.921160769154197,
    "oracle_success": 0.2625,
    "steps_taken": 50.8375
}