{
    "distance_to_goal": 10.053072672337294,
    "success": 0.1125,
    "spl": 0.10874374020598834,
    "ndtw": 0.40507303917737875,
    "path_length": 7.0946892693347765,
    "oracle_success": 0.1875,
    "steps_taken": 55.5
}