{
    "distance_to_goal": 9.54125645160675,
    "success": 0.175,
    "spl": 0.1665486526129089,
    "ndtw": 0.44456071351714765,
    "path_length": 7.168082567094373,
    "oracle_success": 0.2125,
    "steps_taken": 58.3125
}