{
    "distance_to_goal": 8.580043463251892,
    "success": 0.18766066838046272,
    "spl": 0.17613474712839794,
    "ndtw": 0.46402980901767643,
    "path_length": 7.5444648683602615,
    "oracle_success": 0.2737789203084833,
    "steps_taken": 58.05141388174807
}