{
    "distance_to_goal": 9.218998212085722,
    "success": 0.13322457857531267,
    "spl": 0.12495998952279874,
    "ndtw": 0.4115859636092027,
    "path_length": 6.601161701968359,
    "oracle_success": 0.18651441000543773,
    "steps_taken": 55.541598694942905
}