{
    "distance_to_goal": 9.652988854050637,
    "success": 0.2125,
    "spl": 0.1991317903611352,
    "ndtw": 0.4108181886177732,
    "path_length": 7.6121175861214425,
    "oracle_success": 0.25,
    "steps_taken": 54.2625
}