{
    "distance_to_goal": 10.004580353200435,
    "success": 0.1375,
    "spl": 0.13304798979053986,
    "ndtw": 0.3878058978807334,
    "path_length": 7.504226536520389,
    "oracle_success": 0.1875,
    "steps_taken": 56.5375
}