{
    "distance_to_goal": 9.029967726022004,
    "success": 0.25,
    "spl": 0.23401434199049875,
    "ndtw": 0.45809625307092194,
    "path_length": 7.0804994608159175,
    "oracle_success": 0.275,
    "steps_taken": 53.3875
}