{
    "distance_to_goal": 10.034150080010296,
    "success": 0.1125,
    "spl": 0.10415542135900133,
    "ndtw": 0.3978075103706201,
    "path_length": 7.0286287198890935,
    "oracle_success": 0.2125,
    "steps_taken": 52.2
}