{
    "distance_to_goal": 9.190644864833601,
    "success": 0.1506253398586188,
    "spl": 0.13700192448162898,
    "ndtw": 0.40770750104665293,
    "path_length": 7.464403904252082,
    "oracle_success": 0.22512234910277323,
    "steps_taken": 62.284393692224036
}