{
    "distance_to_goal": 9.045903896540404,
    "success": 0.225,
    "spl": 0.20469531353512535,
    "ndtw": 0.44786484118740033,
    "path_length": 7.7852707404992545,
    "oracle_success": 0.3,
    "steps_taken": 59.7375
}