{
    "distance_to_goal": 9.909136695414782,
    "success": 0.175,
    "spl": 0.16079620378089204,
    "ndtw": 0.4134496626830579,
    "path_length": 7.602800978161395,
    "oracle_success": 0.2625,
    "steps_taken": 56.325
}