{
    "distance_to_goal": 8.570859444229493,
    "success": 0.19922879177377892,
    "spl": 0.18841393857483768,
    "ndtw": 0.459460217485026,
    "path_length": 7.729918724852941,
    "oracle_success": 0.2943444730077121,
    "steps_taken": 58.159383033419026
}