{
    "distance_to_goal": 8.808712587943539,
    "success": 0.14301250679717237,
    "spl": 0.1315172315146847,
    "ndtw": 0.419527461698719,
    "path_length": 6.790847556868113,
    "oracle_success": 0.21533442088091354,
    "steps_taken": 56.10386079390973
}