{
    "distance_to_goal": 9.314244908094405,
    "success": 0.1875,
    "spl": 0.17165648761490546,
    "ndtw": 0.45899026002217236,
    "path_length": 7.610599315410946,
    "oracle_success": 0.2375,
    "steps_taken": 58.5375
}