{
    "distance_to_goal": 9.051144429668785,
    "success": 0.2125,
    "spl": 0.20254013460209835,
    "ndtw": 0.45128639635688944,
    "path_length": 7.941071613453095,
    "oracle_success": 0.275,
    "steps_taken": 59.975
}