{
    "distance_to_goal": 9.048800474643512,
    "success": 0.14790647090810222,
    "spl": 0.13633876620416308,
    "ndtw": 0.41219701379491946,
    "path_length": 6.916048956524984,
    "oracle_success": 0.21044045676998369,
    "steps_taken": 57.15769439912996
}