{
    "distance_to_goal": 9.169862388819457,
    "success": 0.1875,
    "spl": 0.1736372482026735,
    "ndtw": 0.43780262587540736,
    "path_length": 7.4940454917436,
    "oracle_success": 0.25,
    "steps_taken": 59.0375
}