{
    "distance_to_goal": 9.21538413502276,
    "success": 0.225,
    "spl": 0.22258434519729714,
    "ndtw": 0.44013206225689416,
    "path_length": 7.247647347731982,
    "oracle_success": 0.275,
    "steps_taken": 55.5375
}