{
    "distance_to_goal": 9.866302675008773,
    "success": 0.1875,
    "spl": 0.1738271573543501,
    "ndtw": 0.41187507538104773,
    "path_length": 7.707877435417612,
    "oracle_success": 0.25,
    "steps_taken": 58.0375
}