{
    "distance_to_goal": 8.35477006197895,
    "success": 0.2326478149100257,
    "spl": 0.21742986373309658,
    "ndtw": 0.47719389149593616,
    "path_length": 7.703466149712061,
    "oracle_success": 0.3033419023136247,
    "steps_taken": 57.49228791773779
}