{
    "distance_to_goal": 8.392552414004019,
    "success": 0.22236503856041132,
    "spl": 0.212302671391322,
    "ndtw": 0.4783087065505219,
    "path_length": 7.3678176522714605,
    "oracle_success": 0.27892030848329047,
    "steps_taken": 55.41002570694087
}