{
    "distance_to_goal": 9.743417016789317,
    "success": 0.125,
    "spl": 0.12340048082090968,
    "ndtw": 0.39297195844236266,
    "path_length": 7.133755081804702,
    "oracle_success": 0.275,
    "steps_taken": 58.0625
}