{
    "distance_to_goal": 9.10184178352356,
    "success": 0.225,
    "spl": 0.21037237764836275,
    "ndtw": 0.4624447795173293,
    "path_length": 7.2269747722952165,
    "oracle_success": 0.2375,
    "steps_taken": 54.5125
}