{
    "distance_to_goal": 8.555862329344823,
    "success": 0.18894601542416453,
    "spl": 0.17865602003956857,
    "ndtw": 0.46019591441938795,
    "path_length": 7.630496707372351,
    "oracle_success": 0.2802056555269923,
    "steps_taken": 56.57840616966581
}