{
    "distance_to_goal": 10.676679841428996,
    "success": 0.15,
    "spl": 0.12756340071807343,
    "ndtw": 0.3575331873510397,
    "path_length": 8.16765130055137,
    "oracle_success": 0.225,
    "steps_taken": 54.3875
}