{
    "distance_to_goal": 9.887141342833639,
    "success": 0.225,
    "spl": 0.2093762790647255,
    "ndtw": 0.4401176421356775,
    "path_length": 7.0555516594205985,
    "oracle_success": 0.2625,
    "steps_taken": 57.7625
}