{
    "distance_to_goal": 9.43938434869051,
    "success": 0.1875,
    "spl": 0.18013948383695227,
    "ndtw": 0.4274309215702171,
    "path_length": 6.905184564559022,
    "oracle_success": 0.25,
    "steps_taken": 50.6375
}