{
    "distance_to_goal": 8.385660627239162,
    "success": 0.22236503856041132,
    "spl": 0.21082389468518856,
    "ndtw": 0.47273540523235397,
    "path_length": 7.436577950502368,
    "oracle_success": 0.2982005141388175,
    "steps_taken": 54.9280205655527
}