{
    "distance_to_goal": 8.823670855371383,
    "success": 0.2095115681233933,
    "spl": 0.20185419319556683,
    "ndtw": 0.43947543754184476,
    "path_length": 6.897581802801688,
    "oracle_success": 0.26735218508997427,
    "steps_taken": 54.624678663239074
}