{
    "distance_to_goal": 8.594050783960862,
    "success": 0.2185089974293059,
    "spl": 0.20867980736410272,
    "ndtw": 0.46369781366211615,
    "path_length": 7.357096352926758,
    "oracle_success": 0.29048843187660667,
    "steps_taken": 55.087403598971726
}