{
    "distance_to_goal": 9.82283776961267,
    "success": 0.1375,
    "spl": 0.13165207850134752,
    "ndtw": 0.4068102777681405,
    "path_length": 7.868670037831292,
    "oracle_success": 0.225,
    "steps_taken": 56.3625
}