{
    "distance_to_goal": 9.654881440848111,
    "success": 0.1875,
    "spl": 0.16831422126129142,
    "ndtw": 0.4338382195272145,
    "path_length": 8.44101869695587,
    "oracle_success": 0.2875,
    "steps_taken": 62.225
}