{
    "distance_to_goal": 8.398234351061687,
    "success": 0.20051413881748073,
    "spl": 0.19053661133154978,
    "ndtw": 0.465412240821255,
    "path_length": 7.6712428018877885,
    "oracle_success": 0.2930591259640103,
    "steps_taken": 53.26349614395887
}