{
    "distance_to_goal": 8.892049041390418,
    "success": 0.1875,
    "spl": 0.17866658214522077,
    "ndtw": 0.4383862367332574,
    "path_length": 8.19133488360094,
    "oracle_success": 0.3125,
    "steps_taken": 56.825
}