{
    "distance_to_goal": 9.320911314338446,
    "success": 0.1125,
    "spl": 0.1041138156308417,
    "ndtw": 0.42153146352105875,
    "path_length": 8.844107312511188,
    "oracle_success": 0.25,
    "steps_taken": 59.0375
}