{
    "distance_to_goal": 9.17697643470019,
    "success": 0.1875,
    "spl": 0.1627799460805957,
    "ndtw": 0.4320215621564116,
    "path_length": 8.40786570222117,
    "oracle_success": 0.3125,
    "steps_taken": 53.7375
}