{
    "distance_to_goal": 9.647725881636143,
    "success": 0.1,
    "spl": 0.09642218821421915,
    "ndtw": 0.4025791811953603,
    "path_length": 7.8268576104426755,
    "oracle_success": 0.2125,
    "steps_taken": 53.575
}