{
    "distance_to_goal": 8.87821668460965,
    "success": 0.175,
    "spl": 0.15909679855459818,
    "ndtw": 0.44569622994773805,
    "path_length": 8.205781574756152,
    "oracle_success": 0.275,
    "steps_taken": 55.8625
}