{
    "distance_to_goal": 8.794630119390785,
    "success": 0.175,
    "spl": 0.1580710837497215,
    "ndtw": 0.45254080272531416,
    "path_length": 8.559216769604244,
    "oracle_success": 0.2625,
    "steps_taken": 58.0625
}