{
    "distance_to_goal": 9.24679593667388,
    "success": 0.1375,
    "spl": 0.13104955439949328,
    "ndtw": 0.42945670040109335,
    "path_length": 7.952482423163019,
    "oracle_success": 0.2625,
    "steps_taken": 50.825
}