{
    "distance_to_goal": 8.433029408358363,
    "success": 0.18508997429305912,
    "spl": 0.17581904081785257,
    "ndtw": 0.46364322721351237,
    "path_length": 7.390362443883792,
    "oracle_success": 0.2583547557840617,
    "steps_taken": 51.88817480719794
}