{
    "distance_to_goal": 9.1928370411327,
    "success": 0.15823817292006526,
    "spl": 0.14297064205413956,
    "ndtw": 0.41324567775383075,
    "path_length": 7.858523826773369,
    "oracle_success": 0.2544861337683524,
    "steps_taken": 58.6884176182708
}