{
    "distance_to_goal": 8.237179857824755,
    "success": 0.21979434447300772,
    "spl": 0.2044789881395502,
    "ndtw": 0.46871515079465925,
    "path_length": 8.379495655640955,
    "oracle_success": 0.3161953727506427,
    "steps_taken": 57.52956298200514
}