{
    "distance_to_goal": 9.742228049598634,
    "success": 0.1875,
    "spl": 0.1763244553588759,
    "ndtw": 0.40279554634238934,
    "path_length": 7.944201783568133,
    "oracle_success": 0.2625,
    "steps_taken": 58.325
}