{
    "distance_to_goal": 8.925875201936247,
    "success": 0.18251928020565553,
    "spl": 0.1689434449712662,
    "ndtw": 0.4201196609738261,
    "path_length": 8.19095801939593,
    "oracle_success": 0.2827763496143959,
    "steps_taken": 57.79177377892031
}