{
    "distance_to_goal": 8.532886883988976,
    "success": 0.225,
    "spl": 0.20971563716361383,
    "ndtw": 0.4669280886576786,
    "path_length": 9.083647025685059,
    "oracle_success": 0.35,
    "steps_taken": 57.8875
}