{
    "distance_to_goal": 9.659044940024614,
    "success": 0.125,
    "spl": 0.11655914538621123,
    "ndtw": 0.40303250743824115,
    "path_length": 7.076539234981271,
    "oracle_success": 0.2375,
    "steps_taken": 47.3875
}