{
    "distance_to_goal": 9.90456211026758,
    "success": 0.1125,
    "spl": 0.10633673976534416,
    "ndtw": 0.3980005125299269,
    "path_length": 7.0667027437128125,
    "oracle_success": 0.1875,
    "steps_taken": 49.8625
}