{
    "distance_to_goal": 9.060487641684018,
    "success": 0.16965742251223492,
    "spl": 0.156045572576331,
    "ndtw": 0.4209665690133153,
    "path_length": 8.028022975817574,
    "oracle_success": 0.25122349102773245,
    "steps_taken": 62.590538336052205
}