{
    "distance_to_goal": 9.111195226392875,
    "success": 0.18325176726481784,
    "spl": 0.1667826076874978,
    "ndtw": 0.4243814133862122,
    "path_length": 7.520435886019277,
    "oracle_success": 0.25502990755845567,
    "steps_taken": 60.948341489940184
}