{
    "distance_to_goal": 9.477581409364939,
    "success": 0.175,
    "spl": 0.16524380505093614,
    "ndtw": 0.4043487061202137,
    "path_length": 7.925623384560458,
    "oracle_success": 0.3125,
    "steps_taken": 63.7375
}