{
    "distance_to_goal": 9.103363477325653,
    "success": 0.1631321370309951,
    "spl": 0.14834301254478147,
    "ndtw": 0.41100886011006843,
    "path_length": 7.539484044523443,
    "oracle_success": 0.2463295269168026,
    "steps_taken": 59.539967373572594
}