{
    "distance_to_goal": 8.414723625200727,
    "success": 0.2120822622107969,
    "spl": 0.19516153080979246,
    "ndtw": 0.45866402256413463,
    "path_length": 8.142735707771868,
    "oracle_success": 0.3393316195372751,
    "steps_taken": 59.11053984575835
}