{
    "distance_to_goal": 8.332881290207025,
    "success": 0.2043701799485861,
    "spl": 0.19057952133368816,
    "ndtw": 0.46544060685371064,
    "path_length": 8.086575853651002,
    "oracle_success": 0.32005141388174807,
    "steps_taken": 56.57969151670951
}