{
    "distance_to_goal": 8.698208195346487,
    "success": 0.2236503856041131,
    "spl": 0.20986391030788276,
    "ndtw": 0.449146420903057,
    "path_length": 8.039585123022226,
    "oracle_success": 0.3161953727506427,
    "steps_taken": 56.90745501285347
}