{
    "distance_to_goal": 8.783685579895973,
    "success": 0.1625,
    "spl": 0.15369944232343596,
    "ndtw": 0.4477767327327323,
    "path_length": 7.111637871159473,
    "oracle_success": 0.25,
    "steps_taken": 49.075
}