{
    "distance_to_goal": 8.949804425239563,
    "success": 0.225,
    "spl": 0.20714592585636932,
    "ndtw": 0.46105626931385657,
    "path_length": 8.276261629950023,
    "oracle_success": 0.3375,
    "steps_taken": 56.3625
}