{
    "distance_to_goal": 8.685663722734898,
    "success": 0.1625,
    "spl": 0.15579891019923506,
    "ndtw": 0.4535911980863575,
    "path_length": 7.398452282426296,
    "oracle_success": 0.2625,
    "steps_taken": 53.5875
}