{
    "distance_to_goal": 8.940661019086837,
    "success": 0.1125,
    "spl": 0.10719403759927108,
    "ndtw": 0.4513977521476254,
    "path_length": 6.467955218820134,
    "oracle_success": 0.1875,
    "steps_taken": 45.2
}