{
    "distance_to_goal": 9.004886218909279,
    "success": 0.17352185089974292,
    "spl": 0.1643485822322744,
    "ndtw": 0.41976250452167535,
    "path_length": 7.526373782839185,
    "oracle_success": 0.2467866323907455,
    "steps_taken": 56.90745501285347
}