{
    "distance_to_goal": 9.02099622040987,
    "success": 0.2125,
    "spl": 0.19420211996465536,
    "ndtw": 0.4254943878708202,
    "path_length": 8.737980457604863,
    "oracle_success": 0.3375,
    "steps_taken": 57.15
}