{
    "distance_to_goal": 9.34221101552248,
    "success": 0.0625,
    "spl": 0.05559961780478968,
    "ndtw": 0.39953459165270955,
    "path_length": 7.6751480494097795,
    "oracle_success": 0.1875,
    "steps_taken": 58.4
}