{
    "distance_to_goal": 9.398989212408038,
    "success": 0.15116911364872213,
    "spl": 0.13669556726793833,
    "ndtw": 0.39927533359241524,
    "path_length": 8.139834375348554,
    "oracle_success": 0.2572050027188689,
    "steps_taken": 71.17672648178358
}