{
    "distance_to_goal": 9.986340670660137,
    "success": 0.1875,
    "spl": 0.1671105867761061,
    "ndtw": 0.37692534262080346,
    "path_length": 8.559138535045092,
    "oracle_success": 0.25,
    "steps_taken": 72.125
}