{
    "distance_to_goal": 8.934407525779655,
    "success": 0.17866323907455012,
    "spl": 0.1589356484249749,
    "ndtw": 0.4171799508342059,
    "path_length": 9.28389197677753,
    "oracle_success": 0.31362467866323906,
    "steps_taken": 72.12982005141389
}