{
    "distance_to_goal": 9.23083583265543,
    "success": 0.1875,
    "spl": 0.16647947209810424,
    "ndtw": 0.4233231171271714,
    "path_length": 9.116518354369328,
    "oracle_success": 0.3375,
    "steps_taken": 75.725
}