{
    "distance_to_goal": 9.21785128082132,
    "success": 0.14524421593830333,
    "spl": 0.13189674094327472,
    "ndtw": 0.39772956716564345,
    "path_length": 8.881332450867404,
    "oracle_success": 0.2763496143958869,
    "steps_taken": 67.93958868894602
}