{
    "distance_to_goal": 8.896990863706888,
    "success": 0.18251928020565553,
    "spl": 0.16488014790235148,
    "ndtw": 0.43452487855183214,
    "path_length": 8.414950080680024,
    "oracle_success": 0.2917737789203085,
    "steps_taken": 62.32776349614396
}