{
    "distance_to_goal": 9.327931292526243,
    "success": 0.16966580976863754,
    "spl": 0.15086736475115498,
    "ndtw": 0.39663357408299454,
    "path_length": 9.334675957944736,
    "oracle_success": 0.3046272493573265,
    "steps_taken": 78.27763496143959
}