{
    "distance_to_goal": 9.023053758210265,
    "success": 0.18380462724935734,
    "spl": 0.1671676604731911,
    "ndtw": 0.41411070646836073,
    "path_length": 9.068572112709008,
    "oracle_success": 0.3161953727506427,
    "steps_taken": 67.41773778920309
}