{
    "distance_to_goal": 9.504766676202417,
    "success": 0.175,
    "spl": 0.16119537046563476,
    "ndtw": 0.41702693438820926,
    "path_length": 8.689833398070187,
    "oracle_success": 0.2625,
    "steps_taken": 67.8625
}