{
    "distance_to_goal": 9.634177545714534,
    "success": 0.14573137574768896,
    "spl": 0.12700049405128694,
    "ndtw": 0.3817996370976864,
    "path_length": 8.658197826641695,
    "oracle_success": 0.2501359434475258,
    "steps_taken": 77.29146275149537
}