{
    "distance_to_goal": 9.16893370617181,
    "success": 0.2375,
    "spl": 0.22012721111474276,
    "ndtw": 0.4231932074480249,
    "path_length": 8.0697868828458,
    "oracle_success": 0.3375,
    "steps_taken": 60.8125
}