{
    "distance_to_goal": 9.419496777838523,
    "success": 0.14781491002570693,
    "spl": 0.13338118800297535,
    "ndtw": 0.39877595349910566,
    "path_length": 9.111960921613631,
    "oracle_success": 0.29562982005141386,
    "steps_taken": 70.60796915167096
}