{
    "distance_to_goal": 9.39837755536742,
    "success": 0.15681233933161953,
    "spl": 0.14204165043390982,
    "ndtw": 0.3911508410490303,
    "path_length": 8.706094229064371,
    "oracle_success": 0.2750642673521851,
    "steps_taken": 68.72365038560412
}