{
    "distance_to_goal": 8.647732582948814,
    "success": 0.19922879177377892,
    "spl": 0.1875176852854615,
    "ndtw": 0.43630916841610484,
    "path_length": 8.010899699456385,
    "oracle_success": 0.30205655526992287,
    "steps_taken": 59.51799485861183
}