{
    "distance_to_goal": 9.450164150446653,
    "success": 0.175,
    "spl": 0.15456455145222509,
    "ndtw": 0.3907364002901338,
    "path_length": 8.731048214193462,
    "oracle_success": 0.2375,
    "steps_taken": 85.925
}