{
    "distance_to_goal": 8.597591894662013,
    "success": 0.21979434447300772,
    "spl": 0.20744193733790922,
    "ndtw": 0.46333970118199547,
    "path_length": 9.127967221173577,
    "oracle_success": 0.3508997429305913,
    "steps_taken": 60.06426735218509
}