{
    "distance_to_goal": 9.181897634345594,
    "success": 0.16150081566068517,
    "spl": 0.1520602083020898,
    "ndtw": 0.41795885098612257,
    "path_length": 7.543028038408639,
    "oracle_success": 0.233278955954323,
    "steps_taken": 60.29853181076672
}