{
    "distance_to_goal": 9.415929448232054,
    "success": 0.15,
    "spl": 0.14326302299317578,
    "ndtw": 0.4080167464987231,
    "path_length": 7.942069836542942,
    "oracle_success": 0.2125,
    "steps_taken": 61.3875
}