{
    "distance_to_goal": 9.181233699374253,
    "success": 0.16476345840130505,
    "spl": 0.15314699695569042,
    "ndtw": 0.4191733321543898,
    "path_length": 8.069201613530208,
    "oracle_success": 0.25774877650897227,
    "steps_taken": 63.72593800978793
}