{
    "distance_to_goal": 8.426722162008133,
    "success": 0.2275064267352185,
    "spl": 0.2151009323469133,
    "ndtw": 0.46795018201431027,
    "path_length": 8.331180035985781,
    "oracle_success": 0.3277634961439589,
    "steps_taken": 56.994858611825194
}