{
    "distance_to_goal": 9.321318479223443,
    "success": 0.15823817292006526,
    "spl": 0.14472999901174505,
    "ndtw": 0.4050928151000006,
    "path_length": 7.945256978616431,
    "oracle_success": 0.2398042414355628,
    "steps_taken": 70.41598694942904
}