{
    "distance_to_goal": 9.019575689399764,
    "success": 0.2043701799485861,
    "spl": 0.19190694067536412,
    "ndtw": 0.44597085913501244,
    "path_length": 8.568389191609208,
    "oracle_success": 0.3277634961439589,
    "steps_taken": 58.505141388174806
}