{
    "distance_to_goal": 8.580787385255098,
    "success": 0.1875,
    "spl": 0.17532620853469041,
    "ndtw": 0.44915882641883054,
    "path_length": 7.811427339032525,
    "oracle_success": 0.25,
    "steps_taken": 55.05
}