{
    "distance_to_goal": 8.72542170197691,
    "success": 0.2120822622107969,
    "spl": 0.2000755027038704,
    "ndtw": 0.44541076777285854,
    "path_length": 8.436540694209036,
    "oracle_success": 0.32390745501285345,
    "steps_taken": 60.11182519280206
}