{
    "distance_to_goal": 8.654165900525443,
    "success": 0.2159383033419023,
    "spl": 0.20253529686403463,
    "ndtw": 0.4668632343351997,
    "path_length": 8.409162024608179,
    "oracle_success": 0.32005141388174807,
    "steps_taken": 58.167095115681235
}