{
    "distance_to_goal": 9.448233059048652,
    "success": 0.1125,
    "spl": 0.10953645819987927,
    "ndtw": 0.36871744902245734,
    "path_length": 8.837133525579702,
    "oracle_success": 0.275,
    "steps_taken": 64.8875
}