{
    "distance_to_goal": 8.857486272230744,
    "success": 0.2,
    "spl": 0.17785472605304345,
    "ndtw": 0.4429827111572073,
    "path_length": 8.141942033462692,
    "oracle_success": 0.2625,
    "steps_taken": 58.0125
}