{
    "distance_to_goal": 9.423112865164876,
    "success": 0.15,
    "spl": 0.1463058250463145,
    "ndtw": 0.39557764445329874,
    "path_length": 7.954009151476264,
    "oracle_success": 0.2375,
    "steps_taken": 58.975
}