{
    "distance_to_goal": 9.371775192767382,
    "success": 0.2125,
    "spl": 0.19932380145919576,
    "ndtw": 0.4248561610385849,
    "path_length": 7.964550928387325,
    "oracle_success": 0.3125,
    "steps_taken": 60.05
}