{
    "distance_to_goal": 9.161136226169765,
    "success": 0.1625,
    "spl": 0.14825838947024794,
    "ndtw": 0.414555625341311,
    "path_length": 7.828280441608513,
    "oracle_success": 0.2875,
    "steps_taken": 65.575
}