{
    "distance_to_goal": 9.184920062318175,
    "success": 0.20051413881748073,
    "spl": 0.18828496325462923,
    "ndtw": 0.43720308506832306,
    "path_length": 8.796015804667315,
    "oracle_success": 0.32390745501285345,
    "steps_taken": 60.77249357326478
}