{
    "distance_to_goal": 8.030122416639811,
    "success": 0.2352185089974293,
    "spl": 0.21850545752806083,
    "ndtw": 0.4826416566952099,
    "path_length": 8.31283652618583,
    "oracle_success": 0.34704370179948585,
    "steps_taken": 57.58226221079691
}