{
    "distance_to_goal": 9.040810789167882,
    "success": 0.225,
    "spl": 0.20930059360426378,
    "ndtw": 0.43108445227101466,
    "path_length": 8.095542443683371,
    "oracle_success": 0.2875,
    "steps_taken": 60.7375
}