{
    "distance_to_goal": 9.174207778275013,
    "success": 0.1875,
    "spl": 0.16502609447426256,
    "ndtw": 0.43826158363726586,
    "path_length": 8.688580198865385,
    "oracle_success": 0.2625,
    "steps_taken": 54.725
}