{
    "distance_to_goal": 9.504000975191593,
    "success": 0.2125,
    "spl": 0.2010131308418301,
    "ndtw": 0.4157554122128572,
    "path_length": 9.067274832268595,
    "oracle_success": 0.275,
    "steps_taken": 59.875
}