{
    "distance_to_goal": 9.642034702071877,
    "success": 0.1277868406742795,
    "spl": 0.1181629404868979,
    "ndtw": 0.39303085492243034,
    "path_length": 8.566886239693318,
    "oracle_success": 0.24524197933659597,
    "steps_taken": 68.2463295269168
}