{
    "distance_to_goal": 8.547562307019772,
    "success": 0.2390745501285347,
    "spl": 0.22336112477908132,
    "ndtw": 0.47328350487425414,
    "path_length": 8.757771440606332,
    "oracle_success": 0.37017994858611825,
    "steps_taken": 60.21979434447301
}