{
    "distance_to_goal": 9.766432252340019,
    "success": 0.1625,
    "spl": 0.14798775086213062,
    "ndtw": 0.3863769627778138,
    "path_length": 8.291121752420441,
    "oracle_success": 0.225,
    "steps_taken": 56.0125
}