{
    "distance_to_goal": 9.530598556436598,
    "success": 0.2,
    "spl": 0.18892139149559284,
    "ndtw": 0.41993128910011945,
    "path_length": 9.545027570525416,
    "oracle_success": 0.3375,
    "steps_taken": 58.7625
}