{
    "distance_to_goal": 9.630654468759895,
    "success": 0.175,
    "spl": 0.16079129389232338,
    "ndtw": 0.385460090244009,
    "path_length": 8.977468782282084,
    "oracle_success": 0.275,
    "steps_taken": 64.3875
}