{
    "distance_to_goal": 8.407180829532445,
    "success": 0.2125,
    "spl": 0.1999591372077228,
    "ndtw": 0.5005400178488058,
    "path_length": 7.290048079326516,
    "oracle_success": 0.3,
    "steps_taken": 47.2125
}