{
    "distance_to_goal": 7.670037469541735,
    "success": 0.2776349614395887,
    "spl": 0.2578405179866662,
    "ndtw": 0.5108036829756418,
    "path_length": 8.378175549287397,
    "oracle_success": 0.37017994858611825,
    "steps_taken": 59.59125964010283
}