{
    "distance_to_goal": 8.570128655247391,
    "success": 0.1625,
    "spl": 0.1609248088419593,
    "ndtw": 0.46049475862644285,
    "path_length": 6.359829676330881,
    "oracle_success": 0.1875,
    "steps_taken": 39.65
}