{
    "distance_to_goal": 9.382435708120465,
    "success": 0.15,
    "spl": 0.14275108261052122,
    "ndtw": 0.4262972923750021,
    "path_length": 6.206154555974476,
    "oracle_success": 0.1875,
    "steps_taken": 38.2625
}