{
    "distance_to_goal": 7.841880495202725,
    "success": 0.2583547557840617,
    "spl": 0.23990776241657652,
    "ndtw": 0.4812540682790917,
    "path_length": 9.27189713886288,
    "oracle_success": 0.35475578406169667,
    "steps_taken": 64.58868894601542
}