{
    "distance_to_goal": 8.383165185712278,
    "success": 0.2625,
    "spl": 0.2516208293239798,
    "ndtw": 0.4806723814127235,
    "path_length": 7.595747342455434,
    "oracle_success": 0.2875,
    "steps_taken": 48.8875
}