{
    "distance_to_goal": 7.853947443235666,
    "success": 0.3125,
    "spl": 0.298940433459246,
    "ndtw": 0.5143883701006138,
    "path_length": 7.557161741703749,
    "oracle_success": 0.375,
    "steps_taken": 52.0125
}