{
    "distance_to_goal": 8.198768815211952,
    "success": 0.225,
    "spl": 0.20462704328930137,
    "ndtw": 0.47519223006322625,
    "path_length": 7.547361296840245,
    "oracle_success": 0.25,
    "steps_taken": 50.875
}