{
    "distance_to_goal": 9.01516567710787,
    "success": 0.1875,
    "spl": 0.1741134246914368,
    "ndtw": 0.45289960010145797,
    "path_length": 6.411541548930108,
    "oracle_success": 0.2125,
    "steps_taken": 40.225
}