{
    "distance_to_goal": 8.131375860295229,
    "success": 0.16639477977161501,
    "spl": 0.15106070913473424,
    "ndtw": 0.45685422459405783,
    "path_length": 7.4591473317211845,
    "oracle_success": 0.21859706362153344,
    "steps_taken": 70.79934747145188
}