{
    "distance_to_goal": 7.954873495176434,
    "success": 0.2,
    "spl": 0.19030255757449396,
    "ndtw": 0.4827333680362112,
    "path_length": 7.043655563076027,
    "oracle_success": 0.225,
    "steps_taken": 55.0125
}