{
    "distance_to_goal": 9.516186186671257,
    "success": 0.1125,
    "spl": 0.1123327898378124,
    "ndtw": 0.4211159580060742,
    "path_length": 6.0309739159638855,
    "oracle_success": 0.15,
    "steps_taken": 36.1375
}