{
    "distance_to_goal": 7.847926291637123,
    "success": 0.275,
    "spl": 0.2488724190018151,
    "ndtw": 0.502436665595708,
    "path_length": 7.414178046287271,
    "oracle_success": 0.3125,
    "steps_taken": 61.8125
}