{
    "distance_to_goal": 9.051351599954069,
    "success": 0.1875,
    "spl": 0.1686533713698915,
    "ndtw": 0.42634179760245045,
    "path_length": 7.450171671260614,
    "oracle_success": 0.2125,
    "steps_taken": 56.9875
}