{
    "distance_to_goal": 7.630859223733103,
    "success": 0.2622107969151671,
    "spl": 0.2471892738127246,
    "ndtw": 0.5091732942562487,
    "path_length": 7.717155573490285,
    "oracle_success": 0.3161953727506427,
    "steps_taken": 57.152956298200515
}