{
    "distance_to_goal": 8.829019099660218,
    "success": 0.1625,
    "spl": 0.15067625367317725,
    "ndtw": 0.4615731736822178,
    "path_length": 6.556725300237304,
    "oracle_success": 0.175,
    "steps_taken": 44.0375
}