{
    "distance_to_goal": 8.207083438150585,
    "success": 0.225,
    "spl": 0.20809996288501878,
    "ndtw": 0.4690569918947712,
    "path_length": 7.8039342773610825,
    "oracle_success": 0.275,
    "steps_taken": 70.3375
}