{
    "distance_to_goal": 9.32144064810127,
    "success": 0.175,
    "spl": 0.16148530342080214,
    "ndtw": 0.43900968532066165,
    "path_length": 6.831719845929092,
    "oracle_success": 0.2125,
    "steps_taken": 39.45
}