{
    "distance_to_goal": 8.476637156866492,
    "success": 0.1625,
    "spl": 0.14618271714301542,
    "ndtw": 0.46662616657990846,
    "path_length": 7.810298629337922,
    "oracle_success": 0.2375,
    "steps_taken": 88.1
}