{
    "distance_to_goal": 8.56392158344388,
    "success": 0.15,
    "spl": 0.14077256012743522,
    "ndtw": 0.46702289118671236,
    "path_length": 7.139189886313398,
    "oracle_success": 0.1875,
    "steps_taken": 51.7125
}