{
    "distance_to_goal": 9.094768551923334,
    "success": 0.1375,
    "spl": 0.13195814471388628,
    "ndtw": 0.4436559985001792,
    "path_length": 6.515346514154226,
    "oracle_success": 0.1875,
    "steps_taken": 38.825
}