{
    "distance_to_goal": 7.773254597000777,
    "success": 0.25,
    "spl": 0.22770271108236093,
    "ndtw": 0.4874887120546229,
    "path_length": 7.901284999307245,
    "oracle_success": 0.2875,
    "steps_taken": 72.6625
}