{
    "distance_to_goal": 8.25819802377373,
    "success": 0.25,
    "spl": 0.19884963820003224,
    "ndtw": 0.44493532643719397,
    "path_length": 9.026209516852395,
    "oracle_success": 0.2875,
    "steps_taken": 83.7375
}