{
    "distance_to_goal": 9.199272192269564,
    "success": 0.1625,
    "spl": 0.15877811988563026,
    "ndtw": 0.4329820044164279,
    "path_length": 5.9779508777893176,
    "oracle_success": 0.175,
    "steps_taken": 37.8
}