{
    "distance_to_goal": 8.095444820262491,
    "success": 0.25,
    "spl": 0.23094454651133178,
    "ndtw": 0.48234700964718336,
    "path_length": 8.098344587429892,
    "oracle_success": 0.275,
    "steps_taken": 61.1875
}