{
    "distance_to_goal": 8.165578689239918,
    "success": 0.2125,
    "spl": 0.19357885233815195,
    "ndtw": 0.48013760200182665,
    "path_length": 7.767487428872846,
    "oracle_success": 0.2625,
    "steps_taken": 68.525
}