{
    "distance_to_goal": 7.854569876007735,
    "success": 0.2125,
    "spl": 0.20348711411732778,
    "ndtw": 0.4705178573116523,
    "path_length": 8.887697749445215,
    "oracle_success": 0.275,
    "steps_taken": 92.0625
}