{
    "distance_to_goal": 8.331432355567813,
    "success": 0.25,
    "spl": 0.24395898801991495,
    "ndtw": 0.4697091208031948,
    "path_length": 8.297821079608271,
    "oracle_success": 0.2875,
    "steps_taken": 62.425
}