{
    "distance_to_goal": 8.801328424736857,
    "success": 0.1625,
    "spl": 0.15966592338794375,
    "ndtw": 0.46410744168178947,
    "path_length": 6.371371981315315,
    "oracle_success": 0.175,
    "steps_taken": 39.2625
}