{
    "distance_to_goal": 7.746110572107137,
    "success": 0.25,
    "spl": 0.22411285425273042,
    "ndtw": 0.47458571089405366,
    "path_length": 8.838797745364719,
    "oracle_success": 0.325,
    "steps_taken": 80.3125
}