{
    "distance_to_goal": 8.268855853192509,
    "success": 0.2,
    "spl": 0.18696350370116135,
    "ndtw": 0.47698827031067037,
    "path_length": 7.8173212817462625,
    "oracle_success": 0.275,
    "steps_taken": 57.1875
}