{
    "distance_to_goal": 8.719562285013048,
    "success": 0.14845024469820556,
    "spl": 0.1417411828952959,
    "ndtw": 0.434872446114291,
    "path_length": 6.421189163822269,
    "oracle_success": 0.1761827079934747,
    "steps_taken": 47.239804241435564
}