{
    "distance_to_goal": 7.537090413301111,
    "success": 0.2622107969151671,
    "spl": 0.2485908019962273,
    "ndtw": 0.5129592384713832,
    "path_length": 7.899470433951921,
    "oracle_success": 0.34318766066838047,
    "steps_taken": 55.18766066838046
}