{
    "distance_to_goal": 8.166044136695565,
    "success": 0.2625,
    "spl": 0.24747228907977098,
    "ndtw": 0.47775029672561053,
    "path_length": 8.370444385312828,
    "oracle_success": 0.2875,
    "steps_taken": 89.0375
}