{
    "distance_to_goal": 7.745585058629513,
    "success": 0.2375,
    "spl": 0.22218415030879152,
    "ndtw": 0.496322043269324,
    "path_length": 7.7264111989294175,
    "oracle_success": 0.275,
    "steps_taken": 53.0125
}