{
    "distance_to_goal": 7.497673906079448,
    "success": 0.2622107969151671,
    "spl": 0.24692783969263055,
    "ndtw": 0.5125770356945408,
    "path_length": 8.18953281694034,
    "oracle_success": 0.33547557840616965,
    "steps_taken": 63.02056555269923
}