{
    "distance_to_goal": 8.97895097192377,
    "success": 0.1875,
    "spl": 0.17189957146127693,
    "ndtw": 0.45225945180549204,
    "path_length": 7.7605560195923315,
    "oracle_success": 0.2125,
    "steps_taken": 60.0375
}