{
    "distance_to_goal": 8.511053309589624,
    "success": 0.15,
    "spl": 0.14144593952209963,
    "ndtw": 0.4757418714824236,
    "path_length": 7.467784878867678,
    "oracle_success": 0.225,
    "steps_taken": 52.1375
}