{
    "distance_to_goal": 9.480924215097911,
    "success": 0.125,
    "spl": 0.12023363848522965,
    "ndtw": 0.4255758660713373,
    "path_length": 6.209390029101632,
    "oracle_success": 0.15,
    "steps_taken": 38.1375
}