{
    "distance_to_goal": 8.650019486248492,
    "success": 0.125,
    "spl": 0.11669349870724247,
    "ndtw": 0.47609082619779786,
    "path_length": 6.143028377136216,
    "oracle_success": 0.175,
    "steps_taken": 37.725
}