{
    "distance_to_goal": 8.071303410455585,
    "success": 0.25,
    "spl": 0.21936752327746273,
    "ndtw": 0.47740606329358204,
    "path_length": 8.279089132096852,
    "oracle_success": 0.3125,
    "steps_taken": 103.45
}