{
    "distance_to_goal": 8.075428679957986,
    "success": 0.225,
    "spl": 0.20929828776259188,
    "ndtw": 0.4907567467202842,
    "path_length": 7.655520999454893,
    "oracle_success": 0.3125,
    "steps_taken": 63.6625
}