{
    "distance_to_goal": 8.11475938577205,
    "success": 0.2625,
    "spl": 0.2467628832004883,
    "ndtw": 0.47736131012244726,
    "path_length": 8.239399650110864,
    "oracle_success": 0.2875,
    "steps_taken": 70.1375
}