{
    "distance_to_goal": 8.599386446736753,
    "success": 0.225,
    "spl": 0.20376693656859785,
    "ndtw": 0.4553193185106218,
    "path_length": 8.339916407992131,
    "oracle_success": 0.25,
    "steps_taken": 61.4375
}