{
    "distance_to_goal": 8.417792213894426,
    "success": 0.175,
    "spl": 0.16732341427173783,
    "ndtw": 0.4797593561926444,
    "path_length": 7.843625359795988,
    "oracle_success": 0.2375,
    "steps_taken": 55.55
}