{
    "distance_to_goal": 7.987618443183601,
    "success": 0.25,
    "spl": 0.24048737337933507,
    "ndtw": 0.5301265765570907,
    "path_length": 6.982648904575035,
    "oracle_success": 0.275,
    "steps_taken": 49.8625
}