{
    "distance_to_goal": 7.7349752564088545,
    "success": 0.2532133676092545,
    "spl": 0.2347054819621549,
    "ndtw": 0.5023317454847585,
    "path_length": 8.1221570337605,
    "oracle_success": 0.3380462724935733,
    "steps_taken": 69.33419023136247
}