{
    "distance_to_goal": 6.961311467178166,
    "success": 0.3125,
    "spl": 0.3009882959149857,
    "ndtw": 0.5262864231362472,
    "path_length": 8.692854697816074,
    "oracle_success": 0.375,
    "steps_taken": 64.275
}