{
    "distance_to_goal": 7.967951793233196,
    "success": 0.2660668380462725,
    "spl": 0.24022154367630152,
    "ndtw": 0.4887647521056677,
    "path_length": 9.025815123941006,
    "oracle_success": 0.36632390745501286,
    "steps_taken": 68.87146529562982
}