{
    "distance_to_goal": 8.385870653949677,
    "success": 0.275,
    "spl": 0.25639696316812227,
    "ndtw": 0.4748406825948992,
    "path_length": 8.029364499106755,
    "oracle_success": 0.3125,
    "steps_taken": 64.8875
}