{
    "distance_to_goal": 8.349759321473538,
    "success": 0.1875,
    "spl": 0.18218656068874556,
    "ndtw": 0.47469017949703424,
    "path_length": 7.857601835142122,
    "oracle_success": 0.25,
    "steps_taken": 85.0875
}