{
    "distance_to_goal": 7.956861260347068,
    "success": 0.2375,
    "spl": 0.2200936499251629,
    "ndtw": 0.4650943035792908,
    "path_length": 8.242693259137997,
    "oracle_success": 0.3,
    "steps_taken": 69.475
}