{
    "distance_to_goal": 8.867637223564088,
    "success": 0.225,
    "spl": 0.20361746592799976,
    "ndtw": 0.4385364805683265,
    "path_length": 8.274907725992552,
    "oracle_success": 0.2625,
    "steps_taken": 66.0625
}