{
    "distance_to_goal": 7.732747562043369,
    "success": 0.2625,
    "spl": 0.24183180504481266,
    "ndtw": 0.49648265847311956,
    "path_length": 7.197511035425123,
    "oracle_success": 0.325,
    "steps_taken": 54.0625
}