{
    "distance_to_goal": 8.671788818202913,
    "success": 0.25,
    "spl": 0.2353409094331261,
    "ndtw": 0.4823537892681588,
    "path_length": 8.109217635728418,
    "oracle_success": 0.3125,
    "steps_taken": 54.5375
}