{
    "distance_to_goal": 8.789839482866228,
    "success": 0.1625,
    "spl": 0.1579338719726665,
    "ndtw": 0.4630535965611891,
    "path_length": 6.086108387506101,
    "oracle_success": 0.1625,
    "steps_taken": 37.4625
}