{
    "distance_to_goal": 8.842673387844115,
    "success": 0.2375,
    "spl": 0.22714176477977505,
    "ndtw": 0.4793189075665829,
    "path_length": 7.1747011978412045,
    "oracle_success": 0.2625,
    "steps_taken": 43.875
}