{
    "distance_to_goal": 9.0101462258026,
    "success": 0.175,
    "spl": 0.16974030258129583,
    "ndtw": 0.44362941360885727,
    "path_length": 6.54859103532508,
    "oracle_success": 0.2125,
    "steps_taken": 40.8375
}