{
    "distance_to_goal": 8.618174589493794,
    "success": 0.17781402936378465,
    "spl": 0.16525088022262746,
    "ndtw": 0.432690632759729,
    "path_length": 7.959742430972231,
    "oracle_success": 0.23491027732463296,
    "steps_taken": 60.62914627514954
}