{
    "distance_to_goal": 8.503919952572323,
    "success": 0.15,
    "spl": 0.14847555705932447,
    "ndtw": 0.4729624139608826,
    "path_length": 6.229803798114881,
    "oracle_success": 0.175,
    "steps_taken": 38.2125
}