{
    "distance_to_goal": 8.08687233403325,
    "success": 0.2125,
    "spl": 0.20407853954624972,
    "ndtw": 0.4846074722030238,
    "path_length": 8.141174921306083,
    "oracle_success": 0.325,
    "steps_taken": 80.2875
}