{
    "distance_to_goal": 7.851653282528211,
    "success": 0.2596401028277635,
    "spl": 0.2473827199205253,
    "ndtw": 0.49416709421133226,
    "path_length": 7.124867156317342,
    "oracle_success": 0.2982005141388175,
    "steps_taken": 45.904884318766065
}