{
    "distance_to_goal": 8.990122898668051,
    "success": 0.15,
    "spl": 0.14983271631452433,
    "ndtw": 0.4464372946984308,
    "path_length": 6.505016417172738,
    "oracle_success": 0.175,
    "steps_taken": 40.825
}