{
    "distance_to_goal": 8.096962218545377,
    "success": 0.225,
    "spl": 0.20626953563437506,
    "ndtw": 0.4538644831548167,
    "path_length": 7.5873533971146525,
    "oracle_success": 0.25,
    "steps_taken": 69.275
}