{
    "distance_to_goal": 8.665396381728351,
    "success": 0.2125,
    "spl": 0.19746124409687588,
    "ndtw": 0.4571982510355953,
    "path_length": 7.153628812017106,
    "oracle_success": 0.2375,
    "steps_taken": 53.2375
}