{
    "distance_to_goal": 8.18802355285734,
    "success": 0.2375,
    "spl": 0.21773781150847213,
    "ndtw": 0.46633077506880716,
    "path_length": 7.944359382993744,
    "oracle_success": 0.275,
    "steps_taken": 93.6125
}