{
    "distance_to_goal": 9.107936563715338,
    "success": 0.175,
    "spl": 0.16559374665939214,
    "ndtw": 0.4458079800588659,
    "path_length": 6.428396802046336,
    "oracle_success": 0.1875,
    "steps_taken": 39.15
}