{
    "distance_to_goal": 8.79860372748226,
    "success": 0.2375,
    "spl": 0.21067687598470441,
    "ndtw": 0.4364746369285418,
    "path_length": 8.817876894149231,
    "oracle_success": 0.275,
    "steps_taken": 81.2375
}