{
    "distance_to_goal": 7.864362571574747,
    "success": 0.225,
    "spl": 0.21238873819478526,
    "ndtw": 0.5024334958597029,
    "path_length": 7.983314802590757,
    "oracle_success": 0.3375,
    "steps_taken": 80.0875
}