{
    "distance_to_goal": 7.371085892803967,
    "success": 0.25,
    "spl": 0.24644123639842053,
    "ndtw": 0.5370357307447493,
    "path_length": 7.608184453716968,
    "oracle_success": 0.325,
    "steps_taken": 56.2375
}