{
    "distance_to_goal": 8.710372537188231,
    "success": 0.2375,
    "spl": 0.2246096374310041,
    "ndtw": 0.47461433217999927,
    "path_length": 8.011435215640812,
    "oracle_success": 0.275,
    "steps_taken": 52.025
}