{
    "distance_to_goal": 8.19334523268044,
    "success": 0.1875,
    "spl": 0.17689310658716573,
    "ndtw": 0.49464644212172565,
    "path_length": 6.411432206281461,
    "oracle_success": 0.2375,
    "steps_taken": 39.925
}