{
    "distance_to_goal": 8.544112249277532,
    "success": 0.2125,
    "spl": 0.19239469760291444,
    "ndtw": 0.4532731051046367,
    "path_length": 8.409696810861352,
    "oracle_success": 0.25,
    "steps_taken": 67.525
}