{
    "distance_to_goal": 9.081068936549126,
    "success": 0.1375,
    "spl": 0.1330470832933684,
    "ndtw": 0.45619700500417854,
    "path_length": 6.668535235201068,
    "oracle_success": 0.15,
    "steps_taken": 41.0125
}