{
    "distance_to_goal": 8.515182203613222,
    "success": 0.2125,
    "spl": 0.20367065098969883,
    "ndtw": 0.49361384026692495,
    "path_length": 7.067062767792959,
    "oracle_success": 0.275,
    "steps_taken": 46.4625
}