{
    "distance_to_goal": 8.587156324461102,
    "success": 0.175,
    "spl": 0.1673695748861858,
    "ndtw": 0.4771011887424197,
    "path_length": 7.387547930167057,
    "oracle_success": 0.2625,
    "steps_taken": 50.2875
}