{
    "distance_to_goal": 9.053750292770564,
    "success": 0.2125,
    "spl": 0.20160716863103206,
    "ndtw": 0.4392401008068626,
    "path_length": 6.984120315802284,
    "oracle_success": 0.25,
    "steps_taken": 44.7125
}