{
    "distance_to_goal": 8.29316098485142,
    "success": 0.2875,
    "spl": 0.25620360265716213,
    "ndtw": 0.48638626293182546,
    "path_length": 8.49144385256138,
    "oracle_success": 0.3375,
    "steps_taken": 56.65
}