{
    "distance_to_goal": 8.233996410667896,
    "success": 0.25,
    "spl": 0.23873978826799197,
    "ndtw": 0.48702052162214954,
    "path_length": 7.715717453137491,
    "oracle_success": 0.3125,
    "steps_taken": 62.9375
}