{
    "distance_to_goal": 7.635294548235834,
    "success": 0.275,
    "spl": 0.2520452478494814,
    "ndtw": 0.49718249294959466,
    "path_length": 8.128707062761531,
    "oracle_success": 0.3375,
    "steps_taken": 77.925
}