{
    "distance_to_goal": 8.093799711577594,
    "success": 0.2625,
    "spl": 0.23680362640259575,
    "ndtw": 0.47371454114470557,
    "path_length": 8.01640769422811,
    "oracle_success": 0.2875,
    "steps_taken": 63.9375
}