{
    "distance_to_goal": 8.443327855318785,
    "success": 0.1875,
    "spl": 0.17265221180789433,
    "ndtw": 0.45296336557857886,
    "path_length": 8.273719440564033,
    "oracle_success": 0.2625,
    "steps_taken": 68.6375
}