{
    "distance_to_goal": 8.867940653674305,
    "success": 0.1625,
    "spl": 0.15734513136780406,
    "ndtw": 0.46762603520495344,
    "path_length": 7.04816465806216,
    "oracle_success": 0.1875,
    "steps_taken": 43.2875
}