{
    "distance_to_goal": 8.432002454708458,
    "success": 0.1761827079934747,
    "spl": 0.163583752544525,
    "ndtw": 0.4468578929399727,
    "path_length": 6.941026632119076,
    "oracle_success": 0.22185970636215335,
    "steps_taken": 56.856443719412724
}