{
    "distance_to_goal": 8.624710590951144,
    "success": 0.25,
    "spl": 0.23714645339150148,
    "ndtw": 0.4740362465518516,
    "path_length": 7.733976795193837,
    "oracle_success": 0.2875,
    "steps_taken": 53.775
}