{
    "distance_to_goal": 5.557835191488266,
    "success": 0.3333333333333333,
    "spl": 0.3333333333333333,
    "ndtw": 0.6570554883940783,
    "path_length": 7.853199581305186,
    "oracle_success": 0.3333333333333333,
    "steps_taken": 71.83333333333333
}