{
    "distance_to_goal": 3.1587061087290444,
    "success": 0.6666666666666666,
    "spl": 0.6569630757486336,
    "ndtw": 0.791497947842846,
    "path_length": 8.623893895496925,
    "oracle_success": 0.6666666666666666,
    "steps_taken": 106.5
}