{
    "distance_to_goal": 8.111133214831352,
    "success": 0.2375,
    "spl": 0.22829009586723453,
    "ndtw": 0.4939243512414263,
    "path_length": 7.492161265417235,
    "oracle_success": 0.3125,
    "steps_taken": 61.8
}