{
    "distance_to_goal": 8.610859583690763,
    "success": 0.25,
    "spl": 0.23246462612829752,
    "ndtw": 0.4713710493087119,
    "path_length": 8.152587467325793,
    "oracle_success": 0.3375,
    "steps_taken": 60.8625
}