{
    "distance_to_goal": 8.336001258343458,
    "success": 0.25,
    "spl": 0.23652617705397497,
    "ndtw": 0.4906291403560458,
    "path_length": 7.614571271755087,
    "oracle_success": 0.3125,
    "steps_taken": 58.025
}