{
    "distance_to_goal": 8.556822725012898,
    "success": 0.25,
    "spl": 0.23976526241960444,
    "ndtw": 0.46543240629485105,
    "path_length": 8.450282714288914,
    "oracle_success": 0.3375,
    "steps_taken": 59.3875
}