{
    "distance_to_goal": 8.329076179116964,
    "success": 0.2375,
    "spl": 0.21731968969572718,
    "ndtw": 0.4847698224583897,
    "path_length": 7.701062933012144,
    "oracle_success": 0.3,
    "steps_taken": 57.1875
}