{
    "distance_to_goal": 8.9769075249381,
    "success": 0.1729200652528548,
    "spl": 0.1628936280818593,
    "ndtw": 0.4368737552651767,
    "path_length": 7.236877297497135,
    "oracle_success": 0.2398042414355628,
    "steps_taken": 59.800978792822185
}