{
    "distance_to_goal": 8.03287239679181,
    "success": 0.2480719794344473,
    "spl": 0.2356857020013521,
    "ndtw": 0.4883922021793981,
    "path_length": 7.947316456358669,
    "oracle_success": 0.33676092544987146,
    "steps_taken": 57.886889460154244
}