{
    "distance_to_goal": 9.335984022915364,
    "success": 0.1875,
    "spl": 0.17160939273943568,
    "ndtw": 0.4349098357187458,
    "path_length": 7.918922227679286,
    "oracle_success": 0.275,
    "steps_taken": 59.9125
}