{
    "distance_to_goal": 9.1259136260358,
    "success": 0.1761827079934747,
    "spl": 0.1654827537973948,
    "ndtw": 0.4179983497382786,
    "path_length": 7.123311394495886,
    "oracle_success": 0.23164763458401305,
    "steps_taken": 57.848287112561174
}