{
    "distance_to_goal": 8.895336481928826,
    "success": 0.175,
    "spl": 0.169629369555816,
    "ndtw": 0.42461408874208484,
    "path_length": 7.611022328329272,
    "oracle_success": 0.2625,
    "steps_taken": 54.5875
}