{
    "distance_to_goal": 8.634868172556162,
    "success": 0.275,
    "spl": 0.2575272287242091,
    "ndtw": 0.46822975412535256,
    "path_length": 7.7703483534860425,
    "oracle_success": 0.3375,
    "steps_taken": 55.1625
}