{
    "distance_to_goal": 7.7991005786740075,
    "success": 0.2326478149100257,
    "spl": 0.22141421699311112,
    "ndtw": 0.49651681391832964,
    "path_length": 7.392300781411259,
    "oracle_success": 0.30205655526992287,
    "steps_taken": 53.01799485861183
}