{
    "distance_to_goal": 8.447849326953293,
    "success": 0.2875,
    "spl": 0.26876582465191634,
    "ndtw": 0.4814665700205695,
    "path_length": 7.919895907689352,
    "oracle_success": 0.3625,
    "steps_taken": 57.0
}