{
    "distance_to_goal": 8.32245672866702,
    "success": 0.225,
    "spl": 0.22105329292895273,
    "ndtw": 0.45145820700616024,
    "path_length": 8.18485064288252,
    "oracle_success": 0.3375,
    "steps_taken": 55.725
}