{
    "distance_to_goal": 7.8069772912060085,
    "success": 0.2365038560411311,
    "spl": 0.22571731298458095,
    "ndtw": 0.4897265269917374,
    "path_length": 7.811428338372953,
    "oracle_success": 0.33676092544987146,
    "steps_taken": 58.87275064267352
}