{
    "distance_to_goal": 8.010543308711604,
    "success": 0.22879177377892032,
    "spl": 0.21624498294121863,
    "ndtw": 0.492092367709642,
    "path_length": 7.724676278258003,
    "oracle_success": 0.3097686375321337,
    "steps_taken": 53.95758354755784
}