{
    "distance_to_goal": 8.927476221323014,
    "success": 0.1625,
    "spl": 0.14585041558616857,
    "ndtw": 0.4269059931338517,
    "path_length": 7.804724693309981,
    "oracle_success": 0.2625,
    "steps_taken": 57.65
}