{
    "distance_to_goal": 9.092686736685806,
    "success": 0.19412724306688417,
    "spl": 0.18155361002162387,
    "ndtw": 0.4353707537806641,
    "path_length": 7.846349070030714,
    "oracle_success": 0.2724306688417618,
    "steps_taken": 61.14029363784665
}