{
    "distance_to_goal": 9.267699926346541,
    "success": 0.1625,
    "spl": 0.15038495209393168,
    "ndtw": 0.42266084210760546,
    "path_length": 8.088582839875016,
    "oracle_success": 0.2625,
    "steps_taken": 60.6375
}