{
    "distance_to_goal": 8.976433154568076,
    "success": 0.1875,
    "spl": 0.18175956850773065,
    "ndtw": 0.44067197440925776,
    "path_length": 7.330295401834883,
    "oracle_success": 0.2625,
    "steps_taken": 49.6
}