{
    "distance_to_goal": 7.767085900458395,
    "success": 0.2544987146529563,
    "spl": 0.2399465648317803,
    "ndtw": 0.49901301124873365,
    "path_length": 7.539346664611428,
    "oracle_success": 0.33161953727506427,
    "steps_taken": 58.131105398457585
}