{
    "distance_to_goal": 9.114949936792254,
    "success": 0.1875,
    "spl": 0.1727109392358289,
    "ndtw": 0.4388680485186528,
    "path_length": 7.869050123926717,
    "oracle_success": 0.2125,
    "steps_taken": 67.3125
}