{
    "distance_to_goal": 8.531452408805489,
    "success": 0.175,
    "spl": 0.16894026949182978,
    "ndtw": 0.4609891344891949,
    "path_length": 7.551250540814363,
    "oracle_success": 0.25,
    "steps_taken": 51.2625
}