{
    "distance_to_goal": 8.157735047489405,
    "success": 0.2,
    "spl": 0.19476265854473612,
    "ndtw": 0.47117438106359044,
    "path_length": 7.240170693374239,
    "oracle_success": 0.2625,
    "steps_taken": 55.7375
}