{
    "distance_to_goal": 7.996473582131085,
    "success": 0.2120822622107969,
    "spl": 0.19964153864309794,
    "ndtw": 0.4784361694465387,
    "path_length": 8.484399402864142,
    "oracle_success": 0.3213367609254499,
    "steps_taken": 60.13239074550128
}