{
    "distance_to_goal": 9.807199735194445,
    "success": 0.1375,
    "spl": 0.1314751434686773,
    "ndtw": 0.4076783394372705,
    "path_length": 7.688060322642559,
    "oracle_success": 0.225,
    "steps_taken": 56.675
}