{
    "distance_to_goal": 8.871655827388167,
    "success": 0.225,
    "spl": 0.21213926988077708,
    "ndtw": 0.45330805090430976,
    "path_length": 7.399230808194261,
    "oracle_success": 0.3125,
    "steps_taken": 53.05
}