{
    "distance_to_goal": 8.396284262090921,
    "success": 0.175,
    "spl": 0.1714360577623923,
    "ndtw": 0.4721374602232709,
    "path_length": 7.350401801185217,
    "oracle_success": 0.2875,
    "steps_taken": 54.2375
}