{
    "distance_to_goal": 9.152302717221794,
    "success": 0.16802610114192496,
    "spl": 0.15749891974203478,
    "ndtw": 0.4131260360208536,
    "path_length": 7.133524402336103,
    "oracle_success": 0.2300163132137031,
    "steps_taken": 56.2952691680261
}