{
    "distance_to_goal": 8.58508757725358,
    "success": 0.2625,
    "spl": 0.2536511734493957,
    "ndtw": 0.4797561583055997,
    "path_length": 6.812651104785618,
    "oracle_success": 0.3,
    "steps_taken": 56.7
}