{
    "distance_to_goal": 7.720603178814054,
    "success": 0.275,
    "spl": 0.25940359474812286,
    "ndtw": 0.5150661166852911,
    "path_length": 7.759039981861133,
    "oracle_success": 0.3625,
    "steps_taken": 56.8125
}