{
    "distance_to_goal": 7.959944854760997,
    "success": 0.25578406169665807,
    "spl": 0.2405621443218766,
    "ndtw": 0.4934611933182795,
    "path_length": 8.160057954208732,
    "oracle_success": 0.36375321336760924,
    "steps_taken": 57.88431876606684
}