{
    "distance_to_goal": 7.7490737805176515,
    "success": 0.2326478149100257,
    "spl": 0.21998014119186043,
    "ndtw": 0.5046230221298833,
    "path_length": 7.722092476507489,
    "oracle_success": 0.3329048843187661,
    "steps_taken": 54.29305912596401
}