{
    "distance_to_goal": 8.729466921836138,
    "success": 0.1125,
    "spl": 0.10601637501766695,
    "ndtw": 0.4548572177978464,
    "path_length": 7.597626012493857,
    "oracle_success": 0.225,
    "steps_taken": 60.5375
}