{
    "distance_to_goal": 9.315172827243805,
    "success": 0.1375,
    "spl": 0.13243386141051577,
    "ndtw": 0.4294021035216759,
    "path_length": 6.985035322804469,
    "oracle_success": 0.2125,
    "steps_taken": 53.3625
}