{
    "distance_to_goal": 9.619621288776397,
    "success": 0.1625,
    "spl": 0.14953113753112707,
    "ndtw": 0.41011050654941483,
    "path_length": 7.5622787047423,
    "oracle_success": 0.275,
    "steps_taken": 60.225
}