{
    "distance_to_goal": 8.886247623567998,
    "success": 0.1723762914627515,
    "spl": 0.15903116192293892,
    "ndtw": 0.4290717770651216,
    "path_length": 7.272718282111501,
    "oracle_success": 0.25502990755845567,
    "steps_taken": 56.858075040783035
}