{
    "distance_to_goal": 9.796926103532314,
    "success": 0.1625,
    "spl": 0.14776098767396856,
    "ndtw": 0.3994746469345042,
    "path_length": 8.8636032387687,
    "oracle_success": 0.2875,
    "steps_taken": 66.3625
}