{
    "distance_to_goal": 9.414468782395124,
    "success": 0.1875,
    "spl": 0.16006874812554966,
    "ndtw": 0.4166837261690217,
    "path_length": 7.890477666846709,
    "oracle_success": 0.2625,
    "steps_taken": 67.7375
}