{
    "distance_to_goal": 9.168694528025648,
    "success": 0.18508997429305912,
    "spl": 0.17494521796391882,
    "ndtw": 0.42231685409058684,
    "path_length": 7.442966414890609,
    "oracle_success": 0.2699228791773779,
    "steps_taken": 59.48843187660668
}