{
    "distance_to_goal": 9.06777550391853,
    "success": 0.175,
    "spl": 0.16555328436242306,
    "ndtw": 0.43055248116938155,
    "path_length": 7.425328245196107,
    "oracle_success": 0.275,
    "steps_taken": 54.8125
}