{
    "distance_to_goal": 8.624009777233004,
    "success": 0.15,
    "spl": 0.12877964193892996,
    "ndtw": 0.46261959105038875,
    "path_length": 7.424256052872851,
    "oracle_success": 0.2125,
    "steps_taken": 57.925
}