{
    "distance_to_goal": 8.562652030054739,
    "success": 0.20565552699228792,
    "spl": 0.19106438744999082,
    "ndtw": 0.4534978389773918,
    "path_length": 7.745665841598033,
    "oracle_success": 0.27892030848329047,
    "steps_taken": 53.969151670951156
}