{
    "distance_to_goal": 9.584177780151368,
    "success": 0.1625,
    "spl": 0.1536676715064644,
    "ndtw": 0.42321864942795634,
    "path_length": 7.9653921436751265,
    "oracle_success": 0.2625,
    "steps_taken": 59.025
}