{
    "distance_to_goal": 9.745866430550814,
    "success": 0.1375,
    "spl": 0.13213179846614315,
    "ndtw": 0.4089222691066673,
    "path_length": 8.101007230236792,
    "oracle_success": 0.2375,
    "steps_taken": 58.45
}