{
    "distance_to_goal": 8.158859125024861,
    "success": 0.21979434447300772,
    "spl": 0.21238383668151994,
    "ndtw": 0.484431824052122,
    "path_length": 7.403342032620691,
    "oracle_success": 0.30077120822622105,
    "steps_taken": 52.51413881748072
}