{
    "distance_to_goal": 9.588396549370705,
    "success": 0.1528004350190321,
    "spl": 0.14316830342578193,
    "ndtw": 0.3999710493374538,
    "path_length": 7.890456602967841,
    "oracle_success": 0.24850462207721588,
    "steps_taken": 59.20663404023926
}