{
    "distance_to_goal": 9.311962613463402,
    "success": 0.15,
    "spl": 0.1467270533604472,
    "ndtw": 0.41497855310733484,
    "path_length": 7.641388539760373,
    "oracle_success": 0.2375,
    "steps_taken": 58.9375
}