{
    "distance_to_goal": 9.739262069016695,
    "success": 0.1875,
    "spl": 0.1793954437130159,
    "ndtw": 0.42258556342295855,
    "path_length": 7.492858077073469,
    "oracle_success": 0.2125,
    "steps_taken": 55.5
}