{
    "distance_to_goal": 8.30201222896576,
    "success": 0.25,
    "spl": 0.24684759743582757,
    "ndtw": 0.4940880878224093,
    "path_length": 7.579149081729701,
    "oracle_success": 0.325,
    "steps_taken": 54.4125
}