{
    "distance_to_goal": 9.602998750843108,
    "success": 0.1375,
    "spl": 0.13046272888061822,
    "ndtw": 0.39648664267796424,
    "path_length": 7.599017825542363,
    "oracle_success": 0.25,
    "steps_taken": 56.9125
}