{
    "distance_to_goal": 9.869162307679654,
    "success": 0.15,
    "spl": 0.14526103146524028,
    "ndtw": 0.4017294199004392,
    "path_length": 8.03983878248159,
    "oracle_success": 0.2875,
    "steps_taken": 54.0375
}