{
    "distance_to_goal": 8.78824280700371,
    "success": 0.21079691516709512,
    "spl": 0.19752409107565422,
    "ndtw": 0.45393695536816614,
    "path_length": 7.700835658036969,
    "oracle_success": 0.2892030848329049,
    "steps_taken": 54.311053984575835
}