{
    "distance_to_goal": 8.90932134683525,
    "success": 0.16693855356171833,
    "spl": 0.15848708113574614,
    "ndtw": 0.42200358812477373,
    "path_length": 6.8223164104944045,
    "oracle_success": 0.22185970636215335,
    "steps_taken": 58.5573681348559
}