{
    "distance_to_goal": 10.031054922938347,
    "success": 0.1125,
    "spl": 0.10347269077489234,
    "ndtw": 0.3758443197029152,
    "path_length": 7.384558952676523,
    "oracle_success": 0.1875,
    "steps_taken": 55.8125
}