{
    "distance_to_goal": 8.754106712448566,
    "success": 0.2069408740359897,
    "spl": 0.19646677636528453,
    "ndtw": 0.4429860883706481,
    "path_length": 7.943931708877747,
    "oracle_success": 0.2930591259640103,
    "steps_taken": 63.2866323907455
}