{"length": 6.923021216866548, "error": 9.902414038806866, "oracle success": 0.18309859154929578, "success": 0.11267605633802817, "spl": 0.10500552304782013}