{
    "distance_to_goal": 8.748729490260844,
    "success": 0.2133676092544987,
    "spl": 0.2003973496376974,
    "ndtw": 0.44644435766651064,
    "path_length": 7.794189603082836,
    "oracle_success": 0.2866323907455013,
    "steps_taken": 54.70437017994858
}