{
    "distance_to_goal": 10.147796148061753,
    "success": 0.1625,
    "spl": 0.15493925016592414,
    "ndtw": 0.42346023333519967,
    "path_length": 7.419401337765157,
    "oracle_success": 0.25,
    "steps_taken": 57.2375
}