{
    "distance_to_goal": 9.532483373582362,
    "success": 0.1125,
    "spl": 0.10392407626114716,
    "ndtw": 0.4091599803422625,
    "path_length": 7.93765713624307,
    "oracle_success": 0.225,
    "steps_taken": 51.9375
}