{
    "distance_to_goal": 8.941606412505475,
    "success": 0.1473626971179989,
    "spl": 0.13916438044834026,
    "ndtw": 0.4208328887372246,
    "path_length": 7.1054152285523635,
    "oracle_success": 0.21587819467101685,
    "steps_taken": 60.891245241979334
}