{
    "distance_to_goal": 9.406117091700434,
    "success": 0.15,
    "spl": 0.14568458713584315,
    "ndtw": 0.4321627103464329,
    "path_length": 6.840602419513743,
    "oracle_success": 0.2125,
    "steps_taken": 53.2125
}