{
    "distance_to_goal": 8.915271347388625,
    "success": 0.15,
    "spl": 0.14295722209941403,
    "ndtw": 0.4660597113622257,
    "path_length": 7.051822048982534,
    "oracle_success": 0.1875,
    "steps_taken": 54.275
}