{
    "distance_to_goal": 8.63554432578385,
    "success": 0.15,
    "spl": 0.14575468169347172,
    "ndtw": 0.45708955792103145,
    "path_length": 7.1579675620771015,
    "oracle_success": 0.2375,
    "steps_taken": 51.4625
}