{
    "distance_to_goal": 8.97609514798969,
    "success": 0.175,
    "spl": 0.17109978812252444,
    "ndtw": 0.4461839656956954,
    "path_length": 6.841155113046989,
    "oracle_success": 0.225,
    "steps_taken": 56.7625
}