{
    "distance_to_goal": 9.487824084237218,
    "success": 0.1375,
    "spl": 0.1306210459563258,
    "ndtw": 0.41582955542997857,
    "path_length": 8.01872426555492,
    "oracle_success": 0.2625,
    "steps_taken": 52.675
}