{
    "distance_to_goal": 9.135202905908226,
    "success": 0.175,
    "spl": 0.16671067344074014,
    "ndtw": 0.4245909955731794,
    "path_length": 7.59756257350964,
    "oracle_success": 0.25,
    "steps_taken": 57.5125
}