{
    "distance_to_goal": 8.390028332223622,
    "success": 0.2236503856041131,
    "spl": 0.21112368665808284,
    "ndtw": 0.4689787510373227,
    "path_length": 7.259598341605034,
    "oracle_success": 0.2969151670951157,
    "steps_taken": 52.45244215938303
}