{
    "distance_to_goal": 8.684246126706006,
    "success": 0.19922879177377892,
    "spl": 0.1907884794234751,
    "ndtw": 0.44547482188760584,
    "path_length": 7.527051605909743,
    "oracle_success": 0.2892030848329049,
    "steps_taken": 57.05012853470437
}