{
    "distance_to_goal": 9.282580919191242,
    "success": 0.175,
    "spl": 0.16078578257750387,
    "ndtw": 0.41393050928641795,
    "path_length": 6.582116503424865,
    "oracle_success": 0.2375,
    "steps_taken": 59.9
}