{
    "distance_to_goal": 10.879644419252873,
    "success": 0.1375,
    "spl": 0.1323132820472101,
    "ndtw": 0.3685217547087648,
    "path_length": 7.171236126183066,
    "oracle_success": 0.2,
    "steps_taken": 55.7375
}