{
    "distance_to_goal": 9.36693855561316,
    "success": 0.125,
    "spl": 0.11514451803010513,
    "ndtw": 0.4044243008123189,
    "path_length": 8.000415105040883,
    "oracle_success": 0.2125,
    "steps_taken": 57.25
}