{
    "distance_to_goal": 8.943960799276828,
    "success": 0.1375,
    "spl": 0.13298473516650494,
    "ndtw": 0.42759524181732533,
    "path_length": 8.680681292247026,
    "oracle_success": 0.25,
    "steps_taken": 65.4375
}