{
    "distance_to_goal": 9.594510394688887,
    "success": 0.14192495921696574,
    "spl": 0.1320867838439732,
    "ndtw": 0.39392461951895974,
    "path_length": 7.508015345995161,
    "oracle_success": 0.21315932572050028,
    "steps_taken": 62.627514953779226
}