{
    "distance_to_goal": 9.916695438697934,
    "success": 0.1375,
    "spl": 0.1287318646331181,
    "ndtw": 0.39585531669534213,
    "path_length": 8.21669005046133,
    "oracle_success": 0.225,
    "steps_taken": 69.5
}