{
    "distance_to_goal": 8.70875698847069,
    "success": 0.19665809768637532,
    "spl": 0.18693103829857308,
    "ndtw": 0.4539160293965041,
    "path_length": 8.667828655890942,
    "oracle_success": 0.33547557840616965,
    "steps_taken": 60.25706940874036
}