{
    "distance_to_goal": 9.779654317349195,
    "success": 0.1375,
    "spl": 0.12511987912571534,
    "ndtw": 0.3994581599609769,
    "path_length": 9.143179105239687,
    "oracle_success": 0.3,
    "steps_taken": 69.1125
}