{
    "distance_to_goal": 8.881858106702566,
    "success": 0.225,
    "spl": 0.20686924952750183,
    "ndtw": 0.45888856227203717,
    "path_length": 8.644273008529854,
    "oracle_success": 0.35,
    "steps_taken": 66.05
}