{
    "distance_to_goal": 10.174181291088463,
    "success": 0.1125,
    "spl": 0.10908278635592553,
    "ndtw": 0.3798191015424295,
    "path_length": 8.07659432287328,
    "oracle_success": 0.225,
    "steps_taken": 62.9125
}