{
    "distance_to_goal": 8.943715461287983,
    "success": 0.18508997429305912,
    "spl": 0.17621296100071332,
    "ndtw": 0.44152841342445875,
    "path_length": 8.433593749145688,
    "oracle_success": 0.30848329048843187,
    "steps_taken": 58.94344473007712
}