{
    "distance_to_goal": 8.986257589608432,
    "success": 0.2125,
    "spl": 0.2016279823918307,
    "ndtw": 0.45366335011143477,
    "path_length": 8.312855409132316,
    "oracle_success": 0.35,
    "steps_taken": 65.4125
}