{
    "distance_to_goal": 9.073064664937556,
    "success": 0.2125,
    "spl": 0.19523971730381512,
    "ndtw": 0.44016054991169196,
    "path_length": 9.067953748023138,
    "oracle_success": 0.3625,
    "steps_taken": 62.0
}