{
    "distance_to_goal": 9.813793247006833,
    "success": 0.1,
    "spl": 0.09596417945487543,
    "ndtw": 0.39852871671965934,
    "path_length": 7.7287658793793526,
    "oracle_success": 0.25,
    "steps_taken": 63.0375
}