{
    "distance_to_goal": 8.524444777394015,
    "success": 0.1928020565552699,
    "spl": 0.18511670393526627,
    "ndtw": 0.4546701976462646,
    "path_length": 8.307022635610787,
    "oracle_success": 0.32390745501285345,
    "steps_taken": 64.93958868894602
}