{
    "distance_to_goal": 8.712195064250025,
    "success": 0.2043701799485861,
    "spl": 0.19144181751692876,
    "ndtw": 0.4467287383705329,
    "path_length": 8.383419620490056,
    "oracle_success": 0.3393316195372751,
    "steps_taken": 64.55141388174808
}