{
    "distance_to_goal": 8.379216109189398,
    "success": 0.2120822622107969,
    "spl": 0.20238633574252998,
    "ndtw": 0.4724918465295362,
    "path_length": 8.37955047316167,
    "oracle_success": 0.33547557840616965,
    "steps_taken": 56.616966580976865
}