{
    "distance_to_goal": 9.582246429473162,
    "success": 0.1625,
    "spl": 0.15388610749794912,
    "ndtw": 0.4152348245052976,
    "path_length": 9.0058815327473,
    "oracle_success": 0.3625,
    "steps_taken": 66.65
}