{
    "distance_to_goal": 9.160941558890045,
    "success": 0.125,
    "spl": 0.11540358505224783,
    "ndtw": 0.4227981843371957,
    "path_length": 8.605734460940585,
    "oracle_success": 0.2875,
    "steps_taken": 59.575
}