{
    "distance_to_goal": 10.124856579303742,
    "success": 0.175,
    "spl": 0.16016777118393685,
    "ndtw": 0.3899372522635037,
    "path_length": 8.241801672894507,
    "oracle_success": 0.2375,
    "steps_taken": 65.95
}