{
    "distance_to_goal": 9.706262889876962,
    "success": 0.125,
    "spl": 0.12178580505965778,
    "ndtw": 0.3875799763111927,
    "path_length": 8.949689202394802,
    "oracle_success": 0.2625,
    "steps_taken": 63.175
}