{
    "distance_to_goal": 9.363932625576854,
    "success": 0.1875,
    "spl": 0.16731787430595574,
    "ndtw": 0.4385085228004327,
    "path_length": 8.340336171840317,
    "oracle_success": 0.3125,
    "steps_taken": 62.025
}