{
    "distance_to_goal": 9.761257928237319,
    "success": 0.1125,
    "spl": 0.09915880962591239,
    "ndtw": 0.3938305763248123,
    "path_length": 8.282474711538635,
    "oracle_success": 0.2625,
    "steps_taken": 61.7375
}