{
    "distance_to_goal": 8.947038850188255,
    "success": 0.225,
    "spl": 0.20949824664206645,
    "ndtw": 0.4349803787934025,
    "path_length": 8.868123185646255,
    "oracle_success": 0.325,
    "steps_taken": 59.65
}