{
    "distance_to_goal": 9.84434963800013,
    "success": 0.1625,
    "spl": 0.14714060567905457,
    "ndtw": 0.3857486069527659,
    "path_length": 8.580473210802301,
    "oracle_success": 0.3,
    "steps_taken": 68.825
}