{
    "distance_to_goal": 8.835543323260346,
    "success": 0.19665809768637532,
    "spl": 0.18264340322199019,
    "ndtw": 0.44481739807186743,
    "path_length": 8.43123511424921,
    "oracle_success": 0.3161953727506427,
    "steps_taken": 60.42159383033419
}