{
    "distance_to_goal": 8.58168787099421,
    "success": 0.1875,
    "spl": 0.18253745744608826,
    "ndtw": 0.4511587520775189,
    "path_length": 8.517561084264889,
    "oracle_success": 0.3375,
    "steps_taken": 58.925
}