{
    "distance_to_goal": 10.001277393924276,
    "success": 0.13866231647634583,
    "spl": 0.12416931079089694,
    "ndtw": 0.37460380568106433,
    "path_length": 7.679012654111392,
    "oracle_success": 0.2169657422512235,
    "steps_taken": 63.72648178357803
}