{
    "distance_to_goal": 9.877973296493291,
    "success": 0.1375,
    "spl": 0.13196574903216907,
    "ndtw": 0.388503110956086,
    "path_length": 9.248264712654054,
    "oracle_success": 0.2875,
    "steps_taken": 65.7125
}