{
    "distance_to_goal": 9.80429566539824,
    "success": 0.1375,
    "spl": 0.12657407965154993,
    "ndtw": 0.403617880439126,
    "path_length": 8.136265550833196,
    "oracle_success": 0.275,
    "steps_taken": 61.0625
}