{
    "distance_to_goal": 8.529117662737333,
    "success": 0.2275064267352185,
    "spl": 0.21383314885366517,
    "ndtw": 0.463605368234711,
    "path_length": 8.194737621617739,
    "oracle_success": 0.33161953727506427,
    "steps_taken": 58.24807197943445
}