{
    "distance_to_goal": 9.676078089753439,
    "success": 0.1370309951060359,
    "spl": 0.12219411052142651,
    "ndtw": 0.38516054669029276,
    "path_length": 7.284436161512271,
    "oracle_success": 0.19412724306688417,
    "steps_taken": 63.74497009244154
}