{
    "distance_to_goal": 9.125836678221821,
    "success": 0.1875,
    "spl": 0.17498526163207834,
    "ndtw": 0.4245926950785483,
    "path_length": 8.486747365270276,
    "oracle_success": 0.2875,
    "steps_taken": 66.8375
}