{
    "distance_to_goal": 10.205758790671826,
    "success": 0.0875,
    "spl": 0.08031771148651148,
    "ndtw": 0.37235743738519167,
    "path_length": 8.653273969079601,
    "oracle_success": 0.225,
    "steps_taken": 69.125
}