{
    "distance_to_goal": 8.944638168597283,
    "success": 0.20051413881748073,
    "spl": 0.18961512704755146,
    "ndtw": 0.43735793194089473,
    "path_length": 8.482815169369761,
    "oracle_success": 0.32390745501285345,
    "steps_taken": 61.645244215938305
}