{
    "distance_to_goal": 9.773800211911489,
    "success": 0.12017400761283306,
    "spl": 0.10969733007102882,
    "ndtw": 0.3854114548239031,
    "path_length": 7.641919433758745,
    "oracle_success": 0.20663404023926046,
    "steps_taken": 66.80261011419249
}