{
    "distance_to_goal": 10.217943408340215,
    "success": 0.0875,
    "spl": 0.08716660726394619,
    "ndtw": 0.37909789892007184,
    "path_length": 8.033914351300336,
    "oracle_success": 0.2375,
    "steps_taken": 63.1625
}