{
    "distance_to_goal": 10.003838744759559,
    "success": 0.075,
    "spl": 0.07054852060139646,
    "ndtw": 0.369275413316851,
    "path_length": 8.269104289647657,
    "oracle_success": 0.2375,
    "steps_taken": 65.2375
}