{
    "distance_to_goal": 8.880359961854769,
    "success": 0.20051413881748073,
    "spl": 0.18181775175108758,
    "ndtw": 0.43467621807717,
    "path_length": 8.585285149577818,
    "oracle_success": 0.2853470437017995,
    "steps_taken": 66.65681233933162
}