{
    "distance_to_goal": 9.734162136912346,
    "success": 0.1375,
    "spl": 0.11703460233783972,
    "ndtw": 0.3926907300618005,
    "path_length": 9.591263385268395,
    "oracle_success": 0.2875,
    "steps_taken": 67.4125
}