{
    "distance_to_goal": 8.957710321860965,
    "success": 0.1631321370309951,
    "spl": 0.1488832272322247,
    "ndtw": 0.41075052841296794,
    "path_length": 7.839713262626753,
    "oracle_success": 0.233278955954323,
    "steps_taken": 64.26046764545949
}