{
    "distance_to_goal": 8.668600179427386,
    "success": 0.2043701799485861,
    "spl": 0.1855548469199133,
    "ndtw": 0.44198759807950705,
    "path_length": 8.251721102703698,
    "oracle_success": 0.2917737789203085,
    "steps_taken": 60.865038560411314
}