{
    "distance_to_goal": 8.53561778627336,
    "success": 0.2125,
    "spl": 0.19629932492693833,
    "ndtw": 0.463374054494344,
    "path_length": 8.373838877642992,
    "oracle_success": 0.3125,
    "steps_taken": 56.775
}