{
    "distance_to_goal": 9.287605855613947,
    "success": 0.1125,
    "spl": 0.1003371483615553,
    "ndtw": 0.4083533156966158,
    "path_length": 8.631086681282614,
    "oracle_success": 0.2125,
    "steps_taken": 69.2875
}