{
    "distance_to_goal": 8.964023329645736,
    "success": 0.178357803153888,
    "spl": 0.16007310899333227,
    "ndtw": 0.42526849958436136,
    "path_length": 8.067238718574648,
    "oracle_success": 0.26209896682979883,
    "steps_taken": 61.758020663404025
}