{
    "distance_to_goal": 9.172196209430695,
    "success": 0.1625,
    "spl": 0.14328845090508838,
    "ndtw": 0.419746123593329,
    "path_length": 7.78988962158328,
    "oracle_success": 0.2375,
    "steps_taken": 62.275
}