{
    "distance_to_goal": 8.822209674492479,
    "success": 0.1875,
    "spl": 0.1714100565406072,
    "ndtw": 0.42794514243928033,
    "path_length": 8.005162535258568,
    "oracle_success": 0.2625,
    "steps_taken": 66.9125
}