{
    "distance_to_goal": 8.856092619150877,
    "success": 0.1875,
    "spl": 0.1701872465752684,
    "ndtw": 0.450954961918411,
    "path_length": 7.161075274791007,
    "oracle_success": 0.225,
    "steps_taken": 50.9625
}