{
    "distance_to_goal": 9.207672347500921,
    "success": 0.2,
    "spl": 0.17546507692970217,
    "ndtw": 0.42727630014100654,
    "path_length": 8.211233366453962,
    "oracle_success": 0.2375,
    "steps_taken": 72.6375
}