{
    "distance_to_goal": 8.769939287438758,
    "success": 0.2069408740359897,
    "spl": 0.1883971042867714,
    "ndtw": 0.4390296289093301,
    "path_length": 8.828753000732483,
    "oracle_success": 0.34575835475578404,
    "steps_taken": 65.81362467866325
}