{
    "distance_to_goal": 9.244689752906561,
    "success": 0.1875,
    "spl": 0.16861152024850398,
    "ndtw": 0.4099690957397624,
    "path_length": 8.595384763280162,
    "oracle_success": 0.3,
    "steps_taken": 64.55
}