{
    "distance_to_goal": 8.383039380387812,
    "success": 0.2236503856041131,
    "spl": 0.20573998428343201,
    "ndtw": 0.4551797499996038,
    "path_length": 8.080913812052227,
    "oracle_success": 0.2969151670951157,
    "steps_taken": 61.68251928020565
}