{
    "distance_to_goal": 9.424922152981162,
    "success": 0.175,
    "spl": 0.15651883874438122,
    "ndtw": 0.4105968012781519,
    "path_length": 8.281492417170806,
    "oracle_success": 0.25,
    "steps_taken": 61.5875
}