{
    "distance_to_goal": 8.75936383218821,
    "success": 0.15497553017944535,
    "spl": 0.1451522394317644,
    "ndtw": 0.43703383516100364,
    "path_length": 6.230313868822944,
    "oracle_success": 0.18923327895595432,
    "steps_taken": 46.339858618814574
}