{
    "distance_to_goal": 8.225838627139524,
    "success": 0.2467866323907455,
    "spl": 0.22265755931411688,
    "ndtw": 0.46714241899004877,
    "path_length": 8.317593633185576,
    "oracle_success": 0.3393316195372751,
    "steps_taken": 63.43444730077121
}