{
    "distance_to_goal": 8.413194405848692,
    "success": 0.2043701799485861,
    "spl": 0.19443736735057968,
    "ndtw": 0.446993566464183,
    "path_length": 7.968075840459125,
    "oracle_success": 0.2622107969151671,
    "steps_taken": 59.048843187660665
}