{
    "distance_to_goal": 8.73358199223876,
    "success": 0.1875,
    "spl": 0.17457640120234058,
    "ndtw": 0.42167240683666324,
    "path_length": 8.518750411421934,
    "oracle_success": 0.225,
    "steps_taken": 59.9625
}