{
    "distance_to_goal": 9.096594136208296,
    "success": 0.2375,
    "spl": 0.20720624051967057,
    "ndtw": 0.44838974131513326,
    "path_length": 8.820713461987907,
    "oracle_success": 0.325,
    "steps_taken": 65.9375
}