{
    "distance_to_goal": 9.0699258511886,
    "success": 0.1875,
    "spl": 0.17436743690615877,
    "ndtw": 0.42442743636149566,
    "path_length": 8.050939568318427,
    "oracle_success": 0.25,
    "steps_taken": 59.8875
}