{
    "distance_to_goal": 8.779341744560663,
    "success": 0.19922879177377892,
    "spl": 0.18430863432191355,
    "ndtw": 0.44719827748328506,
    "path_length": 8.315952367300849,
    "oracle_success": 0.31876606683804626,
    "steps_taken": 61.23778920308483
}