{
    "distance_to_goal": 8.140873559872718,
    "success": 0.2236503856041131,
    "spl": 0.20958393192234345,
    "ndtw": 0.46996755833945686,
    "path_length": 6.700051462426617,
    "oracle_success": 0.2814910025706941,
    "steps_taken": 50.10154241645244
}