{
    "distance_to_goal": 9.779693917185067,
    "success": 0.1375,
    "spl": 0.12414633057430444,
    "ndtw": 0.37955336687574387,
    "path_length": 8.836641981231514,
    "oracle_success": 0.2125,
    "steps_taken": 63.7875
}