{
    "distance_to_goal": 9.008961470673077,
    "success": 0.16965742251223492,
    "spl": 0.1560405782968561,
    "ndtw": 0.40982127272758956,
    "path_length": 7.4948556997504685,
    "oracle_success": 0.2169657422512235,
    "steps_taken": 64.22131593257205
}