{
    "distance_to_goal": 8.249838433010567,
    "success": 0.21465295629820053,
    "spl": 0.20399607976962864,
    "ndtw": 0.4767076365379229,
    "path_length": 7.8906257173673815,
    "oracle_success": 0.32519280205655526,
    "steps_taken": 57.6413881748072
}