{
    "distance_to_goal": 9.004256593249739,
    "success": 0.175,
    "spl": 0.1668970138121321,
    "ndtw": 0.4530430641845484,
    "path_length": 7.4536642377730455,
    "oracle_success": 0.225,
    "steps_taken": 53.7875
}