{
    "distance_to_goal": 9.18840952427443,
    "success": 0.16367591082109842,
    "spl": 0.1522893998943468,
    "ndtw": 0.40362181847383455,
    "path_length": 6.568405592233597,
    "oracle_success": 0.20989668297988037,
    "steps_taken": 56.468189233278956
}