{
    "distance_to_goal": 9.438562186807394,
    "success": 0.1625,
    "spl": 0.1566936730884351,
    "ndtw": 0.4259362906498083,
    "path_length": 8.075783988834328,
    "oracle_success": 0.2625,
    "steps_taken": 49.5875
}