{
    "distance_to_goal": 9.450176518969238,
    "success": 0.1125,
    "spl": 0.10757421852495233,
    "ndtw": 0.42506082482297336,
    "path_length": 7.499161524011288,
    "oracle_success": 0.2375,
    "steps_taken": 58.8875
}