{
    "distance_to_goal": 10.007135495916009,
    "success": 0.1625,
    "spl": 0.15660886091643164,
    "ndtw": 0.3936789979083175,
    "path_length": 7.963301178137772,
    "oracle_success": 0.2375,
    "steps_taken": 52.6
}