{
    "distance_to_goal": 9.247946305945515,
    "success": 0.1625,
    "spl": 0.15575916117248828,
    "ndtw": 0.4321910770194459,
    "path_length": 7.732311959721071,
    "oracle_success": 0.2625,
    "steps_taken": 61.5
}