{
    "distance_to_goal": 8.35720527041847,
    "success": 0.20179948586118251,
    "spl": 0.19383680590372565,
    "ndtw": 0.47184344832198616,
    "path_length": 7.2495906064459605,
    "oracle_success": 0.2686375321336761,
    "steps_taken": 54.31491002570694
}