{
    "distance_to_goal": 9.411787600815297,
    "success": 0.1625,
    "spl": 0.1516864302954618,
    "ndtw": 0.43076202076324793,
    "path_length": 7.804867441584726,
    "oracle_success": 0.225,
    "steps_taken": 55.25
}