{
    "distance_to_goal": 8.115385959973525,
    "success": 0.2403598971722365,
    "spl": 0.2297089203488831,
    "ndtw": 0.4901774094389089,
    "path_length": 7.354295065815263,
    "oracle_success": 0.3213367609254499,
    "steps_taken": 54.94601542416452
}