{
    "distance_to_goal": 8.036475729762282,
    "success": 0.2506426735218509,
    "spl": 0.2386275618841106,
    "ndtw": 0.482622683470886,
    "path_length": 7.7359369602592025,
    "oracle_success": 0.3393316195372751,
    "steps_taken": 56.25192802056555
}