{
    "distance_to_goal": 9.49282393362373,
    "success": 0.1875,
    "spl": 0.17203304467268926,
    "ndtw": 0.40931107138407563,
    "path_length": 7.928467029589228,
    "oracle_success": 0.2375,
    "steps_taken": 57.525
}