{
    "distance_to_goal": 9.085602297261357,
    "success": 0.15,
    "spl": 0.14368895077964525,
    "ndtw": 0.44733726686939435,
    "path_length": 7.991413052543066,
    "oracle_success": 0.25,
    "steps_taken": 56.2875
}