{
    "distance_to_goal": 8.342331044146059,
    "success": 0.2210796915167095,
    "spl": 0.21016899100414874,
    "ndtw": 0.46233608838953183,
    "path_length": 7.807156806523962,
    "oracle_success": 0.32519280205655526,
    "steps_taken": 57.47172236503856
}