{
    "distance_to_goal": 9.527407984435559,
    "success": 0.1375,
    "spl": 0.13213373167100073,
    "ndtw": 0.4173997401267121,
    "path_length": 7.491268561210018,
    "oracle_success": 0.2375,
    "steps_taken": 53.85
}