{
    "distance_to_goal": 9.685813242942094,
    "success": 0.0875,
    "spl": 0.08068415034299932,
    "ndtw": 0.40352431727782756,
    "path_length": 7.7746491731959395,
    "oracle_success": 0.2,
    "steps_taken": 49.675
}