{
    "distance_to_goal": 8.990520269902197,
    "success": 0.15225666122892875,
    "spl": 0.140773751412208,
    "ndtw": 0.4139343741809953,
    "path_length": 6.8146667596483566,
    "oracle_success": 0.21044045676998369,
    "steps_taken": 55.2615551930397
}