{
    "distance_to_goal": 8.939362675324082,
    "success": 0.275,
    "spl": 0.2550196185679042,
    "ndtw": 0.4586370395156675,
    "path_length": 7.883232846478132,
    "oracle_success": 0.325,
    "steps_taken": 53.7875
}