{
    "distance_to_goal": 8.750050954520702,
    "success": 0.1375,
    "spl": 0.12931696499574868,
    "ndtw": 0.4376552135069103,
    "path_length": 7.720939926087158,
    "oracle_success": 0.225,
    "steps_taken": 54.0875
}