{
    "distance_to_goal": 8.860175151005388,
    "success": 0.2375,
    "spl": 0.21163005111661728,
    "ndtw": 0.45563536605823457,
    "path_length": 8.009122774354182,
    "oracle_success": 0.325,
    "steps_taken": 54.5
}