{
    "distance_to_goal": 8.547639173587214,
    "success": 0.2249357326478149,
    "spl": 0.21404501869713866,
    "ndtw": 0.45841297685355537,
    "path_length": 7.599097189629514,
    "oracle_success": 0.3097686375321337,
    "steps_taken": 57.537275064267355
}