{
    "distance_to_goal": 9.451852394547313,
    "success": 0.1875,
    "spl": 0.18208366542710325,
    "ndtw": 0.42076072952059895,
    "path_length": 8.091637869144325,
    "oracle_success": 0.275,
    "steps_taken": 56.3875
}