{
    "distance_to_goal": 8.571289459429682,
    "success": 0.2,
    "spl": 0.18967606852327057,
    "ndtw": 0.46874727053373855,
    "path_length": 7.829182209243299,
    "oracle_success": 0.2875,
    "steps_taken": 55.1375
}