{
    "distance_to_goal": 9.048624997213484,
    "success": 0.2125,
    "spl": 0.20756124847798257,
    "ndtw": 0.4448056637855656,
    "path_length": 7.395343944604974,
    "oracle_success": 0.3125,
    "steps_taken": 55.3625
}