{
    "distance_to_goal": 8.934615157172084,
    "success": 0.1625,
    "spl": 0.15220970533583533,
    "ndtw": 0.44085841851891283,
    "path_length": 8.152074228681158,
    "oracle_success": 0.25,
    "steps_taken": 59.225
}