{
    "distance_to_goal": 8.74579151589567,
    "success": 0.1953727506426735,
    "spl": 0.1838317595782791,
    "ndtw": 0.45359115186749394,
    "path_length": 7.632124227600925,
    "oracle_success": 0.3059125964010283,
    "steps_taken": 56.695372750642676
}