{
    "distance_to_goal": 8.839894760400057,
    "success": 0.1625,
    "spl": 0.14648984577910418,
    "ndtw": 0.42788899871026304,
    "path_length": 8.083666810195428,
    "oracle_success": 0.2625,
    "steps_taken": 60.725
}