{
    "distance_to_goal": 8.809175182636684,
    "success": 0.16580976863753213,
    "spl": 0.16011137785504317,
    "ndtw": 0.43652209034461226,
    "path_length": 7.273840176527764,
    "oracle_success": 0.2609254498714653,
    "steps_taken": 59.52827763496144
}