{
    "distance_to_goal": 8.176494342461229,
    "success": 0.2625,
    "spl": 0.2560521222775653,
    "ndtw": 0.4976361542372435,
    "path_length": 7.4095262426533735,
    "oracle_success": 0.3125,
    "steps_taken": 50.2625
}