{
    "distance_to_goal": 9.581438450142741,
    "success": 0.1875,
    "spl": 0.17367565430997056,
    "ndtw": 0.4246883650335886,
    "path_length": 8.047357533691684,
    "oracle_success": 0.2875,
    "steps_taken": 56.0375
}