{
    "distance_to_goal": 9.668894638866186,
    "success": 0.1625,
    "spl": 0.15281437761697925,
    "ndtw": 0.41403278500771873,
    "path_length": 8.02013240577653,
    "oracle_success": 0.2375,
    "steps_taken": 63.1
}