{
    "distance_to_goal": 9.501721172584924,
    "success": 0.14138118542686243,
    "spl": 0.13051626146608178,
    "ndtw": 0.3980252835659876,
    "path_length": 7.074993725562822,
    "oracle_success": 0.200652528548124,
    "steps_taken": 58.08102229472539
}