{
    "distance_to_goal": 8.717009368911386,
    "success": 0.225,
    "spl": 0.20742124825624025,
    "ndtw": 0.4490809024523327,
    "path_length": 8.085961117851548,
    "oracle_success": 0.375,
    "steps_taken": 53.8125
}