{
    "distance_to_goal": 9.611970537528396,
    "success": 0.1875,
    "spl": 0.17128384080761055,
    "ndtw": 0.4170037516855426,
    "path_length": 8.237180366797839,
    "oracle_success": 0.25,
    "steps_taken": 56.3875
}