{
    "distance_to_goal": 9.41016833260939,
    "success": 0.13648722131593258,
    "spl": 0.12641580502605837,
    "ndtw": 0.3931876819531485,
    "path_length": 6.921026115660491,
    "oracle_success": 0.19902120717781402,
    "steps_taken": 59.372485046220774
}