{
    "distance_to_goal": 8.192628521328567,
    "success": 0.2365038560411311,
    "spl": 0.22273778995591273,
    "ndtw": 0.4836215438698337,
    "path_length": 8.175448090783835,
    "oracle_success": 0.33547557840616965,
    "steps_taken": 59.82133676092545
}