{
    "distance_to_goal": 9.092254338413477,
    "success": 0.1875,
    "spl": 0.17478802195592444,
    "ndtw": 0.4487842103246046,
    "path_length": 7.8329368739039635,
    "oracle_success": 0.275,
    "steps_taken": 58.725
}