{
    "distance_to_goal": 8.899117597192525,
    "success": 0.175,
    "spl": 0.16521746209363328,
    "ndtw": 0.4211827959791612,
    "path_length": 7.417282452061772,
    "oracle_success": 0.25,
    "steps_taken": 57.9375
}