{
    "distance_to_goal": 8.78472315631807,
    "success": 0.2375,
    "spl": 0.20883007582964574,
    "ndtw": 0.45573931955621083,
    "path_length": 8.05114315925166,
    "oracle_success": 0.2875,
    "steps_taken": 64.75
}