{
    "distance_to_goal": 8.96178924292326,
    "success": 0.225,
    "spl": 0.20887702619541634,
    "ndtw": 0.4468687557097713,
    "path_length": 7.916945745551493,
    "oracle_success": 0.3125,
    "steps_taken": 66.6125
}