{
    "distance_to_goal": 8.683249084149658,
    "success": 0.2365038560411311,
    "spl": 0.223020241616866,
    "ndtw": 0.461916181030288,
    "path_length": 8.335742372970692,
    "oracle_success": 0.3496143958868895,
    "steps_taken": 60.854755784061695
}