{
    "distance_to_goal": 8.465599646394388,
    "success": 0.2236503856041131,
    "spl": 0.21047165421472003,
    "ndtw": 0.4654784493963147,
    "path_length": 8.055887762969245,
    "oracle_success": 0.32005141388174807,
    "steps_taken": 57.65681233933162
}