{
    "distance_to_goal": 9.324742130935192,
    "success": 0.2125,
    "spl": 0.198407612021372,
    "ndtw": 0.43252566997595865,
    "path_length": 8.496229793655221,
    "oracle_success": 0.3125,
    "steps_taken": 62.0375
}