{
    "distance_to_goal": 9.814397284044981,
    "success": 0.15606307775965197,
    "spl": 0.14409885241635623,
    "ndtw": 0.38488490585543067,
    "path_length": 8.407449734030964,
    "oracle_success": 0.25339858618814576,
    "steps_taken": 69.30614464382816
}