{
    "distance_to_goal": 8.563804225043267,
    "success": 0.22236503856041132,
    "spl": 0.20863770548420155,
    "ndtw": 0.46433629956013195,
    "path_length": 8.356676064707308,
    "oracle_success": 0.3226221079691517,
    "steps_taken": 59.853470437018
}