{
    "distance_to_goal": 9.074931283295154,
    "success": 0.1875,
    "spl": 0.17364982475580823,
    "ndtw": 0.44811773688561807,
    "path_length": 8.075656945863738,
    "oracle_success": 0.3,
    "steps_taken": 64.125
}