{
    "distance_to_goal": 9.624599457775659,
    "success": 0.14355628058727568,
    "spl": 0.13318689554749666,
    "ndtw": 0.3891312924379567,
    "path_length": 7.410733230298186,
    "oracle_success": 0.20826536160957043,
    "steps_taken": 61.092985318107665
}