{
    "distance_to_goal": 8.327559736344226,
    "success": 0.2352185089974293,
    "spl": 0.21952490290738008,
    "ndtw": 0.4757613879987057,
    "path_length": 8.698541200357896,
    "oracle_success": 0.35347043701799485,
    "steps_taken": 64.69151670951157
}