{
    "distance_to_goal": 9.505615529302931,
    "success": 0.15932572050027188,
    "spl": 0.147565380871578,
    "ndtw": 0.40277226891361195,
    "path_length": 7.88204963095837,
    "oracle_success": 0.24524197933659597,
    "steps_taken": 66.67917346383905
}