{
    "distance_to_goal": 8.605046761780978,
    "success": 0.25,
    "spl": 0.2320567288812112,
    "ndtw": 0.48002311709691703,
    "path_length": 9.134723480354296,
    "oracle_success": 0.4,
    "steps_taken": 67.6625
}