{
    "distance_to_goal": 9.697770948708058,
    "success": 0.175,
    "spl": 0.16336041802286003,
    "ndtw": 0.4191877943807317,
    "path_length": 7.785180479465635,
    "oracle_success": 0.225,
    "steps_taken": 59.6625
}