{
    "distance_to_goal": 8.843386994674802,
    "success": 0.25,
    "spl": 0.23041339551552714,
    "ndtw": 0.45119859338023083,
    "path_length": 7.894053825151059,
    "oracle_success": 0.275,
    "steps_taken": 65.8125
}