{
    "distance_to_goal": 9.02678671889007,
    "success": 0.2375,
    "spl": 0.22530297803102992,
    "ndtw": 0.465165479299504,
    "path_length": 9.010544487868902,
    "oracle_success": 0.325,
    "steps_taken": 63.0875
}