{
    "distance_to_goal": 8.268646663002153,
    "success": 0.2300771208226221,
    "spl": 0.21293508718787213,
    "ndtw": 0.4731620714112288,
    "path_length": 8.562081973632695,
    "oracle_success": 0.34832904884318766,
    "steps_taken": 58.01670951156812
}