{
    "distance_to_goal": 9.157178989797831,
    "success": 0.175,
    "spl": 0.15445842514925218,
    "ndtw": 0.4378380976225393,
    "path_length": 8.140125398163217,
    "oracle_success": 0.2625,
    "steps_taken": 66.175
}