{
    "distance_to_goal": 8.8910161472857,
    "success": 0.2625,
    "spl": 0.24653520642621407,
    "ndtw": 0.46364864026917985,
    "path_length": 8.285862934961916,
    "oracle_success": 0.4,
    "steps_taken": 64.825
}