{
    "distance_to_goal": 8.27297858595848,
    "success": 0.3,
    "spl": 0.2796368254320212,
    "ndtw": 0.5026305705529801,
    "path_length": 7.998069802823011,
    "oracle_success": 0.3875,
    "steps_taken": 59.4375
}