{
    "distance_to_goal": 8.69603860527277,
    "success": 0.2375,
    "spl": 0.22695193377964165,
    "ndtw": 0.46342480818025705,
    "path_length": 8.089300359238404,
    "oracle_success": 0.3375,
    "steps_taken": 62.05
}