{
    "distance_to_goal": 9.158654581382871,
    "success": 0.2,
    "spl": 0.18365225069223493,
    "ndtw": 0.4565031496298594,
    "path_length": 8.362789743108442,
    "oracle_success": 0.3375,
    "steps_taken": 59.4625
}