{
    "distance_to_goal": 9.067688092961907,
    "success": 0.2,
    "spl": 0.17305642587040207,
    "ndtw": 0.4145215673990167,
    "path_length": 8.086561161791906,
    "oracle_success": 0.2625,
    "steps_taken": 67.8625
}