{
    "distance_to_goal": 9.22896655537188,
    "success": 0.1875,
    "spl": 0.17320584946179501,
    "ndtw": 0.43918303267054704,
    "path_length": 9.04627798625214,
    "oracle_success": 0.3125,
    "steps_taken": 67.4
}