{
    "distance_to_goal": 9.247944477854409,
    "success": 0.14464382816748234,
    "spl": 0.13733694588867607,
    "ndtw": 0.41541286466865884,
    "path_length": 7.251508633172783,
    "oracle_success": 0.21044045676998369,
    "steps_taken": 63.57096247960848
}