{
    "distance_to_goal": 9.387562211602926,
    "success": 0.15,
    "spl": 0.13975978337609798,
    "ndtw": 0.4148889753306156,
    "path_length": 7.588312280084938,
    "oracle_success": 0.2375,
    "steps_taken": 56.875
}