{
    "distance_to_goal": 9.227637473121286,
    "success": 0.1875,
    "spl": 0.17633525752273121,
    "ndtw": 0.42730660203026716,
    "path_length": 7.982167307427153,
    "oracle_success": 0.275,
    "steps_taken": 58.5
}