{
    "distance_to_goal": 8.456805602463016,
    "success": 0.22879177377892032,
    "spl": 0.2120808996306453,
    "ndtw": 0.45616465724606364,
    "path_length": 7.606562486803164,
    "oracle_success": 0.3033419023136247,
    "steps_taken": 61.55398457583548
}