{
    "distance_to_goal": 8.569971728045253,
    "success": 0.21979434447300772,
    "spl": 0.20697726833830263,
    "ndtw": 0.45957086382336265,
    "path_length": 7.9651398342716355,
    "oracle_success": 0.30719794344473006,
    "steps_taken": 60.79177377892031
}