{
    "distance_to_goal": 9.746823684498668,
    "success": 0.1625,
    "spl": 0.14931256290603098,
    "ndtw": 0.39340202992364814,
    "path_length": 7.899978716502664,
    "oracle_success": 0.275,
    "steps_taken": 67.9125
}