{
    "distance_to_goal": 9.001789287477731,
    "success": 0.1875,
    "spl": 0.17583716449333245,
    "ndtw": 0.44759590549852984,
    "path_length": 7.748894670756999,
    "oracle_success": 0.3125,
    "steps_taken": 58.5375
}