{
    "distance_to_goal": 7.612301587187003,
    "success": 0.2814910025706941,
    "spl": 0.26664656140324394,
    "ndtw": 0.5162237174953663,
    "path_length": 8.355049145238448,
    "oracle_success": 0.38174807197943444,
    "steps_taken": 58.73521850899743
}