{
    "distance_to_goal": 8.136751556582748,
    "success": 0.2875,
    "spl": 0.2648472954465433,
    "ndtw": 0.5098293815141536,
    "path_length": 8.81625115973875,
    "oracle_success": 0.375,
    "steps_taken": 66.8875
}