{
    "distance_to_goal": 7.5341932558117,
    "success": 0.2853470437017995,
    "spl": 0.26837981450939175,
    "ndtw": 0.5246522384150369,
    "path_length": 8.430841851263292,
    "oracle_success": 0.38174807197943444,
    "steps_taken": 59.53598971722365
}