{
    "distance_to_goal": 7.729306971654296,
    "success": 0.2875,
    "spl": 0.2703868664128396,
    "ndtw": 0.521730493458623,
    "path_length": 7.736605407879688,
    "oracle_success": 0.3375,
    "steps_taken": 57.4375
}