{
    "distance_to_goal": 7.406790033097745,
    "success": 0.2776349614395887,
    "spl": 0.26021879073170506,
    "ndtw": 0.5289579031948033,
    "path_length": 8.168756594457511,
    "oracle_success": 0.38946015424164526,
    "steps_taken": 72.91645244215938
}