{
    "distance_to_goal": 8.28276097252965,
    "success": 0.25,
    "spl": 0.23793104717854213,
    "ndtw": 0.4914918871558006,
    "path_length": 7.548520239908248,
    "oracle_success": 0.3125,
    "steps_taken": 56.6125
}