{
    "distance_to_goal": 7.481900450512575,
    "success": 0.2853470437017995,
    "spl": 0.2723690334414629,
    "ndtw": 0.5215066987620718,
    "path_length": 7.734905493491043,
    "oracle_success": 0.34704370179948585,
    "steps_taken": 55.077120822622106
}