{
    "distance_to_goal": 8.572106342483313,
    "success": 0.2375,
    "spl": 0.22413049536901136,
    "ndtw": 0.48174559087673785,
    "path_length": 8.162957645498683,
    "oracle_success": 0.35,
    "steps_taken": 55.7875
}