{
    "distance_to_goal": 7.838303492777049,
    "success": 0.2625,
    "spl": 0.2500307373312209,
    "ndtw": 0.533566206618082,
    "path_length": 7.411406910791993,
    "oracle_success": 0.3375,
    "steps_taken": 50.6625
}