{
    "distance_to_goal": 7.5757353725654,
    "success": 0.2814910025706941,
    "spl": 0.26978874197755454,
    "ndtw": 0.526972466145059,
    "path_length": 7.655740249384856,
    "oracle_success": 0.3508997429305913,
    "steps_taken": 54.85218508997429
}