{
    "distance_to_goal": 8.437142280816158,
    "success": 0.17455138662316477,
    "spl": 0.16615839011052713,
    "ndtw": 0.45450470603145193,
    "path_length": 6.874615338796468,
    "oracle_success": 0.22512234910277323,
    "steps_taken": 59.6721044045677
}