{
    "distance_to_goal": 7.901232352107764,
    "success": 0.2375,
    "spl": 0.22202587355912637,
    "ndtw": 0.5117528799869951,
    "path_length": 7.574340771185234,
    "oracle_success": 0.3375,
    "steps_taken": 52.875
}