{
    "distance_to_goal": 7.66542864462557,
    "success": 0.2750642673521851,
    "spl": 0.25988305198624934,
    "ndtw": 0.5209551881274476,
    "path_length": 8.33297341927252,
    "oracle_success": 0.35475578406169667,
    "steps_taken": 58.919023136246786
}