{
    "distance_to_goal": 7.678428343683481,
    "success": 0.3125,
    "spl": 0.29293416764410335,
    "ndtw": 0.5149044279590719,
    "path_length": 8.240994367748499,
    "oracle_success": 0.4,
    "steps_taken": 60.1125
}