{
    "distance_to_goal": 8.478462369952506,
    "success": 0.19086460032626426,
    "spl": 0.17763373765277293,
    "ndtw": 0.4537921472882005,
    "path_length": 7.71099880429569,
    "oracle_success": 0.2561174551386623,
    "steps_taken": 65.30668841761828
}