{
    "distance_to_goal": 7.6026676805689934,
    "success": 0.3125,
    "spl": 0.2958546870189616,
    "ndtw": 0.5217739181882656,
    "path_length": 8.312132476246916,
    "oracle_success": 0.375,
    "steps_taken": 57.8125
}