{
    "distance_to_goal": 8.432614558562637,
    "success": 0.25,
    "spl": 0.23007218702978993,
    "ndtw": 0.477377687897243,
    "path_length": 8.3934510093648,
    "oracle_success": 0.3375,
    "steps_taken": 63.325
}