{
    "distance_to_goal": 8.166293331049383,
    "success": 0.2875,
    "spl": 0.26633969420875925,
    "ndtw": 0.49298355079128386,
    "path_length": 8.001324988296256,
    "oracle_success": 0.3625,
    "steps_taken": 69.9875
}