{
    "distance_to_goal": 8.60821085833013,
    "success": 0.225,
    "spl": 0.20993105846971774,
    "ndtw": 0.4826539714984127,
    "path_length": 7.866871410585008,
    "oracle_success": 0.2625,
    "steps_taken": 61.7625
}