{
    "distance_to_goal": 7.9073409447446465,
    "success": 0.275,
    "spl": 0.25812758794043383,
    "ndtw": 0.49910245859371105,
    "path_length": 8.100837052520365,
    "oracle_success": 0.375,
    "steps_taken": 62.4
}