{
    "distance_to_goal": 8.288852523453533,
    "success": 0.2375,
    "spl": 0.22234636830822527,
    "ndtw": 0.49503681211372175,
    "path_length": 7.760731479927199,
    "oracle_success": 0.3125,
    "steps_taken": 59.0625
}