{
    "distance_to_goal": 8.67675248477608,
    "success": 0.2625,
    "spl": 0.24772961370816465,
    "ndtw": 0.49288770822294287,
    "path_length": 8.01575300344266,
    "oracle_success": 0.3125,
    "steps_taken": 65.3125
}