{
    "distance_to_goal": 8.323801206797361,
    "success": 0.2,
    "spl": 0.18827979767221853,
    "ndtw": 0.47879498537608345,
    "path_length": 8.071617383742705,
    "oracle_success": 0.3625,
    "steps_taken": 59.8125
}