{
    "distance_to_goal": 8.66800263337791,
    "success": 0.2125,
    "spl": 0.1954667590404294,
    "ndtw": 0.46869622564682106,
    "path_length": 7.714686528476887,
    "oracle_success": 0.3125,
    "steps_taken": 54.8875
}