{
    "distance_to_goal": 8.58225037511438,
    "success": 0.275,
    "spl": 0.25900314751017545,
    "ndtw": 0.49166436399374536,
    "path_length": 8.287369502987712,
    "oracle_success": 0.3375,
    "steps_taken": 63.575
}