{
    "distance_to_goal": 7.746811802022561,
    "success": 0.30848329048843187,
    "spl": 0.2949081691390673,
    "ndtw": 0.5178375302317598,
    "path_length": 8.273903176960207,
    "oracle_success": 0.38174807197943444,
    "steps_taken": 56.598971722365036
}