{
    "distance_to_goal": 8.167854473926127,
    "success": 0.275,
    "spl": 0.26447229634743397,
    "ndtw": 0.49905896222158264,
    "path_length": 7.929903091629967,
    "oracle_success": 0.3375,
    "steps_taken": 55.6125
}