{
    "distance_to_goal": 8.300226142816246,
    "success": 0.2375,
    "spl": 0.21862009896227233,
    "ndtw": 0.4784080254659918,
    "path_length": 8.552605374762788,
    "oracle_success": 0.3625,
    "steps_taken": 74.4375
}