{
    "distance_to_goal": 8.035532829724252,
    "success": 0.25,
    "spl": 0.23284014444060125,
    "ndtw": 0.48883002299305794,
    "path_length": 8.192111238674261,
    "oracle_success": 0.375,
    "steps_taken": 52.5625
}