{
    "distance_to_goal": 8.370182005612584,
    "success": 0.16802610114192496,
    "spl": 0.15654734100796014,
    "ndtw": 0.4554945541437968,
    "path_length": 6.883661386750168,
    "oracle_success": 0.21044045676998369,
    "steps_taken": 63.900489396411096
}