{
    "distance_to_goal": 7.791476382873952,
    "success": 0.2875,
    "spl": 0.26813115706030133,
    "ndtw": 0.5150743476326037,
    "path_length": 8.366203990869689,
    "oracle_success": 0.3875,
    "steps_taken": 76.525
}