{
    "distance_to_goal": 7.550342219881713,
    "success": 0.2375,
    "spl": 0.22079048834180787,
    "ndtw": 0.5270720038165946,
    "path_length": 8.218539616535418,
    "oracle_success": 0.35,
    "steps_taken": 57.6125
}