{
    "distance_to_goal": 8.422619452141225,
    "success": 0.2375,
    "spl": 0.22043800656035567,
    "ndtw": 0.48053204679200673,
    "path_length": 8.245928272628225,
    "oracle_success": 0.3,
    "steps_taken": 62.9375
}