{
    "distance_to_goal": 7.672258093570069,
    "success": 0.27892030848329047,
    "spl": 0.26671151520515074,
    "ndtw": 0.5148188672588843,
    "path_length": 7.830716283298128,
    "oracle_success": 0.3560411311053985,
    "steps_taken": 57.23393316195373
}