{
    "distance_to_goal": 8.802991997511361,
    "success": 0.16150081566068517,
    "spl": 0.15069875634244165,
    "ndtw": 0.4370917018088822,
    "path_length": 7.525749449902655,
    "oracle_success": 0.2300163132137031,
    "steps_taken": 61.16313213703099
}