{
    "distance_to_goal": 7.519465381838382,
    "success": 0.275,
    "spl": 0.25617581334117157,
    "ndtw": 0.5281753763088015,
    "path_length": 8.253954466269352,
    "oracle_success": 0.4,
    "steps_taken": 71.9
}