{
    "distance_to_goal": 8.327550998143852,
    "success": 0.225,
    "spl": 0.20945307901271204,
    "ndtw": 0.490782310594156,
    "path_length": 8.218236831668765,
    "oracle_success": 0.3375,
    "steps_taken": 62.2625
}