{
    "distance_to_goal": 8.439974119141699,
    "success": 0.2375,
    "spl": 0.21828206967060554,
    "ndtw": 0.48105900307248906,
    "path_length": 7.9384648092847785,
    "oracle_success": 0.3125,
    "steps_taken": 63.375
}