{
    "distance_to_goal": 8.124773054383695,
    "success": 0.2625,
    "spl": 0.25164451116778125,
    "ndtw": 0.48747377920684104,
    "path_length": 8.16194867216982,
    "oracle_success": 0.3125,
    "steps_taken": 56.6375
}