{
    "distance_to_goal": 7.7521631419467125,
    "success": 0.2442159383033419,
    "spl": 0.22634480498313475,
    "ndtw": 0.4982694854296372,
    "path_length": 8.812340726661805,
    "oracle_success": 0.3791773778920309,
    "steps_taken": 63.09254498714653
}