{
    "distance_to_goal": 8.346874937228858,
    "success": 0.25,
    "spl": 0.2303104807912819,
    "ndtw": 0.48624822122816147,
    "path_length": 8.843170532537624,
    "oracle_success": 0.3625,
    "steps_taken": 69.3875
}