{
    "distance_to_goal": 7.871669298521504,
    "success": 0.25578406169665807,
    "spl": 0.24196923791911926,
    "ndtw": 0.5008309353982098,
    "path_length": 8.336637451105203,
    "oracle_success": 0.37532133676092544,
    "steps_taken": 68.95629820051414
}