{
    "distance_to_goal": 7.858204104657498,
    "success": 0.2660668380462725,
    "spl": 0.24844705541518036,
    "ndtw": 0.5031142445295526,
    "path_length": 8.380349956242412,
    "oracle_success": 0.37532133676092544,
    "steps_taken": 64.9241645244216
}