{
    "distance_to_goal": 7.905024126306138,
    "success": 0.2390745501285347,
    "spl": 0.22699894250475386,
    "ndtw": 0.49624078205615774,
    "path_length": 8.388913397519229,
    "oracle_success": 0.34704370179948585,
    "steps_taken": 68.81491002570694
}