{
    "distance_to_goal": 8.630033638887108,
    "success": 0.1875,
    "spl": 0.17301284944249556,
    "ndtw": 0.4585899919562476,
    "path_length": 8.784597068815492,
    "oracle_success": 0.35,
    "steps_taken": 62.525
}