{
    "distance_to_goal": 7.433523974355052,
    "success": 0.2943444730077121,
    "spl": 0.2687102428093365,
    "ndtw": 0.5171920270628815,
    "path_length": 8.747649373482675,
    "oracle_success": 0.37532133676092544,
    "steps_taken": 73.23521850899743
}