{
    "distance_to_goal": 8.797970665001946,
    "success": 0.17781402936378465,
    "spl": 0.15547862244005042,
    "ndtw": 0.40823289764186893,
    "path_length": 8.644580868042246,
    "oracle_success": 0.2707993474714519,
    "steps_taken": 94.61555193039696
}