{
    "distance_to_goal": 8.74191327651435,
    "success": 0.17128874388254486,
    "spl": 0.15580599470680703,
    "ndtw": 0.4336377996908805,
    "path_length": 7.532358364700721,
    "oracle_success": 0.24034801522566612,
    "steps_taken": 73.79554105492116
}