{
    "distance_to_goal": 7.606856607006034,
    "success": 0.2596401028277635,
    "spl": 0.2376655323334845,
    "ndtw": 0.4925509251195875,
    "path_length": 9.163015316194402,
    "oracle_success": 0.4023136246786632,
    "steps_taken": 75.34061696658098
}