{
    "distance_to_goal": 8.633267497457563,
    "success": 0.2,
    "spl": 0.18545876611585116,
    "ndtw": 0.46782188267563213,
    "path_length": 8.420518538774923,
    "oracle_success": 0.3125,
    "steps_taken": 68.075
}