{
    "distance_to_goal": 7.886796587985009,
    "success": 0.2625,
    "spl": 0.23530229281289836,
    "ndtw": 0.48780825197949695,
    "path_length": 9.404777859238674,
    "oracle_success": 0.375,
    "steps_taken": 80.55
}