{
    "distance_to_goal": 8.763790098292922,
    "success": 0.18923327895595432,
    "spl": 0.1709771187410098,
    "ndtw": 0.4306352651445811,
    "path_length": 8.36643078643384,
    "oracle_success": 0.27569331158238175,
    "steps_taken": 74.67754214246874
}