{
    "distance_to_goal": 8.905495986638185,
    "success": 0.18270799347471453,
    "spl": 0.16366751752811293,
    "ndtw": 0.41328052601950505,
    "path_length": 8.441318988363456,
    "oracle_success": 0.2707993474714519,
    "steps_taken": 85.79173463839042
}