{
    "distance_to_goal": 8.316872172988951,
    "success": 0.2875,
    "spl": 0.26972236513450254,
    "ndtw": 0.48494959184165065,
    "path_length": 7.996549666626379,
    "oracle_success": 0.3875,
    "steps_taken": 62.5375
}