{
    "distance_to_goal": 8.372084712050855,
    "success": 0.225,
    "spl": 0.20944744602288096,
    "ndtw": 0.4812225731977586,
    "path_length": 7.972897322103381,
    "oracle_success": 0.3375,
    "steps_taken": 62.625
}