{
    "distance_to_goal": 8.844766529747945,
    "success": 0.1566068515497553,
    "spl": 0.14187830200588142,
    "ndtw": 0.4243836394757267,
    "path_length": 7.5289338334017835,
    "oracle_success": 0.2398042414355628,
    "steps_taken": 62.86731919521479
}