{
    "distance_to_goal": 8.405628646165132,
    "success": 0.2,
    "spl": 0.1896112214836934,
    "ndtw": 0.4450093433637757,
    "path_length": 8.284843859658576,
    "oracle_success": 0.3125,
    "steps_taken": 70.0375
}