{
    "distance_to_goal": 8.671490327641369,
    "success": 0.25,
    "spl": 0.22953780358271506,
    "ndtw": 0.4623074798716936,
    "path_length": 8.522351466267219,
    "oracle_success": 0.3125,
    "steps_taken": 64.1375
}