{
    "distance_to_goal": 8.2761387427201,
    "success": 0.24293059125964012,
    "spl": 0.2267270029317815,
    "ndtw": 0.46974674012304307,
    "path_length": 8.551898741908918,
    "oracle_success": 0.34061696658097684,
    "steps_taken": 62.548843187660665
}