{
    "distance_to_goal": 8.906513672322035,
    "success": 0.175,
    "spl": 0.16797248662443323,
    "ndtw": 0.44344697245588344,
    "path_length": 7.35749938248191,
    "oracle_success": 0.225,
    "steps_taken": 50.0125
}