{
    "distance_to_goal": 9.398267391661932,
    "success": 0.1468189233278956,
    "spl": 0.13500415638350088,
    "ndtw": 0.40893788352840355,
    "path_length": 7.697389031992318,
    "oracle_success": 0.24306688417618272,
    "steps_taken": 66.40728656878738
}