{
    "distance_to_goal": 9.40512799132512,
    "success": 0.1272430668841762,
    "spl": 0.12036888498546149,
    "ndtw": 0.40366244140171437,
    "path_length": 7.0152305013240115,
    "oracle_success": 0.18270799347471453,
    "steps_taken": 56.425774877650895
}