{
    "distance_to_goal": 8.275609300689709,
    "success": 0.21722365038560412,
    "spl": 0.2013643751535027,
    "ndtw": 0.4660850287111648,
    "path_length": 8.434962184484316,
    "oracle_success": 0.33676092544987146,
    "steps_taken": 59.580976863753214
}