{
    "distance_to_goal": 8.47184681547638,
    "success": 0.20822622107969152,
    "spl": 0.19546460940832214,
    "ndtw": 0.4620770421631555,
    "path_length": 8.164974249782052,
    "oracle_success": 0.31362467866323906,
    "steps_taken": 64.73393316195373
}