{
    "distance_to_goal": 8.381709019560127,
    "success": 0.2210796915167095,
    "spl": 0.2076968449235677,
    "ndtw": 0.45809095413953516,
    "path_length": 8.307339074197284,
    "oracle_success": 0.32904884318766064,
    "steps_taken": 63.85218508997429
}