{
    "distance_to_goal": 8.315952295260288,
    "success": 0.20565552699228792,
    "spl": 0.19642642277042127,
    "ndtw": 0.4560396782809111,
    "path_length": 7.364061513598432,
    "oracle_success": 0.2943444730077121,
    "steps_taken": 52.969151670951156
}