{
    "distance_to_goal": 9.904193261265755,
    "success": 0.1,
    "spl": 0.09989479730533644,
    "ndtw": 0.3749016302626068,
    "path_length": 7.6938658754108475,
    "oracle_success": 0.2125,
    "steps_taken": 63.9875
}