{
    "distance_to_goal": 8.209200828894973,
    "success": 0.2125,
    "spl": 0.19976829744589064,
    "ndtw": 0.4888891475621243,
    "path_length": 7.6821553078130815,
    "oracle_success": 0.3375,
    "steps_taken": 58.325
}