{
    "distance_to_goal": 9.00302314311266,
    "success": 0.1625,
    "spl": 0.1606486533019182,
    "ndtw": 0.4268173235214632,
    "path_length": 7.565314024030141,
    "oracle_success": 0.2875,
    "steps_taken": 66.9875
}