{
    "distance_to_goal": 8.306387303401848,
    "success": 0.20179948586118251,
    "spl": 0.1890196437480056,
    "ndtw": 0.46957848193867596,
    "path_length": 8.390627145627887,
    "oracle_success": 0.32519280205655526,
    "steps_taken": 64.11182519280206
}