{
    "distance_to_goal": 9.105729721486568,
    "success": 0.1625,
    "spl": 0.14648752945243185,
    "ndtw": 0.4321680136908498,
    "path_length": 8.103439469134901,
    "oracle_success": 0.275,
    "steps_taken": 57.425
}