{
    "distance_to_goal": 9.603658130387368,
    "success": 0.11908646003262642,
    "spl": 0.11036264852587165,
    "ndtw": 0.3783887875795142,
    "path_length": 8.154650491801958,
    "oracle_success": 0.2267536704730832,
    "steps_taken": 67.56933115823817
}