{
    "distance_to_goal": 7.984811285046195,
    "success": 0.25578406169665807,
    "spl": 0.24257362335391786,
    "ndtw": 0.48655815720083073,
    "path_length": 8.080249243344724,
    "oracle_success": 0.35218508997429304,
    "steps_taken": 60.670951156812336
}