{
    "distance_to_goal": 7.800010035987608,
    "success": 0.2596401028277635,
    "spl": 0.24220897730245025,
    "ndtw": 0.505354607761996,
    "path_length": 7.905277777576154,
    "oracle_success": 0.3560411311053985,
    "steps_taken": 55.81748071979435
}