{
    "distance_to_goal": 8.748896809667349,
    "success": 0.1875,
    "spl": 0.1730613164795416,
    "ndtw": 0.4623977668337552,
    "path_length": 7.701378741988447,
    "oracle_success": 0.25,
    "steps_taken": 65.3375
}