{
    "distance_to_goal": 9.306537801299553,
    "success": 0.16802610114192496,
    "spl": 0.1553246216326894,
    "ndtw": 0.4178852750398808,
    "path_length": 7.607668378282789,
    "oracle_success": 0.24143556280587275,
    "steps_taken": 63.35889070146819
}