{
    "distance_to_goal": 9.555259120464324,
    "success": 0.15,
    "spl": 0.13794008538020205,
    "ndtw": 0.40596897762906836,
    "path_length": 7.556520855572307,
    "oracle_success": 0.2125,
    "steps_taken": 58.075
}