{
    "distance_to_goal": 9.380133386328817,
    "success": 0.1125,
    "spl": 0.10454164397127527,
    "ndtw": 0.4385241772755003,
    "path_length": 8.131190275626818,
    "oracle_success": 0.275,
    "steps_taken": 61.425
}