{
    "distance_to_goal": 9.136851820722223,
    "success": 0.2,
    "spl": 0.19060546363129025,
    "ndtw": 0.43924262305122247,
    "path_length": 8.150515561760644,
    "oracle_success": 0.3125,
    "steps_taken": 61.4
}