{
    "distance_to_goal": 9.278094873204827,
    "success": 0.175,
    "spl": 0.16568431562591743,
    "ndtw": 0.43250780371585745,
    "path_length": 6.960694430232979,
    "oracle_success": 0.2625,
    "steps_taken": 57.8875
}