{
    "distance_to_goal": 9.93520978540182,
    "success": 0.1875,
    "spl": 0.17008677768451672,
    "ndtw": 0.4124079567083651,
    "path_length": 8.209319689748877,
    "oracle_success": 0.2625,
    "steps_taken": 60.8125
}