{
    "distance_to_goal": 9.478901743155546,
    "success": 0.12234910277324633,
    "spl": 0.1157485364070361,
    "ndtw": 0.3936092555353572,
    "path_length": 6.773761119247436,
    "oracle_success": 0.19086460032626426,
    "steps_taken": 66.48830886351278
}