{
    "distance_to_goal": 9.407096572220325,
    "success": 0.1375,
    "spl": 0.1326520938831738,
    "ndtw": 0.39099219583758676,
    "path_length": 8.415747217671015,
    "oracle_success": 0.325,
    "steps_taken": 64.6625
}