{
    "distance_to_goal": 8.713142978807955,
    "success": 0.19665809768637532,
    "spl": 0.18148504279874197,
    "ndtw": 0.44475603569886435,
    "path_length": 8.348948216311863,
    "oracle_success": 0.33676092544987146,
    "steps_taken": 64.7210796915167
}