{
    "distance_to_goal": 8.680736796930432,
    "success": 0.225,
    "spl": 0.21201057567508594,
    "ndtw": 0.4361709761021806,
    "path_length": 7.8166821517050264,
    "oracle_success": 0.275,
    "steps_taken": 63.5625
}