{
    "distance_to_goal": 8.559901932626962,
    "success": 0.1875,
    "spl": 0.18115527709766277,
    "ndtw": 0.4640963438751936,
    "path_length": 7.640437465428841,
    "oracle_success": 0.2875,
    "steps_taken": 52.6875
}