{
    "distance_to_goal": 9.883227181807161,
    "success": 0.1875,
    "spl": 0.17630491339454443,
    "ndtw": 0.41287982458358313,
    "path_length": 8.678470843058312,
    "oracle_success": 0.2875,
    "steps_taken": 64.6875
}