{
    "distance_to_goal": 8.617085115385546,
    "success": 0.2133676092544987,
    "spl": 0.19867737909430858,
    "ndtw": 0.4490579405147105,
    "path_length": 8.386969348889647,
    "oracle_success": 0.3097686375321337,
    "steps_taken": 65.23907455012854
}