{
    "distance_to_goal": 9.684249167932707,
    "success": 0.15171288743882544,
    "spl": 0.138956644698213,
    "ndtw": 0.39746013351359133,
    "path_length": 7.75800876483777,
    "oracle_success": 0.22838499184339314,
    "steps_taken": 61.5078847199565
}