{
    "distance_to_goal": 8.590653341541254,
    "success": 0.19023136246786632,
    "spl": 0.180353433762569,
    "ndtw": 0.4404944528697935,
    "path_length": 8.239861110768999,
    "oracle_success": 0.30205655526992287,
    "steps_taken": 66.67609254498714
}