{
    "distance_to_goal": 8.356959706062216,
    "success": 0.2249357326478149,
    "spl": 0.21074349459001065,
    "ndtw": 0.46899660775986635,
    "path_length": 8.032253738505506,
    "oracle_success": 0.31748071979434445,
    "steps_taken": 60.88046272493573
}