{
    "distance_to_goal": 9.171737504005431,
    "success": 0.1875,
    "spl": 0.17264775329536036,
    "ndtw": 0.4045084279468828,
    "path_length": 7.849326903192107,
    "oracle_success": 0.2875,
    "steps_taken": 56.875
}