{
    "distance_to_goal": 8.457785706594587,
    "success": 0.2375,
    "spl": 0.22504696456486067,
    "ndtw": 0.4680767492807263,
    "path_length": 8.031169540577206,
    "oracle_success": 0.375,
    "steps_taken": 63.9625
}