{
    "distance_to_goal": 8.706884810328484,
    "success": 0.2,
    "spl": 0.18884046047771785,
    "ndtw": 0.440140678456087,
    "path_length": 7.8535214807838205,
    "oracle_success": 0.2625,
    "steps_taken": 56.5625
}