{
    "distance_to_goal": 9.86348823234439,
    "success": 0.0875,
    "spl": 0.0847222987057386,
    "ndtw": 0.38331076445341894,
    "path_length": 8.335999999847264,
    "oracle_success": 0.2375,
    "steps_taken": 66.6875
}