{
    "distance_to_goal": 8.970114732533693,
    "success": 0.2625,
    "spl": 0.24335822433397475,
    "ndtw": 0.4324183496954716,
    "path_length": 7.817954669584287,
    "oracle_success": 0.3125,
    "steps_taken": 61.5125
}