{
    "distance_to_goal": 8.414795847202635,
    "success": 0.20565552699228792,
    "spl": 0.19556394551675718,
    "ndtw": 0.46110021431502385,
    "path_length": 7.835757315018623,
    "oracle_success": 0.2982005141388175,
    "steps_taken": 63.88431876606684
}