{
    "distance_to_goal": 8.873762402156785,
    "success": 0.18508997429305912,
    "spl": 0.17308490922907838,
    "ndtw": 0.4296739149426861,
    "path_length": 8.29515320806661,
    "oracle_success": 0.2930591259640103,
    "steps_taken": 63.512853470437015
}