{
    "distance_to_goal": 9.399374729022384,
    "success": 0.1125,
    "spl": 0.10729335994177487,
    "ndtw": 0.41737340112172633,
    "path_length": 7.697619430336635,
    "oracle_success": 0.25,
    "steps_taken": 55.3125
}