{
    "distance_to_goal": 9.035779396817087,
    "success": 0.175,
    "spl": 0.16618459810137406,
    "ndtw": 0.4245513440861088,
    "path_length": 7.557289124617819,
    "oracle_success": 0.2125,
    "steps_taken": 58.1375
}