{
    "distance_to_goal": 8.244964136557707,
    "success": 0.2326478149100257,
    "spl": 0.2188473860954234,
    "ndtw": 0.46925792790872256,
    "path_length": 7.835124661269759,
    "oracle_success": 0.3329048843187661,
    "steps_taken": 62.04241645244216
}