{
    "distance_to_goal": 8.99734602086246,
    "success": 0.15,
    "spl": 0.14300761766483963,
    "ndtw": 0.43509500455858063,
    "path_length": 8.033206061692908,
    "oracle_success": 0.225,
    "steps_taken": 56.8625
}