{
    "distance_to_goal": 9.495090948815836,
    "success": 0.14192495921696574,
    "spl": 0.13053034465984276,
    "ndtw": 0.4003394036681722,
    "path_length": 6.86947286047077,
    "oracle_success": 0.2137030995106036,
    "steps_taken": 59.67536704730832
}