{
    "distance_to_goal": 9.559657452255488,
    "success": 0.125,
    "spl": 0.11485465080623598,
    "ndtw": 0.41269992913320186,
    "path_length": 7.4713139957806565,
    "oracle_success": 0.15,
    "steps_taken": 63.075
}