{
    "distance_to_goal": 8.96242513383109,
    "success": 0.17737789203084833,
    "spl": 0.16567313320220822,
    "ndtw": 0.4285860160445011,
    "path_length": 7.648360637956293,
    "oracle_success": 0.2827763496143959,
    "steps_taken": 61.623393316195376
}