{
    "distance_to_goal": 9.302573706954718,
    "success": 0.225,
    "spl": 0.20580936862458227,
    "ndtw": 0.44379819344183347,
    "path_length": 8.98321485988563,
    "oracle_success": 0.3375,
    "steps_taken": 67.8125
}