{
    "distance_to_goal": 7.88339083082974,
    "success": 0.3375,
    "spl": 0.31795560062404143,
    "ndtw": 0.5169812987898543,
    "path_length": 7.888900349999313,
    "oracle_success": 0.375,
    "steps_taken": 54.3375
}