{
    "distance_to_goal": 9.221228183805943,
    "success": 0.1875,
    "spl": 0.17178484239280953,
    "ndtw": 0.43360350226221656,
    "path_length": 7.889810186065733,
    "oracle_success": 0.2375,
    "steps_taken": 59.5875
}