{
    "distance_to_goal": 9.559620985960818,
    "success": 0.13866231647634583,
    "spl": 0.12653921904068213,
    "ndtw": 0.3917861250049817,
    "path_length": 7.352885456202609,
    "oracle_success": 0.2142468733007069,
    "steps_taken": 63.476345840130506
}