{
    "distance_to_goal": 9.831990238795662,
    "success": 0.13050570962479607,
    "spl": 0.11439916355115523,
    "ndtw": 0.37006545232280197,
    "path_length": 8.741935909199476,
    "oracle_success": 0.23817292006525284,
    "steps_taken": 74.8858075040783
}