{
    "distance_to_goal": 8.724456092117684,
    "success": 0.2262210796915167,
    "spl": 0.20738072219157033,
    "ndtw": 0.4471302300578558,
    "path_length": 8.540083667187378,
    "oracle_success": 0.3444730077120823,
    "steps_taken": 69.45758354755785
}