{
    "distance_to_goal": 8.4708621592134,
    "success": 0.2236503856041131,
    "spl": 0.211306671975602,
    "ndtw": 0.4527598999583557,
    "path_length": 7.709146491836069,
    "oracle_success": 0.3097686375321337,
    "steps_taken": 59.19794344473008
}