{
    "distance_to_goal": 8.853043520823121,
    "success": 0.2375,
    "spl": 0.2253222226045808,
    "ndtw": 0.45768617491148234,
    "path_length": 8.111171596468193,
    "oracle_success": 0.325,
    "steps_taken": 58.5875
}