{
    "distance_to_goal": 8.218179087291034,
    "success": 0.2519280205655527,
    "spl": 0.23957988570528638,
    "ndtw": 0.4825014185483564,
    "path_length": 7.927760830691188,
    "oracle_success": 0.3329048843187661,
    "steps_taken": 60.196658097686374
}