{
    "distance_to_goal": 9.823882612213492,
    "success": 0.1625,
    "spl": 0.15358556945644278,
    "ndtw": 0.39802397252732435,
    "path_length": 8.043356532441612,
    "oracle_success": 0.2375,
    "steps_taken": 61.3875
}