{
    "distance_to_goal": 8.752017131003438,
    "success": 0.2185089974293059,
    "spl": 0.20307452441489773,
    "ndtw": 0.4429392488190694,
    "path_length": 8.382013325871858,
    "oracle_success": 0.33033419023136246,
    "steps_taken": 62.646529562982
}