{
    "distance_to_goal": 8.525473995541239,
    "success": 0.23136246786632392,
    "spl": 0.21942836629726825,
    "ndtw": 0.4646363659191892,
    "path_length": 8.113442580137084,
    "oracle_success": 0.32904884318766064,
    "steps_taken": 59.209511568123396
}