{
    "distance_to_goal": 8.882671091581065,
    "success": 0.2120822622107969,
    "spl": 0.19831671647712085,
    "ndtw": 0.4448758597722766,
    "path_length": 7.919630406188189,
    "oracle_success": 0.3059125964010283,
    "steps_taken": 58.717223650385606
}