{
    "distance_to_goal": 9.348480567688556,
    "success": 0.12234910277324633,
    "spl": 0.11576436264167494,
    "ndtw": 0.39321225063493953,
    "path_length": 7.291990164788153,
    "oracle_success": 0.20554649265905384,
    "steps_taken": 59.76943991299619
}