{
    "distance_to_goal": 9.185941221565008,
    "success": 0.2625,
    "spl": 0.23384086295474377,
    "ndtw": 0.4370874793454357,
    "path_length": 8.656212748144753,
    "oracle_success": 0.3625,
    "steps_taken": 62.0125
}