{
    "distance_to_goal": 8.763706116949072,
    "success": 0.2352185089974293,
    "spl": 0.21651840058852054,
    "ndtw": 0.45063835235786465,
    "path_length": 8.950382418782551,
    "oracle_success": 0.3676092544987147,
    "steps_taken": 63.18766066838046
}