{
    "distance_to_goal": 8.652981793880462,
    "success": 0.225,
    "spl": 0.20388107882752965,
    "ndtw": 0.4496844035335631,
    "path_length": 7.4048304260708395,
    "oracle_success": 0.275,
    "steps_taken": 59.0125
}