{
    "distance_to_goal": 9.063055743101241,
    "success": 0.14573137574768896,
    "spl": 0.13607426729571817,
    "ndtw": 0.4102842394377017,
    "path_length": 7.205196985502571,
    "oracle_success": 0.21914083741163676,
    "steps_taken": 60.076128330614466
}