{
    "distance_to_goal": 9.06459089726746,
    "success": 0.19794344473007713,
    "spl": 0.1844967608260016,
    "ndtw": 0.4360503816673431,
    "path_length": 8.344230618813235,
    "oracle_success": 0.2982005141388175,
    "steps_taken": 61.65167095115681
}