{
    "distance_to_goal": 9.364346653871266,
    "success": 0.13159325720500273,
    "spl": 0.1253381679126964,
    "ndtw": 0.40824715165893233,
    "path_length": 6.585114054763545,
    "oracle_success": 0.1729200652528548,
    "steps_taken": 49.79825992387167
}