{
    "distance_to_goal": 9.434381912010172,
    "success": 0.1375747688961392,
    "spl": 0.12693339757699598,
    "ndtw": 0.40046201040790336,
    "path_length": 6.909075925836668,
    "oracle_success": 0.1952147906470908,
    "steps_taken": 56.90483958673192
}