{
    "distance_to_goal": 8.457289339414293,
    "success": 0.19794344473007713,
    "spl": 0.18682147526122964,
    "ndtw": 0.4602474034850192,
    "path_length": 7.26084839554143,
    "oracle_success": 0.2737789203084833,
    "steps_taken": 53.962724935732645
}