{
    "distance_to_goal": 9.26286897379905,
    "success": 0.2125,
    "spl": 0.1960290913594076,
    "ndtw": 0.45477230126748697,
    "path_length": 7.641907496628119,
    "oracle_success": 0.2375,
    "steps_taken": 52.075
}