{
    "distance_to_goal": 9.748101644217968,
    "success": 0.1625,
    "spl": 0.15591991723362644,
    "ndtw": 0.40589297163615495,
    "path_length": 6.778273026080569,
    "oracle_success": 0.225,
    "steps_taken": 53.6375
}