{
    "distance_to_goal": 8.725335093587637,
    "success": 0.1875,
    "spl": 0.1770967160336673,
    "ndtw": 0.4493333456335605,
    "path_length": 7.642711896385299,
    "oracle_success": 0.2625,
    "steps_taken": 56.5875
}