{
    "distance_to_goal": 9.297812622200542,
    "success": 0.15769439912996194,
    "spl": 0.14610560853138468,
    "ndtw": 0.4048267829606021,
    "path_length": 7.07599542352741,
    "oracle_success": 0.21805328983143013,
    "steps_taken": 57.300706905927136
}