{
    "distance_to_goal": 8.910519307851791,
    "success": 0.2125,
    "spl": 0.20506438940703733,
    "ndtw": 0.4543774036477486,
    "path_length": 7.370617715787375,
    "oracle_success": 0.25,
    "steps_taken": 55.6625
}