{
    "distance_to_goal": 8.728772222436964,
    "success": 0.2375,
    "spl": 0.223669988911788,
    "ndtw": 0.4663459438872878,
    "path_length": 7.832990166248055,
    "oracle_success": 0.2875,
    "steps_taken": 54.975
}