{
    "distance_to_goal": 8.42316900677979,
    "success": 0.225,
    "spl": 0.21309950219854784,
    "ndtw": 0.47478301778088683,
    "path_length": 7.764621529431315,
    "oracle_success": 0.3125,
    "steps_taken": 55.075
}