{
    "distance_to_goal": 8.634651601314545,
    "success": 0.225,
    "spl": 0.20802623363871361,
    "ndtw": 0.4649437942187114,
    "path_length": 8.638312011642848,
    "oracle_success": 0.3875,
    "steps_taken": 62.5375
}