{
    "distance_to_goal": 8.960605053603649,
    "success": 0.2625,
    "spl": 0.22765227983512895,
    "ndtw": 0.4512361165597927,
    "path_length": 7.987718710699118,
    "oracle_success": 0.3375,
    "steps_taken": 59.9875
}