{
    "distance_to_goal": 9.198645309306572,
    "success": 0.1375747688961392,
    "spl": 0.12520496976255638,
    "ndtw": 0.4096713789379124,
    "path_length": 6.992104073121874,
    "oracle_success": 0.2137030995106036,
    "steps_taken": 58.27134312126155
}