{
    "distance_to_goal": 8.392426479962154,
    "success": 0.2095115681233933,
    "spl": 0.19681679263929527,
    "ndtw": 0.4650855656427158,
    "path_length": 7.55232657727266,
    "oracle_success": 0.31362467866323906,
    "steps_taken": 55.98586118251928
}