{
    "distance_to_goal": 8.424971089705556,
    "success": 0.2159383033419023,
    "spl": 0.2051014327957021,
    "ndtw": 0.464960706129664,
    "path_length": 8.256014007562708,
    "oracle_success": 0.34061696658097684,
    "steps_taken": 61.7146529562982
}