{
    "distance_to_goal": 8.836997112259269,
    "success": 0.2125,
    "spl": 0.20391663462346027,
    "ndtw": 0.4626278809691578,
    "path_length": 6.836827728064963,
    "oracle_success": 0.2375,
    "steps_taken": 50.0125
}