{
    "distance_to_goal": 8.651421843841671,
    "success": 0.2375,
    "spl": 0.22497927239531607,
    "ndtw": 0.47502923174492373,
    "path_length": 7.73426586339483,
    "oracle_success": 0.3125,
    "steps_taken": 52.5
}