{
    "distance_to_goal": 9.327556451410056,
    "success": 0.175,
    "spl": 0.15938096395000273,
    "ndtw": 0.4260470830526752,
    "path_length": 7.365791534562595,
    "oracle_success": 0.2625,
    "steps_taken": 55.325
}