{
    "distance_to_goal": 8.705586528405547,
    "success": 0.275,
    "spl": 0.24727186112486388,
    "ndtw": 0.4632524831261919,
    "path_length": 8.36679422777961,
    "oracle_success": 0.425,
    "steps_taken": 59.3625
}