{
    "distance_to_goal": 9.54197288043797,
    "success": 0.1625,
    "spl": 0.15144613605106463,
    "ndtw": 0.41351011817888483,
    "path_length": 6.992589594225865,
    "oracle_success": 0.25,
    "steps_taken": 53.7875
}