{
    "distance_to_goal": 8.598273069930567,
    "success": 0.21979434447300772,
    "spl": 0.19945250271521303,
    "ndtw": 0.45888341230311935,
    "path_length": 8.208758277669583,
    "oracle_success": 0.34061696658097684,
    "steps_taken": 63.54370179948586
}