{
    "distance_to_goal": 8.895180639252066,
    "success": 0.2375,
    "spl": 0.22390501590103193,
    "ndtw": 0.4574494126062897,
    "path_length": 7.102461063273976,
    "oracle_success": 0.25,
    "steps_taken": 57.7125
}