{
    "distance_to_goal": 9.162262530997396,
    "success": 0.1875,
    "spl": 0.17306999028847275,
    "ndtw": 0.4294260023213637,
    "path_length": 8.181059675005963,
    "oracle_success": 0.2875,
    "steps_taken": 60.2125
}