{
    "distance_to_goal": 8.343313654640493,
    "success": 0.2300771208226221,
    "spl": 0.2205526421742977,
    "ndtw": 0.4769053905342317,
    "path_length": 7.890806461082445,
    "oracle_success": 0.34061696658097684,
    "steps_taken": 54.62724935732648
}