{
    "distance_to_goal": 8.970120517909526,
    "success": 0.2625,
    "spl": 0.2497887363657391,
    "ndtw": 0.44166318514402825,
    "path_length": 7.350360055203782,
    "oracle_success": 0.3,
    "steps_taken": 54.6375
}