{
    "distance_to_goal": 8.951946382783353,
    "success": 0.2625,
    "spl": 0.24545498459730714,
    "ndtw": 0.46944701222200624,
    "path_length": 7.512607952137477,
    "oracle_success": 0.325,
    "steps_taken": 53.725
}