{
    "distance_to_goal": 9.577249360829592,
    "success": 0.175,
    "spl": 0.15867627518866656,
    "ndtw": 0.43617674896462005,
    "path_length": 7.277879175118869,
    "oracle_success": 0.25,
    "steps_taken": 54.725
}