{
    "distance_to_goal": 9.731605707108974,
    "success": 0.1125,
    "spl": 0.10576345874878013,
    "ndtw": 0.4130558985664875,
    "path_length": 7.2129297249077355,
    "oracle_success": 0.2375,
    "steps_taken": 57.4125
}