{
    "distance_to_goal": 8.79821615666151,
    "success": 0.2125,
    "spl": 0.19640909151501273,
    "ndtw": 0.4605055422359786,
    "path_length": 8.221113699977286,
    "oracle_success": 0.2875,
    "steps_taken": 60.4875
}