{
    "distance_to_goal": 8.378147768503137,
    "success": 0.21465295629820053,
    "spl": 0.20790305884529164,
    "ndtw": 0.4635483579238486,
    "path_length": 7.3726310150130985,
    "oracle_success": 0.2802056555269923,
    "steps_taken": 54.71979434447301
}