{
    "distance_to_goal": 9.180225352555627,
    "success": 0.1653072321914084,
    "spl": 0.1522307937073208,
    "ndtw": 0.4149036696815323,
    "path_length": 7.264616476877496,
    "oracle_success": 0.2365415986949429,
    "steps_taken": 57.99673735725938
}