{
    "distance_to_goal": 9.708629594370723,
    "success": 0.175,
    "spl": 0.16396386836804086,
    "ndtw": 0.4318017079909219,
    "path_length": 7.703816132789004,
    "oracle_success": 0.2375,
    "steps_taken": 56.9875
}