{
    "distance_to_goal": 8.754968012496828,
    "success": 0.25,
    "spl": 0.23668873893740675,
    "ndtw": 0.4659437030637711,
    "path_length": 7.610458282689796,
    "oracle_success": 0.325,
    "steps_taken": 54.8875
}