{
    "distance_to_goal": 8.863693254813551,
    "success": 0.2125,
    "spl": 0.19850041812380823,
    "ndtw": 0.4604941017028209,
    "path_length": 7.607179542403901,
    "oracle_success": 0.275,
    "steps_taken": 53.1625
}