{
    "distance_to_goal": 8.215310949087144,
    "success": 0.2875,
    "spl": 0.2761264329884072,
    "ndtw": 0.49866723163291055,
    "path_length": 7.989286987902597,
    "oracle_success": 0.375,
    "steps_taken": 59.3875
}