{
    "distance_to_goal": 8.819087470509112,
    "success": 0.225,
    "spl": 0.22247189940247108,
    "ndtw": 0.4623293152220797,
    "path_length": 7.701390662987251,
    "oracle_success": 0.2875,
    "steps_taken": 53.6875
}