{
    "distance_to_goal": 9.018038370460271,
    "success": 0.1875,
    "spl": 0.17110064872973113,
    "ndtw": 0.4399141499080895,
    "path_length": 7.486673305690056,
    "oracle_success": 0.2625,
    "steps_taken": 53.8625
}