{
    "distance_to_goal": 9.420074167610219,
    "success": 0.13594344752582926,
    "spl": 0.12884162643568992,
    "ndtw": 0.39692613514454245,
    "path_length": 6.784091416782809,
    "oracle_success": 0.18651441000543773,
    "steps_taken": 53.317020119630236
}