{
    "distance_to_goal": 8.280764937046484,
    "success": 0.2609254498714653,
    "spl": 0.23847133724386352,
    "ndtw": 0.4727887853007884,
    "path_length": 8.224595810481881,
    "oracle_success": 0.35732647814910024,
    "steps_taken": 58.9254498714653
}