{
    "distance_to_goal": 8.363315193830083,
    "success": 0.2390745501285347,
    "spl": 0.2269938820051608,
    "ndtw": 0.46868856530069924,
    "path_length": 7.480560893088799,
    "oracle_success": 0.3149100257069409,
    "steps_taken": 54.80205655526992
}