{
    "distance_to_goal": 9.699862885847688,
    "success": 0.1625,
    "spl": 0.14690513272397493,
    "ndtw": 0.41334792193657854,
    "path_length": 7.869257458264474,
    "oracle_success": 0.2625,
    "steps_taken": 55.175
}