{
    "distance_to_goal": 8.659951007179917,
    "success": 0.2625,
    "spl": 0.2445746593411903,
    "ndtw": 0.47391388250185756,
    "path_length": 7.564050657808548,
    "oracle_success": 0.3375,
    "steps_taken": 54.3875
}