{
    "distance_to_goal": 8.459266948803378,
    "success": 0.21979434447300772,
    "spl": 0.20743489873454307,
    "ndtw": 0.4630869336546486,
    "path_length": 7.6482085249795215,
    "oracle_success": 0.3149100257069409,
    "steps_taken": 55.886889460154244
}