{
    "distance_to_goal": 8.849680568650365,
    "success": 0.225,
    "spl": 0.20674077890203169,
    "ndtw": 0.46980204598321285,
    "path_length": 7.84453374001896,
    "oracle_success": 0.275,
    "steps_taken": 58.6125
}