{
    "distance_to_goal": 10.045321873037246,
    "success": 0.08868894601542417,
    "spl": 0.08125578874743679,
    "ndtw": 0.33715437143376054,
    "path_length": 7.863715611842953,
    "oracle_success": 0.17737789203084833,
    "steps_taken": 96.52956298200515
}