{
    "distance_to_goal": 13.496093153953552,
    "success": 0.16666666666666666,
    "spl": 0.12683142833434413,
    "ndtw": 0.33585054491715377,
    "path_length": 12.073190626998743,
    "oracle_success": 0.16666666666666666,
    "steps_taken": 128.16666666666666
}