{
    "distance_to_goal": 12.770880637069544,
    "success": 0.16666666666666666,
    "spl": 0.16267571242319653,
    "ndtw": 0.3810929031408241,
    "path_length": 12.329539301494757,
    "oracle_success": 0.16666666666666666,
    "steps_taken": 89.33333333333333
}