{
    "distance_to_goal": 12.156697889169058,
    "success": 0.16666666666666666,
    "spl": 0.13849163008752133,
    "ndtw": 0.3275747477870151,
    "path_length": 13.15785608192285,
    "oracle_success": 0.3333333333333333,
    "steps_taken": 171.66666666666666
}