{
    "distance_to_goal": 15.98491636912028,
    "success": 0.0,
    "spl": 0.0,
    "ndtw": 0.1160803986109134,
    "path_length": 15.747699125359455,
    "oracle_success": 0.16666666666666666,
    "steps_taken": 116.16666666666667
}