{
    "distance_to_goal": 16.322158336639404,
    "success": 0.0,
    "spl": 0.0,
    "ndtw": 0.14355404092422328,
    "path_length": 14.853313451011976,
    "oracle_success": 0.0,
    "steps_taken": 141.66666666666666
}