{
    "distance_to_goal": 17.070098797480266,
    "success": 0.0,
    "spl": 0.0,
    "ndtw": 0.17719176473810128,
    "path_length": 14.368951292320466,
    "oracle_success": 0.16666666666666666,
    "steps_taken": 130.33333333333334
}