{
    "distance_to_goal": 11.614988016585508,
    "success": 0.3333333333333333,
    "spl": 0.3209865318393475,
    "ndtw": 0.40302782901490614,
    "path_length": 10.730621800407457,
    "oracle_success": 0.3333333333333333,
    "steps_taken": 132.16666666666666
}