{
    "distance_to_goal": 14.979689225554466,
    "success": 0.16666666666666666,
    "spl": 0.12730511322762597,
    "ndtw": 0.248864458184608,
    "path_length": 15.627569659923514,
    "oracle_success": 0.16666666666666666,
    "steps_taken": 160.66666666666666
}