{
    "distance_to_goal": 9.253683114802623,
    "success": 0.14267352185089974,
    "spl": 0.13051034195938888,
    "ndtw": 0.42121549103380607,
    "path_length": 7.466175415408954,
    "oracle_success": 0.2159383033419023,
    "steps_taken": 46.94987146529563
}