{
    "distance_to_goal": 9.797053363763684,
    "success": 0.11745513866231648,
    "spl": 0.10554090654879036,
    "ndtw": 0.38122841764990767,
    "path_length": 7.028998178568266,
    "oracle_success": 0.1729200652528548,
    "steps_taken": 46.84665579119086
}