{
    "distance_to_goal": 9.269243202892858,
    "success": 0.13496143958868895,
    "spl": 0.12587614926578636,
    "ndtw": 0.42044211194082615,
    "path_length": 7.0093004566169075,
    "oracle_success": 0.1928020565552699,
    "steps_taken": 44.90616966580977
}