{
    "distance_to_goal": 9.666891846805811,
    "success": 0.0875,
    "spl": 0.07458856424562757,
    "ndtw": 0.41539901732984774,
    "path_length": 7.540672969690059,
    "oracle_success": 0.175,
    "steps_taken": 49.3875
}