{
    "distance_to_goal": 9.445098726451397,
    "success": 0.0875,
    "spl": 0.08395690770533068,
    "ndtw": 0.4224120995115557,
    "path_length": 7.349140624847496,
    "oracle_success": 0.2125,
    "steps_taken": 46.8625
}