{
    "distance_to_goal": 9.230241866897227,
    "success": 0.12339331619537275,
    "spl": 0.11588287666313872,
    "ndtw": 0.4180015529638259,
    "path_length": 7.049794658192503,
    "oracle_success": 0.18123393316195371,
    "steps_taken": 45.710796915167094
}