{
    "distance_to_goal": 9.361923534050584,
    "success": 0.1,
    "spl": 0.08928528751885703,
    "ndtw": 0.4240449122149242,
    "path_length": 7.0569432868738655,
    "oracle_success": 0.1875,
    "steps_taken": 44.8875
}