{
    "distance_to_goal": 9.10718648934349,
    "success": 0.16195372750642673,
    "spl": 0.14329918095966804,
    "ndtw": 0.4353022935690522,
    "path_length": 7.426709977015535,
    "oracle_success": 0.21979434447300772,
    "steps_taken": 46.588688946015424
}