{
    "distance_to_goal": 9.514901282873895,
    "success": 0.10411311053984576,
    "spl": 0.09760516150167979,
    "ndtw": 0.40667088872852586,
    "path_length": 7.223945219871428,
    "oracle_success": 0.17737789203084833,
    "steps_taken": 47.24935732647815
}