{
    "distance_to_goal": 9.553893873351562,
    "success": 0.13376835236541598,
    "spl": 0.12066177548562028,
    "ndtw": 0.39449842324660034,
    "path_length": 7.069868963947335,
    "oracle_success": 0.18433931484502447,
    "steps_taken": 47.64600326264274
}