{
    "distance_to_goal": 9.580012877445917,
    "success": 0.11745513866231648,
    "spl": 0.10400465598758553,
    "ndtw": 0.38569618072150635,
    "path_length": 7.412343476409993,
    "oracle_success": 0.18760195758564438,
    "steps_taken": 49.69168026101142
}