{
    "distance_to_goal": 9.172476246207953,
    "success": 0.1375,
    "spl": 0.11287048678639636,
    "ndtw": 0.43854410629785673,
    "path_length": 7.739956564557214,
    "oracle_success": 0.225,
    "steps_taken": 46.8375
}