{
    "distance_to_goal": 9.413638602197171,
    "success": 0.1,
    "spl": 0.0830786168589121,
    "ndtw": 0.42611973025713457,
    "path_length": 7.329760929885379,
    "oracle_success": 0.1875,
    "steps_taken": 47.0875
}