{
    "distance_to_goal": 9.526636773310177,
    "success": 0.1272430668841762,
    "spl": 0.11489440778153184,
    "ndtw": 0.39222414999280947,
    "path_length": 6.832206194073124,
    "oracle_success": 0.16802610114192496,
    "steps_taken": 47.42414355628059
}