{
    "distance_to_goal": 10.046525287628175,
    "success": 0.0625,
    "spl": 0.05621554280740606,
    "ndtw": 0.38451861029427903,
    "path_length": 7.595989142952021,
    "oracle_success": 0.2,
    "steps_taken": 47.9625
}