{
    "distance_to_goal": 9.824301879107953,
    "success": 0.1375,
    "spl": 0.12365613919711671,
    "ndtw": 0.41709725805693154,
    "path_length": 7.529142957436852,
    "oracle_success": 0.225,
    "steps_taken": 47.475
}