{
    "distance_to_goal": 9.27403761819005,
    "success": 0.1875,
    "spl": 0.16302152506910006,
    "ndtw": 0.42266507498651207,
    "path_length": 7.9793301476631315,
    "oracle_success": 0.2625,
    "steps_taken": 49.5125
}