{
    "distance_to_goal": 9.326180683784091,
    "success": 0.14652956298200515,
    "spl": 0.13618921026701578,
    "ndtw": 0.41486665029141934,
    "path_length": 7.3518596209147535,
    "oracle_success": 0.20822622107969152,
    "steps_taken": 47.15552699228792
}