{
    "distance_to_goal": 9.2968221336584,
    "success": 0.14652956298200515,
    "spl": 0.13525786171162288,
    "ndtw": 0.42519154030549833,
    "path_length": 7.359768113680669,
    "oracle_success": 0.20822622107969152,
    "steps_taken": 46.85218508997429
}