{
    "distance_to_goal": 9.060885640622564,
    "success": 0.17352185089974292,
    "spl": 0.15928112343670714,
    "ndtw": 0.42623148611848105,
    "path_length": 7.77898515957686,
    "oracle_success": 0.24293059125964012,
    "steps_taken": 49.31748071979435
}