{
    "distance_to_goal": 9.62020706385374,
    "success": 0.05,
    "spl": 0.04247189272768868,
    "ndtw": 0.40098228625016485,
    "path_length": 7.333117997850058,
    "oracle_success": 0.175,
    "steps_taken": 45.2875
}