{
    "distance_to_goal": 8.898474452068069,
    "success": 0.17128874388254486,
    "spl": 0.16167546851981104,
    "ndtw": 0.42214401271791013,
    "path_length": 7.256065406901926,
    "oracle_success": 0.23817292006525284,
    "steps_taken": 61.07069059271343
}