{
    "distance_to_goal": 9.138078430294991,
    "success": 0.225,
    "spl": 0.2219479787251538,
    "ndtw": 0.44220084894830114,
    "path_length": 7.8676490032358855,
    "oracle_success": 0.275,
    "steps_taken": 58.2375
}