{
    "distance_to_goal": 9.11144162490964,
    "success": 0.225,
    "spl": 0.20640150654650896,
    "ndtw": 0.43505259337568836,
    "path_length": 7.107469659701624,
    "oracle_success": 0.2625,
    "steps_taken": 56.2875
}