{
    "distance_to_goal": 9.10535720139742,
    "success": 0.2125,
    "spl": 0.19865104092094754,
    "ndtw": 0.427601142394879,
    "path_length": 7.807194110963222,
    "oracle_success": 0.275,
    "steps_taken": 59.8375
}