{
    "distance_to_goal": 9.313883686781562,
    "success": 0.14355628058727568,
    "spl": 0.13295247038047098,
    "ndtw": 0.41466987791950877,
    "path_length": 7.752064904746348,
    "oracle_success": 0.22838499184339314,
    "steps_taken": 59.65415986949429
}