{
    "distance_to_goal": 8.704813915556224,
    "success": 0.24293059125964012,
    "spl": 0.227882380343193,
    "ndtw": 0.448484687249756,
    "path_length": 8.286924185364013,
    "oracle_success": 0.33547557840616965,
    "steps_taken": 61.41388174807198
}