{
    "distance_to_goal": 8.610360875515061,
    "success": 0.2326478149100257,
    "spl": 0.21944232027363986,
    "ndtw": 0.45863282984954085,
    "path_length": 7.397187652194501,
    "oracle_success": 0.29048843187660667,
    "steps_taken": 53.32005141388175
}