{
    "distance_to_goal": 9.430714348703622,
    "success": 0.125,
    "spl": 0.12150020039622347,
    "ndtw": 0.385786060016241,
    "path_length": 8.320469970663543,
    "oracle_success": 0.2625,
    "steps_taken": 62.8625
}