{
    "distance_to_goal": 8.50678020773173,
    "success": 0.22879177377892032,
    "spl": 0.2184077636304053,
    "ndtw": 0.46101541326013334,
    "path_length": 8.174350185532031,
    "oracle_success": 0.32519280205655526,
    "steps_taken": 58.57840616966581
}