{
    "distance_to_goal": 8.696562518698467,
    "success": 0.22879177377892032,
    "spl": 0.21045526083477004,
    "ndtw": 0.4512671036167135,
    "path_length": 8.259735735261236,
    "oracle_success": 0.30205655526992287,
    "steps_taken": 60.29562982005142
}