{
    "distance_to_goal": 9.429375386144965,
    "success": 0.15,
    "spl": 0.13834439021258688,
    "ndtw": 0.42059796322697024,
    "path_length": 7.470172562386142,
    "oracle_success": 0.2375,
    "steps_taken": 52.1375
}