{
    "distance_to_goal": 9.085602459684015,
    "success": 0.1375,
    "spl": 0.1350867134437198,
    "ndtw": 0.43157209595577184,
    "path_length": 6.6882271482000535,
    "oracle_success": 0.225,
    "steps_taken": 56.75
}