{
    "distance_to_goal": 8.891083967685699,
    "success": 0.275,
    "spl": 0.25984196415999233,
    "ndtw": 0.4563635171826671,
    "path_length": 7.109077362587558,
    "oracle_success": 0.3375,
    "steps_taken": 56.2125
}