{
    "distance_to_goal": 8.443394718552847,
    "success": 0.2326478149100257,
    "spl": 0.22092756898388927,
    "ndtw": 0.46430413550316596,
    "path_length": 7.710551171102204,
    "oracle_success": 0.3213367609254499,
    "steps_taken": 56.02185089974293
}