{
    "distance_to_goal": 9.458930321578634,
    "success": 0.1402936378466558,
    "spl": 0.12741007053684028,
    "ndtw": 0.39151793295432663,
    "path_length": 7.095816335241552,
    "oracle_success": 0.19902120717781402,
    "steps_taken": 60.98205546492659
}