{
    "distance_to_goal": 8.987903472880847,
    "success": 0.1631321370309951,
    "spl": 0.15006124415934238,
    "ndtw": 0.4134279499667777,
    "path_length": 7.3159456511664995,
    "oracle_success": 0.233278955954323,
    "steps_taken": 60.35236541598695
}