{
    "distance_to_goal": 9.060895751509815,
    "success": 0.175,
    "spl": 0.17442230531487207,
    "ndtw": 0.4470077539545493,
    "path_length": 7.389429937687237,
    "oracle_success": 0.2625,
    "steps_taken": 55.4125
}