{
    "distance_to_goal": 9.132963263243436,
    "success": 0.2125,
    "spl": 0.18984793727324206,
    "ndtw": 0.4297322745260808,
    "path_length": 8.205902897729539,
    "oracle_success": 0.3,
    "steps_taken": 59.6625
}