{
    "distance_to_goal": 8.24025533560922,
    "success": 0.2596401028277635,
    "spl": 0.24691537874362707,
    "ndtw": 0.4694786257246162,
    "path_length": 7.7080539613718875,
    "oracle_success": 0.33676092544987146,
    "steps_taken": 58.05526992287918
}