{
    "distance_to_goal": 9.908071993291378,
    "success": 0.1375,
    "spl": 0.1284237363111406,
    "ndtw": 0.38757022694677595,
    "path_length": 7.296088068775134,
    "oracle_success": 0.2125,
    "steps_taken": 54.35
}