{
    "distance_to_goal": 9.36903083100915,
    "success": 0.1625,
    "spl": 0.15602549921213643,
    "ndtw": 0.4062040717374784,
    "path_length": 7.6257405130716505,
    "oracle_success": 0.2625,
    "steps_taken": 55.225
}