{
    "distance_to_goal": 9.069927041977644,
    "success": 0.225,
    "spl": 0.2158723512800779,
    "ndtw": 0.44575258024953107,
    "path_length": 6.990291391650589,
    "oracle_success": 0.2375,
    "steps_taken": 52.5375
}