{
    "distance_to_goal": 9.066510928422213,
    "success": 0.2,
    "spl": 0.18682844132182125,
    "ndtw": 0.4543079132015403,
    "path_length": 8.219160013651708,
    "oracle_success": 0.2875,
    "steps_taken": 59.1375
}