{
    "distance_to_goal": 8.501390109791547,
    "success": 0.21722365038560412,
    "spl": 0.20364721155181484,
    "ndtw": 0.4513706211425182,
    "path_length": 7.517651182581129,
    "oracle_success": 0.29048843187660667,
    "steps_taken": 55.6439588688946
}