{
    "distance_to_goal": 9.743909658491612,
    "success": 0.1375,
    "spl": 0.12439553146093026,
    "ndtw": 0.39368758066321663,
    "path_length": 8.036071978106431,
    "oracle_success": 0.25,
    "steps_taken": 64.5375
}