{
    "distance_to_goal": 8.51714686384774,
    "success": 0.2095115681233933,
    "spl": 0.19889699966174715,
    "ndtw": 0.45907299968025334,
    "path_length": 8.288095109802992,
    "oracle_success": 0.30205655526992287,
    "steps_taken": 60.94344473007712
}