{
    "distance_to_goal": 9.020599462091923,
    "success": 0.1875,
    "spl": 0.17796500490932193,
    "ndtw": 0.43110968835192115,
    "path_length": 7.060208822396817,
    "oracle_success": 0.225,
    "steps_taken": 56.575
}