{
    "distance_to_goal": 8.35297196477192,
    "success": 0.2236503856041131,
    "spl": 0.20901226929318276,
    "ndtw": 0.4685955913164002,
    "path_length": 7.675086054806386,
    "oracle_success": 0.30077120822622105,
    "steps_taken": 57.20437017994858
}