{
    "distance_to_goal": 9.638108376063135,
    "success": 0.14518760195758565,
    "spl": 0.13681383921385123,
    "ndtw": 0.38846542474403956,
    "path_length": 7.456230804276801,
    "oracle_success": 0.21207177814029363,
    "steps_taken": 62.25231103860794
}