{
    "distance_to_goal": 8.668579354556636,
    "success": 0.2467866323907455,
    "spl": 0.22999300151586555,
    "ndtw": 0.4600447728038244,
    "path_length": 8.063814280934238,
    "oracle_success": 0.3393316195372751,
    "steps_taken": 59.501285347043705
}