{
    "distance_to_goal": 9.618494178287486,
    "success": 0.12833061446438282,
    "spl": 0.11658885373363521,
    "ndtw": 0.3806419612574964,
    "path_length": 8.045744009995602,
    "oracle_success": 0.21315932572050028,
    "steps_taken": 66.81185426862426
}