{
    "distance_to_goal": 8.906732985377312,
    "success": 0.275,
    "spl": 0.2565582486789222,
    "ndtw": 0.46021062407391955,
    "path_length": 8.730236414153477,
    "oracle_success": 0.35,
    "steps_taken": 64.5625
}