{
    "distance_to_goal": 8.462589855864644,
    "success": 0.1875,
    "spl": 0.17823334442516578,
    "ndtw": 0.4652893679766681,
    "path_length": 7.7544450651970696,
    "oracle_success": 0.3125,
    "steps_taken": 55.5375
}