{
    "distance_to_goal": 9.354081173851284,
    "success": 0.12887438825448613,
    "spl": 0.11832156424005588,
    "ndtw": 0.3941614453810168,
    "path_length": 7.28278520541009,
    "oracle_success": 0.21044045676998369,
    "steps_taken": 64.42359978249048
}