{
    "distance_to_goal": 8.603884866504252,
    "success": 0.2043701799485861,
    "spl": 0.19722224929963755,
    "ndtw": 0.4502892837485398,
    "path_length": 7.258685547224983,
    "oracle_success": 0.2969151670951157,
    "steps_taken": 56.6413881748072
}