{
    "distance_to_goal": 10.28587965592742,
    "success": 0.075,
    "spl": 0.0683608354585276,
    "ndtw": 0.3412627489711718,
    "path_length": 8.527588118680303,
    "oracle_success": 0.2875,
    "steps_taken": 70.0875
}