{
    "distance_to_goal": 8.587838896736503,
    "success": 0.2125,
    "spl": 0.1983520102050818,
    "ndtw": 0.46117528184625645,
    "path_length": 7.732717909049768,
    "oracle_success": 0.2875,
    "steps_taken": 53.4
}