{
    "distance_to_goal": 8.761074010005034,
    "success": 0.2275064267352185,
    "spl": 0.21140619405698427,
    "ndtw": 0.4553912755658279,
    "path_length": 8.539881116970497,
    "oracle_success": 0.33547557840616965,
    "steps_taken": 62.83419023136247
}