{
    "distance_to_goal": 8.674648461118341,
    "success": 0.1875,
    "spl": 0.1856696293793287,
    "ndtw": 0.4577306466413077,
    "path_length": 6.668307468586136,
    "oracle_success": 0.2875,
    "steps_taken": 53.75
}