{
    "distance_to_goal": 8.33301044485333,
    "success": 0.2159383033419023,
    "spl": 0.208076494067107,
    "ndtw": 0.4635650953073641,
    "path_length": 7.570630061232433,
    "oracle_success": 0.30848329048843187,
    "steps_taken": 50.476863753213365
}