{
    "distance_to_goal": 9.238166123762314,
    "success": 0.13866231647634583,
    "spl": 0.12759840754778623,
    "ndtw": 0.4024076197841169,
    "path_length": 7.053828578329517,
    "oracle_success": 0.2137030995106036,
    "steps_taken": 60.33442088091354
}