{
    "distance_to_goal": 8.64204603142481,
    "success": 0.2275064267352185,
    "spl": 0.20996160217716464,
    "ndtw": 0.44929385399963667,
    "path_length": 7.708046683991896,
    "oracle_success": 0.2930591259640103,
    "steps_taken": 60.12596401028278
}