{
    "distance_to_goal": 8.466774898593178,
    "success": 0.2120822622107969,
    "spl": 0.20304624809898977,
    "ndtw": 0.46437396100045125,
    "path_length": 8.027095736811296,
    "oracle_success": 0.3277634961439589,
    "steps_taken": 56.20694087403599
}