{
    "distance_to_goal": 8.631830220778681,
    "success": 0.2120822622107969,
    "spl": 0.19867288537089933,
    "ndtw": 0.442901939533997,
    "path_length": 7.8344709308078615,
    "oracle_success": 0.3059125964010283,
    "steps_taken": 56.652956298200515
}