{
    "distance_to_goal": 8.958177849650383,
    "success": 0.275,
    "spl": 0.24654306072341084,
    "ndtw": 0.44981824495622985,
    "path_length": 8.430835509311873,
    "oracle_success": 0.3625,
    "steps_taken": 59.4875
}