{
    "distance_to_goal": 9.77318053767085,
    "success": 0.1625,
    "spl": 0.14511936251042848,
    "ndtw": 0.3939154202610148,
    "path_length": 8.992270732552296,
    "oracle_success": 0.275,
    "steps_taken": 64.1375
}