{
    "distance_to_goal": 8.340394573286176,
    "success": 0.2125,
    "spl": 0.19256719359235008,
    "ndtw": 0.47796225960027716,
    "path_length": 9.013502798514674,
    "oracle_success": 0.3125,
    "steps_taken": 64.575
}