{
    "distance_to_goal": 9.727540909692994,
    "success": 0.12398042414355628,
    "spl": 0.11099228183809941,
    "ndtw": 0.3726434097483088,
    "path_length": 8.257442070636497,
    "oracle_success": 0.2077215878194671,
    "steps_taken": 69.48287112561175
}