{
    "distance_to_goal": 9.681568231154234,
    "success": 0.15,
    "spl": 0.12968590272557015,
    "ndtw": 0.3638648528424309,
    "path_length": 10.036571660987102,
    "oracle_success": 0.35,
    "steps_taken": 75.1125
}