{
    "distance_to_goal": 8.731748756298982,
    "success": 0.16323907455012854,
    "spl": 0.1470812793466523,
    "ndtw": 0.4184471922622135,
    "path_length": 9.49878757216096,
    "oracle_success": 0.32904884318766064,
    "steps_taken": 75.59383033419023
}