{
    "distance_to_goal": 9.16386376704379,
    "success": 0.16323907455012854,
    "spl": 0.1475825945904839,
    "ndtw": 0.4067482694615411,
    "path_length": 9.925269394724378,
    "oracle_success": 0.33676092544987146,
    "steps_taken": 84.9331619537275
}