{
    "distance_to_goal": 8.124440918276733,
    "success": 0.2159383033419023,
    "spl": 0.19328443867363615,
    "ndtw": 0.47296108709135537,
    "path_length": 8.732126662569135,
    "oracle_success": 0.31362467866323906,
    "steps_taken": 66.74164524421595
}