{
    "distance_to_goal": 9.178949642926455,
    "success": 0.1875,
    "spl": 0.16434637737871508,
    "ndtw": 0.4354155034098518,
    "path_length": 9.753819971089252,
    "oracle_success": 0.3125,
    "steps_taken": 66.1875
}