{
    "distance_to_goal": 9.38743234102074,
    "success": 0.16095704187058185,
    "spl": 0.13627002127610166,
    "ndtw": 0.3655526966099813,
    "path_length": 9.004743217359199,
    "oracle_success": 0.2680804785209353,
    "steps_taken": 74.95323545405111
}