{
    "distance_to_goal": 9.526617220416664,
    "success": 0.1625,
    "spl": 0.14531764986672313,
    "ndtw": 0.3709146526933852,
    "path_length": 10.080304755601812,
    "oracle_success": 0.2875,
    "steps_taken": 91.625
}