{
    "distance_to_goal": 9.794665667414666,
    "success": 0.1625,
    "spl": 0.14184350415388308,
    "ndtw": 0.3518409232163133,
    "path_length": 10.640036278194748,
    "oracle_success": 0.3125,
    "steps_taken": 87.3625
}