{
    "distance_to_goal": 8.38838455759008,
    "success": 0.2069408740359897,
    "spl": 0.18390125688877226,
    "ndtw": 0.45508094332126053,
    "path_length": 8.573186414052152,
    "oracle_success": 0.33676092544987146,
    "steps_taken": 67.67994858611826
}