{
    "distance_to_goal": 9.10212471410632,
    "success": 0.1625,
    "spl": 0.1444934084941492,
    "ndtw": 0.4160162040834069,
    "path_length": 9.41468833022518,
    "oracle_success": 0.3375,
    "steps_taken": 68.4625
}