{
    "distance_to_goal": 8.952535643168082,
    "success": 0.16066838046272494,
    "spl": 0.14068413667090085,
    "ndtw": 0.42978411162741104,
    "path_length": 9.341028156230568,
    "oracle_success": 0.3277634961439589,
    "steps_taken": 69.41645244215938
}