{
    "distance_to_goal": 10.004118072986603,
    "success": 0.125,
    "spl": 0.11205389043837202,
    "ndtw": 0.36125656961522,
    "path_length": 9.217935614006507,
    "oracle_success": 0.275,
    "steps_taken": 80.5125
}