{
    "distance_to_goal": 8.634622351637537,
    "success": 0.20565552699228792,
    "spl": 0.18350971408286118,
    "ndtw": 0.4331041629089708,
    "path_length": 9.427619303835835,
    "oracle_success": 0.34575835475578404,
    "steps_taken": 70.61953727506426
}