{
    "distance_to_goal": 9.973066200315952,
    "success": 0.1625,
    "spl": 0.13380441624751566,
    "ndtw": 0.378866815664504,
    "path_length": 9.469427004497266,
    "oracle_success": 0.3125,
    "steps_taken": 75.9375
}