{
    "distance_to_goal": 9.370950191637755,
    "success": 0.1397498640565525,
    "spl": 0.12490561628692412,
    "ndtw": 0.38256637145956346,
    "path_length": 7.803611234840925,
    "oracle_success": 0.20935290918977706,
    "steps_taken": 65.92224034801522
}