{
    "distance_to_goal": 10.662427905201913,
    "success": 0.125,
    "spl": 0.11034905157868846,
    "ndtw": 0.34059444270807476,
    "path_length": 9.388050545100123,
    "oracle_success": 0.2625,
    "steps_taken": 80.65
}