{
    "distance_to_goal": 8.856069592706342,
    "success": 0.15295629820051415,
    "spl": 0.13715095936456476,
    "ndtw": 0.41729913963748755,
    "path_length": 9.494073282396004,
    "oracle_success": 0.31362467866323906,
    "steps_taken": 75.94215938303341
}