{
    "distance_to_goal": 9.070393961668014,
    "success": 0.1625,
    "spl": 0.14567733986784173,
    "ndtw": 0.43221197787329463,
    "path_length": 8.848901329428191,
    "oracle_success": 0.3125,
    "steps_taken": 69.6375
}