{
    "distance_to_goal": 9.447376403212548,
    "success": 0.1375,
    "spl": 0.11523963967140047,
    "ndtw": 0.38813005140349743,
    "path_length": 9.697911069530528,
    "oracle_success": 0.275,
    "steps_taken": 76.45
}