{
    "distance_to_goal": 8.34794630681028,
    "success": 0.21465295629820053,
    "spl": 0.18821963078362614,
    "ndtw": 0.45083297556825996,
    "path_length": 8.781764528479354,
    "oracle_success": 0.3380462724935733,
    "steps_taken": 64.10411311053984
}