{
    "distance_to_goal": 9.973561801761388,
    "success": 0.075,
    "spl": 0.0631392442323018,
    "ndtw": 0.35013314951707347,
    "path_length": 10.67246595128339,
    "oracle_success": 0.2625,
    "steps_taken": 78.3875
}