{
    "distance_to_goal": 9.290392132103444,
    "success": 0.1625,
    "spl": 0.13784427400538915,
    "ndtw": 0.41239594808177255,
    "path_length": 9.152952461375389,
    "oracle_success": 0.2875,
    "steps_taken": 70.7125
}