{
    "distance_to_goal": 9.690195453222062,
    "success": 0.13268080478520936,
    "spl": 0.11888376679454603,
    "ndtw": 0.37937537574522157,
    "path_length": 8.047045955444258,
    "oracle_success": 0.21587819467101685,
    "steps_taken": 66.56661228928766
}