{
    "distance_to_goal": 8.321341342840986,
    "success": 0.2120822622107969,
    "spl": 0.19562623758636632,
    "ndtw": 0.4660550173883231,
    "path_length": 7.1779389833325284,
    "oracle_success": 0.2699228791773779,
    "steps_taken": 53.34190231362468
}