{
    "distance_to_goal": 9.12526027344941,
    "success": 0.14899401848830887,
    "spl": 0.13598208490108152,
    "ndtw": 0.3989636576151112,
    "path_length": 8.066877212092313,
    "oracle_success": 0.23491027732463296,
    "steps_taken": 64.61120174007613
}