{
    "distance_to_goal": 10.050195290148258,
    "success": 0.175,
    "spl": 0.15195903191827176,
    "ndtw": 0.37040196221523447,
    "path_length": 8.61505782327149,
    "oracle_success": 0.2625,
    "steps_taken": 68.3875
}