{
    "distance_to_goal": 9.246629896014928,
    "success": 0.1125,
    "spl": 0.10648236791160717,
    "ndtw": 0.430272613675737,
    "path_length": 6.984440536925104,
    "oracle_success": 0.1625,
    "steps_taken": 49.95
}