{
    "distance_to_goal": 9.662260430678725,
    "success": 0.15,
    "spl": 0.13897827875292765,
    "ndtw": 0.39231133658725514,
    "path_length": 9.566971058204633,
    "oracle_success": 0.275,
    "steps_taken": 69.2625
}