{
    "distance_to_goal": 8.54005694463849,
    "success": 0.1875,
    "spl": 0.17197549965103717,
    "ndtw": 0.46568683799259086,
    "path_length": 7.22473152212333,
    "oracle_success": 0.2375,
    "steps_taken": 49.75
}