{
    "distance_to_goal": 9.613393389433622,
    "success": 0.175,
    "spl": 0.16118921364382657,
    "ndtw": 0.39675833218019513,
    "path_length": 8.071859768917784,
    "oracle_success": 0.2625,
    "steps_taken": 59.0125
}