{
    "distance_to_goal": 8.432057570560733,
    "success": 0.2275064267352185,
    "spl": 0.2106608640046548,
    "ndtw": 0.45573796439201586,
    "path_length": 8.168799688869607,
    "oracle_success": 0.3110539845758355,
    "steps_taken": 58.181233933161955
}