{
    "distance_to_goal": 9.426916411113098,
    "success": 0.14464382816748234,
    "spl": 0.13163308401636747,
    "ndtw": 0.38344197639168254,
    "path_length": 7.468344248295238,
    "oracle_success": 0.2044589450788472,
    "steps_taken": 60.613376835236544
}