{
    "distance_to_goal": 9.464400501921773,
    "success": 0.1625,
    "spl": 0.1518828102750665,
    "ndtw": 0.39130861292196106,
    "path_length": 8.201907959172967,
    "oracle_success": 0.2375,
    "steps_taken": 63.475
}