{
    "distance_to_goal": 8.495554097992748,
    "success": 0.2069408740359897,
    "spl": 0.18987241942248603,
    "ndtw": 0.4462561099149097,
    "path_length": 8.202196944769586,
    "oracle_success": 0.2994858611825193,
    "steps_taken": 64.83033419023137
}