{
    "distance_to_goal": 8.950716169178486,
    "success": 0.1875,
    "spl": 0.16766755779268797,
    "ndtw": 0.4323912442523282,
    "path_length": 8.461271053692325,
    "oracle_success": 0.2625,
    "steps_taken": 57.2375
}