{
    "distance_to_goal": 8.780120851869448,
    "success": 0.2275064267352185,
    "spl": 0.21076065234830066,
    "ndtw": 0.44594587891788534,
    "path_length": 8.22049209975211,
    "oracle_success": 0.30077120822622105,
    "steps_taken": 61.0694087403599
}