{
    "distance_to_goal": 8.676465372461585,
    "success": 0.18123393316195371,
    "spl": 0.17247012046573504,
    "ndtw": 0.44011949731139655,
    "path_length": 7.703053239634551,
    "oracle_success": 0.2506426735218509,
    "steps_taken": 57.95372750642674
}