{
    "distance_to_goal": 9.040813885878169,
    "success": 0.19922879177377892,
    "spl": 0.1855258130478052,
    "ndtw": 0.42633932117769685,
    "path_length": 7.9832786494442045,
    "oracle_success": 0.3033419023136247,
    "steps_taken": 57.609254498714655
}