{
    "distance_to_goal": 8.915632412275132,
    "success": 0.14518760195758565,
    "spl": 0.13923737969794497,
    "ndtw": 0.4192411024161335,
    "path_length": 6.706504603277558,
    "oracle_success": 0.19249592169657423,
    "steps_taken": 54.73953235454051
}