{
    "distance_to_goal": 9.126325014606119,
    "success": 0.1375,
    "spl": 0.12121168529337548,
    "ndtw": 0.41621431880882404,
    "path_length": 8.55111971795559,
    "oracle_success": 0.2375,
    "steps_taken": 62.3125
}