{
    "distance_to_goal": 9.404173433788774,
    "success": 0.1250679717237629,
    "spl": 0.11290378970395354,
    "ndtw": 0.3764955657257294,
    "path_length": 7.889022521618965,
    "oracle_success": 0.21968461120174007,
    "steps_taken": 68.02610114192495
}