{
    "distance_to_goal": 8.863049048269623,
    "success": 0.2095115681233933,
    "spl": 0.1921984062728779,
    "ndtw": 0.43760795262098695,
    "path_length": 8.294253129562714,
    "oracle_success": 0.30205655526992287,
    "steps_taken": 61.634961439588686
}