{
    "distance_to_goal": 9.074587783776224,
    "success": 0.175,
    "spl": 0.1592682940407809,
    "ndtw": 0.43967560214989876,
    "path_length": 8.073757386486978,
    "oracle_success": 0.25,
    "steps_taken": 62.1875
}