{
    "distance_to_goal": 9.188541542633335,
    "success": 0.19665809768637532,
    "spl": 0.1786446371335284,
    "ndtw": 0.4195068694702173,
    "path_length": 8.623438002448287,
    "oracle_success": 0.30077120822622105,
    "steps_taken": 68.0694087403599
}