{
    "distance_to_goal": 9.163887930288912,
    "success": 0.1625,
    "spl": 0.15711518094364701,
    "ndtw": 0.4222999196232592,
    "path_length": 8.337284711917164,
    "oracle_success": 0.2125,
    "steps_taken": 60.275
}