{
    "distance_to_goal": 9.405887960371738,
    "success": 0.1468189233278956,
    "spl": 0.13741244324952245,
    "ndtw": 0.39805049033431406,
    "path_length": 6.943376139070392,
    "oracle_success": 0.19303969548667754,
    "steps_taken": 56.609026644915716
}