{
    "distance_to_goal": 9.021259332634509,
    "success": 0.175,
    "spl": 0.15798725428554114,
    "ndtw": 0.44376365061802464,
    "path_length": 7.824746007053181,
    "oracle_success": 0.2875,
    "steps_taken": 58.1625
}