{
    "distance_to_goal": 8.662592797638288,
    "success": 0.19922879177377892,
    "spl": 0.1862242136143592,
    "ndtw": 0.4497232833004011,
    "path_length": 7.822494295298619,
    "oracle_success": 0.2982005141388175,
    "steps_taken": 57.83804627249357
}