{
    "distance_to_goal": 9.463892267271877,
    "success": 0.175,
    "spl": 0.16763137992575938,
    "ndtw": 0.40158018520742206,
    "path_length": 7.515523282150388,
    "oracle_success": 0.2375,
    "steps_taken": 57.875
}