{
    "distance_to_goal": 8.247570443927168,
    "success": 0.23393316195372751,
    "spl": 0.21890166212693574,
    "ndtw": 0.4634162359780235,
    "path_length": 8.614723933428426,
    "oracle_success": 0.36118251928020567,
    "steps_taken": 62.27763496143959
}