{
    "distance_to_goal": 8.532452695224922,
    "success": 0.19665809768637532,
    "spl": 0.1834869051970131,
    "ndtw": 0.4479294235396949,
    "path_length": 7.189185895513331,
    "oracle_success": 0.2699228791773779,
    "steps_taken": 56.21979434447301
}