{
    "distance_to_goal": 8.493785725710172,
    "success": 0.2300771208226221,
    "spl": 0.2172422720132008,
    "ndtw": 0.45429409368274426,
    "path_length": 7.691703031290618,
    "oracle_success": 0.31876606683804626,
    "steps_taken": 57.0706940874036
}