{
    "distance_to_goal": 9.43512619957328,
    "success": 0.175,
    "spl": 0.15749414232912698,
    "ndtw": 0.41535088293518213,
    "path_length": 7.639560395065928,
    "oracle_success": 0.2375,
    "steps_taken": 59.325
}