{
    "distance_to_goal": 10.255467161908745,
    "success": 0.1125,
    "spl": 0.10447714507569501,
    "ndtw": 0.3611011425137641,
    "path_length": 8.109871025277288,
    "oracle_success": 0.225,
    "steps_taken": 58.625
}