{
    "distance_to_goal": 8.346026743094228,
    "success": 0.21979434447300772,
    "spl": 0.20498294868874892,
    "ndtw": 0.4538396943167173,
    "path_length": 7.889481471139165,
    "oracle_success": 0.32390745501285345,
    "steps_taken": 58.386889460154244
}