{
    "distance_to_goal": 9.314530678465962,
    "success": 0.1625,
    "spl": 0.14736260979816537,
    "ndtw": 0.41759273274405545,
    "path_length": 7.571254318853607,
    "oracle_success": 0.2375,
    "steps_taken": 58.35
}