{
    "distance_to_goal": 8.436720424530439,
    "success": 0.1953727506426735,
    "spl": 0.18351076019823964,
    "ndtw": 0.4528484995114156,
    "path_length": 7.6458476039778125,
    "oracle_success": 0.29562982005141386,
    "steps_taken": 58.61825192802056
}