{
    "distance_to_goal": 9.217472737880911,
    "success": 0.14953779227841218,
    "spl": 0.13950599012113438,
    "ndtw": 0.39876229062397295,
    "path_length": 6.927790945374018,
    "oracle_success": 0.19467101685698748,
    "steps_taken": 54.18325176726482
}