{
    "distance_to_goal": 9.815437683090568,
    "success": 0.1625,
    "spl": 0.14685192505564112,
    "ndtw": 0.389733703072921,
    "path_length": 7.33061369885574,
    "oracle_success": 0.2125,
    "steps_taken": 61.7875
}