{
    "distance_to_goal": 9.518112447857856,
    "success": 0.175,
    "spl": 0.14990400814796434,
    "ndtw": 0.40162732058847056,
    "path_length": 8.056353338314318,
    "oracle_success": 0.25,
    "steps_taken": 59.6375
}