{
    "distance_to_goal": 9.840890721231698,
    "success": 0.1,
    "spl": 0.09338011585070431,
    "ndtw": 0.37488122177708083,
    "path_length": 7.28356268415552,
    "oracle_success": 0.2,
    "steps_taken": 56.9375
}