{
    "distance_to_goal": 9.86632494404912,
    "success": 0.175,
    "spl": 0.15746942828242344,
    "ndtw": 0.39218784499814424,
    "path_length": 7.920999412203673,
    "oracle_success": 0.2875,
    "steps_taken": 65.5375
}