{
    "distance_to_goal": 9.784087252647673,
    "success": 0.13268080478520936,
    "spl": 0.12241008971581521,
    "ndtw": 0.38626990033060193,
    "path_length": 7.759509972006803,
    "oracle_success": 0.200652528548124,
    "steps_taken": 59.05274605764002
}