{
    "distance_to_goal": 9.101849706843495,
    "success": 0.2375,
    "spl": 0.21423342031616083,
    "ndtw": 0.4257386599957808,
    "path_length": 7.752979478423429,
    "oracle_success": 0.3,
    "steps_taken": 58.8125
}