{
    "distance_to_goal": 8.301628538567794,
    "success": 0.2095115681233933,
    "spl": 0.19763752345793625,
    "ndtw": 0.46793233282004704,
    "path_length": 7.867546490834236,
    "oracle_success": 0.31233933161953725,
    "steps_taken": 54.89331619537275
}