{
    "distance_to_goal": 8.908975956216455,
    "success": 0.225,
    "spl": 0.20669823076528418,
    "ndtw": 0.43557741972731867,
    "path_length": 7.4873430609470235,
    "oracle_success": 0.275,
    "steps_taken": 58.7375
}