{
    "distance_to_goal": 9.849789768829941,
    "success": 0.1625,
    "spl": 0.14804921589577422,
    "ndtw": 0.3968171515707019,
    "path_length": 7.514268989418634,
    "oracle_success": 0.2375,
    "steps_taken": 57.1875
}