{
    "distance_to_goal": 9.198873598873615,
    "success": 0.2,
    "spl": 0.19069606634090752,
    "ndtw": 0.43752329609974894,
    "path_length": 7.185428624302148,
    "oracle_success": 0.2625,
    "steps_taken": 57.2125
}