{
    "distance_to_goal": 8.10481549640471,
    "success": 0.2455012853470437,
    "spl": 0.23074886302180175,
    "ndtw": 0.4838554129919767,
    "path_length": 7.636294709569757,
    "oracle_success": 0.3226221079691517,
    "steps_taken": 63.03984575835476
}