{
    "distance_to_goal": 9.193031422573604,
    "success": 0.17866323907455012,
    "spl": 0.16827255201888228,
    "ndtw": 0.42728129579453494,
    "path_length": 8.211795255808282,
    "oracle_success": 0.3033419023136247,
    "steps_taken": 73.43830334190231
}