{
    "distance_to_goal": 8.863426040112973,
    "success": 0.2375,
    "spl": 0.20904046420351072,
    "ndtw": 0.4310930882917128,
    "path_length": 8.225290317769508,
    "oracle_success": 0.325,
    "steps_taken": 67.275
}