{
    "distance_to_goal": 9.153318423032761,
    "success": 0.2375,
    "spl": 0.22814897986558663,
    "ndtw": 0.45723504087741673,
    "path_length": 7.98293431656936,
    "oracle_success": 0.3375,
    "steps_taken": 71.2875
}