{
    "distance_to_goal": 9.050148071348668,
    "success": 0.1625,
    "spl": 0.1553179499791611,
    "ndtw": 0.43361714027815007,
    "path_length": 7.6220926061621865,
    "oracle_success": 0.2625,
    "steps_taken": 68.5875
}