{
    "distance_to_goal": 8.742531279474496,
    "success": 0.225,
    "spl": 0.21326809984125727,
    "ndtw": 0.45528741336698325,
    "path_length": 8.15132142076036,
    "oracle_success": 0.2875,
    "steps_taken": 69.9375
}