{
    "distance_to_goal": 9.445107491300535,
    "success": 0.13594344752582926,
    "spl": 0.12882678872485126,
    "ndtw": 0.3946842431122741,
    "path_length": 6.754309181445827,
    "oracle_success": 0.19303969548667754,
    "steps_taken": 79.63567156063078
}