{
    "distance_to_goal": 8.65999994277954,
    "success": 0.2,
    "spl": 0.19094163772033826,
    "ndtw": 0.46016832551305153,
    "path_length": 7.6761047672480345,
    "oracle_success": 0.325,
    "steps_taken": 62.3875
}