{
    "distance_to_goal": 8.068677339702845,
    "success": 0.2375,
    "spl": 0.22318865857034634,
    "ndtw": 0.47552567810841795,
    "path_length": 8.166357144981157,
    "oracle_success": 0.3125,
    "steps_taken": 71.575
}