{
    "distance_to_goal": 8.963040205836297,
    "success": 0.2125,
    "spl": 0.1971226867128537,
    "ndtw": 0.4544354210915638,
    "path_length": 8.131620175170246,
    "oracle_success": 0.275,
    "steps_taken": 74.6625
}