{
    "distance_to_goal": 8.18473380766809,
    "success": 0.225,
    "spl": 0.21197070466992604,
    "ndtw": 0.4796178101120333,
    "path_length": 7.927146643505867,
    "oracle_success": 0.3,
    "steps_taken": 63.3625
}