{
    "distance_to_goal": 8.507071905738284,
    "success": 0.20822622107969152,
    "spl": 0.19541604558247805,
    "ndtw": 0.4622051085647209,
    "path_length": 8.30448691918526,
    "oracle_success": 0.3046272493573265,
    "steps_taken": 69.4987146529563
}