{
    "distance_to_goal": 9.061956204473972,
    "success": 0.1625,
    "spl": 0.14351886564940397,
    "ndtw": 0.40957924397137574,
    "path_length": 8.234577135299784,
    "oracle_success": 0.2375,
    "steps_taken": 65.1125
}