{
    "distance_to_goal": 8.708213029429317,
    "success": 0.225,
    "spl": 0.21684117027016708,
    "ndtw": 0.47176734971106066,
    "path_length": 8.104172953381203,
    "oracle_success": 0.325,
    "steps_taken": 70.225
}