{
    "distance_to_goal": 9.484614768624306,
    "success": 0.2125,
    "spl": 0.1970297791790448,
    "ndtw": 0.41686080924156477,
    "path_length": 8.732594678632449,
    "oracle_success": 0.2875,
    "steps_taken": 71.175
}