{
    "distance_to_goal": 8.353761353498866,
    "success": 0.2262210796915167,
    "spl": 0.21005964353385273,
    "ndtw": 0.4720654457333649,
    "path_length": 8.004736480580114,
    "oracle_success": 0.3226221079691517,
    "steps_taken": 70.16066838046272
}