{
    "distance_to_goal": 8.800864651147275,
    "success": 0.275,
    "spl": 0.26855218456248237,
    "ndtw": 0.4686088185821233,
    "path_length": 7.777895130400293,
    "oracle_success": 0.3375,
    "steps_taken": 71.9125
}