{
    "distance_to_goal": 9.587643206828538,
    "success": 0.11364872213159326,
    "spl": 0.10522140320365848,
    "ndtw": 0.3823556927114711,
    "path_length": 6.86476029906776,
    "oracle_success": 0.16856987493202827,
    "steps_taken": 73.41272430668842
}