{
    "distance_to_goal": 8.448411298915744,
    "success": 0.25,
    "spl": 0.23794078856048376,
    "ndtw": 0.4688578008769718,
    "path_length": 7.7703445662860755,
    "oracle_success": 0.3375,
    "steps_taken": 61.65
}