{
    "distance_to_goal": 8.447655657306314,
    "success": 0.2125,
    "spl": 0.20783339580384602,
    "ndtw": 0.4701148050356796,
    "path_length": 7.854266730375093,
    "oracle_success": 0.3,
    "steps_taken": 65.4875
}