{
    "distance_to_goal": 8.291859683539997,
    "success": 0.2133676092544987,
    "spl": 0.20368536814188148,
    "ndtw": 0.46649257489885243,
    "path_length": 7.3740646052414265,
    "oracle_success": 0.2814910025706941,
    "steps_taken": 68.71850899742931
}