{
    "distance_to_goal": 9.714317404880285,
    "success": 0.1277868406742795,
    "spl": 0.11927535340961139,
    "ndtw": 0.38960260653597234,
    "path_length": 7.135215093611673,
    "oracle_success": 0.1859706362153344,
    "steps_taken": 76.09461663947798
}