{
    "distance_to_goal": 9.078307419270278,
    "success": 0.2,
    "spl": 0.18830538641272282,
    "ndtw": 0.44957726350245275,
    "path_length": 8.380631014193378,
    "oracle_success": 0.2875,
    "steps_taken": 72.575
}