{
    "distance_to_goal": 9.11687784306705,
    "success": 0.2375,
    "spl": 0.23377381768115524,
    "ndtw": 0.4370620173909899,
    "path_length": 7.986751064140117,
    "oracle_success": 0.3125,
    "steps_taken": 69.375
}