{
    "distance_to_goal": 8.747891225935867,
    "success": 0.2095115681233933,
    "spl": 0.19546716639627984,
    "ndtw": 0.4417635837106005,
    "path_length": 8.17717878687938,
    "oracle_success": 0.31233933161953725,
    "steps_taken": 76.5
}