{
    "distance_to_goal": 8.984238643944263,
    "success": 0.225,
    "spl": 0.2034492262510917,
    "ndtw": 0.44929948108321816,
    "path_length": 8.238725166220684,
    "oracle_success": 0.325,
    "steps_taken": 69.2125
}