{
    "distance_to_goal": 8.549641866035817,
    "success": 0.21979434447300772,
    "spl": 0.20953695244509762,
    "ndtw": 0.4531088770603448,
    "path_length": 7.761359622737019,
    "oracle_success": 0.3059125964010283,
    "steps_taken": 65.39460154241645
}