{
    "distance_to_goal": 8.937442419677973,
    "success": 0.225,
    "spl": 0.20960691009944732,
    "ndtw": 0.4577949264717952,
    "path_length": 7.981157887342851,
    "oracle_success": 0.3375,
    "steps_taken": 63.4875
}