{
    "distance_to_goal": 8.800738967210055,
    "success": 0.175,
    "spl": 0.16749830975290186,
    "ndtw": 0.43577531980263595,
    "path_length": 8.246280132059473,
    "oracle_success": 0.2875,
    "steps_taken": 67.25
}