{
    "distance_to_goal": 9.186325654464087,
    "success": 0.17994858611825193,
    "spl": 0.1702004082652773,
    "ndtw": 0.4210859674623746,
    "path_length": 8.101475033971424,
    "oracle_success": 0.2802056555269923,
    "steps_taken": 74.76478149100257
}