{
    "distance_to_goal": 8.934568173438311,
    "success": 0.1875,
    "spl": 0.18217806298408584,
    "ndtw": 0.44286000439584666,
    "path_length": 7.645573818241246,
    "oracle_success": 0.3,
    "steps_taken": 67.275
}