{
    "distance_to_goal": 9.017162660136819,
    "success": 0.2125,
    "spl": 0.20698288165646303,
    "ndtw": 0.4273574734664983,
    "path_length": 7.5101250983532255,
    "oracle_success": 0.25,
    "steps_taken": 66.0375
}