{
    "distance_to_goal": 9.317678992822767,
    "success": 0.1875,
    "spl": 0.1709525101181079,
    "ndtw": 0.4275964129072639,
    "path_length": 7.724142853543162,
    "oracle_success": 0.275,
    "steps_taken": 65.4875
}