{
    "distance_to_goal": 8.64006672166288,
    "success": 0.2625,
    "spl": 0.24211156451332103,
    "ndtw": 0.4725779824832602,
    "path_length": 8.108095884940122,
    "oracle_success": 0.3375,
    "steps_taken": 68.1125
}