{
    "distance_to_goal": 9.25719924758899,
    "success": 0.14410005437737902,
    "spl": 0.13537779581553203,
    "ndtw": 0.3974818048611643,
    "path_length": 6.946167210683519,
    "oracle_success": 0.20717781402936378,
    "steps_taken": 72.9505165851006
}