{
    "distance_to_goal": 9.430498280003667,
    "success": 0.1625,
    "spl": 0.15743852187572277,
    "ndtw": 0.40999362514038307,
    "path_length": 8.682803306049525,
    "oracle_success": 0.2875,
    "steps_taken": 74.6125
}