{
    "distance_to_goal": 9.385072807595133,
    "success": 0.1375,
    "spl": 0.13240108911600684,
    "ndtw": 0.4240788099631356,
    "path_length": 7.840994252281211,
    "oracle_success": 0.2375,
    "steps_taken": 75.9375
}