{
    "distance_to_goal": 10.612991741525637,
    "success": 0.10411311053984576,
    "spl": 0.09528502523688662,
    "ndtw": 0.3375281175268479,
    "path_length": 9.35105495740272,
    "oracle_success": 0.2660668380462725,
    "steps_taken": 71.93830334190231
}