{
    "distance_to_goal": 10.212645631240981,
    "success": 0.12289287656334964,
    "spl": 0.11169874898433892,
    "ndtw": 0.36070602031158633,
    "path_length": 7.724071223629951,
    "oracle_success": 0.188689505165851,
    "steps_taken": 66.24143556280588
}