{
    "distance_to_goal": 10.275738668069243,
    "success": 0.0875,
    "spl": 0.08435718531295466,
    "ndtw": 0.38637402031108325,
    "path_length": 9.10560920907883,
    "oracle_success": 0.2,
    "steps_taken": 61.4875
}