{
    "distance_to_goal": 10.05855129621923,
    "success": 0.15,
    "spl": 0.1289382091347865,
    "ndtw": 0.38823352934652977,
    "path_length": 9.510298240568954,
    "oracle_success": 0.2625,
    "steps_taken": 63.4125
}