{
    "distance_to_goal": 10.335973737176959,
    "success": 0.11854268624252311,
    "spl": 0.10784776669529655,
    "ndtw": 0.3475669527020727,
    "path_length": 8.200955053035232,
    "oracle_success": 0.19738988580750408,
    "steps_taken": 71.29635671560631
}