{
    "distance_to_goal": 9.895265957713127,
    "success": 0.125,
    "spl": 0.1159192586092577,
    "ndtw": 0.3960398588316899,
    "path_length": 8.271590900607407,
    "oracle_success": 0.2125,
    "steps_taken": 57.2375
}