{
    "distance_to_goal": 9.475148306787014,
    "success": 0.1375,
    "spl": 0.12260894712916615,
    "ndtw": 0.39005851507432254,
    "path_length": 9.321286880841944,
    "oracle_success": 0.2875,
    "steps_taken": 72.4
}