{
    "distance_to_goal": 9.697687039524316,
    "success": 0.1125,
    "spl": 0.10021674829205365,
    "ndtw": 0.3973333208866221,
    "path_length": 9.545628443022725,
    "oracle_success": 0.2875,
    "steps_taken": 66.3375
}