{
    "distance_to_goal": 9.00938221726059,
    "success": 0.18637532133676094,
    "spl": 0.1756245263204932,
    "ndtw": 0.43613407775525637,
    "path_length": 8.796544512256734,
    "oracle_success": 0.31748071979434445,
    "steps_taken": 64.79434447300771
}