{
    "distance_to_goal": 9.887955458676753,
    "success": 0.16838046272493573,
    "spl": 0.15357379934079474,
    "ndtw": 0.4054651812942458,
    "path_length": 9.504601264973127,
    "oracle_success": 0.3213367609254499,
    "steps_taken": 68.7827763496144
}