{
    "distance_to_goal": 9.824894823879003,
    "success": 0.1375,
    "spl": 0.1292932722421579,
    "ndtw": 0.3949111598900878,
    "path_length": 9.176194597099675,
    "oracle_success": 0.2625,
    "steps_taken": 64.5625
}