{
    "distance_to_goal": 9.821702118963003,
    "success": 0.1375,
    "spl": 0.11490958192796255,
    "ndtw": 0.38254007095533404,
    "path_length": 8.885471935052191,
    "oracle_success": 0.3,
    "steps_taken": 60.6875
}