{
    "distance_to_goal": 10.099791844189166,
    "success": 0.1375,
    "spl": 0.12727413135045587,
    "ndtw": 0.38168758430011407,
    "path_length": 9.104124425241753,
    "oracle_success": 0.2125,
    "steps_taken": 64.3875
}