{
    "distance_to_goal": 10.290950878709555,
    "success": 0.1375,
    "spl": 0.12583020695411182,
    "ndtw": 0.36978017528485296,
    "path_length": 9.2295657132403,
    "oracle_success": 0.2625,
    "steps_taken": 70.4875
}