{
    "distance_to_goal": 9.840297123417258,
    "success": 0.0875,
    "spl": 0.07851950880678334,
    "ndtw": 0.38532813222885165,
    "path_length": 9.15554364695563,
    "oracle_success": 0.2625,
    "steps_taken": 73.525
}