{
    "distance_to_goal": 9.084938902206776,
    "success": 0.17223650385604114,
    "spl": 0.16150455097129582,
    "ndtw": 0.42810977863658306,
    "path_length": 8.597986388467843,
    "oracle_success": 0.2930591259640103,
    "steps_taken": 66.17095115681234
}