{
    "distance_to_goal": 9.991256858129054,
    "success": 0.175,
    "spl": 0.15615841422504556,
    "ndtw": 0.35603716249319894,
    "path_length": 9.47718286061679,
    "oracle_success": 0.275,
    "steps_taken": 77.4625
}