{
    "distance_to_goal": 10.068652654625476,
    "success": 0.1375,
    "spl": 0.12053591163108428,
    "ndtw": 0.3958119249637738,
    "path_length": 8.917006549984217,
    "oracle_success": 0.275,
    "steps_taken": 69.5625
}