{
    "distance_to_goal": 10.406489979475737,
    "success": 0.1125,
    "spl": 0.09260993866679398,
    "ndtw": 0.3547022926130893,
    "path_length": 10.054475686729711,
    "oracle_success": 0.2625,
    "steps_taken": 71.175
}