{
    "distance_to_goal": 10.441050256043672,
    "success": 0.1625,
    "spl": 0.14354713166611516,
    "ndtw": 0.3882409970862267,
    "path_length": 9.681163095892407,
    "oracle_success": 0.2625,
    "steps_taken": 60.9875
}