{
    "distance_to_goal": 9.842853495292365,
    "success": 0.125,
    "spl": 0.11426863497771003,
    "ndtw": 0.4028366602884538,
    "path_length": 8.507911269197939,
    "oracle_success": 0.2375,
    "steps_taken": 62.9375
}