{
    "distance_to_goal": 9.55562853962183,
    "success": 0.1125,
    "spl": 0.09861297607648861,
    "ndtw": 0.40646091305053955,
    "path_length": 8.371750199876711,
    "oracle_success": 0.2375,
    "steps_taken": 64.1
}