{
    "distance_to_goal": 10.499379744380713,
    "success": 0.0875,
    "spl": 0.07926833021391613,
    "ndtw": 0.36200222665580867,
    "path_length": 9.555913258677174,
    "oracle_success": 0.25,
    "steps_taken": 66.9375
}