{
    "distance_to_goal": 10.398626746392043,
    "success": 0.1277868406742795,
    "spl": 0.11446558504101201,
    "ndtw": 0.34875263424964875,
    "path_length": 9.048131509324925,
    "oracle_success": 0.22892876563349646,
    "steps_taken": 74.07340946166394
}