{
    "distance_to_goal": 10.448191561922432,
    "success": 0.1375,
    "spl": 0.12150041800815839,
    "ndtw": 0.3468597531755939,
    "path_length": 10.593707862269365,
    "oracle_success": 0.275,
    "steps_taken": 78.55
}