{
    "distance_to_goal": 10.294334697909653,
    "success": 0.1,
    "spl": 0.09298846185441449,
    "ndtw": 0.38973251887197885,
    "path_length": 9.507519590866286,
    "oracle_success": 0.275,
    "steps_taken": 65.175
}