{
    "distance_to_goal": 10.11216883957386,
    "success": 0.1625,
    "spl": 0.1485631214697964,
    "ndtw": 0.3590153821717037,
    "path_length": 9.496028348020626,
    "oracle_success": 0.275,
    "steps_taken": 71.2375
}