{
    "distance_to_goal": 10.832599387317895,
    "success": 0.1125,
    "spl": 0.1050511574976428,
    "ndtw": 0.3505775471678495,
    "path_length": 9.815401809953618,
    "oracle_success": 0.275,
    "steps_taken": 70.625
}