{
    "distance_to_goal": 9.120375994592905,
    "success": 0.125,
    "spl": 0.10662062057175807,
    "ndtw": 0.4270966875929913,
    "path_length": 8.7091583947069,
    "oracle_success": 0.2875,
    "steps_taken": 61.5125
}