{
    "distance_to_goal": 10.359543938934802,
    "success": 0.0875,
    "spl": 0.08113180497051005,
    "ndtw": 0.35180045388766323,
    "path_length": 9.340007426103693,
    "oracle_success": 0.2625,
    "steps_taken": 69.5375
}