{
    "distance_to_goal": 10.606285732984542,
    "success": 0.0875,
    "spl": 0.0778054746003081,
    "ndtw": 0.361732867551403,
    "path_length": 10.164991823781747,
    "oracle_success": 0.3125,
    "steps_taken": 64.4
}