{
    "distance_to_goal": 10.098001170903444,
    "success": 0.125,
    "spl": 0.10761848285129823,
    "ndtw": 0.36764298081929364,
    "path_length": 9.763374484807718,
    "oracle_success": 0.225,
    "steps_taken": 73.575
}