{
    "distance_to_goal": 10.025646300636865,
    "success": 0.16966580976863754,
    "spl": 0.1580239366396599,
    "ndtw": 0.40526363055353853,
    "path_length": 9.494867633575561,
    "oracle_success": 0.2969151670951157,
    "steps_taken": 67.46015424164524
}