{
    "distance_to_goal": 10.349644441530108,
    "success": 0.125,
    "spl": 0.11470500391807423,
    "ndtw": 0.36570039292793743,
    "path_length": 9.081902178179007,
    "oracle_success": 0.225,
    "steps_taken": 64.3
}