{
    "distance_to_goal": 10.390125468373299,
    "success": 0.075,
    "spl": 0.062388794276567947,
    "ndtw": 0.3636536319290386,
    "path_length": 9.511718241205381,
    "oracle_success": 0.2625,
    "steps_taken": 73.2
}