{
    "distance_to_goal": 9.461934030242265,
    "success": 0.175,
    "spl": 0.16182156325369298,
    "ndtw": 0.3988581401074077,
    "path_length": 9.554067474033218,
    "oracle_success": 0.325,
    "steps_taken": 70.05
}