{
    "distance_to_goal": 10.551580271869899,
    "success": 0.075,
    "spl": 0.06886620267536682,
    "ndtw": 0.34331100866982256,
    "path_length": 9.204731000360784,
    "oracle_success": 0.2375,
    "steps_taken": 67.4375
}