{
    "distance_to_goal": 10.465671097487212,
    "success": 0.1125,
    "spl": 0.0977750947649744,
    "ndtw": 0.3775234610401882,
    "path_length": 9.418682574594277,
    "oracle_success": 0.225,
    "steps_taken": 66.3875
}