{
    "distance_to_goal": 10.289094510674477,
    "success": 0.0625,
    "spl": 0.05563407816074054,
    "ndtw": 0.3683660270964018,
    "path_length": 9.298043689812767,
    "oracle_success": 0.25,
    "steps_taken": 63.85
}