{
    "distance_to_goal": 10.363470897250892,
    "success": 0.11953727506426735,
    "spl": 0.107399485696484,
    "ndtw": 0.3519947447180194,
    "path_length": 9.393173472883552,
    "oracle_success": 0.2686375321336761,
    "steps_taken": 77.48586118251929
}