{
    "distance_to_goal": 10.666579138487577,
    "success": 0.1375,
    "spl": 0.1262512666346184,
    "ndtw": 0.36534345923760414,
    "path_length": 9.962271762220189,
    "oracle_success": 0.2875,
    "steps_taken": 70.825
}