{
    "distance_to_goal": 10.018327551335096,
    "success": 0.1125,
    "spl": 0.10228210121189447,
    "ndtw": 0.35576700157269736,
    "path_length": 9.761090486170264,
    "oracle_success": 0.275,
    "steps_taken": 67.725
}