{
    "distance_to_goal": 9.641290318244796,
    "success": 0.17480719794344474,
    "spl": 0.15993008866469713,
    "ndtw": 0.4015907188602826,
    "path_length": 9.365805015215466,
    "oracle_success": 0.31233933161953725,
    "steps_taken": 70.09768637532133
}