{
    "distance_to_goal": 9.447763223387302,
    "success": 0.125,
    "spl": 0.11678638865003037,
    "ndtw": 0.4104395521280499,
    "path_length": 9.352693394559902,
    "oracle_success": 0.275,
    "steps_taken": 67.7125
}