{
    "distance_to_goal": 10.364325308054685,
    "success": 0.0875,
    "spl": 0.07657109191609264,
    "ndtw": 0.359532310706303,
    "path_length": 10.479011475763985,
    "oracle_success": 0.2875,
    "steps_taken": 66.275
}