{
    "distance_to_goal": 10.707861345619888,
    "success": 0.1250679717237629,
    "spl": 0.11347431428131727,
    "ndtw": 0.34496716981637293,
    "path_length": 8.580198976304521,
    "oracle_success": 0.19412724306688417,
    "steps_taken": 75.19195214790648
}