{
    "distance_to_goal": 10.23949923813343,
    "success": 0.1125,
    "spl": 0.1054042957804667,
    "ndtw": 0.37634491742447185,
    "path_length": 9.727960592799354,
    "oracle_success": 0.275,
    "steps_taken": 64.75
}