{
    "distance_to_goal": 9.076492145887377,
    "success": 0.17866323907455012,
    "spl": 0.1699260261048873,
    "ndtw": 0.43805651389916556,
    "path_length": 8.601413448181676,
    "oracle_success": 0.3161953727506427,
    "steps_taken": 66.11311053984576
}