{
    "distance_to_goal": 10.325789086706937,
    "success": 0.125,
    "spl": 0.1154742754465385,
    "ndtw": 0.3602544587686386,
    "path_length": 9.846741442005248,
    "oracle_success": 0.225,
    "steps_taken": 71.6625
}