{
    "distance_to_goal": 10.157821917250407,
    "success": 0.11439588688946016,
    "spl": 0.09877101897214847,
    "ndtw": 0.34408309472172693,
    "path_length": 11.648505422459358,
    "oracle_success": 0.36375321336760924,
    "steps_taken": 89.11311053984576
}