{
    "distance_to_goal": 10.382651863992214,
    "success": 0.075,
    "spl": 0.06459346453802675,
    "ndtw": 0.33875483710226695,
    "path_length": 10.752695401623303,
    "oracle_success": 0.2625,
    "steps_taken": 88.2375
}