{
    "distance_to_goal": 10.611700887233019,
    "success": 0.1,
    "spl": 0.09000422416454801,
    "ndtw": 0.34958191730805144,
    "path_length": 11.080552598839834,
    "oracle_success": 0.3125,
    "steps_taken": 93.525
}