{
    "distance_to_goal": 9.799609388457013,
    "success": 0.15424164524421594,
    "spl": 0.1327732304886839,
    "ndtw": 0.3565500262467279,
    "path_length": 11.064157731614266,
    "oracle_success": 0.35989717223650386,
    "steps_taken": 87.96915167095116
}