{
    "distance_to_goal": 9.956154079253968,
    "success": 0.12289287656334964,
    "spl": 0.09215696035174106,
    "ndtw": 0.32196440971076207,
    "path_length": 10.601083618760955,
    "oracle_success": 0.29255029907558455,
    "steps_taken": 97.61718325176726
}