{
    "distance_to_goal": 10.98756310045719,
    "success": 0.1,
    "spl": 0.07602401110567089,
    "ndtw": 0.2815519682786944,
    "path_length": 11.320146331106274,
    "oracle_success": 0.375,
    "steps_taken": 98.3125
}