{
    "distance_to_goal": 10.747886078432202,
    "success": 0.1125,
    "spl": 0.09962512422039424,
    "ndtw": 0.3325992544341735,
    "path_length": 11.445916334132198,
    "oracle_success": 0.3875,
    "steps_taken": 85.2
}