{
    "distance_to_goal": 10.566621850803495,
    "success": 0.1625,
    "spl": 0.12476409611391592,
    "ndtw": 0.30997406494923013,
    "path_length": 11.612599842376854,
    "oracle_success": 0.3625,
    "steps_taken": 94.375
}