{
    "distance_to_goal": 10.484583845734596,
    "success": 0.0875,
    "spl": 0.0760769305657591,
    "ndtw": 0.31166850118301365,
    "path_length": 10.835111336603836,
    "oracle_success": 0.3,
    "steps_taken": 88.4625
}