{
    "distance_to_goal": 10.311252444694878,
    "success": 0.10821098423056008,
    "spl": 0.09060855413895594,
    "ndtw": 0.32718371085677994,
    "path_length": 10.134636268150558,
    "oracle_success": 0.2495921696574225,
    "steps_taken": 91.6046764545949
}