{
    "distance_to_goal": 10.352251649927348,
    "success": 0.075,
    "spl": 0.06835604768305706,
    "ndtw": 0.3048784690618414,
    "path_length": 11.55816186836124,
    "oracle_success": 0.3375,
    "steps_taken": 90.375
}