{
    "distance_to_goal": 10.855690257251263,
    "success": 0.1125,
    "spl": 0.09318040480789008,
    "ndtw": 0.2975472247585211,
    "path_length": 11.535175586736296,
    "oracle_success": 0.35,
    "steps_taken": 89.6
}