{
    "distance_to_goal": 10.422183713316917,
    "success": 0.175,
    "spl": 0.1475594788808547,
    "ndtw": 0.3426470455475626,
    "path_length": 10.795738506189082,
    "oracle_success": 0.375,
    "steps_taken": 86.2625
}