{
    "distance_to_goal": 10.22187969647348,
    "success": 0.075,
    "spl": 0.06695473645562175,
    "ndtw": 0.33309625473122606,
    "path_length": 10.510045013296962,
    "oracle_success": 0.25,
    "steps_taken": 91.0625
}