{
    "distance_to_goal": 10.542085300385953,
    "success": 0.125,
    "spl": 0.10203577883788126,
    "ndtw": 0.30463830167570616,
    "path_length": 11.948590858573626,
    "oracle_success": 0.375,
    "steps_taken": 88.4125
}