{
    "distance_to_goal": 9.842025585395971,
    "success": 0.14652956298200515,
    "spl": 0.12409352832664339,
    "ndtw": 0.35488708501678096,
    "path_length": 11.151827919806745,
    "oracle_success": 0.38303341902313626,
    "steps_taken": 82.9241645244216
}