{
    "distance_to_goal": 11.581056432053447,
    "success": 0.075,
    "spl": 0.06410011141939939,
    "ndtw": 0.3055075614611414,
    "path_length": 11.665621242569248,
    "oracle_success": 0.3625,
    "steps_taken": 91.5625
}