{
    "distance_to_goal": 10.705673434585332,
    "success": 0.0875,
    "spl": 0.07774503532391733,
    "ndtw": 0.3062271921550207,
    "path_length": 11.906504999389378,
    "oracle_success": 0.3375,
    "steps_taken": 95.3125
}