{
    "distance_to_goal": 10.206595215201379,
    "success": 0.15,
    "spl": 0.13170823704475473,
    "ndtw": 0.3311090721193181,
    "path_length": 11.492047538768384,
    "oracle_success": 0.3875,
    "steps_taken": 84.1125
}