{
    "distance_to_goal": 9.515488865971566,
    "success": 0.1625,
    "spl": 0.1306603312752616,
    "ndtw": 0.3228374985141982,
    "path_length": 11.672091392665559,
    "oracle_success": 0.3875,
    "steps_taken": 97.85
}