{
    "distance_to_goal": 10.554876589402557,
    "success": 0.15,
    "spl": 0.13230883514768663,
    "ndtw": 0.3246177558058978,
    "path_length": 10.979932520773733,
    "oracle_success": 0.3875,
    "steps_taken": 92.3625
}