{
    "distance_to_goal": 10.561501263827086,
    "success": 0.125,
    "spl": 0.10695218511408563,
    "ndtw": 0.3215234951195005,
    "path_length": 11.218828988799554,
    "oracle_success": 0.3625,
    "steps_taken": 86.9
}