{
    "distance_to_goal": 10.225456378951783,
    "success": 0.14781491002570693,
    "spl": 0.12330106298083385,
    "ndtw": 0.33793959186016603,
    "path_length": 12.075793775248663,
    "oracle_success": 0.39203084832904883,
    "steps_taken": 93.73778920308483
}