{
    "distance_to_goal": 10.348304342564703,
    "success": 0.10154241645244216,
    "spl": 0.0908846637596588,
    "ndtw": 0.34646286100042917,
    "path_length": 11.129828631136846,
    "oracle_success": 0.3380462724935733,
    "steps_taken": 89.31233933161954
}