{
    "distance_to_goal": 10.715819856896996,
    "success": 0.15,
    "spl": 0.12971202271563995,
    "ndtw": 0.32959906368882186,
    "path_length": 11.619552266035003,
    "oracle_success": 0.3625,
    "steps_taken": 88.9375
}