{
    "distance_to_goal": 9.556433527349736,
    "success": 0.14524421593830333,
    "spl": 0.12425390559109539,
    "ndtw": 0.3814114162188534,
    "path_length": 10.749921166163626,
    "oracle_success": 0.37017994858611825,
    "steps_taken": 87.08483290488432
}