{
    "distance_to_goal": 11.33724874407053,
    "success": 0.075,
    "spl": 0.06527302879287553,
    "ndtw": 0.31085236567750596,
    "path_length": 12.246482544150398,
    "oracle_success": 0.3875,
    "steps_taken": 98.375
}