{
    "distance_to_goal": 10.498257962614298,
    "success": 0.075,
    "spl": 0.062000267602216365,
    "ndtw": 0.2848392648370348,
    "path_length": 11.0855302724314,
    "oracle_success": 0.2875,
    "steps_taken": 84.9125
}