{
    "distance_to_goal": 10.13488346236176,
    "success": 0.11691136487221315,
    "spl": 0.09246145597012617,
    "ndtw": 0.33652872038066795,
    "path_length": 10.067321808323248,
    "oracle_success": 0.27351821642196844,
    "steps_taken": 89.27134312126155
}