{
    "distance_to_goal": 10.859967757761478,
    "success": 0.0875,
    "spl": 0.06634480645025173,
    "ndtw": 0.30478334655491196,
    "path_length": 12.026867441167653,
    "oracle_success": 0.3625,
    "steps_taken": 85.7875
}