{
    "distance_to_goal": 10.515373253822327,
    "success": 0.1,
    "spl": 0.09276504563403844,
    "ndtw": 0.3337118700240197,
    "path_length": 10.749862686526418,
    "oracle_success": 0.4125,
    "steps_taken": 76.775
}