{
    "distance_to_goal": 10.0867894500494,
    "success": 0.1375,
    "spl": 0.12268030272609756,
    "ndtw": 0.3449589757258663,
    "path_length": 11.139405189923362,
    "oracle_success": 0.35,
    "steps_taken": 87.2625
}