{
    "distance_to_goal": 9.930108472513355,
    "success": 0.12467866323907455,
    "spl": 0.10778223476268028,
    "ndtw": 0.3379855429092115,
    "path_length": 11.021195445134936,
    "oracle_success": 0.3444730077120823,
    "steps_taken": 96.7827763496144
}