{
    "distance_to_goal": 10.19857252869937,
    "success": 0.14138817480719795,
    "spl": 0.11259224854667405,
    "ndtw": 0.3280491814599228,
    "path_length": 11.643990099309885,
    "oracle_success": 0.3560411311053985,
    "steps_taken": 96.5629820051414
}