{
    "distance_to_goal": 10.991188205033541,
    "success": 0.15,
    "spl": 0.12383070828403571,
    "ndtw": 0.30707539675135653,
    "path_length": 12.195620856294154,
    "oracle_success": 0.4125,
    "steps_taken": 92.35
}