{
    "distance_to_goal": 12.053291802108287,
    "success": 0.0625,
    "spl": 0.04927200529594091,
    "ndtw": 0.2599937265908827,
    "path_length": 12.390591022332956,
    "oracle_success": 0.3375,
    "steps_taken": 88.375
}