{
    "distance_to_goal": 10.646826796606183,
    "success": 0.1,
    "spl": 0.09138104394845409,
    "ndtw": 0.31775849545005,
    "path_length": 12.461772098431831,
    "oracle_success": 0.4375,
    "steps_taken": 93.4625
}