{
    "distance_to_goal": 10.764613003842532,
    "success": 0.1,
    "spl": 0.08859221483351987,
    "ndtw": 0.31091193260849614,
    "path_length": 11.569180741926106,
    "oracle_success": 0.325,
    "steps_taken": 86.8625
}