{
    "distance_to_goal": 11.410554533079267,
    "success": 0.1125,
    "spl": 0.09145289994330627,
    "ndtw": 0.3041917339904279,
    "path_length": 11.631049853903885,
    "oracle_success": 0.1875,
    "steps_taken": 89.7375
}