{
    "distance_to_goal": 10.867424422502518,
    "success": 0.1125,
    "spl": 0.09478430378056055,
    "ndtw": 0.29135918184829535,
    "path_length": 11.288097132393158,
    "oracle_success": 0.3125,
    "steps_taken": 85.3
}