{
    "distance_to_goal": 11.048814355582,
    "success": 0.0875,
    "spl": 0.07778877568560023,
    "ndtw": 0.30904450136137057,
    "path_length": 11.259454371031826,
    "oracle_success": 0.3,
    "steps_taken": 92.6125
}