{
    "distance_to_goal": 9.999836881355332,
    "success": 0.16838046272493573,
    "spl": 0.14729603980747233,
    "ndtw": 0.37689807600775194,
    "path_length": 10.81568462891036,
    "oracle_success": 0.33676092544987146,
    "steps_taken": 87.2866323907455
}