{
    "distance_to_goal": 8.91707316079299,
    "success": 0.19922879177377892,
    "spl": 0.18252479973912913,
    "ndtw": 0.4482474612777606,
    "path_length": 8.687966163690161,
    "oracle_success": 0.3149100257069409,
    "steps_taken": 66.61053984575835
}