{
    "distance_to_goal": 9.903024733811616,
    "success": 0.1875,
    "spl": 0.16417653955284858,
    "ndtw": 0.3714705596846755,
    "path_length": 9.567447056054442,
    "oracle_success": 0.3125,
    "steps_taken": 80.475
}