{
    "distance_to_goal": 10.719240847975016,
    "success": 0.1625,
    "spl": 0.14734699444810442,
    "ndtw": 0.354776333503415,
    "path_length": 11.529396167085583,
    "oracle_success": 0.325,
    "steps_taken": 88.825
}