{
    "distance_to_goal": 10.212877924740315,
    "success": 0.1,
    "spl": 0.08633423240569657,
    "ndtw": 0.36269477507713066,
    "path_length": 8.940497454861179,
    "oracle_success": 0.1875,
    "steps_taken": 71.2375
}