{
    "distance_to_goal": 9.320270553603768,
    "success": 0.1375,
    "spl": 0.12261194724544296,
    "ndtw": 0.3901607234512582,
    "path_length": 10.327627229617017,
    "oracle_success": 0.3375,
    "steps_taken": 80.3125
}