{
    "distance_to_goal": 9.511512605267503,
    "success": 0.17480719794344474,
    "spl": 0.15386277375108798,
    "ndtw": 0.4002217839855716,
    "path_length": 9.357256916509446,
    "oracle_success": 0.2827763496143959,
    "steps_taken": 70.53084832904884
}