{
    "distance_to_goal": 10.79459651261568,
    "success": 0.1375,
    "spl": 0.10301578712414823,
    "ndtw": 0.3166280506033994,
    "path_length": 11.700100325830135,
    "oracle_success": 0.3375,
    "steps_taken": 93.0125
}