{
    "distance_to_goal": 9.50621920509939,
    "success": 0.18508997429305912,
    "spl": 0.16296363439816386,
    "ndtw": 0.3955453344762024,
    "path_length": 9.793738170092285,
    "oracle_success": 0.3264781491002571,
    "steps_taken": 75.57840616966581
}