{
    "distance_to_goal": 9.502397947758435,
    "success": 0.175,
    "spl": 0.14969705421702945,
    "ndtw": 0.380263814597443,
    "path_length": 10.03763576934556,
    "oracle_success": 0.325,
    "steps_taken": 83.625
}