{
    "distance_to_goal": 11.398162368685007,
    "success": 0.05,
    "spl": 0.04004957149361761,
    "ndtw": 0.29295184443708244,
    "path_length": 12.63421402577194,
    "oracle_success": 0.2625,
    "steps_taken": 100.7
}