{
    "distance_to_goal": 9.923724769800902,
    "success": 0.1875,
    "spl": 0.15272620093710443,
    "ndtw": 0.38117241528204293,
    "path_length": 9.899484352461972,
    "oracle_success": 0.2625,
    "steps_taken": 70.7875
}