{
    "distance_to_goal": 10.543139524012805,
    "success": 0.1625,
    "spl": 0.15383879201222367,
    "ndtw": 0.3696201711490108,
    "path_length": 10.341316934890347,
    "oracle_success": 0.25,
    "steps_taken": 90.3875
}