{
    "distance_to_goal": 9.66812035006275,
    "success": 0.14410005437737902,
    "spl": 0.12496622663356946,
    "ndtw": 0.36340495169361353,
    "path_length": 9.269333270713982,
    "oracle_success": 0.2463295269168026,
    "steps_taken": 85.05437737901033
}