{
    "distance_to_goal": 9.8178902000124,
    "success": 0.11582381729200653,
    "spl": 0.10255775983207759,
    "ndtw": 0.35386152268829607,
    "path_length": 9.068299108900074,
    "oracle_success": 0.22566612289287658,
    "steps_taken": 87.36541598694943
}