{
    "distance_to_goal": 9.499601206928492,
    "success": 0.2,
    "spl": 0.18647500680286214,
    "ndtw": 0.3981596599044595,
    "path_length": 9.632466269311792,
    "oracle_success": 0.2875,
    "steps_taken": 80.4625
}