{
    "distance_to_goal": 9.781366955116392,
    "success": 0.1375,
    "spl": 0.11695390668967136,
    "ndtw": 0.3618369073672677,
    "path_length": 10.753171916509382,
    "oracle_success": 0.325,
    "steps_taken": 80.475
}