{
    "distance_to_goal": 10.103221801668406,
    "success": 0.1375,
    "spl": 0.12715453089735124,
    "ndtw": 0.3866780550344193,
    "path_length": 9.772596985322888,
    "oracle_success": 0.25,
    "steps_taken": 72.25
}