{
    "distance_to_goal": 8.986013037629023,
    "success": 0.19023136246786632,
    "spl": 0.17205792687483126,
    "ndtw": 0.42527529856653035,
    "path_length": 9.815421796704308,
    "oracle_success": 0.34061696658097684,
    "steps_taken": 71.26863753213368
}