{
    "distance_to_goal": 10.197674740478396,
    "success": 0.1625,
    "spl": 0.15533075453002346,
    "ndtw": 0.37379923742318755,
    "path_length": 10.975603314733599,
    "oracle_success": 0.3,
    "steps_taken": 88.2125
}