{
    "distance_to_goal": 10.133553764969111,
    "success": 0.1,
    "spl": 0.08944183123854695,
    "ndtw": 0.3495311626406182,
    "path_length": 10.44503855422115,
    "oracle_success": 0.275,
    "steps_taken": 90.0875
}