{
    "distance_to_goal": 10.05833079367876,
    "success": 0.075,
    "spl": 0.06704563574338822,
    "ndtw": 0.35206443636819534,
    "path_length": 10.470542419824051,
    "oracle_success": 0.2625,
    "steps_taken": 87.5375
}