{
    "distance_to_goal": 9.263676650088854,
    "success": 0.1402936378466558,
    "spl": 0.12773081317514287,
    "ndtw": 0.3971129209094499,
    "path_length": 7.815208797260126,
    "oracle_success": 0.23871669385535618,
    "steps_taken": 70.61065796628603
}