{
    "distance_to_goal": 9.651272772938244,
    "success": 0.16195372750642673,
    "spl": 0.14219304421165874,
    "ndtw": 0.37418581245987204,
    "path_length": 10.572444470620287,
    "oracle_success": 0.32005141388174807,
    "steps_taken": 84.2827763496144
}