{
    "distance_to_goal": 9.73395689358492,
    "success": 0.14192495921696574,
    "spl": 0.12341382146481528,
    "ndtw": 0.37028771235179686,
    "path_length": 9.258544396763149,
    "oracle_success": 0.2561174551386623,
    "steps_taken": 81.43501903208265
}