{
    "distance_to_goal": 11.05013181604445,
    "success": 0.1375,
    "spl": 0.11443510646912183,
    "ndtw": 0.3262076149389686,
    "path_length": 12.169222084273837,
    "oracle_success": 0.325,
    "steps_taken": 92.1375
}