{
    "distance_to_goal": 10.197075939923526,
    "success": 0.1375,
    "spl": 0.1274119323875123,
    "ndtw": 0.3537974390510356,
    "path_length": 9.375779338134453,
    "oracle_success": 0.275,
    "steps_taken": 74.7125
}