{
    "distance_to_goal": 10.287218380719423,
    "success": 0.2,
    "spl": 0.17735149753694573,
    "ndtw": 0.4036751300611437,
    "path_length": 9.927012845838908,
    "oracle_success": 0.3125,
    "steps_taken": 77.9375
}