{
    "distance_to_goal": 9.328676152045439,
    "success": 0.19408740359897173,
    "spl": 0.16790186062342208,
    "ndtw": 0.40530828034217176,
    "path_length": 9.78842092704129,
    "oracle_success": 0.3161953727506427,
    "steps_taken": 76.94730077120822
}