{
    "distance_to_goal": 11.750903317332268,
    "success": 0.1375,
    "spl": 0.11108307315895563,
    "ndtw": 0.3001685407293596,
    "path_length": 12.558988309984851,
    "oracle_success": 0.275,
    "steps_taken": 102.675
}