{
    "distance_to_goal": 9.465308130532502,
    "success": 0.2125,
    "spl": 0.1958255503586889,
    "ndtw": 0.41594163486872493,
    "path_length": 9.971506878279616,
    "oracle_success": 0.3625,
    "steps_taken": 73.825
}