{
    "distance_to_goal": 9.691195131093263,
    "success": 0.1,
    "spl": 0.09056855894035415,
    "ndtw": 0.3885481416366406,
    "path_length": 8.696273218584247,
    "oracle_success": 0.225,
    "steps_taken": 75.2
}