{
    "distance_to_goal": 8.04845074470368,
    "success": 0.2120822622107969,
    "spl": 0.20733380903542523,
    "ndtw": 0.47877703097580016,
    "path_length": 6.141749844516191,
    "oracle_success": 0.2583547557840617,
    "steps_taken": 43.69023136246787
}