{
    "distance_to_goal": 8.997954642921767,
    "success": 0.15171288743882544,
    "spl": 0.14312316226490202,
    "ndtw": 0.4202451154021281,
    "path_length": 6.78321596962415,
    "oracle_success": 0.2137030995106036,
    "steps_taken": 56.482327351821645
}