{
    "distance_to_goal": 8.313891888782383,
    "success": 0.2125,
    "spl": 0.19567156764712018,
    "ndtw": 0.4645033076401243,
    "path_length": 6.500210404430982,
    "oracle_success": 0.2375,
    "steps_taken": 51.5625
}