{
    "distance_to_goal": 9.205905208736658,
    "success": 0.2375,
    "spl": 0.2145884659497852,
    "ndtw": 0.41945703882996277,
    "path_length": 7.810204734641593,
    "oracle_success": 0.3375,
    "steps_taken": 52.925
}