{
    "distance_to_goal": 8.511896134912968,
    "success": 0.2375,
    "spl": 0.20261482399420316,
    "ndtw": 0.45542481088298903,
    "path_length": 7.271809536055661,
    "oracle_success": 0.275,
    "steps_taken": 53.3
}