{
    "distance_to_goal": 8.809818623094294,
    "success": 0.1953727506426735,
    "spl": 0.18346559191467235,
    "ndtw": 0.43126324296915214,
    "path_length": 8.046209123520581,
    "oracle_success": 0.2892030848329049,
    "steps_taken": 56.54370179948586
}