{
    "distance_to_goal": 9.367988993600012,
    "success": 0.2,
    "spl": 0.17137435586583655,
    "ndtw": 0.434794557537516,
    "path_length": 7.248807208798826,
    "oracle_success": 0.2375,
    "steps_taken": 55.3
}