{
    "distance_to_goal": 8.670734182372689,
    "success": 0.125,
    "spl": 0.11611105702844929,
    "ndtw": 0.4544214530094516,
    "path_length": 5.991955972340657,
    "oracle_success": 0.175,
    "steps_taken": 37.975
}