{
    "distance_to_goal": 8.583326962920815,
    "success": 0.1566068515497553,
    "spl": 0.1498918190435889,
    "ndtw": 0.44608569565680944,
    "path_length": 5.633114906439793,
    "oracle_success": 0.18760195758564438,
    "steps_taken": 45.278955954323
}