{
    "distance_to_goal": 8.446705825914147,
    "success": 0.2120822622107969,
    "spl": 0.19434343457326145,
    "ndtw": 0.47056600204505855,
    "path_length": 8.207224425255285,
    "oracle_success": 0.2969151670951157,
    "steps_taken": 61.754498714652954
}