{
    "distance_to_goal": 9.43536398857832,
    "success": 0.1625,
    "spl": 0.14974409090209614,
    "ndtw": 0.4190399259444525,
    "path_length": 7.977401633647969,
    "oracle_success": 0.1875,
    "steps_taken": 57.8125
}