{
    "distance_to_goal": 8.602496480569243,
    "success": 0.1625,
    "spl": 0.15119714876281437,
    "ndtw": 0.44664633494560463,
    "path_length": 6.5204513128905095,
    "oracle_success": 0.1875,
    "steps_taken": 47.2375
}