{
    "distance_to_goal": 8.582818558812141,
    "success": 0.2375,
    "spl": 0.19895143926088735,
    "ndtw": 0.4736141543997293,
    "path_length": 8.233767711021937,
    "oracle_success": 0.3125,
    "steps_taken": 56.1375
}