{
    "distance_to_goal": 8.75941463305129,
    "success": 0.2120822622107969,
    "spl": 0.19628655389324778,
    "ndtw": 0.45422762825119833,
    "path_length": 8.334554796168703,
    "oracle_success": 0.2853470437017995,
    "steps_taken": 60.37789203084833
}