{
    "distance_to_goal": 8.334056309238075,
    "success": 0.1625,
    "spl": 0.14368127663545985,
    "ndtw": 0.46474828560232606,
    "path_length": 6.2115236273792105,
    "oracle_success": 0.2375,
    "steps_taken": 47.875
}