{
    "distance_to_goal": 8.437795197595975,
    "success": 0.21722365038560412,
    "spl": 0.20355498341101652,
    "ndtw": 0.4697964635291906,
    "path_length": 7.481804645132706,
    "oracle_success": 0.2917737789203085,
    "steps_taken": 54.922879177377894
}