{
    "distance_to_goal": 8.847435139366763,
    "success": 0.13050570962479607,
    "spl": 0.12381909202647436,
    "ndtw": 0.421147268783277,
    "path_length": 6.203367385783165,
    "oracle_success": 0.17455138662316477,
    "steps_taken": 52.431756389342034
}