{
    "distance_to_goal": 8.64280712655976,
    "success": 0.1370309951060359,
    "spl": 0.12862568422334514,
    "ndtw": 0.42917285907337144,
    "path_length": 6.660559507333157,
    "oracle_success": 0.19412724306688417,
    "steps_taken": 58.51441000543774
}