{
    "distance_to_goal": 9.795011091977358,
    "success": 0.1125,
    "spl": 0.10195433841906484,
    "ndtw": 0.37110449089348696,
    "path_length": 9.56311977865405,
    "oracle_success": 0.175,
    "steps_taken": 73.9375
}