{
    "distance_to_goal": 9.078293852508068,
    "success": 0.2375,
    "spl": 0.21666538737854601,
    "ndtw": 0.45104900141913634,
    "path_length": 7.7585247076815,
    "oracle_success": 0.2875,
    "steps_taken": 52.625
}