{
    "distance_to_goal": 8.447697570782088,
    "success": 0.20822622107969152,
    "spl": 0.197812801843298,
    "ndtw": 0.46340630880592665,
    "path_length": 7.097005834614497,
    "oracle_success": 0.2583547557840617,
    "steps_taken": 48.92416452442159
}