{
    "distance_to_goal": 8.45517748594284,
    "success": 0.2125,
    "spl": 0.19444510129468123,
    "ndtw": 0.44851240459094877,
    "path_length": 8.069145614601439,
    "oracle_success": 0.3125,
    "steps_taken": 60.2125
}