{
    "distance_to_goal": 9.464676223695278,
    "success": 0.15,
    "spl": 0.13547372286775874,
    "ndtw": 0.4027392340032647,
    "path_length": 6.7125560180691535,
    "oracle_success": 0.1625,
    "steps_taken": 53.0625
}