{
    "distance_to_goal": 10.802687610685826,
    "success": 0.1125,
    "spl": 0.0898108023631857,
    "ndtw": 0.31170155753456547,
    "path_length": 11.035952134660329,
    "oracle_success": 0.3125,
    "steps_taken": 89.5125
}