{
    "distance_to_goal": 10.792395873367786,
    "success": 0.1125,
    "spl": 0.10267086075079575,
    "ndtw": 0.3487501251224915,
    "path_length": 8.069264836293394,
    "oracle_success": 0.15,
    "steps_taken": 62.6375
}