{
    "distance_to_goal": 11.324806291237474,
    "success": 0.05,
    "spl": 0.04651133569207946,
    "ndtw": 0.31836958167253626,
    "path_length": 9.380644470266997,
    "oracle_success": 0.1875,
    "steps_taken": 65.8625
}