{
    "distance_to_goal": 10.220815111399345,
    "success": 0.11147362697117999,
    "spl": 0.09358725894623536,
    "ndtw": 0.34099724920848856,
    "path_length": 9.891949278952595,
    "oracle_success": 0.26481783578031537,
    "steps_taken": 91.48722131593257
}