{
    "distance_to_goal": 10.100718180090189,
    "success": 0.0625,
    "spl": 0.051352963264712025,
    "ndtw": 0.31943727045082726,
    "path_length": 10.967002736957511,
    "oracle_success": 0.275,
    "steps_taken": 97.725
}