{
    "distance_to_goal": 9.800457048155655,
    "success": 0.12467866323907455,
    "spl": 0.11571176845072274,
    "ndtw": 0.3710464641343312,
    "path_length": 8.48290981214757,
    "oracle_success": 0.2622107969151671,
    "steps_taken": 63.52827763496144
}