{
    "distance_to_goal": 9.84387000805308,
    "success": 0.13881748071979436,
    "spl": 0.12768879165883967,
    "ndtw": 0.3776628700920522,
    "path_length": 8.20583455571092,
    "oracle_success": 0.24293059125964012,
    "steps_taken": 58.98200514138817
}