{
    "distance_to_goal": 9.868770525507657,
    "success": 0.13866231647634583,
    "spl": 0.1251349162873159,
    "ndtw": 0.38153394855692446,
    "path_length": 8.016754326539116,
    "oracle_success": 0.20989668297988037,
    "steps_taken": 61.41054921152801
}