{
    "distance_to_goal": 9.993084256984964,
    "success": 0.10925449871465295,
    "spl": 0.1001737710946198,
    "ndtw": 0.3661388837349456,
    "path_length": 8.486035444876398,
    "oracle_success": 0.2493573264781491,
    "steps_taken": 64.44344473007712
}