{
    "distance_to_goal": 9.74394432771718,
    "success": 0.1375747688961392,
    "spl": 0.12241204550070488,
    "ndtw": 0.3801190897002067,
    "path_length": 7.9872549973021885,
    "oracle_success": 0.20826536160957043,
    "steps_taken": 64.64165307232192
}