{
    "distance_to_goal": 10.815259542502464,
    "success": 0.15,
    "spl": 0.13540082368290446,
    "ndtw": 0.35465251271970993,
    "path_length": 9.520265401125652,
    "oracle_success": 0.2875,
    "steps_taken": 65.0125
}