{
    "distance_to_goal": 10.045475332636224,
    "success": 0.11439588688946016,
    "spl": 0.1034396212895322,
    "ndtw": 0.36919352788837284,
    "path_length": 8.448475316213008,
    "oracle_success": 0.2390745501285347,
    "steps_taken": 66.15295629820051
}