{
    "distance_to_goal": 10.217242486564237,
    "success": 0.12210796915167095,
    "spl": 0.11086405422759851,
    "ndtw": 0.36602056429981783,
    "path_length": 8.872102366987974,
    "oracle_success": 0.2544987146529563,
    "steps_taken": 65.206940874036
}