{
    "distance_to_goal": 10.37621439397335,
    "success": 0.1125,
    "spl": 0.10204565983837303,
    "ndtw": 0.3755671244233346,
    "path_length": 8.872536045358377,
    "oracle_success": 0.225,
    "steps_taken": 62.825
}