{
    "distance_to_goal": 10.962888722494245,
    "success": 0.075,
    "spl": 0.06776536203239845,
    "ndtw": 0.3268008192917257,
    "path_length": 9.478837049453967,
    "oracle_success": 0.225,
    "steps_taken": 69.6875
}