{
    "distance_to_goal": 9.887384707218542,
    "success": 0.14192495921696574,
    "spl": 0.12783413304965252,
    "ndtw": 0.3657914423338923,
    "path_length": 8.206590604498807,
    "oracle_success": 0.23164763458401305,
    "steps_taken": 62.11092985318108
}