{
    "distance_to_goal": 11.032958394289016,
    "success": 0.1,
    "spl": 0.08546377926281493,
    "ndtw": 0.3177611254308467,
    "path_length": 9.250545713290922,
    "oracle_success": 0.225,
    "steps_taken": 67.3375
}