{
    "distance_to_goal": 10.155082557589811,
    "success": 0.10925449871465295,
    "spl": 0.09721098743706254,
    "ndtw": 0.35238898543623814,
    "path_length": 8.610900170720852,
    "oracle_success": 0.24293059125964012,
    "steps_taken": 66.60796915167096
}