{
    "distance_to_goal": 10.875505086407065,
    "success": 0.1,
    "spl": 0.08971579382837445,
    "ndtw": 0.33368851320796067,
    "path_length": 8.692348354728892,
    "oracle_success": 0.2125,
    "steps_taken": 65.0375
}