{
    "distance_to_goal": 10.484681791625917,
    "success": 0.1125,
    "spl": 0.08603732711526901,
    "ndtw": 0.33043820842569593,
    "path_length": 11.50874461212661,
    "oracle_success": 0.35,
    "steps_taken": 98.2875
}