{
    "distance_to_goal": 10.069686753574787,
    "success": 0.12210796915167095,
    "spl": 0.1125124546389936,
    "ndtw": 0.37030203026772834,
    "path_length": 8.64769927687078,
    "oracle_success": 0.2596401028277635,
    "steps_taken": 68.97814910025707
}