{
    "distance_to_goal": 9.625735851076545,
    "success": 0.12596401028277635,
    "spl": 0.11656193745979146,
    "ndtw": 0.38666943948450205,
    "path_length": 8.708724095445481,
    "oracle_success": 0.2634961439588689,
    "steps_taken": 63.746786632390744
}