{
    "distance_to_goal": 10.17186568006873,
    "success": 0.0875,
    "spl": 0.0812512730304611,
    "ndtw": 0.3654713249618639,
    "path_length": 8.640277724905172,
    "oracle_success": 0.1875,
    "steps_taken": 63.3875
}