{
    "distance_to_goal": 10.95216668471694,
    "success": 0.075,
    "spl": 0.07047065233176945,
    "ndtw": 0.34559264420164604,
    "path_length": 8.446749262535013,
    "oracle_success": 0.175,
    "steps_taken": 62.9125
}