{
    "distance_to_goal": 10.916730785369873,
    "success": 0.1375,
    "spl": 0.12309874299484702,
    "ndtw": 0.35173382456896174,
    "path_length": 8.910969794122503,
    "oracle_success": 0.2125,
    "steps_taken": 69.9875
}