{
    "distance_to_goal": 9.787486621730187,
    "success": 0.12833061446438282,
    "spl": 0.11245017241740081,
    "ndtw": 0.3723685626794327,
    "path_length": 8.000669913752917,
    "oracle_success": 0.20989668297988037,
    "steps_taken": 63.59543230016313
}