{
    "distance_to_goal": 8.754114705025383,
    "success": 0.14652956298200515,
    "spl": 0.14188613255098978,
    "ndtw": 0.4420098274066218,
    "path_length": 5.795352006327552,
    "oracle_success": 0.17352185089974292,
    "steps_taken": 37.18251928020565
}