{
    "distance_to_goal": 9.175950050726533,
    "success": 0.1125,
    "spl": 0.1046345794383606,
    "ndtw": 0.43647811821119537,
    "path_length": 6.1577931917505335,
    "oracle_success": 0.1375,
    "steps_taken": 37.325
}