{
    "distance_to_goal": 9.192707238020375,
    "success": 0.1375,
    "spl": 0.13349734900461255,
    "ndtw": 0.4295903249530683,
    "path_length": 5.715457148512585,
    "oracle_success": 0.15,
    "steps_taken": 35.0125
}