{
    "distance_to_goal": 9.249057038469303,
    "success": 0.13496143958868895,
    "spl": 0.127706695856542,
    "ndtw": 0.4195002634255034,
    "path_length": 6.050496519167778,
    "oracle_success": 0.16195372750642673,
    "steps_taken": 37.24807197943445
}