{
    "distance_to_goal": 9.020711935684085,
    "success": 0.1125,
    "spl": 0.1086073144084648,
    "ndtw": 0.4362651583978298,
    "path_length": 5.860245060781017,
    "oracle_success": 0.125,
    "steps_taken": 37.5375
}