{
    "distance_to_goal": 9.208033973830203,
    "success": 0.12398042414355628,
    "spl": 0.12004453047174977,
    "ndtw": 0.41656094934670196,
    "path_length": 5.807862316170166,
    "oracle_success": 0.1533442088091354,
    "steps_taken": 37.20826536160957
}