{
    "distance_to_goal": 9.555552127957345,
    "success": 0.0875,
    "spl": 0.08056750412608422,
    "ndtw": 0.4150309446841517,
    "path_length": 6.012657396192663,
    "oracle_success": 0.125,
    "steps_taken": 37.65
}