{
    "distance_to_goal": 8.77307157816035,
    "success": 0.15809768637532134,
    "spl": 0.15044152666202168,
    "ndtw": 0.44170998042751763,
    "path_length": 6.033738440873367,
    "oracle_success": 0.18894601542416453,
    "steps_taken": 37.86632390745501
}