{
    "distance_to_goal": 9.099772570151359,
    "success": 0.1370309951060359,
    "spl": 0.13141422527510008,
    "ndtw": 0.4194173252662326,
    "path_length": 5.879179809602305,
    "oracle_success": 0.1631321370309951,
    "steps_taken": 37.927678085916256
}