{
    "distance_to_goal": 9.179760663533118,
    "success": 0.16195372750642673,
    "spl": 0.15008699410318097,
    "ndtw": 0.4142639371229077,
    "path_length": 6.810364539876918,
    "oracle_success": 0.2043701799485861,
    "steps_taken": 44.6426735218509
}