{
    "distance_to_goal": 8.857097967975513,
    "success": 0.13110539845758354,
    "spl": 0.1266866124602707,
    "ndtw": 0.4415089954370881,
    "path_length": 5.504467884432027,
    "oracle_success": 0.15424164524421594,
    "steps_taken": 34.92159383033419
}