{
    "distance_to_goal": 9.042458639719714,
    "success": 0.13213703099510604,
    "spl": 0.128359266422576,
    "ndtw": 0.42502332748825766,
    "path_length": 5.559099889019319,
    "oracle_success": 0.15171288743882544,
    "steps_taken": 37.302882001087546
}