{
    "distance_to_goal": 9.500152197429964,
    "success": 0.14192495921696574,
    "spl": 0.13127777698381649,
    "ndtw": 0.3971778969904795,
    "path_length": 6.782576314259305,
    "oracle_success": 0.18760195758564438,
    "steps_taken": 44.60793909733551
}