{
    "distance_to_goal": 1.6073127339283626,
    "success": 0.6666666666666666,
    "spl": 0.6493411220336773,
    "ndtw": 0.8841590457638406,
    "path_length": 10.244987805684408,
    "oracle_success": 0.6666666666666666,
    "steps_taken": 61.166666666666664
}