{
    "distance_to_goal": 5.42401344080766,
    "success": 0.3333333333333333,
    "spl": 0.3333333333333333,
    "ndtw": 0.6574370913102477,
    "path_length": 7.04735192656517,
    "oracle_success": 0.3333333333333333,
    "steps_taken": 91.5
}