{
    "distance_to_goal": 8.306757919528645,
    "success": 0.20179948586118251,
    "spl": 0.19315822291377938,
    "ndtw": 0.4637837729735649,
    "path_length": 7.820549057613503,
    "oracle_success": 0.2982005141388175,
    "steps_taken": 55.26992287917738
}