{
    "distance_to_goal": 8.452110928669573,
    "success": 0.2,
    "spl": 0.1865236702357799,
    "ndtw": 0.4761908280147963,
    "path_length": 8.161590935639106,
    "oracle_success": 0.3,
    "steps_taken": 51.6875
}