{
    "distance_to_goal": 8.920535656064748,
    "success": 0.2,
    "spl": 0.18524365480132052,
    "ndtw": 0.4756201587962158,
    "path_length": 7.732516917452449,
    "oracle_success": 0.2625,
    "steps_taken": 50.1375
}