{
    "distance_to_goal": 9.210507589392364,
    "success": 0.1125,
    "spl": 0.0992829494090907,
    "ndtw": 0.4349238820031121,
    "path_length": 8.648505889048101,
    "oracle_success": 0.275,
    "steps_taken": 53.125
}