{
    "distance_to_goal": 8.389514120884604,
    "success": 0.19665809768637532,
    "spl": 0.1866287671115072,
    "ndtw": 0.45266027938882375,
    "path_length": 7.328658649051041,
    "oracle_success": 0.2686375321336761,
    "steps_taken": 55.12853470437018
}