{
    "distance_to_goal": 8.745366532169282,
    "success": 0.2125,
    "spl": 0.20579213384991585,
    "ndtw": 0.4586440881014651,
    "path_length": 7.140423904964701,
    "oracle_success": 0.2875,
    "steps_taken": 49.3875
}