{
    "distance_to_goal": 8.17803019660604,
    "success": 0.21722365038560412,
    "spl": 0.20925132000146082,
    "ndtw": 0.47938274252210644,
    "path_length": 7.823657150513844,
    "oracle_success": 0.32005141388174807,
    "steps_taken": 53.61053984575835
}