{
    "distance_to_goal": 8.530265535786748,
    "success": 0.2,
    "spl": 0.19412017284205313,
    "ndtw": 0.4647946329476409,
    "path_length": 7.797771746013313,
    "oracle_success": 0.2625,
    "steps_taken": 51.5125
}