{
    "distance_to_goal": 9.036188442632556,
    "success": 0.1375,
    "spl": 0.13030462487904718,
    "ndtw": 0.4410563040790717,
    "path_length": 7.974861146100011,
    "oracle_success": 0.225,
    "steps_taken": 52.35
}