{
    "distance_to_goal": 9.203945515677333,
    "success": 0.175,
    "spl": 0.15967427871073955,
    "ndtw": 0.4466598935807222,
    "path_length": 8.322246545203962,
    "oracle_success": 0.275,
    "steps_taken": 54.775
}