{
    "distance_to_goal": 8.143622674680001,
    "success": 0.2467866323907455,
    "spl": 0.2361593061030475,
    "ndtw": 0.4822002004759894,
    "path_length": 7.491286245638629,
    "oracle_success": 0.32390745501285345,
    "steps_taken": 54.994858611825194
}