{
    "distance_to_goal": 8.18481869583801,
    "success": 0.20822622107969152,
    "spl": 0.19739767378726317,
    "ndtw": 0.4825938241392528,
    "path_length": 7.647479476208513,
    "oracle_success": 0.2969151670951157,
    "steps_taken": 53.95629820051414
}