{
    "distance_to_goal": 9.01599382691373,
    "success": 0.1528004350190321,
    "spl": 0.13987567122200734,
    "ndtw": 0.42080128114473303,
    "path_length": 6.755169791001457,
    "oracle_success": 0.1984774333877107,
    "steps_taken": 53.24034801522566
}