{
    "distance_to_goal": 9.706853804364801,
    "success": 0.125,
    "spl": 0.11682122257849696,
    "ndtw": 0.40367127179749024,
    "path_length": 8.344601406599395,
    "oracle_success": 0.25,
    "steps_taken": 61.675
}