{
    "distance_to_goal": 9.055797469988466,
    "success": 0.1875,
    "spl": 0.17415903100551025,
    "ndtw": 0.4631356545000417,
    "path_length": 7.619977720981784,
    "oracle_success": 0.2875,
    "steps_taken": 56.025
}