{
    "distance_to_goal": 9.068101516738533,
    "success": 0.1625,
    "spl": 0.14849616276190877,
    "ndtw": 0.44740380477338065,
    "path_length": 8.160004433440971,
    "oracle_success": 0.2375,
    "steps_taken": 56.8375
}