{
    "distance_to_goal": 9.176390703919466,
    "success": 0.14355628058727568,
    "spl": 0.13549449894591914,
    "ndtw": 0.40674850796968615,
    "path_length": 6.733106612010245,
    "oracle_success": 0.19086460032626426,
    "steps_taken": 52.50625339858619
}