{
    "distance_to_goal": 9.132608240284025,
    "success": 0.1875,
    "spl": 0.17388249655560784,
    "ndtw": 0.45224975036977194,
    "path_length": 7.890989869029727,
    "oracle_success": 0.2375,
    "steps_taken": 50.075
}