{
    "distance_to_goal": 8.431302499584854,
    "success": 0.225,
    "spl": 0.2184560561353321,
    "ndtw": 0.49372348590667603,
    "path_length": 7.298225857026409,
    "oracle_success": 0.2875,
    "steps_taken": 49.625
}