{
    "distance_to_goal": 8.468539720827327,
    "success": 0.21079691516709512,
    "spl": 0.199758088833936,
    "ndtw": 0.4643578594046269,
    "path_length": 7.387113374265897,
    "oracle_success": 0.3097686375321337,
    "steps_taken": 54.289203084832906
}