{
    "distance_to_goal": 9.761228340305388,
    "success": 0.1375,
    "spl": 0.13161562725625042,
    "ndtw": 0.4188703566215487,
    "path_length": 7.582619667799736,
    "oracle_success": 0.25,
    "steps_taken": 59.0375
}