{
    "distance_to_goal": 8.884713086009414,
    "success": 0.15171288743882544,
    "spl": 0.14476497185043546,
    "ndtw": 0.4229823546096606,
    "path_length": 6.626318084633978,
    "oracle_success": 0.20228384991843393,
    "steps_taken": 57.276237085372486
}