{
    "distance_to_goal": 9.494466660358011,
    "success": 0.1375,
    "spl": 0.1356820276628712,
    "ndtw": 0.43240711028278705,
    "path_length": 8.259210031921976,
    "oracle_success": 0.2125,
    "steps_taken": 55.7125
}