{
    "distance_to_goal": 8.07053818607315,
    "success": 0.2043701799485861,
    "spl": 0.19267327834719752,
    "ndtw": 0.48732612841710204,
    "path_length": 7.448096375645838,
    "oracle_success": 0.2776349614395887,
    "steps_taken": 49.02570694087404
}