{
    "distance_to_goal": 9.024290633946658,
    "success": 0.2125,
    "spl": 0.2027582796921374,
    "ndtw": 0.4593410813973116,
    "path_length": 7.6487093912321145,
    "oracle_success": 0.2875,
    "steps_taken": 51.95
}