{
    "distance_to_goal": 8.811774427773123,
    "success": 0.16150081566068517,
    "spl": 0.15198338230461322,
    "ndtw": 0.4286630643329343,
    "path_length": 6.609909575037342,
    "oracle_success": 0.21533442088091354,
    "steps_taken": 55.529635671560634
}