{
    "distance_to_goal": 9.051829231902957,
    "success": 0.1375,
    "spl": 0.12344558227307982,
    "ndtw": 0.43381997592675736,
    "path_length": 8.2689408302669,
    "oracle_success": 0.2625,
    "steps_taken": 58.775
}