{
    "distance_to_goal": 8.536044616108535,
    "success": 0.2069408740359897,
    "spl": 0.19864491714011936,
    "ndtw": 0.4678770165865355,
    "path_length": 7.49911586985045,
    "oracle_success": 0.2814910025706941,
    "steps_taken": 53.026992287917736
}