{
    "distance_to_goal": 9.031302709318698,
    "success": 0.1875,
    "spl": 0.17200528146518104,
    "ndtw": 0.45390519930501555,
    "path_length": 7.913022036215989,
    "oracle_success": 0.325,
    "steps_taken": 55.8625
}