{
    "distance_to_goal": 9.132869528979063,
    "success": 0.2125,
    "spl": 0.20407226208111084,
    "ndtw": 0.43321235142307923,
    "path_length": 7.561254819229362,
    "oracle_success": 0.275,
    "steps_taken": 54.5625
}