{
    "distance_to_goal": 9.272772319428622,
    "success": 0.1375,
    "spl": 0.1341100047779584,
    "ndtw": 0.4206974092445657,
    "path_length": 7.368930488622572,
    "oracle_success": 0.1875,
    "steps_taken": 50.2625
}