{
    "distance_to_goal": 8.610306378267705,
    "success": 0.1875,
    "spl": 0.18079982081311782,
    "ndtw": 0.474317319278717,
    "path_length": 7.148879747919272,
    "oracle_success": 0.275,
    "steps_taken": 66.4125
}