{
    "distance_to_goal": 7.373764545395779,
    "success": 0.2467866323907455,
    "spl": 0.23144894678059594,
    "ndtw": 0.5235713862182008,
    "path_length": 7.122503973229871,
    "oracle_success": 0.3161953727506427,
    "steps_taken": 49.602827763496144
}
