{
    "distance_to_goal": 8.458976580086304,
    "success": 0.22185970636215335,
    "spl": 0.20102034437422515,
    "ndtw": 0.46111120276277734,
    "path_length": 6.799593220186468,
    "oracle_success": 0.2626427406199021,
    "steps_taken": 49.23219140837411
}
