{
    "distance_to_goal": 8.451430337689818,
    "success": 0.1875,
    "spl": 0.17352167969495164,
    "ndtw": 0.46696144282803614,
    "path_length": 7.425937070208602,
    "oracle_success": 0.2625,
    "steps_taken": 71.2125
}