{
    "distance_to_goal": 7.428061784194797,
    "success": 0.2442159383033419,
    "spl": 0.22963886736576522,
    "ndtw": 0.520486814186248,
    "path_length": 7.370012452978134,
    "oracle_success": 0.32904884318766064,
    "steps_taken": 52.123393316195376
}
