{
    "distance_to_goal": 7.652664861194119,
    "success": 0.2390745501285347,
    "spl": 0.22498160621748492,
    "ndtw": 0.5112449326244963,
    "path_length": 7.190362818649065,
    "oracle_success": 0.33161953727506427,
    "steps_taken": 51.09125964010283
}
