{
    "distance_to_goal": 7.5756256981420025,
    "success": 0.2467866323907455,
    "spl": 0.2322374265445311,
    "ndtw": 0.5128017971687637,
    "path_length": 7.523905953019461,
    "oracle_success": 0.33547557840616965,
    "steps_taken": 50.96143958868895
}