{
    "distance_to_goal": 7.60997876408091,
    "success": 0.24293059125964012,
    "spl": 0.22312704597413843,
    "ndtw": 0.5082703514973761,
    "path_length": 7.269996205639435,
    "oracle_success": 0.32390745501285345,
    "steps_taken": 63.922879177377894
}
