{
    "distance_to_goal": 7.754927708156847,
    "success": 0.23136246786632392,
    "spl": 0.2179831525263205,
    "ndtw": 0.5044197954334081,
    "path_length": 7.457590014300877,
    "oracle_success": 0.32005141388174807,
    "steps_taken": 53.1426735218509
}
