{
    "distance_to_goal": 8.246091238223016,
    "success": 0.1875,
    "spl": 0.16659651649461943,
    "ndtw": 0.47949796489061336,
    "path_length": 7.763552340475144,
    "oracle_success": 0.25,
    "steps_taken": 64.9375
}