{
    "distance_to_goal": 7.717249565267012,
    "success": 0.2506426735218509,
    "spl": 0.2335002554990979,
    "ndtw": 0.5137009145270006,
    "path_length": 7.589190291291943,
    "oracle_success": 0.3161953727506427,
    "steps_taken": 50.46015424164524
}
