{
    "distance_to_goal": 8.388885899446905,
    "success": 0.2125,
    "spl": 0.1958817144920678,
    "ndtw": 0.4685491342853056,
    "path_length": 7.330754543855049,
    "oracle_success": 0.2875,
    "steps_taken": 52.525
}