{
    "distance_to_goal": 8.036122799217457,
    "success": 0.2137030995106036,
    "spl": 0.20569666635958703,
    "ndtw": 0.4774550964568608,
    "path_length": 6.33468337034734,
    "oracle_success": 0.24306688417618272,
    "steps_taken": 48.66068515497553
}