{
    "distance_to_goal": 7.725237481854856,
    "success": 0.225,
    "spl": 0.20687902085314933,
    "ndtw": 0.5169960630410162,
    "path_length": 7.048622810142115,
    "oracle_success": 0.2875,
    "steps_taken": 49.3125
}