{
    "distance_to_goal": 8.734838702343405,
    "success": 0.1875,
    "spl": 0.18077081339748374,
    "ndtw": 0.46671148040729404,
    "path_length": 6.998624140034281,
    "oracle_success": 0.225,
    "steps_taken": 53.0625
}