{
    "distance_to_goal": 8.576010708732083,
    "success": 0.20717781402936378,
    "spl": 0.19678782133989328,
    "ndtw": 0.4552643639066061,
    "path_length": 6.812102516472335,
    "oracle_success": 0.25122349102773245,
    "steps_taken": 51.9347471451876
}
