{
    "distance_to_goal": 8.512949947826565,
    "success": 0.225,
    "spl": 0.2090567917271513,
    "ndtw": 0.46968877580417817,
    "path_length": 7.479223745316267,
    "oracle_success": 0.2875,
    "steps_taken": 50.4125
}