{
    "distance_to_goal": 7.742804317771048,
    "success": 0.2467866323907455,
    "spl": 0.23085358591317198,
    "ndtw": 0.5050612830992702,
    "path_length": 7.897991396198018,
    "oracle_success": 0.34318766066838047,
    "steps_taken": 52.67737789203085
}
