{
    "distance_to_goal": 8.796799033880234,
    "success": 0.1375,
    "spl": 0.1210512228369165,
    "ndtw": 0.4567283597432021,
    "path_length": 7.322284431196749,
    "oracle_success": 0.2125,
    "steps_taken": 51.4125
}
