{
    "distance_to_goal": 8.748268848657608,
    "success": 0.125,
    "spl": 0.10988047997462787,
    "ndtw": 0.46593113861977686,
    "path_length": 6.668500280729495,
    "oracle_success": 0.2,
    "steps_taken": 47.3125
}