{
    "distance_to_goal": 8.453114434890448,
    "success": 0.15,
    "spl": 0.13946974748808869,
    "ndtw": 0.46389039944968424,
    "path_length": 6.7618307418539185,
    "oracle_success": 0.1875,
    "steps_taken": 46.4625
}
