{
    "distance_to_goal": 9.128705347143114,
    "success": 0.175,
    "spl": 0.16111077011419833,
    "ndtw": 0.41382033802514506,
    "path_length": 7.382482161396183,
    "oracle_success": 0.25,
    "steps_taken": 53.9875
}