{
    "distance_to_goal": 8.440984162041646,
    "success": 0.18923327895595432,
    "spl": 0.1823100556646953,
    "ndtw": 0.45464896438672686,
    "path_length": 6.5546059956092515,
    "oracle_success": 0.22512234910277323,
    "steps_taken": 50.07177814029364
}
