{
    "distance_to_goal": 8.534794569574297,
    "success": 0.2125,
    "spl": 0.19115793317934332,
    "ndtw": 0.47691812611222284,
    "path_length": 7.328762428462506,
    "oracle_success": 0.275,
    "steps_taken": 50.475
}
