{
    "distance_to_goal": 8.368474525469356,
    "success": 0.225,
    "spl": 0.20962327668267872,
    "ndtw": 0.4698653960509397,
    "path_length": 6.975676347059197,
    "oracle_success": 0.275,
    "steps_taken": 52.975
}