{
    "distance_to_goal": 8.313930819742382,
    "success": 0.2625,
    "spl": 0.24297748406254133,
    "ndtw": 0.49001261309724853,
    "path_length": 8.272480279917364,
    "oracle_success": 0.375,
    "steps_taken": 54.5375
}