{
    "distance_to_goal": 8.418344335630536,
    "success": 0.2375,
    "spl": 0.22238123564339068,
    "ndtw": 0.4809297536159189,
    "path_length": 7.007838955739862,
    "oracle_success": 0.275,
    "steps_taken": 50.35
}