{
    "distance_to_goal": 8.376296733319759,
    "success": 0.225,
    "spl": 0.2001966812660243,
    "ndtw": 0.4866241705453341,
    "path_length": 7.999535568594001,
    "oracle_success": 0.375,
    "steps_taken": 53.4875
}