{
    "distance_to_goal": 8.556974823027849,
    "success": 0.2375,
    "spl": 0.2135050148616579,
    "ndtw": 0.49598788865005367,
    "path_length": 7.451045077026356,
    "oracle_success": 0.3125,
    "steps_taken": 51.3125
}