{
    "distance_to_goal": 8.72939641121775,
    "success": 0.25,
    "spl": 0.22519890795693942,
    "ndtw": 0.46765363499467505,
    "path_length": 8.108847901481203,
    "oracle_success": 0.3125,
    "steps_taken": 53.3625
}