{
    "distance_to_goal": 7.860239871918849,
    "success": 0.2480719794344473,
    "spl": 0.22842485489864878,
    "ndtw": 0.5047434262597849,
    "path_length": 7.8301269780291305,
    "oracle_success": 0.34318766066838047,
    "steps_taken": 54.469151670951156
}