{
    "distance_to_goal": 8.46918976008892,
    "success": 0.225,
    "spl": 0.20367686752749886,
    "ndtw": 0.47158192136165084,
    "path_length": 7.7706362013705075,
    "oracle_success": 0.2375,
    "steps_taken": 55.2
}