{
    "distance_to_goal": 8.323689641058445,
    "success": 0.1875,
    "spl": 0.17456656003935675,
    "ndtw": 0.4838959655446156,
    "path_length": 7.916597548937162,
    "oracle_success": 0.325,
    "steps_taken": 54.325
}