{
    "distance_to_goal": 8.263482915982603,
    "success": 0.2875,
    "spl": 0.2572450393025351,
    "ndtw": 0.4947674039570809,
    "path_length": 8.1139700641972,
    "oracle_success": 0.3375,
    "steps_taken": 56.2375
}