{
    "distance_to_goal": 7.701078112809356,
    "success": 0.2544987146529563,
    "spl": 0.23427057877078986,
    "ndtw": 0.5151014463479988,
    "path_length": 7.813411283716656,
    "oracle_success": 0.34190231362467866,
    "steps_taken": 54.160668380462724
}