{
    "distance_to_goal": 7.676221676142096,
    "success": 0.2467866323907455,
    "spl": 0.22640736993917687,
    "ndtw": 0.5169044425022364,
    "path_length": 7.931872371960815,
    "oracle_success": 0.34061696658097684,
    "steps_taken": 56.09383033419023
}