{
    "distance_to_goal": 8.332280600443482,
    "success": 0.25,
    "spl": 0.2250110474205936,
    "ndtw": 0.4750148725662641,
    "path_length": 8.367018365848343,
    "oracle_success": 0.3375,
    "steps_taken": 54.5375
}