{
    "distance_to_goal": 8.891020505953946,
    "success": 0.16748232735182164,
    "spl": 0.15513774406997263,
    "ndtw": 0.4316629524680431,
    "path_length": 6.788422664981253,
    "oracle_success": 0.20935290918977706,
    "steps_taken": 49.7221315932572
}