{
    "distance_to_goal": 8.258821481838822,
    "success": 0.1875,
    "spl": 0.16836367289334808,
    "ndtw": 0.4825043672669448,
    "path_length": 8.151956099038944,
    "oracle_success": 0.3375,
    "steps_taken": 54.9375
}