{
    "distance_to_goal": 8.708163526654243,
    "success": 0.2125,
    "spl": 0.19130648361474642,
    "ndtw": 0.4639804809124598,
    "path_length": 8.115182302054018,
    "oracle_success": 0.2875,
    "steps_taken": 56.0625
}