{
    "distance_to_goal": 8.452018236555158,
    "success": 0.2625,
    "spl": 0.23222086815290605,
    "ndtw": 0.4821168061314222,
    "path_length": 7.661239462334197,
    "oracle_success": 0.3,
    "steps_taken": 52.625
}