{
    "distance_to_goal": 8.607622063159942,
    "success": 0.2125,
    "spl": 0.19160847964435304,
    "ndtw": 0.4676133744458267,
    "path_length": 8.20347005292424,
    "oracle_success": 0.325,
    "steps_taken": 53.2125
}