{
    "distance_to_goal": 8.42101835925132,
    "success": 0.2125,
    "spl": 0.20323727281527404,
    "ndtw": 0.48837460742686656,
    "path_length": 7.510643472505035,
    "oracle_success": 0.3125,
    "steps_taken": 50.85
}