{
    "distance_to_goal": 7.966257192242344,
    "success": 0.2467866323907455,
    "spl": 0.22492133723244764,
    "ndtw": 0.5010147694082642,
    "path_length": 7.712227806768143,
    "oracle_success": 0.34704370179948585,
    "steps_taken": 53.969151670951156
}