{
    "distance_to_goal": 8.950967043824495,
    "success": 0.225,
    "spl": 0.21471126449110187,
    "ndtw": 0.4616527473994568,
    "path_length": 7.86037864900427,
    "oracle_success": 0.2625,
    "steps_taken": 51.6125
}