{
    "distance_to_goal": 10.004096514172852,
    "success": 0.125,
    "spl": 0.1176147828637643,
    "ndtw": 0.3864093056012133,
    "path_length": 8.435855602729134,
    "oracle_success": 0.225,
    "steps_taken": 65.4875
}