{
    "distance_to_goal": 8.932641266472638,
    "success": 0.225,
    "spl": 0.2065281441864016,
    "ndtw": 0.46368727563027246,
    "path_length": 7.740269222331699,
    "oracle_success": 0.2875,
    "steps_taken": 50.7125
}