{
    "distance_to_goal": 8.578905163519085,
    "success": 0.2125,
    "spl": 0.19289185710043677,
    "ndtw": 0.47060543342003847,
    "path_length": 8.165477100678254,
    "oracle_success": 0.3,
    "steps_taken": 53.6625
}