{
    "distance_to_goal": 9.00749697957984,
    "success": 0.1566068515497553,
    "spl": 0.14395749655807316,
    "ndtw": 0.4222517798407346,
    "path_length": 7.065211044205704,
    "oracle_success": 0.21914083741163676,
    "steps_taken": 54.9673735725938
}