{
    "distance_to_goal": 9.762155182659626,
    "success": 0.125,
    "spl": 0.11823935036692919,
    "ndtw": 0.38346097689511854,
    "path_length": 7.738757301890291,
    "oracle_success": 0.2125,
    "steps_taken": 56.7125
}