{
    "distance_to_goal": 8.162250787392258,
    "success": 0.25,
    "spl": 0.22907629362444681,
    "ndtw": 0.5039354709248862,
    "path_length": 7.771003414085586,
    "oracle_success": 0.2875,
    "steps_taken": 52.1125
}