{
    "distance_to_goal": 7.641075086451894,
    "success": 0.2712082262210797,
    "spl": 0.2532291921658441,
    "ndtw": 0.5214558605681081,
    "path_length": 7.53185878066253,
    "oracle_success": 0.35218508997429304,
    "steps_taken": 49.875321336760926
}