{
    "distance_to_goal": 7.8617955816282405,
    "success": 0.23136246786632392,
    "spl": 0.2167103687539361,
    "ndtw": 0.5000188511522841,
    "path_length": 7.993932490877351,
    "oracle_success": 0.3560411311053985,
    "steps_taken": 54.13367609254499
}