{
    "distance_to_goal": 8.74587610870367,
    "success": 0.2,
    "spl": 0.18486953710001947,
    "ndtw": 0.47141879264707115,
    "path_length": 7.64242888597073,
    "oracle_success": 0.2875,
    "steps_taken": 50.8125
}