{
    "distance_to_goal": 8.013350602798164,
    "success": 0.25,
    "spl": 0.22793168971120195,
    "ndtw": 0.49948301890489255,
    "path_length": 7.314497752464376,
    "oracle_success": 0.3125,
    "steps_taken": 50.7125
}