{
    "distance_to_goal": 8.384931952506303,
    "success": 0.225,
    "spl": 0.20379938056720137,
    "ndtw": 0.4818455415059386,
    "path_length": 8.168205156398471,
    "oracle_success": 0.325,
    "steps_taken": 56.925
}