{
    "distance_to_goal": 8.418137482553721,
    "success": 0.225,
    "spl": 0.20986956405005186,
    "ndtw": 0.4867042319481817,
    "path_length": 6.826503817195771,
    "oracle_success": 0.2625,
    "steps_taken": 47.55
}