{
    "distance_to_goal": 8.361033581197262,
    "success": 0.2125,
    "spl": 0.1938410183979516,
    "ndtw": 0.47908960913024246,
    "path_length": 7.862917587463744,
    "oracle_success": 0.2875,
    "steps_taken": 55.15
}