{
    "distance_to_goal": 7.778653462865129,
    "success": 0.2480719794344473,
    "spl": 0.22926313933831982,
    "ndtw": 0.5081365027616039,
    "path_length": 7.788168126143882,
    "oracle_success": 0.3341902313624679,
    "steps_taken": 52.09640102827763
}