{
    "distance_to_goal": 8.80062902905047,
    "success": 0.1875,
    "spl": 0.17182331810463572,
    "ndtw": 0.4447544843891923,
    "path_length": 7.781459971237927,
    "oracle_success": 0.2625,
    "steps_taken": 54.675
}