{
    "distance_to_goal": 7.978158976137638,
    "success": 0.225,
    "spl": 0.20196936620681707,
    "ndtw": 0.4876497610230953,
    "path_length": 7.889809800742659,
    "oracle_success": 0.2875,
    "steps_taken": 55.3875
}