{
    "distance_to_goal": 8.54582874905318,
    "success": 0.2,
    "spl": 0.18081520440392612,
    "ndtw": 0.46517638020925506,
    "path_length": 7.873244502325543,
    "oracle_success": 0.2625,
    "steps_taken": 57.8
}