{
    "distance_to_goal": 8.350509211048484,
    "success": 0.2125,
    "spl": 0.20059111893277684,
    "ndtw": 0.4738533150859661,
    "path_length": 7.99579245110508,
    "oracle_success": 0.3125,
    "steps_taken": 54.0875
}