{
    "distance_to_goal": 8.560560964979231,
    "success": 0.2,
    "spl": 0.18525205708029507,
    "ndtw": 0.4675313201514065,
    "path_length": 7.841769179841504,
    "oracle_success": 0.2875,
    "steps_taken": 54.1625
}