{
    "distance_to_goal": 8.463819321990012,
    "success": 0.25,
    "spl": 0.22142154316728502,
    "ndtw": 0.47752108576731683,
    "path_length": 8.395499610924162,
    "oracle_success": 0.3375,
    "steps_taken": 57.9875
}