{
    "distance_to_goal": 8.906019307486712,
    "success": 0.2375,
    "spl": 0.21290005234673176,
    "ndtw": 0.4629878062159368,
    "path_length": 8.199589848401956,
    "oracle_success": 0.325,
    "steps_taken": 58.0375
}