{
    "distance_to_goal": 8.838241398707032,
    "success": 0.2125,
    "spl": 0.20134542564547103,
    "ndtw": 0.4552674818735854,
    "path_length": 8.242987843020819,
    "oracle_success": 0.325,
    "steps_taken": 51.9625
}