{
    "distance_to_goal": 8.104617800191045,
    "success": 0.2375,
    "spl": 0.22287303217634538,
    "ndtw": 0.4838877586004207,
    "path_length": 7.00209151818417,
    "oracle_success": 0.275,
    "steps_taken": 50.4375
}