{
    "distance_to_goal": 8.392763154534624,
    "success": 0.2625,
    "spl": 0.23228861515715984,
    "ndtw": 0.480555422212681,
    "path_length": 7.993845125485677,
    "oracle_success": 0.3375,
    "steps_taken": 52.8875
}