{
    "distance_to_goal": 8.233020337484778,
    "success": 0.2125,
    "spl": 0.19778143456763847,
    "ndtw": 0.488885376531025,
    "path_length": 8.089677084312154,
    "oracle_success": 0.2875,
    "steps_taken": 57.15
}