{
    "distance_to_goal": 8.569067467749118,
    "success": 0.2375,
    "spl": 0.2057959749785363,
    "ndtw": 0.4726423020506079,
    "path_length": 8.041785578027213,
    "oracle_success": 0.2875,
    "steps_taken": 54.7125
}