{
    "distance_to_goal": 8.337102733179927,
    "success": 0.225,
    "spl": 0.20526931754150848,
    "ndtw": 0.49061720402101405,
    "path_length": 7.180835474503692,
    "oracle_success": 0.275,
    "steps_taken": 49.5125
}