{
    "distance_to_goal": 8.89172791838646,
    "success": 0.2125,
    "spl": 0.19073092992746313,
    "ndtw": 0.46092917812971324,
    "path_length": 8.27665846006712,
    "oracle_success": 0.275,
    "steps_taken": 53.4625
}