{
    "distance_to_goal": 8.608684353530407,
    "success": 0.25,
    "spl": 0.21774731150381138,
    "ndtw": 0.4803475757331298,
    "path_length": 7.8213738791062495,
    "oracle_success": 0.3625,
    "steps_taken": 53.65
}