{
    "distance_to_goal": 7.906113990532249,
    "success": 0.2390745501285347,
    "spl": 0.2173661721325994,
    "ndtw": 0.4977276589976923,
    "path_length": 8.278340019203526,
    "oracle_success": 0.3508997429305913,
    "steps_taken": 54.24035989717223
}