{
    "distance_to_goal": 8.683865739405155,
    "success": 0.175,
    "spl": 0.15608186978258837,
    "ndtw": 0.46759811236085014,
    "path_length": 8.415276387974155,
    "oracle_success": 0.275,
    "steps_taken": 53.0125
}