{
    "distance_to_goal": 9.128926452994346,
    "success": 0.2125,
    "spl": 0.20310374768602743,
    "ndtw": 0.4544840304311849,
    "path_length": 6.951348969298803,
    "oracle_success": 0.3125,
    "steps_taken": 48.1125
}