{
    "distance_to_goal": 8.443949673324823,
    "success": 0.1875,
    "spl": 0.16368376306258658,
    "ndtw": 0.471718399200431,
    "path_length": 8.060885184642393,
    "oracle_success": 0.275,
    "steps_taken": 55.925
}