{
    "distance_to_goal": 8.165598521195353,
    "success": 0.3,
    "spl": 0.27646704969899083,
    "ndtw": 0.4966113478320765,
    "path_length": 8.086564188671764,
    "oracle_success": 0.3875,
    "steps_taken": 55.1875
}