{
    "distance_to_goal": 8.901680785417557,
    "success": 0.1625,
    "spl": 0.14706703319872103,
    "ndtw": 0.4444072447734276,
    "path_length": 7.230603764147963,
    "oracle_success": 0.2375,
    "steps_taken": 51.8625
}