{
    "distance_to_goal": 8.978365570493043,
    "success": 0.2,
    "spl": 0.18798735720912052,
    "ndtw": 0.44320092147492235,
    "path_length": 8.196318888238805,
    "oracle_success": 0.3375,
    "steps_taken": 57.1625
}