{
    "distance_to_goal": 8.033828374743461,
    "success": 0.2375,
    "spl": 0.2211108941126665,
    "ndtw": 0.4976287875389581,
    "path_length": 8.103296840609982,
    "oracle_success": 0.3625,
    "steps_taken": 53.55
}