{
    "distance_to_goal": 8.583603463321925,
    "success": 0.2125,
    "spl": 0.18477163533702662,
    "ndtw": 0.47755187919991754,
    "path_length": 8.28253127419157,
    "oracle_success": 0.3125,
    "steps_taken": 56.1125
}