{
    "distance_to_goal": 8.438206563144922,
    "success": 0.225,
    "spl": 0.19562047692251305,
    "ndtw": 0.46794664982393225,
    "path_length": 7.759600917802096,
    "oracle_success": 0.2875,
    "steps_taken": 53.575
}