{
    "distance_to_goal": 8.272066008858383,
    "success": 0.225,
    "spl": 0.20401679424700267,
    "ndtw": 0.472609217423519,
    "path_length": 8.43344239020953,
    "oracle_success": 0.3125,
    "steps_taken": 56.8375
}