{
    "distance_to_goal": 8.450328262522817,
    "success": 0.2875,
    "spl": 0.25504673021990953,
    "ndtw": 0.48308841262257485,
    "path_length": 8.503579717606772,
    "oracle_success": 0.3625,
    "steps_taken": 54.6875
}