{
    "distance_to_goal": 8.756627416796983,
    "success": 0.2,
    "spl": 0.17886909589411482,
    "ndtw": 0.4579301802677699,
    "path_length": 8.417275413800962,
    "oracle_success": 0.2875,
    "steps_taken": 55.4625
}