{
    "distance_to_goal": 8.71167727522552,
    "success": 0.2125,
    "spl": 0.19699672487593498,
    "ndtw": 0.4673314461320218,
    "path_length": 7.761113055645353,
    "oracle_success": 0.25,
    "steps_taken": 52.7875
}