{
    "distance_to_goal": 8.677177188545466,
    "success": 0.2375,
    "spl": 0.21970453224968542,
    "ndtw": 0.480010680360848,
    "path_length": 7.9052550615509976,
    "oracle_success": 0.3,
    "steps_taken": 53.2625
}