{
    "distance_to_goal": 8.919882340729236,
    "success": 0.1875,
    "spl": 0.16774231176115872,
    "ndtw": 0.4519164299366675,
    "path_length": 7.745472733676434,
    "oracle_success": 0.275,
    "steps_taken": 49.325
}