{
    "distance_to_goal": 9.100366006027492,
    "success": 0.14192495921696574,
    "spl": 0.1305237413618575,
    "ndtw": 0.42149757398616267,
    "path_length": 7.057426332284694,
    "oracle_success": 0.19738988580750408,
    "steps_taken": 54.63675910821098
}