{
    "distance_to_goal": 8.558573016524315,
    "success": 0.25,
    "spl": 0.22637631232470348,
    "ndtw": 0.48673964744595677,
    "path_length": 7.3425918209948575,
    "oracle_success": 0.3125,
    "steps_taken": 50.225
}