{
    "distance_to_goal": 8.647355011105537,
    "success": 0.2625,
    "spl": 0.24263110410352673,
    "ndtw": 0.48138885582414376,
    "path_length": 7.5040167137980465,
    "oracle_success": 0.325,
    "steps_taken": 47.7625
}