{
    "distance_to_goal": 8.16012071892619,
    "success": 0.3,
    "spl": 0.2730457914749188,
    "ndtw": 0.49849797541755453,
    "path_length": 7.712703407148365,
    "oracle_success": 0.375,
    "steps_taken": 54.075
}