{
    "distance_to_goal": 8.718459045141936,
    "success": 0.1875,
    "spl": 0.17454779541189222,
    "ndtw": 0.45718890661046363,
    "path_length": 7.547304081602488,
    "oracle_success": 0.2625,
    "steps_taken": 53.3
}