{
    "distance_to_goal": 8.227893380448222,
    "success": 0.225,
    "spl": 0.20414684954127874,
    "ndtw": 0.48677245287666365,
    "path_length": 8.269687572377734,
    "oracle_success": 0.3375,
    "steps_taken": 52.275
}