{
    "distance_to_goal": 9.29940647522495,
    "success": 0.14246873300706905,
    "spl": 0.13048517580880928,
    "ndtw": 0.4097776559308463,
    "path_length": 6.906369178164823,
    "oracle_success": 0.19902120717781402,
    "steps_taken": 52.22185970636215
}