{
    "distance_to_goal": 8.048548655211926,
    "success": 0.2625,
    "spl": 0.23621799739067714,
    "ndtw": 0.49027167701928215,
    "path_length": 8.070664402422665,
    "oracle_success": 0.35,
    "steps_taken": 56.8875
}