{
    "distance_to_goal": 8.314573889225722,
    "success": 0.1875,
    "spl": 0.1663745421024741,
    "ndtw": 0.47756919724883434,
    "path_length": 7.828466136130912,
    "oracle_success": 0.2625,
    "steps_taken": 56.5375
}