{
    "distance_to_goal": 8.893314841203392,
    "success": 0.2,
    "spl": 0.18798725085128903,
    "ndtw": 0.4661624289859486,
    "path_length": 7.693797433725559,
    "oracle_success": 0.3125,
    "steps_taken": 53.3125
}