{
    "distance_to_goal": 8.663781652599573,
    "success": 0.1875,
    "spl": 0.17454298585305814,
    "ndtw": 0.46120280136279834,
    "path_length": 7.820976267114747,
    "oracle_success": 0.275,
    "steps_taken": 50.8375
}