{
    "distance_to_goal": 8.128841726481914,
    "success": 0.25,
    "spl": 0.2235613091270622,
    "ndtw": 0.4913329884852691,
    "path_length": 8.03866601404734,
    "oracle_success": 0.3125,
    "steps_taken": 53.1375
}