{
    "distance_to_goal": 8.108667701110244,
    "success": 0.275,
    "spl": 0.24910449370481746,
    "ndtw": 0.49657644475220986,
    "path_length": 8.092987315065693,
    "oracle_success": 0.3625,
    "steps_taken": 54.7625
}