{
    "distance_to_goal": 8.575670907273889,
    "success": 0.2375,
    "spl": 0.21959325119690315,
    "ndtw": 0.47505173919210586,
    "path_length": 8.198238927556668,
    "oracle_success": 0.2875,
    "steps_taken": 56.8375
}