{
    "distance_to_goal": 8.825183526799083,
    "success": 0.225,
    "spl": 0.21104142660966757,
    "ndtw": 0.4551597232344708,
    "path_length": 7.498234497953672,
    "oracle_success": 0.275,
    "steps_taken": 52.225
}