{
    "distance_to_goal": 10.657887964695693,
    "success": 0.15,
    "spl": 0.13724143694732976,
    "ndtw": 0.35128531576658695,
    "path_length": 9.365824902220629,
    "oracle_success": 0.2625,
    "steps_taken": 70.325
}