{
    "distance_to_goal": 8.50632210964562,
    "success": 0.22879177377892032,
    "spl": 0.21187788886993336,
    "ndtw": 0.46098411748884643,
    "path_length": 8.004842365244643,
    "oracle_success": 0.31748071979434445,
    "steps_taken": 62.87017994858612
}