{
    "distance_to_goal": 9.249880138114134,
    "success": 0.15171288743882544,
    "spl": 0.1373857346902189,
    "ndtw": 0.40447944261659846,
    "path_length": 7.741540813180239,
    "oracle_success": 0.24796084828711257,
    "steps_taken": 64.87493202827623
}