{
    "distance_to_goal": 8.292007311489098,
    "success": 0.2365038560411311,
    "spl": 0.22039841610564753,
    "ndtw": 0.4636225022499293,
    "path_length": 8.032970297247184,
    "oracle_success": 0.3329048843187661,
    "steps_taken": 60.354755784061695
}