{
    "distance_to_goal": 8.789718714356422,
    "success": 0.25,
    "spl": 0.2239295978635846,
    "ndtw": 0.44779426266321015,
    "path_length": 8.627584498247597,
    "oracle_success": 0.3375,
    "steps_taken": 74.575
}