{
    "distance_to_goal": 9.472387996144175,
    "success": 0.13866231647634583,
    "spl": 0.12237672813466932,
    "ndtw": 0.38941847308433636,
    "path_length": 8.497393897909358,
    "oracle_success": 0.23817292006525284,
    "steps_taken": 70.56389342033714
}