{
    "distance_to_goal": 9.716611974686383,
    "success": 0.2125,
    "spl": 0.19621146710096687,
    "ndtw": 0.4148754555308397,
    "path_length": 7.805851202983467,
    "oracle_success": 0.2625,
    "steps_taken": 68.4625
}