{
    "distance_to_goal": 9.272658906131984,
    "success": 0.2125,
    "spl": 0.19170586283060642,
    "ndtw": 0.41857072668515594,
    "path_length": 8.258419028718079,
    "oracle_success": 0.325,
    "steps_taken": 64.2
}