{
    "distance_to_goal": 8.598858074311426,
    "success": 0.2133676092544987,
    "spl": 0.1967208822512771,
    "ndtw": 0.4530588726530163,
    "path_length": 8.996972800618757,
    "oracle_success": 0.3676092544987147,
    "steps_taken": 73.1478149100257
}