{
    "distance_to_goal": 8.166441590417474,
    "success": 0.25578406169665807,
    "spl": 0.24027354346564722,
    "ndtw": 0.4865701647955874,
    "path_length": 8.211986201145004,
    "oracle_success": 0.33676092544987146,
    "steps_taken": 60.26606683804627
}