{
    "distance_to_goal": 8.487043786439614,
    "success": 0.2455012853470437,
    "spl": 0.2294188065070618,
    "ndtw": 0.46929784478593173,
    "path_length": 8.397633294615517,
    "oracle_success": 0.34061696658097684,
    "steps_taken": 61.437017994858614
}