{
    "distance_to_goal": 8.946300009943144,
    "success": 0.16639477977161501,
    "spl": 0.15472003579859017,
    "ndtw": 0.4239856927943513,
    "path_length": 7.484576593620592,
    "oracle_success": 0.26101141924959215,
    "steps_taken": 62.591082109842304
}