{
    "distance_to_goal": 8.556463054086832,
    "success": 0.2275064267352185,
    "spl": 0.21057300187793157,
    "ndtw": 0.46955288611139545,
    "path_length": 8.37413588343615,
    "oracle_success": 0.3444730077120823,
    "steps_taken": 59.96786632390746
}