{
    "distance_to_goal": 8.325268623799776,
    "success": 0.2210796915167095,
    "spl": 0.2087439943631004,
    "ndtw": 0.47806731461270513,
    "path_length": 7.980716070134247,
    "oracle_success": 0.31362467866323906,
    "steps_taken": 60.54370179948586
}