{
    "distance_to_goal": 9.286356912367046,
    "success": 0.225,
    "spl": 0.21055146817514436,
    "ndtw": 0.4342083613347375,
    "path_length": 8.277520139433909,
    "oracle_success": 0.3125,
    "steps_taken": 61.875
}