{
    "distance_to_goal": 8.434638403356075,
    "success": 0.225,
    "spl": 0.2143165745949048,
    "ndtw": 0.4834906414198092,
    "path_length": 7.712829207381583,
    "oracle_success": 0.2875,
    "steps_taken": 65.05
}