{
    "distance_to_goal": 9.041391079127788,
    "success": 0.225,
    "spl": 0.19316572246220523,
    "ndtw": 0.45397955935888124,
    "path_length": 8.492724743819151,
    "oracle_success": 0.2875,
    "steps_taken": 66.3125
}