{
    "distance_to_goal": 8.633946582713287,
    "success": 0.2390745501285347,
    "spl": 0.21799781376961597,
    "ndtw": 0.4484474293662976,
    "path_length": 8.807823610190452,
    "oracle_success": 0.35989717223650386,
    "steps_taken": 67.67223650385604
}