{
    "distance_to_goal": 8.815428520180285,
    "success": 0.1875,
    "spl": 0.16937322422345352,
    "ndtw": 0.43049319424671467,
    "path_length": 9.2077272032795,
    "oracle_success": 0.3375,
    "steps_taken": 72.5875
}