{
    "distance_to_goal": 10.294327347563167,
    "success": 0.13376835236541598,
    "spl": 0.11795076958430906,
    "ndtw": 0.3600997945061082,
    "path_length": 8.745836214552584,
    "oracle_success": 0.2262098966829799,
    "steps_taken": 71.17890157694399
}