{
    "distance_to_goal": 9.968229636509434,
    "success": 0.1250679717237629,
    "spl": 0.1124546123116277,
    "ndtw": 0.37919574440613296,
    "path_length": 7.753821774311153,
    "oracle_success": 0.19738988580750408,
    "steps_taken": 68.71343121261555
}