{
    "distance_to_goal": 9.846996431484568,
    "success": 0.1250679717237629,
    "spl": 0.11598209818682433,
    "ndtw": 0.39051817215480283,
    "path_length": 7.355637678204404,
    "oracle_success": 0.18270799347471453,
    "steps_taken": 59.33115823817292
}