{
    "distance_to_goal": 10.05034288596362,
    "success": 0.175,
    "spl": 0.1534570638706258,
    "ndtw": 0.40949278870534495,
    "path_length": 8.925364982458815,
    "oracle_success": 0.3375,
    "steps_taken": 64.0375
}