{
    "distance_to_goal": 8.87863432877436,
    "success": 0.2095115681233933,
    "spl": 0.197517526561842,
    "ndtw": 0.4496998090242828,
    "path_length": 8.899431937900447,
    "oracle_success": 0.33547557840616965,
    "steps_taken": 63.30848329048843
}