{
    "distance_to_goal": 8.695617134455391,
    "success": 0.17994858611825193,
    "spl": 0.1662259541999701,
    "ndtw": 0.4542386059867088,
    "path_length": 8.211269649063933,
    "oracle_success": 0.3059125964010283,
    "steps_taken": 59.31748071979435
}