{
    "distance_to_goal": 10.321936399121366,
    "success": 0.12343665035345297,
    "spl": 0.10870929875689088,
    "ndtw": 0.358145317662482,
    "path_length": 8.222848982931563,
    "oracle_success": 0.22838499184339314,
    "steps_taken": 69.94453507340945
}