{
    "distance_to_goal": 9.551922635175288,
    "success": 0.1625,
    "spl": 0.1471879409372459,
    "ndtw": 0.41460643215255255,
    "path_length": 8.146474692656193,
    "oracle_success": 0.275,
    "steps_taken": 66.225
}