{
    "distance_to_goal": 10.169027318060397,
    "success": 0.1375,
    "spl": 0.11814823373413774,
    "ndtw": 0.41417233741248405,
    "path_length": 8.830187430977821,
    "oracle_success": 0.2875,
    "steps_taken": 72.625
}