{
    "distance_to_goal": 9.448532354831695,
    "success": 0.1125,
    "spl": 0.10094926323927397,
    "ndtw": 0.4030205230982631,
    "path_length": 8.53511691489839,
    "oracle_success": 0.3125,
    "steps_taken": 73.025
}