{
    "distance_to_goal": 9.161126272380352,
    "success": 0.125,
    "spl": 0.11083101474198594,
    "ndtw": 0.4213163143570144,
    "path_length": 9.21666258268524,
    "oracle_success": 0.275,
    "steps_taken": 68.725
}