{
    "distance_to_goal": 9.246266769245267,
    "success": 0.1875,
    "spl": 0.1676198911063363,
    "ndtw": 0.4432803571316196,
    "path_length": 9.013055530318525,
    "oracle_success": 0.3125,
    "steps_taken": 64.05
}