{
    "distance_to_goal": 10.928145125508308,
    "success": 0.0625,
    "spl": 0.05899073832159853,
    "ndtw": 0.35231294578507055,
    "path_length": 9.00374389317003,
    "oracle_success": 0.1875,
    "steps_taken": 71.4
}