{
    "distance_to_goal": 9.741279750876128,
    "success": 0.2,
    "spl": 0.17083254295285233,
    "ndtw": 0.4083704193863181,
    "path_length": 8.740602042060345,
    "oracle_success": 0.2625,
    "steps_taken": 73.0125
}