{
    "distance_to_goal": 9.010558927369456,
    "success": 0.1953727506426735,
    "spl": 0.1813750948785782,
    "ndtw": 0.4366440633095889,
    "path_length": 8.771297037040599,
    "oracle_success": 0.3213367609254499,
    "steps_taken": 63.34190231362468
}