{
    "distance_to_goal": 9.172196811437606,
    "success": 0.2125,
    "spl": 0.1798410764376225,
    "ndtw": 0.43587232808226845,
    "path_length": 9.411444903817028,
    "oracle_success": 0.4125,
    "steps_taken": 65.8125
}