{
    "distance_to_goal": 9.629786645062268,
    "success": 0.1125,
    "spl": 0.10171039850670968,
    "ndtw": 0.4127876627942196,
    "path_length": 8.248972252261591,
    "oracle_success": 0.25,
    "steps_taken": 64.1
}