{
    "distance_to_goal": 9.663761400803924,
    "success": 0.1375,
    "spl": 0.12952930289634906,
    "ndtw": 0.41382410529321756,
    "path_length": 8.668707438989077,
    "oracle_success": 0.275,
    "steps_taken": 66.9125
}