{
    "distance_to_goal": 8.255441300198436,
    "success": 0.2,
    "spl": 0.17998020595440253,
    "ndtw": 0.4681977861302963,
    "path_length": 8.293941647349858,
    "oracle_success": 0.3125,
    "steps_taken": 57.6875
}