{
    "distance_to_goal": 8.715046840779733,
    "success": 0.2120822622107969,
    "spl": 0.19461372431409865,
    "ndtw": 0.4338027657809209,
    "path_length": 9.005226755232655,
    "oracle_success": 0.35475578406169667,
    "steps_taken": 69.32262210796915
}