{
    "distance_to_goal": 9.160800941102206,
    "success": 0.1375,
    "spl": 0.127077167775852,
    "ndtw": 0.4248419775335666,
    "path_length": 8.252819413784891,
    "oracle_success": 0.2875,
    "steps_taken": 63.9625
}