{
    "distance_to_goal": 9.323976878469432,
    "success": 0.19794344473007713,
    "spl": 0.1787538521472259,
    "ndtw": 0.4248058842755168,
    "path_length": 9.049256125285376,
    "oracle_success": 0.3496143958868895,
    "steps_taken": 64.66838046272494
}