{
    "distance_to_goal": 9.179297610600228,
    "success": 0.19151670951156813,
    "spl": 0.1770907129639434,
    "ndtw": 0.4325505401193915,
    "path_length": 8.891036350010108,
    "oracle_success": 0.3213367609254499,
    "steps_taken": 65.62596401028277
}