{
    "distance_to_goal": 9.107747072167694,
    "success": 0.1875,
    "spl": 0.17750624608517174,
    "ndtw": 0.43380957634539463,
    "path_length": 8.751361930766143,
    "oracle_success": 0.3375,
    "steps_taken": 67.0
}