{
    "distance_to_goal": 9.169695440120995,
    "success": 0.15,
    "spl": 0.13418371964557568,
    "ndtw": 0.4256801714257488,
    "path_length": 8.33670229265481,
    "oracle_success": 0.2625,
    "steps_taken": 62.0125
}