{
    "distance_to_goal": 9.165453591011465,
    "success": 0.1375,
    "spl": 0.12276899414394755,
    "ndtw": 0.42127045450527556,
    "path_length": 8.191651772102341,
    "oracle_success": 0.3375,
    "steps_taken": 64.6125
}