{
    "distance_to_goal": 8.732855819644536,
    "success": 0.1953727506426735,
    "spl": 0.17981805222849556,
    "ndtw": 0.4605480124249697,
    "path_length": 8.219591566757568,
    "oracle_success": 0.3264781491002571,
    "steps_taken": 58.12724935732648
}