{
    "distance_to_goal": 9.0803373452276,
    "success": 0.175,
    "spl": 0.15930398487999461,
    "ndtw": 0.42672456501334083,
    "path_length": 7.981967419944704,
    "oracle_success": 0.2625,
    "steps_taken": 70.625
}