{
    "distance_to_goal": 9.486443609930575,
    "success": 0.1375,
    "spl": 0.1208791699653425,
    "ndtw": 0.428008831609637,
    "path_length": 8.024319660715992,
    "oracle_success": 0.3125,
    "steps_taken": 72.0375
}