{
    "distance_to_goal": 9.52654154864942,
    "success": 0.18251928020565553,
    "spl": 0.16490412160444423,
    "ndtw": 0.40807106398718274,
    "path_length": 9.013054644564527,
    "oracle_success": 0.2814910025706941,
    "steps_taken": 72.40616966580977
}