{
    "distance_to_goal": 9.441240931651947,
    "success": 0.11854268624252311,
    "spl": 0.10826867960062046,
    "ndtw": 0.39437392921213266,
    "path_length": 7.349152548594647,
    "oracle_success": 0.19575856443719414,
    "steps_taken": 75.71778140293638
}