{
    "distance_to_goal": 8.437478812411427,
    "success": 0.275,
    "spl": 0.2578002464784073,
    "ndtw": 0.4940690721259922,
    "path_length": 8.262343588110525,
    "oracle_success": 0.35,
    "steps_taken": 67.1125
}