{
    "distance_to_goal": 8.632988658733666,
    "success": 0.225,
    "spl": 0.2124736063599816,
    "ndtw": 0.46128926605585036,
    "path_length": 7.998856429135776,
    "oracle_success": 0.35,
    "steps_taken": 68.475
}