{
    "distance_to_goal": 8.292758927494287,
    "success": 0.2125,
    "spl": 0.19840930458360392,
    "ndtw": 0.466890394600935,
    "path_length": 8.706975359172793,
    "oracle_success": 0.375,
    "steps_taken": 64.575
}