{
    "distance_to_goal": 8.568717876449227,
    "success": 0.225,
    "spl": 0.20514179621368722,
    "ndtw": 0.4555135051075737,
    "path_length": 8.551233633805532,
    "oracle_success": 0.3625,
    "steps_taken": 68.4625
}