{
    "distance_to_goal": 8.54797973446548,
    "success": 0.2125,
    "spl": 0.20540093228604048,
    "ndtw": 0.46445271533293686,
    "path_length": 7.622343139245641,
    "oracle_success": 0.3,
    "steps_taken": 66.8125
}