{
    "distance_to_goal": 8.964266384206713,
    "success": 0.1875,
    "spl": 0.1744668865661394,
    "ndtw": 0.45550832962408505,
    "path_length": 8.229542003304232,
    "oracle_success": 0.2875,
    "steps_taken": 63.975
}