{
    "distance_to_goal": 8.243754387646913,
    "success": 0.3,
    "spl": 0.27774036747755126,
    "ndtw": 0.5024202034194089,
    "path_length": 8.144594691181556,
    "oracle_success": 0.3375,
    "steps_taken": 66.1125
}