{
    "distance_to_goal": 8.491575967520475,
    "success": 0.275,
    "spl": 0.25716926921783345,
    "ndtw": 0.474505396137768,
    "path_length": 7.858243612974183,
    "oracle_success": 0.3625,
    "steps_taken": 65.6125
}