{
    "distance_to_goal": 8.16885779665874,
    "success": 0.2583547557840617,
    "spl": 0.2407458320018506,
    "ndtw": 0.47211376284395185,
    "path_length": 8.483629841071087,
    "oracle_success": 0.35347043701799485,
    "steps_taken": 67.9293059125964
}