{
    "distance_to_goal": 7.891189529725702,
    "success": 0.2570694087403599,
    "spl": 0.237647681202306,
    "ndtw": 0.49265204255257145,
    "path_length": 8.256179068030043,
    "oracle_success": 0.34190231362467866,
    "steps_taken": 64.25964010282776
}