{
    "distance_to_goal": 8.550942142307758,
    "success": 0.2125,
    "spl": 0.19798281122916347,
    "ndtw": 0.4724464165216927,
    "path_length": 8.370086747885216,
    "oracle_success": 0.35,
    "steps_taken": 67.2375
}