{
    "distance_to_goal": 9.571063910040229,
    "success": 0.13213703099510604,
    "spl": 0.1193257363436071,
    "ndtw": 0.3843896531012416,
    "path_length": 7.776918678777703,
    "oracle_success": 0.2207721587819467,
    "steps_taken": 75.48504622077216
}