{
    "distance_to_goal": 9.635502240448874,
    "success": 0.11745513866231648,
    "spl": 0.10636586473085409,
    "ndtw": 0.3850159924032251,
    "path_length": 7.388428801287868,
    "oracle_success": 0.20228384991843393,
    "steps_taken": 74.33278955954323
}