{
    "distance_to_goal": 8.298245725035667,
    "success": 0.275,
    "spl": 0.25419240459059245,
    "ndtw": 0.47652156156592074,
    "path_length": 7.873298218110722,
    "oracle_success": 0.325,
    "steps_taken": 63.575
}