{
    "distance_to_goal": 7.8264091573655605,
    "success": 0.2125,
    "spl": 0.19486331217876887,
    "ndtw": 0.4895156248281383,
    "path_length": 7.961071887979051,
    "oracle_success": 0.3625,
    "steps_taken": 63.7625
}