{
    "distance_to_goal": 8.891895801573991,
    "success": 0.2625,
    "spl": 0.24858072362879585,
    "ndtw": 0.46690125061272136,
    "path_length": 8.250100116536487,
    "oracle_success": 0.3125,
    "steps_taken": 59.15
}