{
    "distance_to_goal": 9.44450638089329,
    "success": 0.1625,
    "spl": 0.15358772069277973,
    "ndtw": 0.39307152405710943,
    "path_length": 9.308097193296998,
    "oracle_success": 0.325,
    "steps_taken": 81.2375
}