{
    "distance_to_goal": 8.76055573308146,
    "success": 0.2133676092544987,
    "spl": 0.20113720247516492,
    "ndtw": 0.4488433489285954,
    "path_length": 7.667774976238226,
    "oracle_success": 0.29562982005141386,
    "steps_taken": 65.75449871465295
}