{
    "distance_to_goal": 8.854676107317209,
    "success": 0.1875,
    "spl": 0.17199661083191048,
    "ndtw": 0.44061527892856667,
    "path_length": 8.903380517207552,
    "oracle_success": 0.3375,
    "steps_taken": 66.2
}