{
    "distance_to_goal": 8.862284468859434,
    "success": 0.1875,
    "spl": 0.16787281095162207,
    "ndtw": 0.4279487405279932,
    "path_length": 8.265827716639615,
    "oracle_success": 0.25,
    "steps_taken": 67.8125
}