{
    "distance_to_goal": 9.1238108381629,
    "success": 0.1875,
    "spl": 0.17265536778880397,
    "ndtw": 0.45077080092441957,
    "path_length": 7.73318018593307,
    "oracle_success": 0.2625,
    "steps_taken": 53.9625
}