{
    "distance_to_goal": 8.476346196429589,
    "success": 0.2609254498714653,
    "spl": 0.24587507629100117,
    "ndtw": 0.4810705837113192,
    "path_length": 8.801812813618477,
    "oracle_success": 0.3676092544987147,
    "steps_taken": 69.07455012853471
}