{
    "distance_to_goal": 8.900467362999915,
    "success": 0.2375,
    "spl": 0.2245132907293772,
    "ndtw": 0.4345189070271802,
    "path_length": 7.727371623390354,
    "oracle_success": 0.2875,
    "steps_taken": 68.775
}