{
    "distance_to_goal": 8.056559278239474,
    "success": 0.2300771208226221,
    "spl": 0.2173904096674344,
    "ndtw": 0.48942277261570305,
    "path_length": 8.032216444978312,
    "oracle_success": 0.32390745501285345,
    "steps_taken": 65.02185089974293
}