{
    "distance_to_goal": 8.554218427464367,
    "success": 0.2125,
    "spl": 0.19295326728880985,
    "ndtw": 0.4639319932236116,
    "path_length": 8.581484063569224,
    "oracle_success": 0.3375,
    "steps_taken": 66.875
}