{
    "distance_to_goal": 9.422923839092254,
    "success": 0.15,
    "spl": 0.14820177606256218,
    "ndtw": 0.41417799014520884,
    "path_length": 8.122347804997116,
    "oracle_success": 0.3125,
    "steps_taken": 67.4125
}