{
    "distance_to_goal": 8.248467260430589,
    "success": 0.2544987146529563,
    "spl": 0.2368916130190531,
    "ndtw": 0.47603190808956974,
    "path_length": 8.48303190220582,
    "oracle_success": 0.36118251928020567,
    "steps_taken": 68.03856041131105
}