{
    "distance_to_goal": 8.620843865149737,
    "success": 0.2326478149100257,
    "spl": 0.22017876885297197,
    "ndtw": 0.47269978129744916,
    "path_length": 8.220435670016466,
    "oracle_success": 0.3213367609254499,
    "steps_taken": 64.32390745501286
}