{
    "distance_to_goal": 9.364445086196065,
    "success": 0.225,
    "spl": 0.20811955553927622,
    "ndtw": 0.44172748510539417,
    "path_length": 7.947329451609403,
    "oracle_success": 0.2875,
    "steps_taken": 65.6
}