{
    "distance_to_goal": 9.455207661911846,
    "success": 0.2125,
    "spl": 0.19322047849814786,
    "ndtw": 0.43188905203863576,
    "path_length": 8.264189576846547,
    "oracle_success": 0.325,
    "steps_taken": 66.9375
}