{
    "distance_to_goal": 9.682310072112628,
    "success": 0.1397498640565525,
    "spl": 0.12881891607520393,
    "ndtw": 0.38523715731863534,
    "path_length": 7.492222053520353,
    "oracle_success": 0.21261555193039697,
    "steps_taken": 71.24089178901576
}