{
    "distance_to_goal": 8.026238987868734,
    "success": 0.2583547557840617,
    "spl": 0.24373222698535885,
    "ndtw": 0.4897206389298054,
    "path_length": 7.929539433560749,
    "oracle_success": 0.3444730077120823,
    "steps_taken": 63.354755784061695
}