{
    "distance_to_goal": 8.58830706530028,
    "success": 0.2133676092544987,
    "spl": 0.198523578411142,
    "ndtw": 0.45430327801875225,
    "path_length": 8.232671454248727,
    "oracle_success": 0.31748071979434445,
    "steps_taken": 61.89203084832905
}