{
    "distance_to_goal": 8.854156481474638,
    "success": 0.25,
    "spl": 0.2288088096895494,
    "ndtw": 0.46304785269471027,
    "path_length": 7.60511559859151,
    "oracle_success": 0.2875,
    "steps_taken": 57.2375
}