{
    "distance_to_goal": 9.21742987576872,
    "success": 0.2125,
    "spl": 0.19505702650446016,
    "ndtw": 0.4298450122938716,
    "path_length": 8.008030983724165,
    "oracle_success": 0.2875,
    "steps_taken": 65.425
}