{
    "distance_to_goal": 8.45481989617462,
    "success": 0.2519280205655527,
    "spl": 0.23361931867241126,
    "ndtw": 0.46147337324929744,
    "path_length": 8.12213234374507,
    "oracle_success": 0.32904884318766064,
    "steps_taken": 58.609254498714655
}