{
    "distance_to_goal": 8.761445064097643,
    "success": 0.2625,
    "spl": 0.24394273519647122,
    "ndtw": 0.4480132959931022,
    "path_length": 7.858298696836573,
    "oracle_success": 0.3125,
    "steps_taken": 61.3625
}