{
    "distance_to_goal": 8.63521297651422,
    "success": 0.2390745501285347,
    "spl": 0.21890285874413296,
    "ndtw": 0.4524829686240678,
    "path_length": 8.03949577952256,
    "oracle_success": 0.33547557840616965,
    "steps_taken": 60.68380462724936
}