{
    "distance_to_goal": 9.637838773801922,
    "success": 0.1875,
    "spl": 0.1646731220517079,
    "ndtw": 0.41032619847705554,
    "path_length": 8.218495593976694,
    "oracle_success": 0.25,
    "steps_taken": 65.6875
}