{
    "distance_to_goal": 9.189380581415238,
    "success": 0.1500815660685155,
    "spl": 0.13843021622826587,
    "ndtw": 0.40928028897862995,
    "path_length": 7.445944123203319,
    "oracle_success": 0.2300163132137031,
    "steps_taken": 62.790647090810225
}