{
    "distance_to_goal": 8.897167954221368,
    "success": 0.25,
    "spl": 0.22529696346750386,
    "ndtw": 0.42431012266261303,
    "path_length": 8.061297107394784,
    "oracle_success": 0.35,
    "steps_taken": 62.7875
}