{
    "distance_to_goal": 8.466476889327168,
    "success": 0.2125,
    "spl": 0.2021796998664384,
    "ndtw": 0.4449848198495632,
    "path_length": 7.219997364369919,
    "oracle_success": 0.275,
    "steps_taken": 59.3875
}