{
    "distance_to_goal": 8.919717047851925,
    "success": 0.2120822622107969,
    "spl": 0.19954579233186107,
    "ndtw": 0.44371923647775724,
    "path_length": 8.267843085515272,
    "oracle_success": 0.3277634961439589,
    "steps_taken": 59.68766066838046
}