{
    "distance_to_goal": 9.01332431916976,
    "success": 0.1533442088091354,
    "spl": 0.13994468220338988,
    "ndtw": 0.40793874568489047,
    "path_length": 7.594052510131941,
    "oracle_success": 0.2463295269168026,
    "steps_taken": 63.823273518216425
}