{
    "distance_to_goal": 9.188971459120513,
    "success": 0.1875,
    "spl": 0.17571129930854906,
    "ndtw": 0.4325042373534143,
    "path_length": 7.651955746207387,
    "oracle_success": 0.2875,
    "steps_taken": 54.2625
}