{
    "distance_to_goal": 8.591505044884979,
    "success": 0.2125,
    "spl": 0.19250447780884536,
    "ndtw": 0.48212529776311,
    "path_length": 7.621551416866714,
    "oracle_success": 0.2625,
    "steps_taken": 53.175
}