{
    "distance_to_goal": 8.932113933563233,
    "success": 0.2375,
    "spl": 0.2214226272872315,
    "ndtw": 0.4564246434469254,
    "path_length": 8.546193651028442,
    "oracle_success": 0.375,
    "steps_taken": 64.1
}