{
    "distance_to_goal": 9.127402945968074,
    "success": 0.14518760195758565,
    "spl": 0.13268504219192503,
    "ndtw": 0.40668448869010015,
    "path_length": 7.913681170654477,
    "oracle_success": 0.23817292006525284,
    "steps_taken": 65.79336595976073
}