{
    "distance_to_goal": 8.445489355216909,
    "success": 0.2185089974293059,
    "spl": 0.206926712876543,
    "ndtw": 0.45133598695555127,
    "path_length": 7.910999541082988,
    "oracle_success": 0.2892030848329049,
    "steps_taken": 62.45758354755784
}