{
    "distance_to_goal": 8.746220201253891,
    "success": 0.25,
    "spl": 0.2290815665955698,
    "ndtw": 0.44441251936609677,
    "path_length": 8.053965586493375,
    "oracle_success": 0.3125,
    "steps_taken": 64.6125
}