{
    "distance_to_goal": 9.367855462510505,
    "success": 0.14518760195758565,
    "spl": 0.1323110466204023,
    "ndtw": 0.4021799540036464,
    "path_length": 8.199564952105039,
    "oracle_success": 0.2561174551386623,
    "steps_taken": 68.02773246329527
}