{
    "distance_to_goal": 8.535495745836922,
    "success": 0.2519280205655527,
    "spl": 0.23806619747082186,
    "ndtw": 0.4529506633029503,
    "path_length": 8.233899454611498,
    "oracle_success": 0.34832904884318766,
    "steps_taken": 61.001285347043705
}