{
    "distance_to_goal": 8.477079972241716,
    "success": 0.2699228791773779,
    "spl": 0.25437201156534744,
    "ndtw": 0.46562429176191544,
    "path_length": 8.645465193795527,
    "oracle_success": 0.37017994858611825,
    "steps_taken": 64.53084832904884
}