{
    "distance_to_goal": 8.343041299796809,
    "success": 0.2236503856041131,
    "spl": 0.2065007641003638,
    "ndtw": 0.46166494244175044,
    "path_length": 8.3575689366784,
    "oracle_success": 0.3277634961439589,
    "steps_taken": 63.58354755784062
}