{
    "distance_to_goal": 8.89429361410439,
    "success": 0.2375,
    "spl": 0.22557403956366023,
    "ndtw": 0.47150422989502383,
    "path_length": 7.34259130145656,
    "oracle_success": 0.3,
    "steps_taken": 50.8625
}