{
    "distance_to_goal": 9.15595003925264,
    "success": 0.2625,
    "spl": 0.24929867999998448,
    "ndtw": 0.45192158778224956,
    "path_length": 7.925118741995538,
    "oracle_success": 0.3375,
    "steps_taken": 60.25
}