{
    "distance_to_goal": 9.325901731868974,
    "success": 0.14464382816748234,
    "spl": 0.1346753885204273,
    "ndtw": 0.40041132126180984,
    "path_length": 7.084274211035268,
    "oracle_success": 0.21479064709081022,
    "steps_taken": 57.60413268080479
}