{
    "distance_to_goal": 9.516356702263975,
    "success": 0.14355628058727568,
    "spl": 0.13106250029874128,
    "ndtw": 0.3905911338123936,
    "path_length": 7.535585620772253,
    "oracle_success": 0.2207721587819467,
    "steps_taken": 62.18162044589451
}