{
    "distance_to_goal": 9.215591097879566,
    "success": 0.13648722131593258,
    "spl": 0.12797073207132756,
    "ndtw": 0.40715420305916633,
    "path_length": 6.909740791036586,
    "oracle_success": 0.19467101685698748,
    "steps_taken": 55.7205002718869
}