{
    "distance_to_goal": 9.788740202039481,
    "success": 0.225,
    "spl": 0.20228226717079875,
    "ndtw": 0.41195711645900956,
    "path_length": 8.51415315696504,
    "oracle_success": 0.3,
    "steps_taken": 57.2125
}