{
    "distance_to_goal": 8.483691423595104,
    "success": 0.2185089974293059,
    "spl": 0.20673942045810267,
    "ndtw": 0.47042708698111446,
    "path_length": 7.587694663659782,
    "oracle_success": 0.3161953727506427,
    "steps_taken": 53.562982005141386
}