{
    "distance_to_goal": 9.45727551933378,
    "success": 0.2,
    "spl": 0.18893843858253412,
    "ndtw": 0.43897087048951605,
    "path_length": 7.403768472216325,
    "oracle_success": 0.2375,
    "steps_taken": 51.8125
}