{
    "distance_to_goal": 9.255558824539184,
    "success": 0.1375,
    "spl": 0.12252847667579911,
    "ndtw": 0.43155402714793445,
    "path_length": 7.337948395195417,
    "oracle_success": 0.275,
    "steps_taken": 54.1875
}