{
    "distance_to_goal": 9.485492170229554,
    "success": 0.225,
    "spl": 0.2084242962301186,
    "ndtw": 0.4432083603183076,
    "path_length": 7.903348439454566,
    "oracle_success": 0.325,
    "steps_taken": 56.7625
}