{
    "distance_to_goal": 9.268989876657724,
    "success": 0.1875,
    "spl": 0.1725214696172334,
    "ndtw": 0.4226681897563115,
    "path_length": 7.6443462740280665,
    "oracle_success": 0.2625,
    "steps_taken": 50.6875
}