{
    "distance_to_goal": 8.790129323303699,
    "success": 0.2375,
    "spl": 0.2153688089082884,
    "ndtw": 0.46001933022540875,
    "path_length": 8.111420594074298,
    "oracle_success": 0.3375,
    "steps_taken": 56.8
}