{
    "distance_to_goal": 8.48880465962663,
    "success": 0.21465295629820053,
    "spl": 0.20130276541421452,
    "ndtw": 0.4694454090832344,
    "path_length": 7.685439059158748,
    "oracle_success": 0.29562982005141386,
    "steps_taken": 56.29305912596401
}