{
    "distance_to_goal": 9.794316457211972,
    "success": 0.1625,
    "spl": 0.15183244366673804,
    "ndtw": 0.41132064921223543,
    "path_length": 8.354215833905618,
    "oracle_success": 0.25,
    "steps_taken": 61.475
}