{
    "distance_to_goal": 9.837973079830409,
    "success": 0.175,
    "spl": 0.15855710561474395,
    "ndtw": 0.4088398833758532,
    "path_length": 7.548481468282799,
    "oracle_success": 0.2375,
    "steps_taken": 55.825
}