{
    "distance_to_goal": 8.655155011325844,
    "success": 0.20179948586118251,
    "spl": 0.19147260209884132,
    "ndtw": 0.4565405798855031,
    "path_length": 7.344775012435112,
    "oracle_success": 0.27892030848329047,
    "steps_taken": 55.044987146529564
}