{
    "distance_to_goal": 10.011024037748575,
    "success": 0.1625,
    "spl": 0.15321660991383462,
    "ndtw": 0.4099744922672167,
    "path_length": 7.423341373084891,
    "oracle_success": 0.225,
    "steps_taken": 51.85
}