{
    "distance_to_goal": 8.682975653931498,
    "success": 0.275,
    "spl": 0.2531375804154879,
    "ndtw": 0.47531286527479183,
    "path_length": 8.105770510493311,
    "oracle_success": 0.3125,
    "steps_taken": 54.775
}