{
    "distance_to_goal": 8.498854521997178,
    "success": 0.21722365038560412,
    "spl": 0.20043407505536828,
    "ndtw": 0.4671662693683241,
    "path_length": 8.000660273443788,
    "oracle_success": 0.34190231362467866,
    "steps_taken": 56.46658097686375
}