{
    "distance_to_goal": 8.880747537687421,
    "success": 0.2375,
    "spl": 0.2171513217946086,
    "ndtw": 0.46768519902907835,
    "path_length": 8.114379371050745,
    "oracle_success": 0.3375,
    "steps_taken": 55.525
}