{
    "distance_to_goal": 9.521044849418104,
    "success": 0.2,
    "spl": 0.19098241067006178,
    "ndtw": 0.44776226062938623,
    "path_length": 7.460956429671884,
    "oracle_success": 0.2875,
    "steps_taken": 52.4625
}