{
    "distance_to_goal": 9.907492561265826,
    "success": 0.15,
    "spl": 0.12879871815267074,
    "ndtw": 0.4055694149571602,
    "path_length": 8.025401480158326,
    "oracle_success": 0.2375,
    "steps_taken": 56.4125
}