{
    "distance_to_goal": 9.194155315736378,
    "success": 0.16639477977161501,
    "spl": 0.15428049382601144,
    "ndtw": 0.41807107356911793,
    "path_length": 7.640265034309864,
    "oracle_success": 0.23708537248504621,
    "steps_taken": 61.41272430668842
}