{
    "distance_to_goal": 8.587884352511336,
    "success": 0.2236503856041131,
    "spl": 0.20794424538472886,
    "ndtw": 0.4607149637334773,
    "path_length": 7.598667057078289,
    "oracle_success": 0.2994858611825193,
    "steps_taken": 54.23393316195373
}