{
    "distance_to_goal": 8.779036856996216,
    "success": 0.1928020565552699,
    "spl": 0.18038466794078858,
    "ndtw": 0.44852309066067464,
    "path_length": 8.024943703402846,
    "oracle_success": 0.3033419023136247,
    "steps_taken": 58.87403598971722
}