{
    "distance_to_goal": 8.370069760216309,
    "success": 0.2403598971722365,
    "spl": 0.22770148098597703,
    "ndtw": 0.4751712252573964,
    "path_length": 7.833154053388982,
    "oracle_success": 0.34575835475578404,
    "steps_taken": 59.245501285347046
}