{
    "distance_to_goal": 9.30111055150628,
    "success": 0.225,
    "spl": 0.20772819857001287,
    "ndtw": 0.44483203389850035,
    "path_length": 8.218682616448495,
    "oracle_success": 0.2875,
    "steps_taken": 56.4875
}