{
    "distance_to_goal": 8.373997782565327,
    "success": 0.2300771208226221,
    "spl": 0.21422188764255135,
    "ndtw": 0.47214643777910015,
    "path_length": 7.879253681939522,
    "oracle_success": 0.32005141388174807,
    "steps_taken": 54.88046272493573
}