{
    "distance_to_goal": 9.221764739602804,
    "success": 0.2125,
    "spl": 0.20021737086218788,
    "ndtw": 0.4501936278961101,
    "path_length": 7.275922427021008,
    "oracle_success": 0.275,
    "steps_taken": 60.525
}