{
    "distance_to_goal": 8.627951075148154,
    "success": 0.2185089974293059,
    "spl": 0.20171645613944225,
    "ndtw": 0.46982149838279497,
    "path_length": 7.471512624982497,
    "oracle_success": 0.3033419023136247,
    "steps_taken": 53.98200514138817
}