{
    "distance_to_goal": 9.415642804279923,
    "success": 0.2375,
    "spl": 0.2208273946116706,
    "ndtw": 0.4436274008911954,
    "path_length": 7.52887404612373,
    "oracle_success": 0.2625,
    "steps_taken": 52.375
}