{
    "distance_to_goal": 9.44807466380298,
    "success": 0.1625,
    "spl": 0.15374404130241737,
    "ndtw": 0.4421642971019546,
    "path_length": 7.074208613816881,
    "oracle_success": 0.25,
    "steps_taken": 48.3125
}