{
    "distance_to_goal": 8.355166148614607,
    "success": 0.2236503856041131,
    "spl": 0.21220457785320013,
    "ndtw": 0.478526527153278,
    "path_length": 6.648098864630436,
    "oracle_success": 0.2737789203084833,
    "steps_taken": 46.491002570694086
}