{
    "distance_to_goal": 8.363499700122903,
    "success": 0.2416452442159383,
    "spl": 0.22826594280727638,
    "ndtw": 0.479255103575421,
    "path_length": 7.215651485370427,
    "oracle_success": 0.27892030848329047,
    "steps_taken": 49.79562982005142
}