{
    "distance_to_goal": 8.778523589802814,
    "success": 0.21979434447300772,
    "spl": 0.21291443382481706,
    "ndtw": 0.4615890428202367,
    "path_length": 7.228253548121649,
    "oracle_success": 0.2814910025706941,
    "steps_taken": 49.613110539845756
}