{
    "distance_to_goal": 8.603657519366834,
    "success": 0.1729200652528548,
    "spl": 0.1655030267955549,
    "ndtw": 0.4391118135998186,
    "path_length": 6.284100509077749,
    "oracle_success": 0.20554649265905384,
    "steps_taken": 51.63621533442088
}