{
    "distance_to_goal": 9.213892983458937,
    "success": 0.25,
    "spl": 0.23710429598475122,
    "ndtw": 0.4505920017563264,
    "path_length": 7.398509337834549,
    "oracle_success": 0.2625,
    "steps_taken": 50.8875
}