{
    "distance_to_goal": 8.390868074406695,
    "success": 0.2275064267352185,
    "spl": 0.21392041907152884,
    "ndtw": 0.4752039481722254,
    "path_length": 7.420202160106809,
    "oracle_success": 0.2853470437017995,
    "steps_taken": 50.354755784061695
}