{
    "distance_to_goal": 8.85154647228185,
    "success": 0.16911364872213158,
    "spl": 0.15781577770703525,
    "ndtw": 0.4368638631426546,
    "path_length": 6.663145169374528,
    "oracle_success": 0.20500271886895052,
    "steps_taken": 50.94127243066884
}