{
    "distance_to_goal": 9.268028660304845,
    "success": 0.2375,
    "spl": 0.23398261596230965,
    "ndtw": 0.4568325373006788,
    "path_length": 6.86280249087722,
    "oracle_success": 0.25,
    "steps_taken": 51.5625
}