{
    "distance_to_goal": 8.358857534663,
    "success": 0.2352185089974293,
    "spl": 0.22600335468936622,
    "ndtw": 0.4832478774610294,
    "path_length": 6.797586394570329,
    "oracle_success": 0.2737789203084833,
    "steps_taken": 50.45629820051414
}