{
    "distance_to_goal": 8.686555805944078,
    "success": 0.2210796915167095,
    "spl": 0.21102984988237797,
    "ndtw": 0.4657943312994101,
    "path_length": 7.332327084030337,
    "oracle_success": 0.27249357326478146,
    "steps_taken": 48.67609254498715
}