{
    "distance_to_goal": 8.96917979123477,
    "success": 0.16693855356171833,
    "spl": 0.15640329035063924,
    "ndtw": 0.43426869623548275,
    "path_length": 6.925269777821362,
    "oracle_success": 0.22457857531266992,
    "steps_taken": 51.080478520935294
}