{
    "distance_to_goal": 9.69748364649713,
    "success": 0.25,
    "spl": 0.24256202229316823,
    "ndtw": 0.44253073200927473,
    "path_length": 7.246410448989974,
    "oracle_success": 0.2625,
    "steps_taken": 47.3625
}