{
    "distance_to_goal": 9.103864245696066,
    "success": 0.14410005437737902,
    "spl": 0.1354535159472485,
    "ndtw": 0.42189387585694815,
    "path_length": 7.08141641006569,
    "oracle_success": 0.20989668297988037,
    "steps_taken": 51.86731919521479
}