{
    "distance_to_goal": 8.560297516995806,
    "success": 0.23393316195372751,
    "spl": 0.21872786584163023,
    "ndtw": 0.465224144394194,
    "path_length": 7.3606549774153915,
    "oracle_success": 0.2866323907455013,
    "steps_taken": 53.19151670951157
}