{
    "distance_to_goal": 9.974182755127549,
    "success": 0.1875,
    "spl": 0.17087242958794496,
    "ndtw": 0.41478678169636396,
    "path_length": 7.938223269971786,
    "oracle_success": 0.2375,
    "steps_taken": 51.4125
}