{
    "distance_to_goal": 9.731328622996807,
    "success": 0.2125,
    "spl": 0.2015875956370336,
    "ndtw": 0.4238191806526176,
    "path_length": 7.359616438538069,
    "oracle_success": 0.25,
    "steps_taken": 48.2375
}