{
    "distance_to_goal": 9.620089155435561,
    "success": 0.15,
    "spl": 0.13697337146286945,
    "ndtw": 0.42033413524643304,
    "path_length": 7.209307163063204,
    "oracle_success": 0.2375,
    "steps_taken": 49.3625
}