{
    "distance_to_goal": 5.667701755960782,
    "success": 0.3333333333333333,
    "spl": 0.3333333333333333,
    "ndtw": 0.5706227997939829,
    "path_length": 11.631022160251936,
    "oracle_success": 0.5,
    "steps_taken": 69.33333333333333
}