{
    "distance_to_goal": 8.90864800401032,
    "success": 0.225,
    "spl": 0.20720234723063458,
    "ndtw": 0.4842757814648097,
    "path_length": 7.217303070850717,
    "oracle_success": 0.2625,
    "steps_taken": 45.775
}