{
    "distance_to_goal": 8.171283459506336,
    "success": 0.2737789203084833,
    "spl": 0.25976623790549314,
    "ndtw": 0.4921902672989235,
    "path_length": 7.094611836089643,
    "oracle_success": 0.31233933161953725,
    "steps_taken": 45.577120822622106
}