{
    "distance_to_goal": 8.956980928219854,
    "success": 0.15,
    "spl": 0.14150659358147694,
    "ndtw": 0.4772032669618736,
    "path_length": 6.511941163055599,
    "oracle_success": 0.175,
    "steps_taken": 41.1375
}