{
    "distance_to_goal": 8.929900002107024,
    "success": 0.2125,
    "spl": 0.19895008116401486,
    "ndtw": 0.48866310603890223,
    "path_length": 6.906686272670049,
    "oracle_success": 0.3125,
    "steps_taken": 43.225
}