{
    "distance_to_goal": 8.50629897788167,
    "success": 0.2,
    "spl": 0.18632046059730473,
    "ndtw": 0.5039826649650638,
    "path_length": 6.558795808884315,
    "oracle_success": 0.225,
    "steps_taken": 41.4125
}