{
    "distance_to_goal": 9.096799022890627,
    "success": 0.2125,
    "spl": 0.20784941683561636,
    "ndtw": 0.4592363232250755,
    "path_length": 7.009934266802134,
    "oracle_success": 0.25,
    "steps_taken": 50.2375
}