{
    "distance_to_goal": 9.186158165335655,
    "success": 0.125,
    "spl": 0.12082593369259724,
    "ndtw": 0.46413436489315885,
    "path_length": 6.437153474688737,
    "oracle_success": 0.15,
    "steps_taken": 41.5125
}