{
    "distance_to_goal": 8.84711482413113,
    "success": 0.2125,
    "spl": 0.19277469381150003,
    "ndtw": 0.46666746325709807,
    "path_length": 7.110947116836906,
    "oracle_success": 0.275,
    "steps_taken": 46.0625
}