{
    "distance_to_goal": 9.769747366756201,
    "success": 0.175,
    "spl": 0.16603966971165615,
    "ndtw": 0.4306434680694008,
    "path_length": 7.229796655728817,
    "oracle_success": 0.2625,
    "steps_taken": 49.4125
}