{
    "distance_to_goal": 8.282205376898569,
    "success": 0.2660668380462725,
    "spl": 0.2488342748084681,
    "ndtw": 0.48256236443370165,
    "path_length": 7.641716734115459,
    "oracle_success": 0.32005141388174807,
    "steps_taken": 49.38431876606684
}