{
    "distance_to_goal": 8.392754199169577,
    "success": 0.225,
    "spl": 0.21712574383805044,
    "ndtw": 0.4920401233886465,
    "path_length": 6.473764302860945,
    "oracle_success": 0.275,
    "steps_taken": 43.0875
}