{
    "distance_to_goal": 9.244060519710183,
    "success": 0.2125,
    "spl": 0.1950372168175259,
    "ndtw": 0.4537513232798108,
    "path_length": 6.993863972136751,
    "oracle_success": 0.275,
    "steps_taken": 45.6625
}