{
    "distance_to_goal": 9.073525706619073,
    "success": 0.13213703099510604,
    "spl": 0.12647286047674852,
    "ndtw": 0.41640018495039366,
    "path_length": 6.129976982612467,
    "oracle_success": 0.16965742251223492,
    "steps_taken": 45.73409461663948
}