{
    "distance_to_goal": 8.462035885453224,
    "success": 0.225,
    "spl": 0.2151930250257544,
    "ndtw": 0.48512074128955895,
    "path_length": 7.005304278916446,
    "oracle_success": 0.2875,
    "steps_taken": 48.7625
}