{
    "distance_to_goal": 8.926808309496714,
    "success": 0.16639477977161501,
    "spl": 0.15804416416629852,
    "ndtw": 0.43210877495526606,
    "path_length": 6.315280910283952,
    "oracle_success": 0.2137030995106036,
    "steps_taken": 44.17781402936379
}