{
    "distance_to_goal": 8.503232247196138,
    "success": 0.2375,
    "spl": 0.2264347563925444,
    "ndtw": 0.48863280660862796,
    "path_length": 7.238901997194626,
    "oracle_success": 0.325,
    "steps_taken": 47.75
}