{
    "distance_to_goal": 8.550477649830281,
    "success": 0.1625,
    "spl": 0.15547212409382596,
    "ndtw": 0.4863817680920917,
    "path_length": 6.320906286709942,
    "oracle_success": 0.2,
    "steps_taken": 37.8875
}