{
    "distance_to_goal": 8.257097223214805,
    "success": 0.2125,
    "spl": 0.2110592992463857,
    "ndtw": 0.4986652750123504,
    "path_length": 6.560835744999349,
    "oracle_success": 0.2625,
    "steps_taken": 41.675
}