{
    "distance_to_goal": 9.069779381155968,
    "success": 0.1375,
    "spl": 0.13078190976301482,
    "ndtw": 0.4621625467899252,
    "path_length": 6.21600837809965,
    "oracle_success": 0.1875,
    "steps_taken": 42.875
}