{
    "distance_to_goal": 8.943197554349899,
    "success": 0.175,
    "spl": 0.1678492205930278,
    "ndtw": 0.45395747832764155,
    "path_length": 7.535003754915669,
    "oracle_success": 0.25,
    "steps_taken": 51.6125
}