{
    "distance_to_goal": 8.065315316433619,
    "success": 0.25578406169665807,
    "spl": 0.2415401673513378,
    "ndtw": 0.49204656733788754,
    "path_length": 7.57373198179463,
    "oracle_success": 0.31748071979434445,
    "steps_taken": 50.47172236503856
}