{
    "distance_to_goal": 8.337338686734437,
    "success": 0.1625,
    "spl": 0.15998390034672322,
    "ndtw": 0.49562575400102576,
    "path_length": 5.8270901195472105,
    "oracle_success": 0.2,
    "steps_taken": 38.725
}