{
    "distance_to_goal": 8.881483523361386,
    "success": 0.1625,
    "spl": 0.15277344804196177,
    "ndtw": 0.47249376596266474,
    "path_length": 6.503760778147262,
    "oracle_success": 0.1875,
    "steps_taken": 39.875
}