{
    "distance_to_goal": 8.691590878460556,
    "success": 0.175,
    "spl": 0.1695335555774124,
    "ndtw": 0.4883209273481902,
    "path_length": 6.3833302845945585,
    "oracle_success": 0.225,
    "steps_taken": 42.2375
}