{
    "distance_to_goal": 7.838631626343053,
    "success": 0.2622107969151671,
    "spl": 0.2427557911543896,
    "ndtw": 0.5032498205919836,
    "path_length": 7.524811928089377,
    "oracle_success": 0.3161953727506427,
    "steps_taken": 51.138817480719794
}