{
    "distance_to_goal": 9.117566340602934,
    "success": 0.1125,
    "spl": 0.10770187589655786,
    "ndtw": 0.4523329349650272,
    "path_length": 6.250887040467933,
    "oracle_success": 0.1625,
    "steps_taken": 38.45
}