{
    "distance_to_goal": 8.288572307862342,
    "success": 0.2125,
    "spl": 0.20733809788136845,
    "ndtw": 0.49579997844960844,
    "path_length": 6.198269688989967,
    "oracle_success": 0.2125,
    "steps_taken": 39.15
}