{
    "distance_to_goal": 9.280238665640354,
    "success": 0.1875,
    "spl": 0.16807958653410382,
    "ndtw": 0.4584173708667171,
    "path_length": 7.279256169951987,
    "oracle_success": 0.275,
    "steps_taken": 47.225
}