{
    "distance_to_goal": 9.516222295165061,
    "success": 0.1625,
    "spl": 0.15504750505041312,
    "ndtw": 0.4296905162732033,
    "path_length": 7.545158063468989,
    "oracle_success": 0.2375,
    "steps_taken": 51.1375
}