{
    "distance_to_goal": 9.007247500307859,
    "success": 0.1875,
    "spl": 0.17748234377831834,
    "ndtw": 0.4656879294677186,
    "path_length": 6.553933171276003,
    "oracle_success": 0.2375,
    "steps_taken": 40.9375
}