{
    "distance_to_goal": 9.00936954524368,
    "success": 0.2125,
    "spl": 0.20719584037792999,
    "ndtw": 0.4756093546624337,
    "path_length": 7.0929243682418015,
    "oracle_success": 0.3125,
    "steps_taken": 46.1875
}