{
    "distance_to_goal": 9.083614720031619,
    "success": 0.1625,
    "spl": 0.1581266930509594,
    "ndtw": 0.4743540878163553,
    "path_length": 6.712317511392757,
    "oracle_success": 0.2125,
    "steps_taken": 44.5625
}