{
    "distance_to_goal": 8.745659066736698,
    "success": 0.2375,
    "spl": 0.22447118955904782,
    "ndtw": 0.474116931837103,
    "path_length": 6.628760409366805,
    "oracle_success": 0.25,
    "steps_taken": 43.7375
}