{
    "distance_to_goal": 9.071632818691432,
    "success": 0.1625,
    "spl": 0.15799587915871313,
    "ndtw": 0.46864731156411893,
    "path_length": 6.289793968060986,
    "oracle_success": 0.175,
    "steps_taken": 40.2
}