{
    "distance_to_goal": 7.839728125301609,
    "success": 0.2622107969151671,
    "spl": 0.24911290314188114,
    "ndtw": 0.5018642743944528,
    "path_length": 6.8794869393461395,
    "oracle_success": 0.2814910025706941,
    "steps_taken": 49.07583547557841
}