{
    "distance_to_goal": 8.686176515370608,
    "success": 0.2625,
    "spl": 0.24845896565030356,
    "ndtw": 0.49599512288603337,
    "path_length": 7.057119061378762,
    "oracle_success": 0.275,
    "steps_taken": 43.1875
}