{
    "distance_to_goal": 8.409413589909672,
    "success": 0.2625,
    "spl": 0.25289686875217554,
    "ndtw": 0.4822767799313844,
    "path_length": 6.965765917534009,
    "oracle_success": 0.3,
    "steps_taken": 49.5625
}