{
    "distance_to_goal": 8.721747478470206,
    "success": 0.2125,
    "spl": 0.19918884195381598,
    "ndtw": 0.4800630355805032,
    "path_length": 7.107167400792241,
    "oracle_success": 0.2625,
    "steps_taken": 47.0875
}