{
    "distance_to_goal": 9.022886094465536,
    "success": 0.1598694942903752,
    "spl": 0.14993966508089102,
    "ndtw": 0.42689467048646285,
    "path_length": 6.9116532458570745,
    "oracle_success": 0.2137030995106036,
    "steps_taken": 50.24741707449701
}