{
    "distance_to_goal": 9.045044128596782,
    "success": 0.2125,
    "spl": 0.19964697520271663,
    "ndtw": 0.4686994532217447,
    "path_length": 7.116992950439453,
    "oracle_success": 0.2625,
    "steps_taken": 42.7875
}