{
    "distance_to_goal": 8.374703315272928,
    "success": 0.1875,
    "spl": 0.172658084758747,
    "ndtw": 0.5083595529016095,
    "path_length": 6.4530298834690925,
    "oracle_success": 0.2875,
    "steps_taken": 42.5875
}