{
    "distance_to_goal": 8.93927471395582,
    "success": 0.225,
    "spl": 0.2095430628981974,
    "ndtw": 0.46896433163205115,
    "path_length": 7.455610017350409,
    "oracle_success": 0.275,
    "steps_taken": 47.0625
}