{
    "distance_to_goal": 9.006266857497394,
    "success": 0.1625,
    "spl": 0.15411937542780002,
    "ndtw": 0.4607526326839566,
    "path_length": 6.103818659856915,
    "oracle_success": 0.1875,
    "steps_taken": 37.6375
}