{
    "distance_to_goal": 8.406192959658801,
    "success": 0.175,
    "spl": 0.17244549480830923,
    "ndtw": 0.4928188300817796,
    "path_length": 5.367459751479328,
    "oracle_success": 0.2125,
    "steps_taken": 34.9125
}