{
    "distance_to_goal": 8.77473480310291,
    "success": 0.2125,
    "spl": 0.19941963105930735,
    "ndtw": 0.4712150081478157,
    "path_length": 7.367109966491894,
    "oracle_success": 0.2875,
    "steps_taken": 50.1875
}