{
    "distance_to_goal": 7.883740623211033,
    "success": 0.2544987146529563,
    "spl": 0.24134502454572268,
    "ndtw": 0.5036422623161027,
    "path_length": 6.762459321459622,
    "oracle_success": 0.2737789203084833,
    "steps_taken": 45.44858611825193
}