{
    "distance_to_goal": 9.60596502367407,
    "success": 0.2375,
    "spl": 0.21408447544414652,
    "ndtw": 0.44751035010592555,
    "path_length": 8.238852273992961,
    "oracle_success": 0.325,
    "steps_taken": 55.5125
}