{
    "distance_to_goal": 8.972006760165096,
    "success": 0.15,
    "spl": 0.14109839996567125,
    "ndtw": 0.47385735972501386,
    "path_length": 6.842944680387154,
    "oracle_success": 0.1875,
    "steps_taken": 44.45
}