{
    "distance_to_goal": 8.942154865711927,
    "success": 0.25,
    "spl": 0.23695225517672425,
    "ndtw": 0.4651383758157374,
    "path_length": 7.530032140435651,
    "oracle_success": 0.3125,
    "steps_taken": 53.0375
}