{
    "distance_to_goal": 9.168784848973155,
    "success": 0.125,
    "spl": 0.12354360792696875,
    "ndtw": 0.4509438066543033,
    "path_length": 7.408695890486706,
    "oracle_success": 0.225,
    "steps_taken": 45.2375
}