{
    "distance_to_goal": 8.544819786585867,
    "success": 0.2125,
    "spl": 0.2013933182204204,
    "ndtw": 0.485528815780153,
    "path_length": 7.593540400778875,
    "oracle_success": 0.2625,
    "steps_taken": 49.025
}