{
    "distance_to_goal": 8.842434702068568,
    "success": 0.2375,
    "spl": 0.22018895835685895,
    "ndtw": 0.4780780453244501,
    "path_length": 7.289107184763997,
    "oracle_success": 0.3125,
    "steps_taken": 48.4375
}