{
    "distance_to_goal": 8.840649881958962,
    "success": 0.2875,
    "spl": 0.26261415525170306,
    "ndtw": 0.47422934019602625,
    "path_length": 7.663180315640057,
    "oracle_success": 0.325,
    "steps_taken": 49.4375
}