{
    "distance_to_goal": 8.669176031649112,
    "success": 0.1625,
    "spl": 0.15117617962071567,
    "ndtw": 0.5056722897393822,
    "path_length": 6.7864843444083816,
    "oracle_success": 0.25,
    "steps_taken": 44.525
}