{
    "distance_to_goal": 8.513065032288432,
    "success": 0.225,
    "spl": 0.215764475109325,
    "ndtw": 0.48753053661206397,
    "path_length": 7.494795461618969,
    "oracle_success": 0.3,
    "steps_taken": 47.7625
}