{
    "distance_to_goal": 8.753736196830868,
    "success": 0.15,
    "spl": 0.13653722272237298,
    "ndtw": 0.484906663022744,
    "path_length": 6.797286852542311,
    "oracle_success": 0.2375,
    "steps_taken": 42.2625
}