{
    "distance_to_goal": 9.205312444083393,
    "success": 0.125,
    "spl": 0.12409047718140345,
    "ndtw": 0.45108661349414814,
    "path_length": 6.007708703528624,
    "oracle_success": 0.1375,
    "steps_taken": 36.4375
}