{
    "distance_to_goal": 8.723465771528286,
    "success": 0.1729200652528548,
    "spl": 0.16474884291831846,
    "ndtw": 0.4382412357916291,
    "path_length": 6.1341387376088585,
    "oracle_success": 0.200652528548124,
    "steps_taken": 49.150081566068515
}