{
    "distance_to_goal": 8.343209880962968,
    "success": 0.2375,
    "spl": 0.22183114435501894,
    "ndtw": 0.4993283021546608,
    "path_length": 6.968649833096424,
    "oracle_success": 0.3,
    "steps_taken": 45.35
}