{
    "distance_to_goal": 7.7498274635150075,
    "success": 0.2467866323907455,
    "spl": 0.2371061632909309,
    "ndtw": 0.5115332393259886,
    "path_length": 6.305670538221088,
    "oracle_success": 0.2737789203084833,
    "steps_taken": 44.660668380462724
}