{
    "distance_to_goal": 8.390155490487814,
    "success": 0.2375,
    "spl": 0.2266687096280106,
    "ndtw": 0.4934651188031188,
    "path_length": 7.03151312842383,
    "oracle_success": 0.3125,
    "steps_taken": 45.225
}