{
    "distance_to_goal": 8.646358564309775,
    "success": 0.1875,
    "spl": 0.18602181795070555,
    "ndtw": 0.48614912907420893,
    "path_length": 5.916952823335305,
    "oracle_success": 0.2125,
    "steps_taken": 36.475
}