{
    "distance_to_goal": 8.875788054987789,
    "success": 0.1625,
    "spl": 0.14366453182415645,
    "ndtw": 0.4799101386427094,
    "path_length": 7.107644280884415,
    "oracle_success": 0.2,
    "steps_taken": 45.0625
}