{
    "distance_to_goal": 8.615705306082964,
    "success": 0.1875,
    "spl": 0.17848497048277764,
    "ndtw": 0.4819129780632121,
    "path_length": 6.130435571540147,
    "oracle_success": 0.2,
    "steps_taken": 40.2125
}