{
    "distance_to_goal": 8.593502212315798,
    "success": 0.225,
    "spl": 0.2135179228384168,
    "ndtw": 0.4884286277353286,
    "path_length": 6.019497110042721,
    "oracle_success": 0.2625,
    "steps_taken": 40.125
}