{
    "distance_to_goal": 8.930583145841956,
    "success": 0.1875,
    "spl": 0.1807914545754225,
    "ndtw": 0.46426700636039636,
    "path_length": 7.395762056298554,
    "oracle_success": 0.3,
    "steps_taken": 48.0625
}