{
    "distance_to_goal": 8.939471082761884,
    "success": 0.1875,
    "spl": 0.16986426147944864,
    "ndtw": 0.4623801033393292,
    "path_length": 6.836213840352139,
    "oracle_success": 0.2,
    "steps_taken": 42.0375
}