{
    "distance_to_goal": 9.106158548593521,
    "success": 0.2125,
    "spl": 0.20298393077952478,
    "ndtw": 0.46157806548032304,
    "path_length": 7.037733918894082,
    "oracle_success": 0.25,
    "steps_taken": 42.9625
}