{
    "distance_to_goal": 8.120137035252963,
    "success": 0.2583547557840617,
    "spl": 0.24367032789219548,
    "ndtw": 0.502953068532571,
    "path_length": 7.013078059692554,
    "oracle_success": 0.2892030848329049,
    "steps_taken": 43.74293059125964
}