{
    "distance_to_goal": 9.45800499413051,
    "success": 0.14192495921696574,
    "spl": 0.12852808724116682,
    "ndtw": 0.39047644024780315,
    "path_length": 8.245959411182403,
    "oracle_success": 0.24850462207721588,
    "steps_taken": 69.31266992930941
}