{
    "distance_to_goal": 8.133834918276204,
    "success": 0.2185089974293059,
    "spl": 0.20120269973075622,
    "ndtw": 0.48913664183482597,
    "path_length": 7.512684602175625,
    "oracle_success": 0.30205655526992287,
    "steps_taken": 53.53213367609254
}