{
    "distance_to_goal": 8.629753801885485,
    "success": 0.2210796915167095,
    "spl": 0.20649264851089374,
    "ndtw": 0.46753592434914354,
    "path_length": 8.678858857865892,
    "oracle_success": 0.3277634961439589,
    "steps_taken": 60.02956298200514
}