{
    "distance_to_goal": 9.323361549153924,
    "success": 0.2375,
    "spl": 0.2225110732375175,
    "ndtw": 0.4477443894000964,
    "path_length": 8.964568820968271,
    "oracle_success": 0.3125,
    "steps_taken": 56.85
}