{
    "distance_to_goal": 10.134358383715153,
    "success": 0.1125,
    "spl": 0.10664333099230343,
    "ndtw": 0.36518106829772934,
    "path_length": 8.802065084446804,
    "oracle_success": 0.225,
    "steps_taken": 66.6
}