{
    "distance_to_goal": 9.143524054796428,
    "success": 0.16367591082109842,
    "spl": 0.15226349465622985,
    "ndtw": 0.4053654897136941,
    "path_length": 7.254418132648913,
    "oracle_success": 0.24197933659597606,
    "steps_taken": 60.28113104948341
}