{"mean_rgb": [0.5329579955513926, 0.4979107319852315, 0.45287528113229336], "std_rgb": [0.18277915693154984, 0.184727365152482, 0.20207039272695324], "mean_depth": [0.22189515100123608], "std_depth": [0.1794383527908944]}
