{
    "distance_to_goal": 10.242419282595316,
    "success": 0.16666666666666666,
    "spl": 0.13616264748735082,
    "ndtw": 0.2835301872993947,
    "path_length": 9.859435519513985,
    "oracle_success": 0.16666666666666666,
    "steps_taken": 160.83333333333334
}