{
    "distance_to_goal": 12.840033292770386,
    "success": 0.0,
    "spl": 0.0,
    "ndtw": 0.20217161103452871,
    "path_length": 9.006075899194306,
    "oracle_success": 0.0,
    "steps_taken": 182.0
}