{
    "distance_to_goal": 9.504667131061089,
    "success": 0.12234910277324633,
    "spl": 0.11336819914884219,
    "ndtw": 0.40117461354158707,
    "path_length": 7.212079086727051,
    "oracle_success": 0.20228384991843393,
    "steps_taken": 60.0494834148994
}