{
    "distance_to_goal": 9.105358345806598,
    "success": 0.2125,
    "spl": 0.19984354363061962,
    "ndtw": 0.4373619437960362,
    "path_length": 7.059639388718642,
    "oracle_success": 0.275,
    "steps_taken": 57.675
}