{
    "distance_to_goal": 8.809813914075495,
    "success": 0.25,
    "spl": 0.22724916854414084,
    "ndtw": 0.46741771752451794,
    "path_length": 8.05029570874176,
    "oracle_success": 0.3625,
    "steps_taken": 59.7875
}