{
    "distance_to_goal": 8.194709418097315,
    "success": 0.23393316195372751,
    "spl": 0.22283103522860445,
    "ndtw": 0.4756027481558524,
    "path_length": 7.676374107482004,
    "oracle_success": 0.32005141388174807,
    "steps_taken": 57.96658097686375
}