{
    "distance_to_goal": 8.841714304685592,
    "success": 0.1875,
    "spl": 0.179328620680544,
    "ndtw": 0.45042293375528286,
    "path_length": 8.008719607035165,
    "oracle_success": 0.2875,
    "steps_taken": 55.6375
}