{
    "distance_to_goal": 8.870209345799944,
    "success": 0.18894601542416453,
    "spl": 0.1766386604685817,
    "ndtw": 0.4460762665093902,
    "path_length": 7.595235520385717,
    "oracle_success": 0.27249357326478146,
    "steps_taken": 60.02185089974293
}