{
    "distance_to_goal": 8.2996419031173,
    "success": 0.3125,
    "spl": 0.28808021829316033,
    "ndtw": 0.48013501186339874,
    "path_length": 8.052348280081059,
    "oracle_success": 0.3625,
    "steps_taken": 60.4875
}