{
    "distance_to_goal": 9.100083127617836,
    "success": 0.25,
    "spl": 0.22670807992584044,
    "ndtw": 0.44578248185702585,
    "path_length": 8.222353631129954,
    "oracle_success": 0.3125,
    "steps_taken": 63.7625
}