{
    "distance_to_goal": 9.963320631161332,
    "success": 0.1875,
    "spl": 0.17682719788023166,
    "ndtw": 0.41497205219831396,
    "path_length": 8.122405923157931,
    "oracle_success": 0.3125,
    "steps_taken": 63.1125
}