{
    "distance_to_goal": 8.913880641758443,
    "success": 0.175,
    "spl": 0.1610492779534932,
    "ndtw": 0.4300089433981503,
    "path_length": 7.617243817317648,
    "oracle_success": 0.225,
    "steps_taken": 55.3375
}