{
    "distance_to_goal": 9.787731782719494,
    "success": 0.175,
    "spl": 0.16441113156615533,
    "ndtw": 0.3833617921319505,
    "path_length": 7.615550781003549,
    "oracle_success": 0.225,
    "steps_taken": 66.375
}