{
    "distance_to_goal": 8.651625261189546,
    "success": 0.1928020565552699,
    "spl": 0.1816710229227276,
    "ndtw": 0.44986035995275936,
    "path_length": 7.469503572881739,
    "oracle_success": 0.2866323907455013,
    "steps_taken": 56.39588688946015
}