{
    "distance_to_goal": 9.336165028437971,
    "success": 0.2125,
    "spl": 0.19606570236350448,
    "ndtw": 0.4369318381650228,
    "path_length": 7.771527448121924,
    "oracle_success": 0.325,
    "steps_taken": 64.5125
}