{
    "distance_to_goal": 9.475766329863527,
    "success": 0.1120174007612833,
    "spl": 0.10204263793497491,
    "ndtw": 0.3952248772863585,
    "path_length": 7.262608994006538,
    "oracle_success": 0.2011963023382273,
    "steps_taken": 58.499184339314844
}