{
    "distance_to_goal": 8.692090838869847,
    "success": 0.18380462724935734,
    "spl": 0.16765071550156235,
    "ndtw": 0.44934971851189104,
    "path_length": 7.639456068859475,
    "oracle_success": 0.2712082262210797,
    "steps_taken": 61.34190231362468
}