{
    "distance_to_goal": 9.339225746318698,
    "success": 0.2375,
    "spl": 0.22006972315119877,
    "ndtw": 0.4610015068548291,
    "path_length": 7.667889229592402,
    "oracle_success": 0.3,
    "steps_taken": 62.3125
}