{
    "distance_to_goal": 8.525634107738734,
    "success": 0.225,
    "spl": 0.20859439112925765,
    "ndtw": 0.4593586982452683,
    "path_length": 7.880282512650592,
    "oracle_success": 0.3375,
    "steps_taken": 59.025
}