{
    "distance_to_goal": 10.148160426691174,
    "success": 0.175,
    "spl": 0.1632554805381337,
    "ndtw": 0.4112404201682353,
    "path_length": 7.277000617032172,
    "oracle_success": 0.2125,
    "steps_taken": 58.95
}