{
    "distance_to_goal": 8.213015171107871,
    "success": 0.23393316195372751,
    "spl": 0.22039863657520198,
    "ndtw": 0.4688949896313423,
    "path_length": 7.88550375283269,
    "oracle_success": 0.32390745501285345,
    "steps_taken": 60.57583547557841
}