{
    "distance_to_goal": 9.22957561078799,
    "success": 0.15878194671016857,
    "spl": 0.1433293859671031,
    "ndtw": 0.40756449409186657,
    "path_length": 8.057292803680806,
    "oracle_success": 0.25666122892876564,
    "steps_taken": 66.4921152800435
}