{
    "distance_to_goal": 8.806568676233292,
    "success": 0.2,
    "spl": 0.18714694966749418,
    "ndtw": 0.4531254468332679,
    "path_length": 8.0216121772537,
    "oracle_success": 0.3125,
    "steps_taken": 58.1125
}