{
    "distance_to_goal": 8.513698754932703,
    "success": 0.23136246786632392,
    "spl": 0.2204946310253018,
    "ndtw": 0.4679769013391863,
    "path_length": 7.337430630892488,
    "oracle_success": 0.2930591259640103,
    "steps_taken": 58.991002570694086
}