{
    "distance_to_goal": 9.778206671401858,
    "success": 0.1375,
    "spl": 0.12916663021049607,
    "ndtw": 0.39925204826139515,
    "path_length": 7.461232678952916,
    "oracle_success": 0.2375,
    "steps_taken": 71.9125
}