{
    "distance_to_goal": 8.799542336162075,
    "success": 0.2120822622107969,
    "spl": 0.19745810531131075,
    "ndtw": 0.4465272069534188,
    "path_length": 8.112367894706065,
    "oracle_success": 0.2917737789203085,
    "steps_taken": 60.7185089974293
}