{
    "distance_to_goal": 9.269864719733595,
    "success": 0.1875,
    "spl": 0.17157512260472452,
    "ndtw": 0.41255267833831893,
    "path_length": 8.715612904044974,
    "oracle_success": 0.325,
    "steps_taken": 62.6125
}