{
    "distance_to_goal": 8.809170800447465,
    "success": 0.2375,
    "spl": 0.22127353689686666,
    "ndtw": 0.4661843796113333,
    "path_length": 7.738410888728685,
    "oracle_success": 0.3,
    "steps_taken": 59.4125
}