{
    "distance_to_goal": 8.175000506532223,
    "success": 0.2493573264781491,
    "spl": 0.23515368214437168,
    "ndtw": 0.48031059005682847,
    "path_length": 7.936825552603784,
    "oracle_success": 0.3341902313624679,
    "steps_taken": 60.40359897172237
}