{
    "distance_to_goal": 9.528975405163614,
    "success": 0.1473626971179989,
    "spl": 0.13753998573372075,
    "ndtw": 0.39500588483008825,
    "path_length": 7.2129271919756555,
    "oracle_success": 0.2077215878194671,
    "steps_taken": 56.58618814573138
}