{
    "distance_to_goal": 9.206890609810182,
    "success": 0.14573137574768896,
    "spl": 0.13400193085022136,
    "ndtw": 0.41974490335198833,
    "path_length": 7.259320024145428,
    "oracle_success": 0.22566612289287658,
    "steps_taken": 59.676454594888526
}