{
    "distance_to_goal": 9.566419249027968,
    "success": 0.1625,
    "spl": 0.15629002938241693,
    "ndtw": 0.40649245885163154,
    "path_length": 7.766295976901892,
    "oracle_success": 0.2625,
    "steps_taken": 58.8375
}