{
    "distance_to_goal": 9.404625520855188,
    "success": 0.2125,
    "spl": 0.20116300178619576,
    "ndtw": 0.45209837219520577,
    "path_length": 7.485640079010045,
    "oracle_success": 0.275,
    "steps_taken": 63.6
}