{
    "distance_to_goal": 8.518597624264657,
    "success": 0.2375,
    "spl": 0.22012676852650648,
    "ndtw": 0.47490733647386935,
    "path_length": 7.827621391124557,
    "oracle_success": 0.3375,
    "steps_taken": 54.7875
}