{
    "distance_to_goal": 8.933515893922673,
    "success": 0.2133676092544987,
    "spl": 0.19951211842784836,
    "ndtw": 0.4454355771684929,
    "path_length": 8.208026995602987,
    "oracle_success": 0.32519280205655526,
    "steps_taken": 64.81491002570694
}