{
    "distance_to_goal": 9.601743453368545,
    "success": 0.1625,
    "spl": 0.15437813517222523,
    "ndtw": 0.42085928531807204,
    "path_length": 7.843217837985139,
    "oracle_success": 0.25,
    "steps_taken": 64.875
}