{
    "distance_to_goal": 7.032096674044927,
    "success": 0.3333333333333333,
    "spl": 0.3333333333333333,
    "ndtw": 0.5730601414778713,
    "path_length": 8.527733099957308,
    "oracle_success": 0.3333333333333333,
    "steps_taken": 59.166666666666664
}