{
    "distance_to_goal": 9.303825244307518,
    "success": 0.05,
    "spl": 0.049495552038611834,
    "ndtw": 0.3631573200099113,
    "path_length": 2.981785803521052,
    "oracle_success": 0.05,
    "steps_taken": 21.5625
}