{
    "distance_to_goal": 9.043226693198084,
    "success": 0.0875,
    "spl": 0.08283160297469547,
    "ndtw": 0.42034823188291676,
    "path_length": 4.940267582819797,
    "oracle_success": 0.0875,
    "steps_taken": 42.0375
}