{
    "distance_to_goal": 9.503812153850514,
    "success": 0.08374116367591082,
    "spl": 0.08161123949190038,
    "ndtw": 0.3711437882435008,
    "path_length": 5.037446081633392,
    "oracle_success": 0.10440456769983687,
    "steps_taken": 39.11256117455139
}