{
    "distance_to_goal": 9.350567741692066,
    "success": 0.0625,
    "spl": 0.06036212408500442,
    "ndtw": 0.37281618610109485,
    "path_length": 3.8720507917925717,
    "oracle_success": 0.0625,
    "steps_taken": 32.45
}