{
    "distance_to_goal": 9.64575116559863,
    "success": 0.1125,
    "spl": 0.10801039082125943,
    "ndtw": 0.3796100161721978,
    "path_length": 5.389031760394573,
    "oracle_success": 0.125,
    "steps_taken": 39.5125
}