{
    "distance_to_goal": 9.257722230255604,
    "success": 0.0375,
    "spl": 0.03675085264346558,
    "ndtw": 0.37970711126459394,
    "path_length": 3.6522172020428116,
    "oracle_success": 0.0375,
    "steps_taken": 28.975
}