{
    "distance_to_goal": 9.389818597383854,
    "success": 0.07712082262210797,
    "spl": 0.0747003464324142,
    "ndtw": 0.379170196077183,
    "path_length": 4.375610820881578,
    "oracle_success": 0.08226221079691516,
    "steps_taken": 34.005141388174806
}