{
    "distance_to_goal": 9.620561906769101,
    "success": 0.10168569874932028,
    "spl": 0.09720518944539307,
    "ndtw": 0.3809764036768499,
    "path_length": 5.894483765750553,
    "oracle_success": 0.13594344752582926,
    "steps_taken": 49.85426862425231
}