{
    "distance_to_goal": 9.219064512103795,
    "success": 0.075,
    "spl": 0.07379066695351098,
    "ndtw": 0.3735554717871922,
    "path_length": 3.776244587689871,
    "oracle_success": 0.075,
    "steps_taken": 26.0875
}