{
    "distance_to_goal": 9.43243089448517,
    "success": 0.14524421593830333,
    "spl": 0.13778643031012017,
    "ndtw": 0.384030977688297,
    "path_length": 5.901493286713832,
    "oracle_success": 0.17095115681233933,
    "steps_taken": 55.804627249357324
}