{
    "distance_to_goal": 9.360406074486672,
    "success": 0.075,
    "spl": 0.07351792534200444,
    "ndtw": 0.3834651355342878,
    "path_length": 4.451629654172575,
    "oracle_success": 0.0875,
    "steps_taken": 42.3875
}