{
    "distance_to_goal": 9.469462986547107,
    "success": 0.10796915167095116,
    "spl": 0.1038768189095103,
    "ndtw": 0.3862745193464285,
    "path_length": 5.1970820541541265,
    "oracle_success": 0.12853470437017994,
    "steps_taken": 49.42416452442159
}