{
    "distance_to_goal": 9.485325696076096,
    "success": 0.12339331619537275,
    "spl": 0.11700227980490684,
    "ndtw": 0.38921497642905467,
    "path_length": 5.461523113809929,
    "oracle_success": 0.15038560411311053,
    "steps_taken": 49.254498714652954
}