{
    "distance_to_goal": 9.249271728098392,
    "success": 0.05,
    "spl": 0.049495552038611834,
    "ndtw": 0.3597234415909228,
    "path_length": 3.2473799041181337,
    "oracle_success": 0.0625,
    "steps_taken": 25.0
}