{
    "distance_to_goal": 9.083388437330722,
    "success": 0.05,
    "spl": 0.049495552038611834,
    "ndtw": 0.3930603594608398,
    "path_length": 3.6081050719425547,
    "oracle_success": 0.05,
    "steps_taken": 23.025
}