{
    "distance_to_goal": 9.654654712975026,
    "success": 0.1125,
    "spl": 0.10273454129825836,
    "ndtw": 0.3640968578484365,
    "path_length": 5.456136821626569,
    "oracle_success": 0.1125,
    "steps_taken": 47.85
}