{
    "distance_to_goal": 9.287353359535336,
    "success": 0.15,
    "spl": 0.14312905637997608,
    "ndtw": 0.390250168162242,
    "path_length": 5.376957323006354,
    "oracle_success": 0.1625,
    "steps_taken": 54.7875
}