{
    "distance_to_goal": 9.951542712002993,
    "success": 0.1125,
    "spl": 0.10443973331866654,
    "ndtw": 0.35764251156823,
    "path_length": 6.5892674877366515,
    "oracle_success": 0.1625,
    "steps_taken": 62.15
}