{
    "distance_to_goal": 9.412312021522105,
    "success": 0.13110539845758354,
    "spl": 0.1222240196796258,
    "ndtw": 0.3960290821614834,
    "path_length": 5.540121110475357,
    "oracle_success": 0.14395886889460155,
    "steps_taken": 49.53598971722365
}