{
    "distance_to_goal": 9.694861677243042,
    "success": 0.14781491002570693,
    "spl": 0.13931262392383717,
    "ndtw": 0.38102099814513096,
    "path_length": 6.705840955213964,
    "oracle_success": 0.1953727506426735,
    "steps_taken": 60.68766066838046
}