{
    "distance_to_goal": 9.994300131514352,
    "success": 0.10440456769983687,
    "spl": 0.0990887364334951,
    "ndtw": 0.35846064421271606,
    "path_length": 6.607602338161603,
    "oracle_success": 0.14410005437737902,
    "steps_taken": 61.41979336595976
}