{
    "distance_to_goal": 9.154377700388432,
    "success": 0.1125,
    "spl": 0.10279062825320824,
    "ndtw": 0.38076945078675745,
    "path_length": 4.667646785930264,
    "oracle_success": 0.125,
    "steps_taken": 44.65
}