{
    "distance_to_goal": 9.261248429305851,
    "success": 0.0625,
    "spl": 0.06192230389571525,
    "ndtw": 0.3730058965075222,
    "path_length": 3.7453977674245835,
    "oracle_success": 0.0625,
    "steps_taken": 36.1375
}