{
    "distance_to_goal": 9.65990976691246,
    "success": 0.125,
    "spl": 0.11467964353512686,
    "ndtw": 0.3784660600651969,
    "path_length": 5.646263046562671,
    "oracle_success": 0.125,
    "steps_taken": 43.1625
}