{
    "distance_to_goal": 9.186017590761185,
    "success": 0.0375,
    "spl": 0.03699555203861184,
    "ndtw": 0.37316167165755043,
    "path_length": 3.266092040587682,
    "oracle_success": 0.05,
    "steps_taken": 25.425
}