{
    "distance_to_goal": 9.318349500745535,
    "success": 0.0875,
    "spl": 0.08604596755836473,
    "ndtw": 0.381832813025048,
    "path_length": 4.636652766700718,
    "oracle_success": 0.0875,
    "steps_taken": 43.475
}