{
    "distance_to_goal": 10.262856216356159,
    "success": 0.0875,
    "spl": 0.08071670454641879,
    "ndtw": 0.3472043414135765,
    "path_length": 5.28865562294668,
    "oracle_success": 0.0875,
    "steps_taken": 43.075
}