{
    "distance_to_goal": 9.739095538109542,
    "success": 0.1125,
    "spl": 0.11143503020958363,
    "ndtw": 0.37491879284830154,
    "path_length": 5.971911877734238,
    "oracle_success": 0.125,
    "steps_taken": 55.25
}