{
    "distance_to_goal": 9.293432476051668,
    "success": 0.13239074550128535,
    "spl": 0.1271852487645838,
    "ndtw": 0.40201944219973945,
    "path_length": 5.295800270194737,
    "oracle_success": 0.14910025706940874,
    "steps_taken": 40.15424164524421
}