{
    "distance_to_goal": 9.252872817218304,
    "success": 0.1125,
    "spl": 0.11138940708741521,
    "ndtw": 0.39447338372909224,
    "path_length": 4.518759078829317,
    "oracle_success": 0.1125,
    "steps_taken": 37.0875
}