{
    "distance_to_goal": 9.78228931831902,
    "success": 0.09244154431756389,
    "spl": 0.08884903850052715,
    "ndtw": 0.36269801909763844,
    "path_length": 5.575340526527775,
    "oracle_success": 0.12071778140293637,
    "steps_taken": 51.8852637302882
}