{
    "distance_to_goal": 9.342462042303502,
    "success": 0.13753213367609254,
    "spl": 0.1339893254780065,
    "ndtw": 0.399577750917792,
    "path_length": 5.97167945229572,
    "oracle_success": 0.17480719794344474,
    "steps_taken": 50.17223650385604
}