{
    "distance_to_goal": 9.245718105323613,
    "success": 0.0375,
    "spl": 0.036922303895715256,
    "ndtw": 0.36147455140344403,
    "path_length": 3.169113619922848,
    "oracle_success": 0.0375,
    "steps_taken": 26.075
}