{
    "distance_to_goal": 9.197615256160498,
    "success": 0.125,
    "spl": 0.11844415163361699,
    "ndtw": 0.4132371855335456,
    "path_length": 9.104957252112218,
    "oracle_success": 0.2625,
    "steps_taken": 57.6875
}