{
    "distance_to_goal": 10.051557717616951,
    "success": 0.1272430668841762,
    "spl": 0.11428225803054899,
    "ndtw": 0.36855275411135874,
    "path_length": 8.892983997904125,
    "oracle_success": 0.233278955954323,
    "steps_taken": 77.3768352365416
}