{
    "distance_to_goal": 8.611057177683994,
    "success": 0.21465295629820053,
    "spl": 0.19335026775276024,
    "ndtw": 0.4301414042574219,
    "path_length": 9.956987484695569,
    "oracle_success": 0.39460154241645246,
    "steps_taken": 69.48071979434447
}