{
    "distance_to_goal": 9.018342236801981,
    "success": 0.1875,
    "spl": 0.17593529648894715,
    "ndtw": 0.3983328308350397,
    "path_length": 9.63626704707849,
    "oracle_success": 0.3375,
    "steps_taken": 68.6
}