{
    "distance_to_goal": 8.929969528378741,
    "success": 0.2236503856041131,
    "spl": 0.20874508591200902,
    "ndtw": 0.44114798377628905,
    "path_length": 9.208403063395307,
    "oracle_success": 0.33547557840616965,
    "steps_taken": 63.7120822622108
}