{
    "distance_to_goal": 10.075719943642616,
    "success": 0.1125,
    "spl": 0.09865968499064352,
    "ndtw": 0.36057180939596956,
    "path_length": 9.516784612598713,
    "oracle_success": 0.3,
    "steps_taken": 68.4625
}