{
    "distance_to_goal": 8.726046560087976,
    "success": 0.18508997429305912,
    "spl": 0.1709626825364209,
    "ndtw": 0.45142763908196987,
    "path_length": 8.84689556982098,
    "oracle_success": 0.33161953727506427,
    "steps_taken": 56.34318766066838
}