{
    "distance_to_goal": 10.460222861170768,
    "success": 0.0875,
    "spl": 0.08036214278551117,
    "ndtw": 0.3584565587811975,
    "path_length": 9.040401848690816,
    "oracle_success": 0.2375,
    "steps_taken": 66.025
}