{
    "distance_to_goal": 10.3807004125725,
    "success": 0.11419249592169657,
    "spl": 0.10523137971373078,
    "ndtw": 0.3572127760679047,
    "path_length": 8.708027452738348,
    "oracle_success": 0.19738988580750408,
    "steps_taken": 68.60195758564437
}