{
    "distance_to_goal": 9.730493416264654,
    "success": 0.1375,
    "spl": 0.12806022098818426,
    "ndtw": 0.39488658042702957,
    "path_length": 8.587466421257705,
    "oracle_success": 0.275,
    "steps_taken": 61.0875
}