{
    "distance_to_goal": 10.634909353405238,
    "success": 0.125,
    "spl": 0.1196683890032841,
    "ndtw": 0.36350296614736777,
    "path_length": 8.70791587804332,
    "oracle_success": 0.2375,
    "steps_taken": 60.35
}