{
    "distance_to_goal": 10.030782052921131,
    "success": 0.1375,
    "spl": 0.1221791712298494,
    "ndtw": 0.3469647859313296,
    "path_length": 9.681520451197866,
    "oracle_success": 0.2875,
    "steps_taken": 71.7875
}