{
    "distance_to_goal": 10.139963169395923,
    "success": 0.1375,
    "spl": 0.12570366047360534,
    "ndtw": 0.3943499150435452,
    "path_length": 9.830417051320547,
    "oracle_success": 0.2625,
    "steps_taken": 66.825
}