{
    "distance_to_goal": 10.551022990606725,
    "success": 0.15,
    "spl": 0.1349599296897002,
    "ndtw": 0.33340049496371665,
    "path_length": 9.180023402752704,
    "oracle_success": 0.2375,
    "steps_taken": 62.1625
}