{
    "distance_to_goal": 10.013629551715601,
    "success": 0.13050570962479607,
    "spl": 0.11500259553589341,
    "ndtw": 0.3646554242956497,
    "path_length": 9.072726713177634,
    "oracle_success": 0.2398042414355628,
    "steps_taken": 73.09624796084829
}