{
    "distance_to_goal": 8.713776551876553,
    "success": 0.2275064267352185,
    "spl": 0.21145365554476284,
    "ndtw": 0.4490827824225355,
    "path_length": 9.640478651957713,
    "oracle_success": 0.3856041131105398,
    "steps_taken": 66.27763496143959
}