{
    "distance_to_goal": 10.920255370438099,
    "success": 0.075,
    "spl": 0.07212390182418846,
    "ndtw": 0.34470284427240455,
    "path_length": 9.197806705642142,
    "oracle_success": 0.225,
    "steps_taken": 74.6125
}