{
    "distance_to_goal": 10.289361499994992,
    "success": 0.125,
    "spl": 0.11883122865645246,
    "ndtw": 0.3771281500592994,
    "path_length": 8.690012417122489,
    "oracle_success": 0.225,
    "steps_taken": 63.4125
}