{
    "distance_to_goal": 11.062101243808865,
    "success": 0.0875,
    "spl": 0.08363835581134053,
    "ndtw": 0.33559474350970653,
    "path_length": 9.31244439496911,
    "oracle_success": 0.225,
    "steps_taken": 61.85
}