{
    "distance_to_goal": 9.510590176284314,
    "success": 0.1375,
    "spl": 0.11970870912752936,
    "ndtw": 0.4084181716634066,
    "path_length": 9.215906526136678,
    "oracle_success": 0.25,
    "steps_taken": 59.1875
}