{
    "distance_to_goal": 9.69000844563833,
    "success": 0.1272430668841762,
    "spl": 0.11436439656589996,
    "ndtw": 0.36793692527679495,
    "path_length": 8.508744256079202,
    "oracle_success": 0.22022838499184338,
    "steps_taken": 67.85644371941272
}