{
    "distance_to_goal": 9.08904285181151,
    "success": 0.18894601542416453,
    "spl": 0.17828214111042742,
    "ndtw": 0.42671274844895934,
    "path_length": 9.015970813553247,
    "oracle_success": 0.3277634961439589,
    "steps_taken": 64.98843187660668
}