{
    "distance_to_goal": 10.776628943905234,
    "success": 0.1,
    "spl": 0.09175867511030374,
    "ndtw": 0.32996491093717756,
    "path_length": 9.560405841114697,
    "oracle_success": 0.2625,
    "steps_taken": 65.875
}