{
    "distance_to_goal": 10.815339023247361,
    "success": 0.0875,
    "spl": 0.07847847041296277,
    "ndtw": 0.31854612517554065,
    "path_length": 9.480680779495742,
    "oracle_success": 0.2625,
    "steps_taken": 64.2625
}