{
    "distance_to_goal": 9.461309504941834,
    "success": 0.16580976863753213,
    "spl": 0.15701740813923326,
    "ndtw": 0.39841154345776614,
    "path_length": 9.328033865188686,
    "oracle_success": 0.32005141388174807,
    "steps_taken": 65.51156812339332
}