{
    "distance_to_goal": 9.26683913205767,
    "success": 0.19665809768637532,
    "spl": 0.18472473629030295,
    "ndtw": 0.43502266322606464,
    "path_length": 9.029450498301568,
    "oracle_success": 0.33161953727506427,
    "steps_taken": 62.38560411311054
}