{
    "distance_to_goal": 9.322755364328623,
    "success": 0.175,
    "spl": 0.14860969219737125,
    "ndtw": 0.41596981208962347,
    "path_length": 9.054338275518967,
    "oracle_success": 0.25,
    "steps_taken": 53.8875
}