{
    "distance_to_goal": 10.378773861750961,
    "success": 0.125,
    "spl": 0.11750149200055249,
    "ndtw": 0.33812218552347534,
    "path_length": 9.302661093417555,
    "oracle_success": 0.2625,
    "steps_taken": 68.975
}