{
    "distance_to_goal": 10.276214026554953,
    "success": 0.125,
    "spl": 0.12098350594384573,
    "ndtw": 0.38577722871387743,
    "path_length": 9.176793085562531,
    "oracle_success": 0.225,
    "steps_taken": 61.3125
}