{
    "distance_to_goal": 10.734363200515508,
    "success": 0.125,
    "spl": 0.104127118589084,
    "ndtw": 0.35341943568471446,
    "path_length": 9.52251919633709,
    "oracle_success": 0.2625,
    "steps_taken": 64.6375
}