{
    "distance_to_goal": 10.101613070815802,
    "success": 0.1375,
    "spl": 0.13616234730517304,
    "ndtw": 0.3906162595486598,
    "path_length": 9.183338315953733,
    "oracle_success": 0.2625,
    "steps_taken": 71.025
}