{
    "distance_to_goal": 10.204214610718191,
    "success": 0.1125,
    "spl": 0.11120319348411174,
    "ndtw": 0.3588654344541535,
    "path_length": 9.528817627043463,
    "oracle_success": 0.3125,
    "steps_taken": 72.725
}