{
    "distance_to_goal": 9.469335460662842,
    "success": 0.15,
    "spl": 0.14083045863149543,
    "ndtw": 0.4268208720726642,
    "path_length": 9.431843451171881,
    "oracle_success": 0.2875,
    "steps_taken": 59.525
}