{
    "distance_to_goal": 8.571462679951233,
    "success": 0.2275064267352185,
    "spl": 0.21383200691512383,
    "ndtw": 0.4487120338587346,
    "path_length": 9.109476686486891,
    "oracle_success": 0.36246786632390743,
    "steps_taken": 65.37532133676092
}