{
    "distance_to_goal": 9.389125625789166,
    "success": 0.1625,
    "spl": 0.15400755649051479,
    "ndtw": 0.41526211113471473,
    "path_length": 8.896180730953347,
    "oracle_success": 0.2625,
    "steps_taken": 60.9125
}