{
    "distance_to_goal": 9.711292458325625,
    "success": 0.1875,
    "spl": 0.17758629326192893,
    "ndtw": 0.4280796612805709,
    "path_length": 8.897732224594801,
    "oracle_success": 0.275,
    "steps_taken": 61.1375
}