{
    "distance_to_goal": 12.225822349637747,
    "success": 0.075,
    "spl": 0.03665206612112783,
    "ndtw": 0.15999125486038504,
    "path_length": 16.15015107706421,
    "oracle_success": 0.375,
    "steps_taken": 180.625
}