{
    "distance_to_goal": 12.481983798742295,
    "success": 0.05,
    "spl": 0.0281382660130993,
    "ndtw": 0.1650399096464209,
    "path_length": 16.301960664372686,
    "oracle_success": 0.3625,
    "steps_taken": 181.05
}