{
    "distance_to_goal": 11.036480194330215,
    "success": 0.05,
    "spl": 0.02068975357226526,
    "ndtw": 0.16933388051574488,
    "path_length": 17.689635226462705,
    "oracle_success": 0.425,
    "steps_taken": 179.925
}