{
    "distance_to_goal": 12.542878843843937,
    "success": 0.075,
    "spl": 0.05876869227887702,
    "ndtw": 0.20665794634888685,
    "path_length": 15.710156808796517,
    "oracle_success": 0.35,
    "steps_taken": 181.175
}