{
    "distance_to_goal": 13.138461347669363,
    "success": 0.0375,
    "spl": 0.019262430325092044,
    "ndtw": 0.1319077486458578,
    "path_length": 17.655662595550506,
    "oracle_success": 0.35,
    "steps_taken": 182.0
}