{
    "distance_to_goal": 11.822625277836861,
    "success": 0.10796915167095116,
    "spl": 0.06266325073897426,
    "ndtw": 0.17986674344949322,
    "path_length": 18.087833700220003,
    "oracle_success": 0.4254498714652956,
    "steps_taken": 181.48714652956298
}