{
    "distance_to_goal": 11.428981279147067,
    "success": 0.08156606851549755,
    "spl": 0.05321805558435555,
    "ndtw": 0.18772544865836763,
    "path_length": 17.308645207571992,
    "oracle_success": 0.35073409461663946,
    "steps_taken": 181.82544861337684
}