{
    "distance_to_goal": 11.748336484066778,
    "success": 0.09640102827763496,
    "spl": 0.048679553020339966,
    "ndtw": 0.1632850394479531,
    "path_length": 18.12489670258336,
    "oracle_success": 0.4254498714652956,
    "steps_taken": 182.0
}