{
    "distance_to_goal": 12.064160027567556,
    "success": 0.08611825192802057,
    "spl": 0.05114182308623491,
    "ndtw": 0.19981306954371758,
    "path_length": 16.79038111789458,
    "oracle_success": 0.36375321336760924,
    "steps_taken": 181.73778920308484
}