{
    "distance_to_goal": 12.082543148824366,
    "success": 0.09125964010282776,
    "spl": 0.060155708959581965,
    "ndtw": 0.16764173337494,
    "path_length": 18.134306127644365,
    "oracle_success": 0.41002570694087404,
    "steps_taken": 179.7789203084833
}