{
    "distance_to_goal": 12.592827897518873,
    "success": 0.1125,
    "spl": 0.05672056716179741,
    "ndtw": 0.17500960530866297,
    "path_length": 16.698782180327974,
    "oracle_success": 0.3,
    "steps_taken": 182.0
}