{
    "distance_to_goal": 12.11749771798561,
    "success": 0.09383033419023136,
    "spl": 0.05579461859912468,
    "ndtw": 0.19131551936855826,
    "path_length": 17.738502318154033,
    "oracle_success": 0.4023136246786632,
    "steps_taken": 181.47943444730078
}