{
    "distance_to_goal": 13.390841095522045,
    "success": 0.0875,
    "spl": 0.04497359891785058,
    "ndtw": 0.1598426689802379,
    "path_length": 17.384278206481632,
    "oracle_success": 0.3375,
    "steps_taken": 182.0
}