{
    "distance_to_goal": 11.742719408124685,
    "success": 0.1125,
    "spl": 0.06997330656373399,
    "ndtw": 0.18804133757875172,
    "path_length": 17.473122393895757,
    "oracle_success": 0.3625,
    "steps_taken": 182.0
}