{
    "distance_to_goal": 12.343498706817627,
    "success": 0.075,
    "spl": 0.03671922644098925,
    "ndtw": 0.17375133923944425,
    "path_length": 16.966148638496815,
    "oracle_success": 0.375,
    "steps_taken": 182.0
}