{
    "distance_to_goal": 12.966549949347973,
    "success": 0.0625,
    "spl": 0.02716695857894432,
    "ndtw": 0.14763839735865278,
    "path_length": 16.939412380289287,
    "oracle_success": 0.375,
    "steps_taken": 182.0
}