{
    "distance_to_goal": 12.975951571762561,
    "success": 0.0125,
    "spl": 0.005454573497632871,
    "ndtw": 0.15574578547274978,
    "path_length": 18.207919663836947,
    "oracle_success": 0.3625,
    "steps_taken": 182.0
}