{
    "distance_to_goal": 11.721942673497152,
    "success": 0.10925449871465295,
    "spl": 0.07088908301270254,
    "ndtw": 0.19211869685307364,
    "path_length": 17.361068933343414,
    "oracle_success": 0.39203084832904883,
    "steps_taken": 181.4910025706941
}