{
    "distance_to_goal": 11.360852227222667,
    "success": 0.0734094616639478,
    "spl": 0.04438525909742692,
    "ndtw": 0.1732005858491938,
    "path_length": 17.39958866665515,
    "oracle_success": 0.34094616639477976,
    "steps_taken": 181.442088091354
}