{
    "distance_to_goal": 12.226109527836728,
    "success": 0.09254498714652956,
    "spl": 0.06189703071739256,
    "ndtw": 0.18742163058964526,
    "path_length": 17.480283544305966,
    "oracle_success": 0.42159383033419023,
    "steps_taken": 181.780205655527
}