{
    "distance_to_goal": 11.849806562947125,
    "success": 0.08868894601542417,
    "spl": 0.05681201553954025,
    "ndtw": 0.1798063070419574,
    "path_length": 18.093344424284183,
    "oracle_success": 0.4370179948586118,
    "steps_taken": 182.0
}