{
    "distance_to_goal": 12.320474777370691,
    "success": 0.0375,
    "spl": 0.023363681926976975,
    "ndtw": 0.19443286939478654,
    "path_length": 17.895491036628663,
    "oracle_success": 0.375,
    "steps_taken": 182.0
}