{
    "distance_to_goal": 13.161344611644745,
    "success": 0.025,
    "spl": 0.01639570536295182,
    "ndtw": 0.1469161116712537,
    "path_length": 17.60864986634101,
    "oracle_success": 0.375,
    "steps_taken": 182.0
}