{
    "distance_to_goal": 11.206227808445693,
    "success": 0.125,
    "spl": 0.07243276568859502,
    "ndtw": 0.204477557284073,
    "path_length": 16.32971164469222,
    "oracle_success": 0.4375,
    "steps_taken": 182.0
}