{
    "distance_to_goal": 13.223466430604457,
    "success": 0.0125,
    "spl": 0.005093943778403233,
    "ndtw": 0.14104349018941756,
    "path_length": 17.021835726260907,
    "oracle_success": 0.325,
    "steps_taken": 182.0
}