{
    "distance_to_goal": 11.679557291777677,
    "success": 0.09624796084828711,
    "spl": 0.05064288429767207,
    "ndtw": 0.15296794797253016,
    "path_length": 18.500419889438422,
    "oracle_success": 0.3605220228384992,
    "steps_taken": 179.00489396411092
}