{
    "distance_to_goal": 12.397756289690733,
    "success": 0.0375,
    "spl": 0.032624644252517716,
    "ndtw": 0.18694606884054063,
    "path_length": 16.8879260769586,
    "oracle_success": 0.35,
    "steps_taken": 182.0
}