{
    "distance_to_goal": 12.556766677647829,
    "success": 0.1,
    "spl": 0.05015175713114954,
    "ndtw": 0.17981524280417144,
    "path_length": 18.208507607108913,
    "oracle_success": 0.425,
    "steps_taken": 182.0
}