{
    "distance_to_goal": 12.146701588947327,
    "success": 0.05,
    "spl": 0.02085150440813288,
    "ndtw": 0.12812410123285137,
    "path_length": 18.176485453562098,
    "oracle_success": 0.4125,
    "steps_taken": 182.0
}