{
    "distance_to_goal": 13.050177323818207,
    "success": 0.075,
    "spl": 0.048325332608533146,
    "ndtw": 0.15906406549104352,
    "path_length": 16.020525544382718,
    "oracle_success": 0.3125,
    "steps_taken": 182.0
}