{
    "distance_to_goal": 11.289858969010497,
    "success": 0.08972267536704731,
    "spl": 0.049963807781967316,
    "ndtw": 0.18270948909343745,
    "path_length": 17.06760077491431,
    "oracle_success": 0.33985861881457313,
    "steps_taken": 181.4584013050571
}