{
    "distance_to_goal": 13.618142913281918,
    "success": 0.0375,
    "spl": 0.018091766672549282,
    "ndtw": 0.1443648795091828,
    "path_length": 18.33107714852691,
    "oracle_success": 0.35,
    "steps_taken": 181.025
}