{
    "distance_to_goal": 12.855283105373383,
    "success": 0.0625,
    "spl": 0.027167357442182693,
    "ndtw": 0.11785946568222565,
    "path_length": 18.170731086273292,
    "oracle_success": 0.3625,
    "steps_taken": 182.0
}