{
    "distance_to_goal": 12.650630973279476,
    "success": 0.0875,
    "spl": 0.047199138857948665,
    "ndtw": 0.1443843716009256,
    "path_length": 16.540902540187997,
    "oracle_success": 0.3625,
    "steps_taken": 179.4625
}