{
    "distance_to_goal": 12.690259265899659,
    "success": 0.1,
    "spl": 0.04657680191836198,
    "ndtw": 0.14548336274354387,
    "path_length": 16.683980168138806,
    "oracle_success": 0.3625,
    "steps_taken": 182.0
}