{
    "distance_to_goal": 12.196290719509125,
    "success": 0.075,
    "spl": 0.05028530972235266,
    "ndtw": 0.19095068872389048,
    "path_length": 15.998586763227001,
    "oracle_success": 0.3875,
    "steps_taken": 182.0
}