{
    "distance_to_goal": 11.292523359507323,
    "success": 0.1125,
    "spl": 0.04661761972434893,
    "ndtw": 0.15652654112501949,
    "path_length": 16.034360322951397,
    "oracle_success": 0.4125,
    "steps_taken": 182.0
}