{
    "distance_to_goal": 12.222565700113773,
    "success": 0.05,
    "spl": 0.02072872366802151,
    "ndtw": 0.14346221611670062,
    "path_length": 18.15810166472511,
    "oracle_success": 0.3875,
    "steps_taken": 182.0
}