{
    "distance_to_goal": 11.358316460996866,
    "success": 0.05,
    "spl": 0.019888140393436105,
    "ndtw": 0.16549367760044897,
    "path_length": 16.277755555154,
    "oracle_success": 0.3625,
    "steps_taken": 182.0
}