{
    "distance_to_goal": 9.77171245366335,
    "success": 0.2,
    "spl": 0.17459951577605515,
    "ndtw": 0.395818473646318,
    "path_length": 8.764552859868854,
    "oracle_success": 0.3,
    "steps_taken": 77.775
}