{
    "distance_to_goal": 10.308589321747423,
    "success": 0.075,
    "spl": 0.071094354794636,
    "ndtw": 0.33227969296096604,
    "path_length": 8.42295565570239,
    "oracle_success": 0.1875,
    "steps_taken": 74.2625
}