{
    "distance_to_goal": 9.470967321496236,
    "success": 0.18123393316195371,
    "spl": 0.16740912303512256,
    "ndtw": 0.39732561627524876,
    "path_length": 8.95493873316135,
    "oracle_success": 0.3213367609254499,
    "steps_taken": 76.50642673521851
}