{
    "distance_to_goal": 9.251929658065265,
    "success": 0.16580976863753213,
    "spl": 0.15085353841573085,
    "ndtw": 0.40428302228268376,
    "path_length": 8.944281789378167,
    "oracle_success": 0.31748071979434445,
    "steps_taken": 78.44730077120822
}