{
    "distance_to_goal": 10.13068267153576,
    "success": 0.15,
    "spl": 0.1300370666295628,
    "ndtw": 0.37314151334668194,
    "path_length": 8.60529699694016,
    "oracle_success": 0.2125,
    "steps_taken": 74.2125
}