{
    "distance_to_goal": 9.474089607223869,
    "success": 0.2,
    "spl": 0.17772191690217035,
    "ndtw": 0.39377593388858106,
    "path_length": 8.734690032355138,
    "oracle_success": 0.2875,
    "steps_taken": 69.5125
}