{
    "distance_to_goal": 10.945418903231621,
    "success": 0.125,
    "spl": 0.10521734399606504,
    "ndtw": 0.3282779040232796,
    "path_length": 9.464100132165864,
    "oracle_success": 0.2625,
    "steps_taken": 82.2625
}