{
    "distance_to_goal": 9.932040133699775,
    "success": 0.1375,
    "spl": 0.12069127121621018,
    "ndtw": 0.3721053339546575,
    "path_length": 8.349664815946017,
    "oracle_success": 0.2375,
    "steps_taken": 83.9875
}