{
    "distance_to_goal": 9.930354447947241,
    "success": 0.11691136487221315,
    "spl": 0.10025047114254394,
    "ndtw": 0.3469519976304542,
    "path_length": 8.178218966169757,
    "oracle_success": 0.19195214790647092,
    "steps_taken": 81.37357259380097
}