{
    "distance_to_goal": 9.776414506137371,
    "success": 0.15,
    "spl": 0.12607321682520312,
    "ndtw": 0.3594460708285038,
    "path_length": 8.633237661593594,
    "oracle_success": 0.2625,
    "steps_taken": 87.975
}