{
    "distance_to_goal": 9.947075938805938,
    "success": 0.0625,
    "spl": 0.05179289719778968,
    "ndtw": 0.3513737222252263,
    "path_length": 8.228955623529327,
    "oracle_success": 0.1375,
    "steps_taken": 76.825
}