{
    "distance_to_goal": 9.0330975391258,
    "success": 0.17994858611825193,
    "spl": 0.15661419487760245,
    "ndtw": 0.4021368901200034,
    "path_length": 8.638250954714845,
    "oracle_success": 0.30848329048843187,
    "steps_taken": 81.98714652956298
}