{
    "distance_to_goal": 9.442339622974396,
    "success": 0.175,
    "spl": 0.15212948234965568,
    "ndtw": 0.40600477253756145,
    "path_length": 8.39122654344964,
    "oracle_success": 0.2375,
    "steps_taken": 80.1875
}