{
    "distance_to_goal": 9.68470823019743,
    "success": 0.1375,
    "spl": 0.11921200622788312,
    "ndtw": 0.38284245201176226,
    "path_length": 8.028430099315107,
    "oracle_success": 0.2125,
    "steps_taken": 68.475
}