{
    "distance_to_goal": 9.598714784160256,
    "success": 0.125,
    "spl": 0.11687822130086886,
    "ndtw": 0.3866743462893303,
    "path_length": 9.367081187766354,
    "oracle_success": 0.2875,
    "steps_taken": 79.525
}