{
    "distance_to_goal": 10.017619209736585,
    "success": 0.1625,
    "spl": 0.14516257409993258,
    "ndtw": 0.3938023814163102,
    "path_length": 8.863413544511422,
    "oracle_success": 0.275,
    "steps_taken": 82.5625
}