{
    "distance_to_goal": 9.277394907269628,
    "success": 0.1625,
    "spl": 0.14016035785871733,
    "ndtw": 0.39715955629558075,
    "path_length": 8.424747129579192,
    "oracle_success": 0.275,
    "steps_taken": 83.05
}