{
    "distance_to_goal": 10.379503839462995,
    "success": 0.1125,
    "spl": 0.09280465856498402,
    "ndtw": 0.3525678105017326,
    "path_length": 7.596671505476115,
    "oracle_success": 0.1625,
    "steps_taken": 81.1875
}