{
    "distance_to_goal": 9.834604655951262,
    "success": 0.1875,
    "spl": 0.15557483296758085,
    "ndtw": 0.3784405247099162,
    "path_length": 8.502216809202197,
    "oracle_success": 0.2625,
    "steps_taken": 81.2875
}