{
    "distance_to_goal": 10.149750679731369,
    "success": 0.09135399673735727,
    "spl": 0.077319485508408,
    "ndtw": 0.34387704982413125,
    "path_length": 8.409605436266864,
    "oracle_success": 0.18325176726481784,
    "steps_taken": 90.0331702011963
}