{
    "distance_to_goal": 10.529935733228921,
    "success": 0.125,
    "spl": 0.1163018970096458,
    "ndtw": 0.348832313031371,
    "path_length": 9.289759254545572,
    "oracle_success": 0.2875,
    "steps_taken": 75.5625
}