{
    "distance_to_goal": 9.098275327552253,
    "success": 0.17866323907455012,
    "spl": 0.16298164443432417,
    "ndtw": 0.4222798389719183,
    "path_length": 8.367902653890994,
    "oracle_success": 0.3046272493573265,
    "steps_taken": 74.11953727506426
}