{
    "distance_to_goal": 9.940044535995503,
    "success": 0.10929853181076672,
    "spl": 0.09580497951904002,
    "ndtw": 0.3539678187646892,
    "path_length": 8.008944008700812,
    "oracle_success": 0.19303969548667754,
    "steps_taken": 82.01250679717238
}