{
    "distance_to_goal": 9.613345827162266,
    "success": 0.1375,
    "spl": 0.11316183122665772,
    "ndtw": 0.3609617578711469,
    "path_length": 9.252261860309227,
    "oracle_success": 0.2875,
    "steps_taken": 79.55
}