{
    "distance_to_goal": 9.791376213729382,
    "success": 0.1625,
    "spl": 0.14424697922481067,
    "ndtw": 0.3957427899516198,
    "path_length": 8.130070206336677,
    "oracle_success": 0.275,
    "steps_taken": 65.7625
}