{
    "distance_to_goal": 9.83715507388115,
    "success": 0.1375,
    "spl": 0.11647490007472572,
    "ndtw": 0.37840193086677804,
    "path_length": 8.097070722243176,
    "oracle_success": 0.1875,
    "steps_taken": 81.8125
}