{
    "distance_to_goal": 9.855794127689206,
    "success": 0.10929853181076672,
    "spl": 0.09756223031795996,
    "ndtw": 0.36508925676290704,
    "path_length": 7.280136552018919,
    "oracle_success": 0.17346383904295812,
    "steps_taken": 76.20119630233823
}