{
    "distance_to_goal": 9.312778169437669,
    "success": 0.14781491002570693,
    "spl": 0.12852023302371515,
    "ndtw": 0.4016585437054191,
    "path_length": 9.011406285024364,
    "oracle_success": 0.3149100257069409,
    "steps_taken": 77.54498714652956
}