{
    "distance_to_goal": 10.484983672946692,
    "success": 0.1625,
    "spl": 0.14608184169528654,
    "ndtw": 0.35781712245600594,
    "path_length": 8.887681674564124,
    "oracle_success": 0.2875,
    "steps_taken": 79.725
}