{
    "distance_to_goal": 10.369621409475803,
    "success": 0.0875,
    "spl": 0.08005992042536489,
    "ndtw": 0.3650858851499158,
    "path_length": 7.906778037707113,
    "oracle_success": 0.2125,
    "steps_taken": 69.55
}