{
    "distance_to_goal": 10.424189886450767,
    "success": 0.15,
    "spl": 0.12975535120891474,
    "ndtw": 0.3432855279051214,
    "path_length": 9.042148097664434,
    "oracle_success": 0.3125,
    "steps_taken": 75.15
}