{
    "distance_to_goal": 9.941465909034013,
    "success": 0.175,
    "spl": 0.15411224052156708,
    "ndtw": 0.4022484157089055,
    "path_length": 8.979726535931695,
    "oracle_success": 0.275,
    "steps_taken": 69.275
}