{
    "distance_to_goal": 8.94449678695447,
    "success": 0.1928020565552699,
    "spl": 0.17643603871738806,
    "ndtw": 0.426193272873271,
    "path_length": 8.54710531358735,
    "oracle_success": 0.31876606683804626,
    "steps_taken": 76.79434447300771
}