{
    "distance_to_goal": 9.008393821457357,
    "success": 0.18766066838046272,
    "spl": 0.17217130715622309,
    "ndtw": 0.410962585738928,
    "path_length": 9.17427050155778,
    "oracle_success": 0.36118251928020567,
    "steps_taken": 89.41902313624679
}