{
    "distance_to_goal": 9.601039357483387,
    "success": 0.2375,
    "spl": 0.21458199047878185,
    "ndtw": 0.4110551086489525,
    "path_length": 8.873035648785208,
    "oracle_success": 0.3125,
    "steps_taken": 84.9125
}