{
    "distance_to_goal": 10.283009054139256,
    "success": 0.075,
    "spl": 0.07162690270786168,
    "ndtw": 0.3508625053285989,
    "path_length": 8.529173674428716,
    "oracle_success": 0.25,
    "steps_taken": 84.2375
}