{
    "distance_to_goal": 8.89819814352879,
    "success": 0.21465295629820053,
    "spl": 0.19652954483851467,
    "ndtw": 0.43337230274561944,
    "path_length": 8.476699574404952,
    "oracle_success": 0.3264781491002571,
    "steps_taken": 80.1413881748072
}