{
    "distance_to_goal": 10.141621834039688,
    "success": 0.0625,
    "spl": 0.05491209512838594,
    "ndtw": 0.3422743225734952,
    "path_length": 9.048627782455878,
    "oracle_success": 0.225,
    "steps_taken": 78.55
}