{
    "distance_to_goal": 8.743857602402567,
    "success": 0.225,
    "spl": 0.21572925496785117,
    "ndtw": 0.4545532214023721,
    "path_length": 6.938850442226976,
    "oracle_success": 0.2625,
    "steps_taken": 95.4
}