{
    "distance_to_goal": 8.670431728102267,
    "success": 0.2,
    "spl": 0.18080217179466632,
    "ndtw": 0.47219994548895067,
    "path_length": 7.361865316028707,
    "oracle_success": 0.275,
    "steps_taken": 47.7
}