{
    "distance_to_goal": 7.690225915265076,
    "success": 0.2403598971722365,
    "spl": 0.22490822639767008,
    "ndtw": 0.5034005715371825,
    "path_length": 8.244001733243813,
    "oracle_success": 0.33676092544987146,
    "steps_taken": 84.1439588688946
}