{
    "distance_to_goal": 9.562218055129051,
    "success": 0.1125,
    "spl": 0.10837673311073708,
    "ndtw": 0.42012632493006236,
    "path_length": 6.045049351640046,
    "oracle_success": 0.125,
    "steps_taken": 38.75
}