{
    "distance_to_goal": 7.829798124916851,
    "success": 0.2375,
    "spl": 0.2338000047563363,
    "ndtw": 0.5017990974194597,
    "path_length": 7.291445519936255,
    "oracle_success": 0.2875,
    "steps_taken": 63.9125
}