{
    "distance_to_goal": 7.973806502111256,
    "success": 0.2375,
    "spl": 0.2201259003414325,
    "ndtw": 0.49447926796912667,
    "path_length": 7.845352546775247,
    "oracle_success": 0.3125,
    "steps_taken": 78.675
}