{
    "distance_to_goal": 9.313321838341654,
    "success": 0.1125,
    "spl": 0.10881860541344031,
    "ndtw": 0.42973366394528145,
    "path_length": 6.2420478217944035,
    "oracle_success": 0.15,
    "steps_taken": 37.8375
}