{
    "distance_to_goal": 8.73577188141644,
    "success": 0.225,
    "spl": 0.21740578372338706,
    "ndtw": 0.4695152913106025,
    "path_length": 6.867016994627193,
    "oracle_success": 0.275,
    "steps_taken": 65.275
}