{
    "distance_to_goal": 8.895354285649955,
    "success": 0.175,
    "spl": 0.16516426705568782,
    "ndtw": 0.44498543680365465,
    "path_length": 7.462030310340924,
    "oracle_success": 0.2375,
    "steps_taken": 50.7
}