{
    "distance_to_goal": 8.796511272713541,
    "success": 0.1875,
    "spl": 0.1804039768658546,
    "ndtw": 0.440580840526693,
    "path_length": 6.872658670281217,
    "oracle_success": 0.225,
    "steps_taken": 92.6875
}