{
    "distance_to_goal": 8.935416863113641,
    "success": 0.1375,
    "spl": 0.13074297370864124,
    "ndtw": 0.4438397419823755,
    "path_length": 5.9410991055134215,
    "oracle_success": 0.1625,
    "steps_taken": 36.3625
}