{
    "distance_to_goal": 8.198314563930035,
    "success": 0.2625,
    "spl": 0.24882990517924536,
    "ndtw": 0.47421579348255405,
    "path_length": 8.000005627793724,
    "oracle_success": 0.3125,
    "steps_taken": 73.2
}