{
    "distance_to_goal": 9.718350304663181,
    "success": 0.125,
    "spl": 0.11329597027905206,
    "ndtw": 0.41070562218658013,
    "path_length": 7.401703252544013,
    "oracle_success": 0.175,
    "steps_taken": 47.0875
}