{
    "distance_to_goal": 8.039326568506658,
    "success": 0.275,
    "spl": 0.2604338228535642,
    "ndtw": 0.49623484185909017,
    "path_length": 8.258811501448509,
    "oracle_success": 0.3625,
    "steps_taken": 74.275
}