{
    "distance_to_goal": 8.193087388761342,
    "success": 0.275,
    "spl": 0.26065236136830217,
    "ndtw": 0.5036470841030403,
    "path_length": 7.986634480309666,
    "oracle_success": 0.3375,
    "steps_taken": 62.3375
}