{
    "distance_to_goal": 8.456146043725312,
    "success": 0.225,
    "spl": 0.2067164131035179,
    "ndtw": 0.4682658036667773,
    "path_length": 7.807758836608845,
    "oracle_success": 0.3125,
    "steps_taken": 54.825
}