{
    "distance_to_goal": 8.586729644465018,
    "success": 0.17781402936378465,
    "spl": 0.16290196501077342,
    "ndtw": 0.43691539579418637,
    "path_length": 7.558049236953276,
    "oracle_success": 0.24306688417618272,
    "steps_taken": 90.05709624796084
}