{
    "distance_to_goal": 8.596679414249957,
    "success": 0.225,
    "spl": 0.20378102488543243,
    "ndtw": 0.4510068877325649,
    "path_length": 7.819553167658159,
    "oracle_success": 0.3125,
    "steps_taken": 105.0125
}