{
    "distance_to_goal": 8.489053086005152,
    "success": 0.2125,
    "spl": 0.20303637262304625,
    "ndtw": 0.46697707697748525,
    "path_length": 7.750264708253089,
    "oracle_success": 0.3125,
    "steps_taken": 89.075
}