{
    "distance_to_goal": 8.410697166441802,
    "success": 0.18270799347471453,
    "spl": 0.16491023902115295,
    "ndtw": 0.4475415218546139,
    "path_length": 7.729625532655608,
    "oracle_success": 0.25122349102773245,
    "steps_taken": 105.27079934747145
}