{
    "distance_to_goal": 8.678996632620692,
    "success": 0.2,
    "spl": 0.19367603430668737,
    "ndtw": 0.46238638602924836,
    "path_length": 7.264628450199962,
    "oracle_success": 0.225,
    "steps_taken": 54.3125
}