{
    "distance_to_goal": 8.51965087670833,
    "success": 0.225,
    "spl": 0.21304311252146507,
    "ndtw": 0.4652310221250045,
    "path_length": 7.3398110048443765,
    "oracle_success": 0.25,
    "steps_taken": 63.525
}