{
    "distance_to_goal": 8.755142896994949,
    "success": 0.2375,
    "spl": 0.21597736901608927,
    "ndtw": 0.44810059372763533,
    "path_length": 7.570837140176446,
    "oracle_success": 0.2875,
    "steps_taken": 77.4875
}