{
    "distance_to_goal": 8.980383224599063,
    "success": 0.15,
    "spl": 0.13564822943422886,
    "ndtw": 0.4296822042455899,
    "path_length": 7.877438409958268,
    "oracle_success": 0.2125,
    "steps_taken": 86.9375
}