{
    "distance_to_goal": 8.508070092462003,
    "success": 0.225,
    "spl": 0.21560107495194628,
    "ndtw": 0.4506701281105115,
    "path_length": 7.870458192076126,
    "oracle_success": 0.275,
    "steps_taken": 56.5375
}