{
    "distance_to_goal": 8.456214025896042,
    "success": 0.25,
    "spl": 0.22643462415353754,
    "ndtw": 0.48318441864310724,
    "path_length": 7.791936708821448,
    "oracle_success": 0.3125,
    "steps_taken": 75.3625
}