{
    "distance_to_goal": 8.555669610667973,
    "success": 0.2,
    "spl": 0.194886403663826,
    "ndtw": 0.47461975007642365,
    "path_length": 7.303723818127764,
    "oracle_success": 0.2375,
    "steps_taken": 48.25
}