{
    "distance_to_goal": 9.35831535309553,
    "success": 0.125,
    "spl": 0.12032165210140419,
    "ndtw": 0.4135017023929718,
    "path_length": 5.970978680747794,
    "oracle_success": 0.1375,
    "steps_taken": 38.8375
}