{
    "distance_to_goal": 8.53596527017653,
    "success": 0.2125,
    "spl": 0.19729087992595934,
    "ndtw": 0.46212460442415254,
    "path_length": 7.3531671338458535,
    "oracle_success": 0.25,
    "steps_taken": 71.95
}