{
    "distance_to_goal": 8.799357288330793,
    "success": 0.225,
    "spl": 0.19764199371036256,
    "ndtw": 0.44185133192555953,
    "path_length": 8.09938457752623,
    "oracle_success": 0.2625,
    "steps_taken": 74.15
}