{
    "distance_to_goal": 8.718832207843661,
    "success": 0.175,
    "spl": 0.15509196428146704,
    "ndtw": 0.44241508698653814,
    "path_length": 8.940398987729568,
    "oracle_success": 0.3375,
    "steps_taken": 109.1125
}