{
    "distance_to_goal": 8.728685701079666,
    "success": 0.125,
    "spl": 0.12437676419502212,
    "ndtw": 0.4559289629079097,
    "path_length": 7.051541390139609,
    "oracle_success": 0.1875,
    "steps_taken": 56.4125
}