{
    "distance_to_goal": 8.661811893821055,
    "success": 0.16965742251223492,
    "spl": 0.15551073638638857,
    "ndtw": 0.4472221850707819,
    "path_length": 7.320159554957296,
    "oracle_success": 0.23164763458401305,
    "steps_taken": 78.49592169657423
}