{
    "distance_to_goal": 8.318085698969663,
    "success": 0.25,
    "spl": 0.22778280973418125,
    "ndtw": 0.4699474920869454,
    "path_length": 7.691292486290912,
    "oracle_success": 0.2875,
    "steps_taken": 108.0375
}