{
    "distance_to_goal": 8.577279224433005,
    "success": 0.2125,
    "spl": 0.19174506139293035,
    "ndtw": 0.4549959770396854,
    "path_length": 7.8887304609757845,
    "oracle_success": 0.275,
    "steps_taken": 71.3375
}