{
    "distance_to_goal": 8.367181391636029,
    "success": 0.16802610114192496,
    "spl": 0.15169864165340888,
    "ndtw": 0.44812121861491006,
    "path_length": 7.621177162348686,
    "oracle_success": 0.22512234910277323,
    "steps_taken": 92.3768352365416
}