{
    "distance_to_goal": 8.662442365288735,
    "success": 0.175,
    "spl": 0.16929718978369762,
    "ndtw": 0.4541265627577105,
    "path_length": 7.576085721951676,
    "oracle_success": 0.225,
    "steps_taken": 51.8125
}