{
    "distance_to_goal": 7.684251976560964,
    "success": 0.28406169665809766,
    "spl": 0.2677812511792674,
    "ndtw": 0.5156257372349597,
    "path_length": 8.197670783790526,
    "oracle_success": 0.38431876606683807,
    "steps_taken": 72.54113110539846
}