{
    "distance_to_goal": 9.055481308326126,
    "success": 0.175,
    "spl": 0.17024524029646365,
    "ndtw": 0.4550490995945881,
    "path_length": 7.261698781559244,
    "oracle_success": 0.2125,
    "steps_taken": 45.1125
}