{
    "distance_to_goal": 9.010641586966813,
    "success": 0.1875,
    "spl": 0.1660683595017382,
    "ndtw": 0.4434534210235303,
    "path_length": 7.518101445771753,
    "oracle_success": 0.25,
    "steps_taken": 92.4125
}