{
    "distance_to_goal": 8.35186498630792,
    "success": 0.2375,
    "spl": 0.22039739377675702,
    "ndtw": 0.4760996598306404,
    "path_length": 7.156912629958242,
    "oracle_success": 0.2625,
    "steps_taken": 44.5125
}