{
    "distance_to_goal": 7.568451754164649,
    "success": 0.2506426735218509,
    "spl": 0.24142880367707378,
    "ndtw": 0.5273350090742572,
    "path_length": 7.402508872780278,
    "oracle_success": 0.33161953727506427,
    "steps_taken": 81.8547557840617
}