{
    "distance_to_goal": 8.545769906044006,
    "success": 0.275,
    "spl": 0.25197680689025065,
    "ndtw": 0.48342924786627606,
    "path_length": 7.569334951524047,
    "oracle_success": 0.3125,
    "steps_taken": 84.1625
}