{
    "distance_to_goal": 9.546929028630256,
    "success": 0.1375,
    "spl": 0.12521166558903724,
    "ndtw": 0.40734828073684587,
    "path_length": 7.055989726702682,
    "oracle_success": 0.1625,
    "steps_taken": 44.9625
}