{
    "distance_to_goal": 8.662004255875946,
    "success": 0.175,
    "spl": 0.1557748832596046,
    "ndtw": 0.4773333606929623,
    "path_length": 7.317879312043078,
    "oracle_success": 0.2125,
    "steps_taken": 45.05
}