{
    "distance_to_goal": 8.180871751718223,
    "success": 0.2625,
    "spl": 0.24491679355221013,
    "ndtw": 0.4785648513128574,
    "path_length": 8.401249465439468,
    "oracle_success": 0.35,
    "steps_taken": 85.4875
}