{
    "distance_to_goal": 8.544146388396621,
    "success": 0.2125,
    "spl": 0.21069528161731502,
    "ndtw": 0.4579133881089912,
    "path_length": 6.884028922333381,
    "oracle_success": 0.2375,
    "steps_taken": 66.525
}