{
    "distance_to_goal": 8.365704357251525,
    "success": 0.1875,
    "spl": 0.17868212214933446,
    "ndtw": 0.47620672973242356,
    "path_length": 7.653637235736733,
    "oracle_success": 0.2875,
    "steps_taken": 87.1125
}