{
    "distance_to_goal": 8.744255487900228,
    "success": 0.2625,
    "spl": 0.25153160583493916,
    "ndtw": 0.48648799072226634,
    "path_length": 6.912505938694812,
    "oracle_success": 0.275,
    "steps_taken": 43.3875
}