{
    "distance_to_goal": 9.313773479312658,
    "success": 0.175,
    "spl": 0.1624376049543749,
    "ndtw": 0.4395972651746861,
    "path_length": 8.203356836829334,
    "oracle_success": 0.2375,
    "steps_taken": 50.625
}