{
    "distance_to_goal": 8.812356640584767,
    "success": 0.2125,
    "spl": 0.2008820004303454,
    "ndtw": 0.4592777831046555,
    "path_length": 7.642418710840866,
    "oracle_success": 0.2875,
    "steps_taken": 73.275
}