{
    "distance_to_goal": 9.571141018532217,
    "success": 0.175,
    "spl": 0.1662708046067612,
    "ndtw": 0.4311007489256635,
    "path_length": 8.000251597757451,
    "oracle_success": 0.225,
    "steps_taken": 60.9375
}