{
    "distance_to_goal": 8.631874344311655,
    "success": 0.1625,
    "spl": 0.15929572652260796,
    "ndtw": 0.44515572583921426,
    "path_length": 7.916113963744136,
    "oracle_success": 0.2375,
    "steps_taken": 57.8375
}