{
    "distance_to_goal": 7.197417684641588,
    "success": 0.2467866323907455,
    "spl": 0.2352777040637931,
    "ndtw": 0.5259229351904671,
    "path_length": 7.500413032649475,
    "oracle_success": 0.33161953727506427,
    "steps_taken": 98.83676092544987
}