{
    "distance_to_goal": 7.616327347746239,
    "success": 0.2660668380462725,
    "spl": 0.2452133196190632,
    "ndtw": 0.4957018941824322,
    "path_length": 8.430203080724695,
    "oracle_success": 0.3508997429305913,
    "steps_taken": 81.26349614395887
}