{
    "distance_to_goal": 8.427102495543659,
    "success": 0.275,
    "spl": 0.25315935782801374,
    "ndtw": 0.44999619725533896,
    "path_length": 8.417099756130483,
    "oracle_success": 0.325,
    "steps_taken": 80.9125
}