{
    "distance_to_goal": 8.471001446805895,
    "success": 0.2125,
    "spl": 0.20115523943887142,
    "ndtw": 0.47635498778191093,
    "path_length": 7.409908405598253,
    "oracle_success": 0.2375,
    "steps_taken": 95.05
}