{
    "distance_to_goal": 8.355790601111948,
    "success": 0.1625,
    "spl": 0.1553013897678557,
    "ndtw": 0.4797579087627989,
    "path_length": 7.780750889628412,
    "oracle_success": 0.2375,
    "steps_taken": 61.4625
}