{
    "distance_to_goal": 8.538652777485549,
    "success": 0.225,
    "spl": 0.20907353048262203,
    "ndtw": 0.45342574442561706,
    "path_length": 8.619830865995027,
    "oracle_success": 0.3,
    "steps_taken": 100.325
}