{
    "distance_to_goal": 8.36162322536111,
    "success": 0.2375,
    "spl": 0.2174677457986464,
    "ndtw": 0.4706572747665394,
    "path_length": 7.809301272279117,
    "oracle_success": 0.2875,
    "steps_taken": 66.7875
}