{
    "distance_to_goal": 9.128185410052538,
    "success": 0.1875,
    "spl": 0.17373022849489878,
    "ndtw": 0.4422966394910978,
    "path_length": 7.516069910675287,
    "oracle_success": 0.2375,
    "steps_taken": 47.6875
}