{
    "distance_to_goal": 8.383179179765284,
    "success": 0.225,
    "spl": 0.21643443623656897,
    "ndtw": 0.47845234891253996,
    "path_length": 6.941591300314758,
    "oracle_success": 0.25,
    "steps_taken": 78.4625
}