{
    "distance_to_goal": 9.048647895269095,
    "success": 0.2,
    "spl": 0.19672562878527816,
    "ndtw": 0.44567098875413613,
    "path_length": 7.379184102185536,
    "oracle_success": 0.2375,
    "steps_taken": 54.825
}