{
    "distance_to_goal": 9.662810757011176,
    "success": 0.175,
    "spl": 0.15445764384957425,
    "ndtw": 0.41880785097624396,
    "path_length": 7.023092089381533,
    "oracle_success": 0.2125,
    "steps_taken": 44.6625
}