{
    "distance_to_goal": 9.303938993066549,
    "success": 0.1375,
    "spl": 0.12507399312134904,
    "ndtw": 0.42506378814571777,
    "path_length": 7.0946675417129885,
    "oracle_success": 0.1875,
    "steps_taken": 44.55
}