{
    "distance_to_goal": 8.678413375094532,
    "success": 0.2125,
    "spl": 0.19365555788800043,
    "ndtw": 0.4700161717184387,
    "path_length": 7.480867075687274,
    "oracle_success": 0.25,
    "steps_taken": 51.075
}