{
    "distance_to_goal": 9.142987389303745,
    "success": 0.2625,
    "spl": 0.2379015281423415,
    "ndtw": 0.43682380523753983,
    "path_length": 9.074182013625977,
    "oracle_success": 0.325,
    "steps_taken": 79.75
}