{
    "distance_to_goal": 8.177279119379818,
    "success": 0.25,
    "spl": 0.24465394374618793,
    "ndtw": 0.4849486078181292,
    "path_length": 7.277015351923183,
    "oracle_success": 0.275,
    "steps_taken": 79.5625
}