{
    "distance_to_goal": 8.438977274484932,
    "success": 0.2,
    "spl": 0.19732855712473701,
    "ndtw": 0.47679680514300715,
    "path_length": 7.248178181052208,
    "oracle_success": 0.275,
    "steps_taken": 90.9125
}