{
    "distance_to_goal": 7.981999989412725,
    "success": 0.225,
    "spl": 0.2203209361640177,
    "ndtw": 0.48179115402296624,
    "path_length": 6.836667004646733,
    "oracle_success": 0.2625,
    "steps_taken": 64.3125
}