{
    "distance_to_goal": 7.900128944776952,
    "success": 0.25,
    "spl": 0.23737050079756586,
    "ndtw": 0.49264424881927626,
    "path_length": 7.664215429965407,
    "oracle_success": 0.3125,
    "steps_taken": 78.8875
}