{
    "distance_to_goal": 9.179373930767179,
    "success": 0.1625,
    "spl": 0.15843489100347205,
    "ndtw": 0.44125121458349836,
    "path_length": 7.049304849082546,
    "oracle_success": 0.2,
    "steps_taken": 47.8125
}