{
    "distance_to_goal": 7.9808374106884,
    "success": 0.2875,
    "spl": 0.2773828817080105,
    "ndtw": 0.4966782221711238,
    "path_length": 7.248487907231083,
    "oracle_success": 0.325,
    "steps_taken": 75.7375
}