{
    "distance_to_goal": 9.569506127014757,
    "success": 0.175,
    "spl": 0.16145714906338443,
    "ndtw": 0.4180281616298339,
    "path_length": 8.097947529797603,
    "oracle_success": 0.25,
    "steps_taken": 52.6125
}