{
    "distance_to_goal": 9.555008137971162,
    "success": 0.1125,
    "spl": 0.1097575616309678,
    "ndtw": 0.41348443392127193,
    "path_length": 6.06854284190922,
    "oracle_success": 0.1375,
    "steps_taken": 37.575
}