{
    "distance_to_goal": 7.427608294129985,
    "success": 0.25578406169665807,
    "spl": 0.24255586770632642,
    "ndtw": 0.525676315231498,
    "path_length": 7.394009720131918,
    "oracle_success": 0.3329048843187661,
    "steps_taken": 85.7133676092545
}