{
    "distance_to_goal": 8.801337425783277,
    "success": 0.175,
    "spl": 0.1669595670216672,
    "ndtw": 0.4425413348606367,
    "path_length": 7.346366784579585,
    "oracle_success": 0.2125,
    "steps_taken": 69.5625
}