{
    "distance_to_goal": 8.380028443224727,
    "success": 0.25,
    "spl": 0.2351453303627832,
    "ndtw": 0.4818534220881755,
    "path_length": 7.458862189389765,
    "oracle_success": 0.2875,
    "steps_taken": 69.1125
}