{
    "distance_to_goal": 7.249268035780265,
    "success": 0.27892030848329047,
    "spl": 0.2597542252362457,
    "ndtw": 0.5254353463563419,
    "path_length": 8.124006784401274,
    "oracle_success": 0.37532133676092544,
    "steps_taken": 75.05912596401028
}