{
    "distance_to_goal": 9.141414697375149,
    "success": 0.175,
    "spl": 0.17231468257896262,
    "ndtw": 0.44705957746704694,
    "path_length": 7.4405834068486,
    "oracle_success": 0.2625,
    "steps_taken": 60.875
}