{
    "distance_to_goal": 8.523959731124341,
    "success": 0.2125,
    "spl": 0.20507319816749833,
    "ndtw": 0.47795580437672214,
    "path_length": 6.689408037429779,
    "oracle_success": 0.2625,
    "steps_taken": 121.85
}