{
    "distance_to_goal": 8.445952716097235,
    "success": 0.2125,
    "spl": 0.20710745446618942,
    "ndtw": 0.46766798157763906,
    "path_length": 7.470721593124326,
    "oracle_success": 0.25,
    "steps_taken": 59.425
}