{
    "distance_to_goal": 8.787636427953839,
    "success": 0.2125,
    "spl": 0.20926000479002943,
    "ndtw": 0.4717083342507576,
    "path_length": 7.299707740056329,
    "oracle_success": 0.25,
    "steps_taken": 43.8125
}