{
    "distance_to_goal": 7.543173817328745,
    "success": 0.2609254498714653,
    "spl": 0.24564015571951658,
    "ndtw": 0.5203633946815082,
    "path_length": 8.09563160265575,
    "oracle_success": 0.3496143958868895,
    "steps_taken": 86.05526992287918
}