{
    "distance_to_goal": 8.637086116336286,
    "success": 0.225,
    "spl": 0.21085618919102417,
    "ndtw": 0.4646364660050676,
    "path_length": 7.652996388598632,
    "oracle_success": 0.2625,
    "steps_taken": 86.65
}