{
    "distance_to_goal": 7.763705904595554,
    "success": 0.225,
    "spl": 0.21876498237711584,
    "ndtw": 0.4946864005267765,
    "path_length": 7.71740115430206,
    "oracle_success": 0.3125,
    "steps_taken": 63.1
}