{
    "distance_to_goal": 7.824721752665937,
    "success": 0.275,
    "spl": 0.2646181697970559,
    "ndtw": 0.5121471762192116,
    "path_length": 7.472489889184944,
    "oracle_success": 0.3125,
    "steps_taken": 100.4625
}