{
    "distance_to_goal": 8.896918856352567,
    "success": 0.225,
    "spl": 0.21352282545184723,
    "ndtw": 0.4665902433643222,
    "path_length": 8.019156676338753,
    "oracle_success": 0.2875,
    "steps_taken": 57.5125
}