{
    "distance_to_goal": 8.276270889875821,
    "success": 0.23136246786632392,
    "spl": 0.21943482542769385,
    "ndtw": 0.47751346712358744,
    "path_length": 8.686554988062314,
    "oracle_success": 0.36375321336760924,
    "steps_taken": 62.05784061696658
}