{
    "distance_to_goal": 9.53273723358334,
    "success": 0.1402936378466558,
    "spl": 0.12912711484348696,
    "ndtw": 0.3842611675162675,
    "path_length": 7.607068602755171,
    "oracle_success": 0.2169657422512235,
    "steps_taken": 64.95595432300163
}