{
    "distance_to_goal": 9.470291851826778,
    "success": 0.12561174551386622,
    "spl": 0.11697431129679421,
    "ndtw": 0.3959328307805519,
    "path_length": 7.192384593807403,
    "oracle_success": 0.19249592169657423,
    "steps_taken": 58.4589450788472
}