{
    "distance_to_goal": 8.091417214672791,
    "success": 0.2467866323907455,
    "spl": 0.2283214433117758,
    "ndtw": 0.4796086012301184,
    "path_length": 8.809405702736116,
    "oracle_success": 0.36246786632390743,
    "steps_taken": 61.361182519280206
}