{
    "distance_to_goal": 8.456141491234302,
    "success": 0.2625,
    "spl": 0.24585216148821468,
    "ndtw": 0.47744221733543624,
    "path_length": 7.888693152205088,
    "oracle_success": 0.325,
    "steps_taken": 50.9125
}