{
    "distance_to_goal": 8.51462749503553,
    "success": 0.225,
    "spl": 0.20898806921968874,
    "ndtw": 0.46198773320225195,
    "path_length": 8.133338390482823,
    "oracle_success": 0.2875,
    "steps_taken": 62.375
}