{
    "distance_to_goal": 8.06535740143076,
    "success": 0.2480719794344473,
    "spl": 0.23158449933243228,
    "ndtw": 0.4757702745746891,
    "path_length": 8.395289952798697,
    "oracle_success": 0.34832904884318766,
    "steps_taken": 57.94344473007712
}