{
    "distance_to_goal": 8.889099017530679,
    "success": 0.1875,
    "spl": 0.16928854078103617,
    "ndtw": 0.45046141074288854,
    "path_length": 7.619083580639563,
    "oracle_success": 0.2375,
    "steps_taken": 59.175
}