{
    "distance_to_goal": 8.775745709240436,
    "success": 0.1875,
    "spl": 0.17443127613610324,
    "ndtw": 0.45328630249762175,
    "path_length": 8.303978783154161,
    "oracle_success": 0.3125,
    "steps_taken": 57.0375
}