{
    "distance_to_goal": 9.716060833771506,
    "success": 0.14192495921696574,
    "spl": 0.12603482239464986,
    "ndtw": 0.3752976417634269,
    "path_length": 8.79976261070656,
    "oracle_success": 0.2626427406199021,
    "steps_taken": 73.29961935834693
}