{
    "distance_to_goal": 7.960063897552098,
    "success": 0.2467866323907455,
    "spl": 0.2344302509871852,
    "ndtw": 0.4838681706986823,
    "path_length": 7.936241356864281,
    "oracle_success": 0.34318766066838047,
    "steps_taken": 56.491002570694086
}