{
    "distance_to_goal": 8.739436483302736,
    "success": 0.2133676092544987,
    "spl": 0.19785257890662744,
    "ndtw": 0.45245040695549826,
    "path_length": 8.906131556368841,
    "oracle_success": 0.34061696658097684,
    "steps_taken": 63.72879177377892
}