{
    "distance_to_goal": 9.390161613636469,
    "success": 0.1500815660685155,
    "spl": 0.13626875716570203,
    "ndtw": 0.39705703408055937,
    "path_length": 7.8012973461223085,
    "oracle_success": 0.22185970636215335,
    "steps_taken": 59.17346383904296
}