{
    "distance_to_goal": 9.313016363233327,
    "success": 0.175,
    "spl": 0.16864122184603805,
    "ndtw": 0.41473942252772045,
    "path_length": 8.03707194835879,
    "oracle_success": 0.25,
    "steps_taken": 54.3125
}