{
    "distance_to_goal": 8.74485968204651,
    "success": 0.19794344473007713,
    "spl": 0.18568499837223676,
    "ndtw": 0.4324070842971442,
    "path_length": 8.674813223241907,
    "oracle_success": 0.3213367609254499,
    "steps_taken": 64.38817480719794
}