{
    "distance_to_goal": 8.401617850926357,
    "success": 0.2043701799485861,
    "spl": 0.19220078221424802,
    "ndtw": 0.46500004791824257,
    "path_length": 8.004115775570048,
    "oracle_success": 0.3046272493573265,
    "steps_taken": 64.46915167095116
}