{
    "distance_to_goal": 9.922131211683155,
    "success": 0.1875,
    "spl": 0.18090135453895134,
    "ndtw": 0.38864026359496756,
    "path_length": 8.631060339260149,
    "oracle_success": 0.2875,
    "steps_taken": 63.7625
}