{
    "distance_to_goal": 8.492702681944731,
    "success": 0.19922879177377892,
    "spl": 0.19041262590400043,
    "ndtw": 0.46653621546101615,
    "path_length": 8.209778914922326,
    "oracle_success": 0.3161953727506427,
    "steps_taken": 58.03598971722365
}