{
    "distance_to_goal": 8.793759357370437,
    "success": 0.1625,
    "spl": 0.15174596171521518,
    "ndtw": 0.46048395233872397,
    "path_length": 7.656092616380192,
    "oracle_success": 0.2375,
    "steps_taken": 53.6
}