{
    "distance_to_goal": 8.500209315866233,
    "success": 0.1625,
    "spl": 0.15304517139090268,
    "ndtw": 0.4585817837516316,
    "path_length": 8.300058256206103,
    "oracle_success": 0.2875,
    "steps_taken": 57.6
}