{
    "distance_to_goal": 8.222209648787976,
    "success": 0.1625,
    "spl": 0.1408830228173587,
    "ndtw": 0.47681099586873243,
    "path_length": 8.658654762525112,
    "oracle_success": 0.3125,
    "steps_taken": 56.2125
}