{
    "distance_to_goal": 7.45985296701864,
    "success": 0.2660668380462725,
    "spl": 0.25398426662707946,
    "ndtw": 0.51285641496055,
    "path_length": 8.028310266124132,
    "oracle_success": 0.36632390745501286,
    "steps_taken": 52.51413881748072
}