{
    "distance_to_goal": 8.908025973848998,
    "success": 0.2125,
    "spl": 0.19107910677764853,
    "ndtw": 0.45179035643806065,
    "path_length": 7.854953714495059,
    "oracle_success": 0.2375,
    "steps_taken": 59.175
}