{
    "distance_to_goal": 7.9205464100465175,
    "success": 0.1875,
    "spl": 0.17007285703280842,
    "ndtw": 0.49759055452464007,
    "path_length": 8.130378826498054,
    "oracle_success": 0.3125,
    "steps_taken": 61.1375
}