{
    "distance_to_goal": 8.793519207386298,
    "success": 0.17781402936378465,
    "spl": 0.16562753731913402,
    "ndtw": 0.4277997432693006,
    "path_length": 7.2226095719947665,
    "oracle_success": 0.22022838499184338,
    "steps_taken": 56.63240891789016
}