{
    "distance_to_goal": 7.948466805822592,
    "success": 0.2506426735218509,
    "spl": 0.2335459567215056,
    "ndtw": 0.49657242013422426,
    "path_length": 8.137409854140477,
    "oracle_success": 0.3508997429305913,
    "steps_taken": 56.22622107969152
}