{
    "distance_to_goal": 7.59894340466708,
    "success": 0.25,
    "spl": 0.22602574248869237,
    "ndtw": 0.5151345382510842,
    "path_length": 7.766837814252358,
    "oracle_success": 0.3125,
    "steps_taken": 58.05
}