{
    "distance_to_goal": 8.029816224053501,
    "success": 0.1625,
    "spl": 0.15576549664404932,
    "ndtw": 0.4837883438349692,
    "path_length": 8.606565856159431,
    "oracle_success": 0.2375,
    "steps_taken": 57.55
}