{
    "distance_to_goal": 8.040476009808481,
    "success": 0.2375,
    "spl": 0.22084305591040984,
    "ndtw": 0.5043592341804738,
    "path_length": 7.569917795510264,
    "oracle_success": 0.2875,
    "steps_taken": 49.875
}