{
    "distance_to_goal": 8.355626097507775,
    "success": 0.1875,
    "spl": 0.17277519922456575,
    "ndtw": 0.4768206975796844,
    "path_length": 8.407105947751552,
    "oracle_success": 0.2875,
    "steps_taken": 57.95
}