{
    "distance_to_goal": 8.20020012613386,
    "success": 0.225,
    "spl": 0.20724304541363567,
    "ndtw": 0.48551597416176884,
    "path_length": 7.711350925336592,
    "oracle_success": 0.275,
    "steps_taken": 59.875
}