{
    "distance_to_goal": 8.788664880208671,
    "success": 0.1875,
    "spl": 0.1624550634056079,
    "ndtw": 0.4537394473689852,
    "path_length": 7.506400941114407,
    "oracle_success": 0.2625,
    "steps_taken": 64.1
}