{
    "distance_to_goal": 7.544300517436011,
    "success": 0.24293059125964012,
    "spl": 0.2306931331179407,
    "ndtw": 0.5057391653796053,
    "path_length": 7.753283949068731,
    "oracle_success": 0.3046272493573265,
    "steps_taken": 56.70822622107969
}