{
    "distance_to_goal": 8.953636382706463,
    "success": 0.1875,
    "spl": 0.1708795722444718,
    "ndtw": 0.47300569659964786,
    "path_length": 8.304416304593905,
    "oracle_success": 0.275,
    "steps_taken": 55.6625
}