{
    "distance_to_goal": 8.366746170260011,
    "success": 0.175,
    "spl": 0.15983502717441098,
    "ndtw": 0.47849112960286855,
    "path_length": 7.809161323495209,
    "oracle_success": 0.2375,
    "steps_taken": 51.2375
}