{
    "distance_to_goal": 7.886661974899471,
    "success": 0.1875,
    "spl": 0.16626647947195977,
    "ndtw": 0.49334859859126096,
    "path_length": 8.082189557049423,
    "oracle_success": 0.325,
    "steps_taken": 57.1875
}