{
    "distance_to_goal": 8.066440310329199,
    "success": 0.2125,
    "spl": 0.19487575450531136,
    "ndtw": 0.49253442672159886,
    "path_length": 8.15807493980974,
    "oracle_success": 0.325,
    "steps_taken": 55.0875
}