{
    "distance_to_goal": 8.658510831207474,
    "success": 0.1533442088091354,
    "spl": 0.1433235980547126,
    "ndtw": 0.4307277864231492,
    "path_length": 7.1389596353805445,
    "oracle_success": 0.21207177814029363,
    "steps_taken": 58.908646003262646
}