{
    "distance_to_goal": 7.516367459224398,
    "success": 0.2583547557840617,
    "spl": 0.24076434161670596,
    "ndtw": 0.5197819913573268,
    "path_length": 7.9749423704729265,
    "oracle_success": 0.33547557840616965,
    "steps_taken": 57.152956298200515
}