{
    "distance_to_goal": 8.060432112962008,
    "success": 0.275,
    "spl": 0.25525282257171755,
    "ndtw": 0.5051761672927404,
    "path_length": 8.22154691889882,
    "oracle_success": 0.3375,
    "steps_taken": 54.65
}