{
    "distance_to_goal": 8.406485960446298,
    "success": 0.225,
    "spl": 0.21293586114945473,
    "ndtw": 0.4705052113280348,
    "path_length": 7.652290455636103,
    "oracle_success": 0.2625,
    "steps_taken": 48.65
}