{
    "distance_to_goal": 7.6728798564523455,
    "success": 0.2875,
    "spl": 0.27046359849520457,
    "ndtw": 0.5233570844452011,
    "path_length": 8.656256700586528,
    "oracle_success": 0.3875,
    "steps_taken": 54.2875
}