{
    "distance_to_goal": 7.402999095896446,
    "success": 0.2622107969151671,
    "spl": 0.2456151637239881,
    "ndtw": 0.5209149950426298,
    "path_length": 8.056566068303534,
    "oracle_success": 0.36632390745501286,
    "steps_taken": 55.79177377892031
}