{
    "distance_to_goal": 7.833028086088598,
    "success": 0.2125,
    "spl": 0.19934213006432486,
    "ndtw": 0.5075957285738821,
    "path_length": 8.406660913967062,
    "oracle_success": 0.275,
    "steps_taken": 51.2875
}