{
    "distance_to_goal": 8.620785818994046,
    "success": 0.1125,
    "spl": 0.10597617654888661,
    "ndtw": 0.4488998757324823,
    "path_length": 7.8666040584445,
    "oracle_success": 0.225,
    "steps_taken": 52.9125
}