{
    "distance_to_goal": 8.0270637312904,
    "success": 0.1875,
    "spl": 0.16995362703984726,
    "ndtw": 0.4835183022671646,
    "path_length": 8.34479589755647,
    "oracle_success": 0.25,
    "steps_taken": 69.125
}