{
    "distance_to_goal": 8.544996527209879,
    "success": 0.25,
    "spl": 0.23092277989342777,
    "ndtw": 0.4858375717753197,
    "path_length": 7.693739782972261,
    "oracle_success": 0.2875,
    "steps_taken": 49.3875
}