{
    "distance_to_goal": 7.961667699380215,
    "success": 0.2660668380462725,
    "spl": 0.2519346533686739,
    "ndtw": 0.49898426281487174,
    "path_length": 8.252520728871197,
    "oracle_success": 0.3508997429305913,
    "steps_taken": 55.03984575835476
}