{
    "distance_to_goal": 8.254545548744499,
    "success": 0.1875,
    "spl": 0.16629226417287135,
    "ndtw": 0.4701403105714962,
    "path_length": 8.156773996399716,
    "oracle_success": 0.3125,
    "steps_taken": 60.475
}