{
    "distance_to_goal": 8.428026056289672,
    "success": 0.1875,
    "spl": 0.16569821343453522,
    "ndtw": 0.46073578928113684,
    "path_length": 7.607088550971821,
    "oracle_success": 0.25,
    "steps_taken": 54.15
}