{
    "distance_to_goal": 8.16094287764281,
    "success": 0.2375,
    "spl": 0.21576380601936437,
    "ndtw": 0.49327510535512087,
    "path_length": 7.733662827988155,
    "oracle_success": 0.2875,
    "steps_taken": 51.625
}