{
    "distance_to_goal": 7.9450660772621635,
    "success": 0.2875,
    "spl": 0.2657615700052177,
    "ndtw": 0.49961074650913995,
    "path_length": 8.036813912959769,
    "oracle_success": 0.3625,
    "steps_taken": 51.9875
}