{
    "distance_to_goal": 7.783146988786757,
    "success": 0.175,
    "spl": 0.16057354242780042,
    "ndtw": 0.5157979694306277,
    "path_length": 7.88128682714887,
    "oracle_success": 0.2625,
    "steps_taken": 52.6125
}