{
    "distance_to_goal": 8.100035357475281,
    "success": 0.25,
    "spl": 0.23047516400725532,
    "ndtw": 0.4813997678279187,
    "path_length": 8.131259719678201,
    "oracle_success": 0.3375,
    "steps_taken": 55.5375
}