{
    "distance_to_goal": 8.262740663997828,
    "success": 0.225,
    "spl": 0.20999349064655198,
    "ndtw": 0.4912301631582256,
    "path_length": 7.606836337316781,
    "oracle_success": 0.2875,
    "steps_taken": 58.85
}