{
    "distance_to_goal": 7.854762095212936,
    "success": 0.1875,
    "spl": 0.16721688398783735,
    "ndtw": 0.49588847422515353,
    "path_length": 8.232784030062613,
    "oracle_success": 0.2875,
    "steps_taken": 68.5625
}