{
    "distance_to_goal": 8.053550685010851,
    "success": 0.2,
    "spl": 0.1802162204975502,
    "ndtw": 0.4887881424929241,
    "path_length": 7.654479070426897,
    "oracle_success": 0.275,
    "steps_taken": 58.9375
}