{
    "distance_to_goal": 8.22198628783226,
    "success": 0.1625,
    "spl": 0.14535542343287963,
    "ndtw": 0.4736295509584603,
    "path_length": 8.414832329929686,
    "oracle_success": 0.3125,
    "steps_taken": 64.4375
}