{
    "distance_to_goal": 8.058651386015118,
    "success": 0.2,
    "spl": 0.18379389620193348,
    "ndtw": 0.49946014049261506,
    "path_length": 7.433472908451222,
    "oracle_success": 0.225,
    "steps_taken": 49.9875
}