{
    "distance_to_goal": 8.57085081674827,
    "success": 0.18760195758564438,
    "spl": 0.17769203449073243,
    "ndtw": 0.4359836127180296,
    "path_length": 7.1629878417744575,
    "oracle_success": 0.24796084828711257,
    "steps_taken": 60.67373572593801
}