{
    "distance_to_goal": 7.909360510669648,
    "success": 0.2375,
    "spl": 0.22432310530815744,
    "ndtw": 0.5066291166210559,
    "path_length": 7.668049776081807,
    "oracle_success": 0.3,
    "steps_taken": 53.1375
}