{
    "distance_to_goal": 8.21416241377592,
    "success": 0.1875,
    "spl": 0.17407755555086543,
    "ndtw": 0.4892584229910638,
    "path_length": 7.6838538241805505,
    "oracle_success": 0.2875,
    "steps_taken": 51.15
}