{
    "distance_to_goal": 7.556008694134652,
    "success": 0.2375,
    "spl": 0.2221365171512415,
    "ndtw": 0.5224698251298169,
    "path_length": 7.31937960209325,
    "oracle_success": 0.2875,
    "steps_taken": 61.575
}