{
    "distance_to_goal": 8.196199125610292,
    "success": 0.2,
    "spl": 0.18571938719014203,
    "ndtw": 0.48301784779305557,
    "path_length": 8.249592167057562,
    "oracle_success": 0.2875,
    "steps_taken": 56.875
}