{
    "distance_to_goal": 7.808168753598527,
    "success": 0.2544987146529563,
    "spl": 0.24005197112923615,
    "ndtw": 0.5049595988882831,
    "path_length": 7.914772818019895,
    "oracle_success": 0.3393316195372751,
    "steps_taken": 52.897172236503856
}