{
    "distance_to_goal": 7.339676892370522,
    "success": 0.2917737789203085,
    "spl": 0.27770779128630635,
    "ndtw": 0.5209923160252691,
    "path_length": 8.51046908492565,
    "oracle_success": 0.38046272493573263,
    "steps_taken": 55.54755784061697
}