{
    "distance_to_goal": 8.887922326075506,
    "success": 0.17944535073409462,
    "spl": 0.16498892973794316,
    "ndtw": 0.43169995749487183,
    "path_length": 7.664915389025069,
    "oracle_success": 0.24306688417618272,
    "steps_taken": 59.776508972267536
}