{
    "distance_to_goal": 8.23136388566345,
    "success": 0.225,
    "spl": 0.21083316642981517,
    "ndtw": 0.4807803062481494,
    "path_length": 8.035548951895908,
    "oracle_success": 0.275,
    "steps_taken": 57.8375
}