{
    "distance_to_goal": 8.496857178770005,
    "success": 0.1375,
    "spl": 0.12578763449326502,
    "ndtw": 0.46902141544578857,
    "path_length": 7.873303865967318,
    "oracle_success": 0.2625,
    "steps_taken": 51.3
}