{
    "distance_to_goal": 9.438059118017554,
    "success": 0.1625,
    "spl": 0.15075823941170063,
    "ndtw": 0.42499859622204983,
    "path_length": 7.163472109334994,
    "oracle_success": 0.2125,
    "steps_taken": 70.175
}