{
    "distance_to_goal": 9.502563700824975,
    "success": 0.1125,
    "spl": 0.10616655408978377,
    "ndtw": 0.4145508032766835,
    "path_length": 7.6241466243460305,
    "oracle_success": 0.1625,
    "steps_taken": 62.9125
}