{
    "distance_to_goal": 8.563143896489645,
    "success": 0.23136246786632392,
    "spl": 0.21579983589807092,
    "ndtw": 0.448621258310473,
    "path_length": 7.853724702115558,
    "oracle_success": 0.30848329048843187,
    "steps_taken": 66.53084832904884
}