{
    "distance_to_goal": 8.87813082050082,
    "success": 0.19794344473007713,
    "spl": 0.1894847228696372,
    "ndtw": 0.4366020628490794,
    "path_length": 7.215235780193844,
    "oracle_success": 0.2699228791773779,
    "steps_taken": 70.07840616966581
}