{
    "distance_to_goal": 8.645974057912827,
    "success": 0.1875,
    "spl": 0.16588536022334027,
    "ndtw": 0.4638401255931478,
    "path_length": 7.439362874787766,
    "oracle_success": 0.225,
    "steps_taken": 63.55
}