{
    "distance_to_goal": 9.297924646894007,
    "success": 0.12289287656334964,
    "spl": 0.11366908024847937,
    "ndtw": 0.3919988790250214,
    "path_length": 6.685092670092765,
    "oracle_success": 0.16748232735182164,
    "steps_taken": 65.89613920609027
}