{
    "distance_to_goal": 8.127122148126364,
    "success": 0.2375,
    "spl": 0.22509850020244046,
    "ndtw": 0.4795495217944804,
    "path_length": 5.884797299990896,
    "oracle_success": 0.2375,
    "steps_taken": 52.35
}