{
    "distance_to_goal": 8.871056992934111,
    "success": 0.16709511568123395,
    "spl": 0.15459105665813638,
    "ndtw": 0.42850406970263005,
    "path_length": 7.323841222902801,
    "oracle_success": 0.2326478149100257,
    "steps_taken": 66.0012853470437
}