{
    "distance_to_goal": 9.229232907181787,
    "success": 0.1272430668841762,
    "spl": 0.11813051730201914,
    "ndtw": 0.39778103157507855,
    "path_length": 6.6765411589242865,
    "oracle_success": 0.18270799347471453,
    "steps_taken": 68.76617727025557
}