{
    "distance_to_goal": 9.090999479126186,
    "success": 0.1625,
    "spl": 0.15212528584761262,
    "ndtw": 0.44250321636393986,
    "path_length": 6.283784129610285,
    "oracle_success": 0.175,
    "steps_taken": 54.0625
}