{
    "distance_to_goal": 9.585601237788797,
    "success": 0.125,
    "spl": 0.11835739813195194,
    "ndtw": 0.39541562529068586,
    "path_length": 7.4539115130988645,
    "oracle_success": 0.1625,
    "steps_taken": 70.3625
}