{
    "distance_to_goal": 9.120050455629826,
    "success": 0.1125,
    "spl": 0.11081410390196596,
    "ndtw": 0.42934928046792953,
    "path_length": 6.252219694642259,
    "oracle_success": 0.15,
    "steps_taken": 62.5625
}