{
    "distance_to_goal": 8.79952159486711,
    "success": 0.2375,
    "spl": 0.22443797194543308,
    "ndtw": 0.4662279410646525,
    "path_length": 7.723023107941683,
    "oracle_success": 0.2875,
    "steps_taken": 69.85
}