{
    "distance_to_goal": 9.408790169825627,
    "success": 0.1179989124524198,
    "spl": 0.1047262283480194,
    "ndtw": 0.38194613767202906,
    "path_length": 7.307829435491253,
    "oracle_success": 0.19358346927678086,
    "steps_taken": 73.8531810766721
}