{
    "distance_to_goal": 8.242022550466128,
    "success": 0.2210796915167095,
    "spl": 0.21323578186705264,
    "ndtw": 0.47128607487027085,
    "path_length": 6.1974076010116494,
    "oracle_success": 0.2506426735218509,
    "steps_taken": 48.39331619537275
}