{
    "distance_to_goal": 8.234429182767256,
    "success": 0.20565552699228792,
    "spl": 0.19254383511004816,
    "ndtw": 0.4668798011391971,
    "path_length": 7.37611283860636,
    "oracle_success": 0.2763496143958869,
    "steps_taken": 60.07583547557841
}