{
    "distance_to_goal": 9.025139205955888,
    "success": 0.10712343665035345,
    "spl": 0.10055298556301821,
    "ndtw": 0.4117872603259583,
    "path_length": 5.788939824432579,
    "oracle_success": 0.1397498640565525,
    "steps_taken": 51.20445894507885
}