{
    "distance_to_goal": 10.091973989829421,
    "success": 0.125,
    "spl": 0.10945340766423331,
    "ndtw": 0.3805398887073147,
    "path_length": 8.553861979488284,
    "oracle_success": 0.225,
    "steps_taken": 76.275
}