{
    "distance_to_goal": 9.547441206686198,
    "success": 0.1375,
    "spl": 0.12443091574411506,
    "ndtw": 0.40982251766568645,
    "path_length": 8.281051421281882,
    "oracle_success": 0.225,
    "steps_taken": 67.325
}