{
    "distance_to_goal": 8.515796164352361,
    "success": 0.2262210796915167,
    "spl": 0.21097097178008054,
    "ndtw": 0.456165463111036,
    "path_length": 7.381916950568592,
    "oracle_success": 0.2853470437017995,
    "steps_taken": 64.82904884318766
}