{
    "distance_to_goal": 8.505997153664616,
    "success": 0.20822622107969152,
    "spl": 0.19818878678782945,
    "ndtw": 0.4567612464791654,
    "path_length": 7.329156700496509,
    "oracle_success": 0.2827763496143959,
    "steps_taken": 61.673521850899746
}