{
    "distance_to_goal": 8.604491249471902,
    "success": 0.1375,
    "spl": 0.12380000227598784,
    "ndtw": 0.46241652277887757,
    "path_length": 6.2203399298945445,
    "oracle_success": 0.1625,
    "steps_taken": 61.5125
}