{
    "distance_to_goal": 9.422186906635762,
    "success": 0.1375,
    "spl": 0.11932919858243744,
    "ndtw": 0.3947909712961116,
    "path_length": 7.2480329149635505,
    "oracle_success": 0.2,
    "steps_taken": 72.475
}