{
    "distance_to_goal": 8.548243952170015,
    "success": 0.2,
    "spl": 0.19192898104847603,
    "ndtw": 0.44992221803136906,
    "path_length": 7.223129253019579,
    "oracle_success": 0.225,
    "steps_taken": 71.5625
}