{
    "distance_to_goal": 8.996601639214932,
    "success": 0.18508997429305912,
    "spl": 0.16908718953800067,
    "ndtw": 0.43532764168284005,
    "path_length": 7.258251073128134,
    "oracle_success": 0.2467866323907455,
    "steps_taken": 62.81491002570694
}