{
    "distance_to_goal": 9.010813723877073,
    "success": 0.1,
    "spl": 0.09263218837936062,
    "ndtw": 0.43931154984987286,
    "path_length": 6.217863726717645,
    "oracle_success": 0.1125,
    "steps_taken": 54.4625
}