{
    "distance_to_goal": 9.563889765739441,
    "success": 0.1375,
    "spl": 0.12432690022356523,
    "ndtw": 0.3826050730930395,
    "path_length": 7.719246850093346,
    "oracle_success": 0.1875,
    "steps_taken": 77.725
}