{
    "distance_to_goal": 9.112322207540274,
    "success": 0.15,
    "spl": 0.134686959498158,
    "ndtw": 0.40053293837152754,
    "path_length": 7.879843153578508,
    "oracle_success": 0.2875,
    "steps_taken": 73.7875
}