{
    "distance_to_goal": 7.9315410183029185,
    "success": 0.2699228791773779,
    "spl": 0.25282912982014766,
    "ndtw": 0.49305244000584997,
    "path_length": 8.081381524433178,
    "oracle_success": 0.35475578406169667,
    "steps_taken": 55.0025706940874
}