{
    "distance_to_goal": 8.11247352420192,
    "success": 0.24293059125964012,
    "spl": 0.23237667730525666,
    "ndtw": 0.4707294266922723,
    "path_length": 7.793486359552377,
    "oracle_success": 0.32005141388174807,
    "steps_taken": 59.0719794344473
}