{
    "distance_to_goal": 8.642030366510152,
    "success": 0.225,
    "spl": 0.21192826376109428,
    "ndtw": 0.4555968259119014,
    "path_length": 7.892892275794381,
    "oracle_success": 0.275,
    "steps_taken": 52.025
}