{
    "distance_to_goal": 9.735641541704535,
    "success": 0.1,
    "spl": 0.09721892665306547,
    "ndtw": 0.39069813286184457,
    "path_length": 6.9631559431902135,
    "oracle_success": 0.1625,
    "steps_taken": 51.7625
}