{
    "distance_to_goal": 8.419995643485787,
    "success": 0.2365038560411311,
    "spl": 0.2263711592488836,
    "ndtw": 0.475605129312776,
    "path_length": 8.05947138602286,
    "oracle_success": 0.3277634961439589,
    "steps_taken": 57.2159383033419
}