{
    "distance_to_goal": 8.293359102772257,
    "success": 0.23136246786632392,
    "spl": 0.21694434959315734,
    "ndtw": 0.463581673342246,
    "path_length": 8.053020941950136,
    "oracle_success": 0.33161953727506427,
    "steps_taken": 59.77634961439589
}