{
    "distance_to_goal": 9.382176278060776,
    "success": 0.1343121261555193,
    "spl": 0.12403295325870663,
    "ndtw": 0.4059849681463326,
    "path_length": 7.353810280921697,
    "oracle_success": 0.20282762370853724,
    "steps_taken": 59.64709081022295
}