{
    "distance_to_goal": 8.186922130804595,
    "success": 0.2043701799485861,
    "spl": 0.19408686813414744,
    "ndtw": 0.4735415453597146,
    "path_length": 8.178833889358009,
    "oracle_success": 0.31233933161953725,
    "steps_taken": 60.02185089974293
}