{
    "distance_to_goal": 8.137369796365576,
    "success": 0.20179948586118251,
    "spl": 0.19018799071029413,
    "ndtw": 0.4656873049697017,
    "path_length": 7.922034839517284,
    "oracle_success": 0.3059125964010283,
    "steps_taken": 55.33804627249357
}