{
    "distance_to_goal": 8.760347195714711,
    "success": 0.2,
    "spl": 0.18970092764151986,
    "ndtw": 0.44598296013040145,
    "path_length": 7.606337781776777,
    "oracle_success": 0.25,
    "steps_taken": 60.15
}