{
    "distance_to_goal": 8.731677684932947,
    "success": 0.2625,
    "spl": 0.2464325470730481,
    "ndtw": 0.4448706626801434,
    "path_length": 7.758649565663655,
    "oracle_success": 0.3125,
    "steps_taken": 60.125
}