{
    "distance_to_goal": 9.254735043644905,
    "success": 0.2375,
    "spl": 0.2218156855289745,
    "ndtw": 0.4256977302818779,
    "path_length": 7.77126309319865,
    "oracle_success": 0.2875,
    "steps_taken": 61.9125
}