{
    "distance_to_goal": 9.448628819361328,
    "success": 0.15,
    "spl": 0.13760490689572932,
    "ndtw": 0.41426372873691025,
    "path_length": 7.9085318086668845,
    "oracle_success": 0.225,
    "steps_taken": 56.175
}