{
    "distance_to_goal": 8.957461724792115,
    "success": 0.14518760195758565,
    "spl": 0.13483353733405173,
    "ndtw": 0.4197529542907362,
    "path_length": 7.165652453793979,
    "oracle_success": 0.21207177814029363,
    "steps_taken": 54.63675910821098
}