{
    "distance_to_goal": 9.712465519458055,
    "success": 0.175,
    "spl": 0.16459543289868037,
    "ndtw": 0.40684192021953536,
    "path_length": 7.9165827559769895,
    "oracle_success": 0.275,
    "steps_taken": 60.1
}