{
    "distance_to_goal": 7.887224891517493,
    "success": 0.23136246786632392,
    "spl": 0.22114795275726928,
    "ndtw": 0.4762570762899693,
    "path_length": 7.3982763358657335,
    "oracle_success": 0.30077120822622105,
    "steps_taken": 54.30591259640103
}