{
    "distance_to_goal": 9.034679022431373,
    "success": 0.2,
    "spl": 0.18325350518983602,
    "ndtw": 0.4358620335081541,
    "path_length": 7.311235171253793,
    "oracle_success": 0.2375,
    "steps_taken": 55.7125
}