{
    "distance_to_goal": 8.397146071711973,
    "success": 0.22236503856041132,
    "spl": 0.20790425185292524,
    "ndtw": 0.4764401867569746,
    "path_length": 7.9663410106338555,
    "oracle_success": 0.30848329048843187,
    "steps_taken": 52.48329048843188
}