{
    "distance_to_goal": 8.844065388478338,
    "success": 0.275,
    "spl": 0.25313746749238397,
    "ndtw": 0.46359386327311886,
    "path_length": 7.948156351369107,
    "oracle_success": 0.3125,
    "steps_taken": 54.725
}