{
    "distance_to_goal": 9.8497619073838,
    "success": 0.1625,
    "spl": 0.14703204918885227,
    "ndtw": 0.39944272596246433,
    "path_length": 7.9762273665568015,
    "oracle_success": 0.225,
    "steps_taken": 57.6875
}