{
    "distance_to_goal": 9.432523657009005,
    "success": 0.125,
    "spl": 0.11774470115604443,
    "ndtw": 0.3964808046668693,
    "path_length": 7.271257284015883,
    "oracle_success": 0.1875,
    "steps_taken": 52.5625
}