{
    "distance_to_goal": 9.559660416468978,
    "success": 0.1875,
    "spl": 0.1674283150083684,
    "ndtw": 0.4190452315997827,
    "path_length": 7.454618007765835,
    "oracle_success": 0.275,
    "steps_taken": 58.4875
}