{
    "distance_to_goal": 8.629550956748426,
    "success": 0.2,
    "spl": 0.18290921585586686,
    "ndtw": 0.44878675147105207,
    "path_length": 7.714037605375052,
    "oracle_success": 0.2625,
    "steps_taken": 57.7125
}