{
    "distance_to_goal": 9.026417177885593,
    "success": 0.1631321370309951,
    "spl": 0.15414665302980102,
    "ndtw": 0.4179010727685685,
    "path_length": 7.080247035480662,
    "oracle_success": 0.21859706362153344,
    "steps_taken": 56.94671016856987
}