{
    "distance_to_goal": 9.261418297886848,
    "success": 0.2125,
    "spl": 0.19636399484454775,
    "ndtw": 0.4325987765844087,
    "path_length": 7.489775943785207,
    "oracle_success": 0.275,
    "steps_taken": 62.125
}