{
    "distance_to_goal": 8.951611446991539,
    "success": 0.16965742251223492,
    "spl": 0.15532359858919836,
    "ndtw": 0.42055887968143996,
    "path_length": 7.36814275985296,
    "oracle_success": 0.23164763458401305,
    "steps_taken": 56.8026101141925
}