{
    "distance_to_goal": 8.337948084436357,
    "success": 0.2625,
    "spl": 0.24477627910965336,
    "ndtw": 0.4956013973712633,
    "path_length": 8.413051689158891,
    "oracle_success": 0.3625,
    "steps_taken": 57.225
}