{
    "distance_to_goal": 8.81292983157929,
    "success": 0.19665809768637532,
    "spl": 0.1851031350953739,
    "ndtw": 0.44558129804120655,
    "path_length": 8.728902432191301,
    "oracle_success": 0.3226221079691517,
    "steps_taken": 60.587403598971726
}