{
    "distance_to_goal": 8.204808467067778,
    "success": 0.275,
    "spl": 0.2550567296820329,
    "ndtw": 0.5006731036881359,
    "path_length": 7.461750971036963,
    "oracle_success": 0.3625,
    "steps_taken": 57.6125
}