{
    "distance_to_goal": 8.676152219623328,
    "success": 0.225,
    "spl": 0.20605326065423907,
    "ndtw": 0.46022534323106445,
    "path_length": 8.221014737791847,
    "oracle_success": 0.325,
    "steps_taken": 55.7625
}