{
    "distance_to_goal": 7.881451093713851,
    "success": 0.2506426735218509,
    "spl": 0.2329347540934369,
    "ndtw": 0.4902867699549663,
    "path_length": 7.899033783141805,
    "oracle_success": 0.33161953727506427,
    "steps_taken": 57.59768637532134
}