{
    "distance_to_goal": 9.187573099508882,
    "success": 0.1875,
    "spl": 0.17449066677772762,
    "ndtw": 0.43467666749408806,
    "path_length": 8.233966293034609,
    "oracle_success": 0.3,
    "steps_taken": 54.675
}