{
    "distance_to_goal": 9.59337129034102,
    "success": 0.1875,
    "spl": 0.17217102776793486,
    "ndtw": 0.4150087476620293,
    "path_length": 9.118648458563257,
    "oracle_success": 0.3125,
    "steps_taken": 65.55
}