{
    "distance_to_goal": 9.267007895931602,
    "success": 0.2125,
    "spl": 0.1987482499781383,
    "ndtw": 0.4376254626354279,
    "path_length": 8.593710197682958,
    "oracle_success": 0.3375,
    "steps_taken": 62.6125
}