{
    "distance_to_goal": 8.931558490172028,
    "success": 0.2875,
    "spl": 0.2677564113567041,
    "ndtw": 0.4674883281665723,
    "path_length": 9.178814507846255,
    "oracle_success": 0.375,
    "steps_taken": 59.7125
}