{
    "distance_to_goal": 8.728770592063665,
    "success": 0.2375,
    "spl": 0.2287810840369071,
    "ndtw": 0.47316241320579805,
    "path_length": 7.648883835494052,
    "oracle_success": 0.325,
    "steps_taken": 58.5625
}