{
    "distance_to_goal": 10.617503708600998,
    "success": 0.1875,
    "spl": 0.17712072568355477,
    "ndtw": 0.38120872708116604,
    "path_length": 8.542537396756234,
    "oracle_success": 0.2625,
    "steps_taken": 58.475
}