{
    "distance_to_goal": 9.450289568296103,
    "success": 0.14899401848830887,
    "spl": 0.13647652677634547,
    "ndtw": 0.39698537776837867,
    "path_length": 7.819462340617067,
    "oracle_success": 0.22457857531266992,
    "steps_taken": 69.36541598694943
}