{
    "distance_to_goal": 9.18679428268224,
    "success": 0.2125,
    "spl": 0.19441507650562026,
    "ndtw": 0.4324935547871787,
    "path_length": 8.696128648720332,
    "oracle_success": 0.3125,
    "steps_taken": 63.3625
}