{
    "distance_to_goal": 8.859360340982676,
    "success": 0.1875,
    "spl": 0.1618672292472613,
    "ndtw": 0.47590158337677047,
    "path_length": 7.8773164076497775,
    "oracle_success": 0.2375,
    "steps_taken": 47.275
}