{
    "distance_to_goal": 8.54571538809687,
    "success": 0.1875,
    "spl": 0.17318093250482708,
    "ndtw": 0.4678788881416313,
    "path_length": 8.154311116860706,
    "oracle_success": 0.3125,
    "steps_taken": 58.4625
}