{
    "distance_to_goal": 8.720781726948918,
    "success": 0.25,
    "spl": 0.23032197315534053,
    "ndtw": 0.4853316388307605,
    "path_length": 7.670017736580379,
    "oracle_success": 0.2875,
    "steps_taken": 64.2625
}