{
    "distance_to_goal": 8.198925494975327,
    "success": 0.25578406169665807,
    "spl": 0.23597823548224947,
    "ndtw": 0.4810525176034601,
    "path_length": 8.349924703981948,
    "oracle_success": 0.33547557840616965,
    "steps_taken": 57.174807197943444
}