{
    "distance_to_goal": 8.851482686772943,
    "success": 0.25,
    "spl": 0.22445872336334297,
    "ndtw": 0.46967818083552676,
    "path_length": 8.710183445038274,
    "oracle_success": 0.3375,
    "steps_taken": 62.375
}