{
    "distance_to_goal": 8.288497272562859,
    "success": 0.26735218508997427,
    "spl": 0.2479578374195537,
    "ndtw": 0.4924122020107206,
    "path_length": 8.444420504741272,
    "oracle_success": 0.35475578406169667,
    "steps_taken": 59.7840616966581
}