{
    "distance_to_goal": 8.953517676144838,
    "success": 0.25,
    "spl": 0.22926945241281987,
    "ndtw": 0.4691341303222802,
    "path_length": 8.934206817112862,
    "oracle_success": 0.4125,
    "steps_taken": 60.4875
}