{
    "distance_to_goal": 9.453741258382797,
    "success": 0.1625,
    "spl": 0.16020134416972615,
    "ndtw": 0.42955181031590917,
    "path_length": 7.939999463618733,
    "oracle_success": 0.2625,
    "steps_taken": 60.125
}