{
    "distance_to_goal": 8.579170608878671,
    "success": 0.2249357326478149,
    "spl": 0.20776871313841283,
    "ndtw": 0.45068504075140037,
    "path_length": 8.471422646215952,
    "oracle_success": 0.3496143958868895,
    "steps_taken": 61.0706940874036
}