{
    "distance_to_goal": 8.38437030472072,
    "success": 0.22236503856041132,
    "spl": 0.2057189820564692,
    "ndtw": 0.47090918995535186,
    "path_length": 8.369039664780011,
    "oracle_success": 0.3341902313624679,
    "steps_taken": 58.62082262210797
}