{
    "distance_to_goal": 9.972522367257625,
    "success": 0.1875,
    "spl": 0.1728240132338239,
    "ndtw": 0.4113087985649416,
    "path_length": 8.767968173546251,
    "oracle_success": 0.3375,
    "steps_taken": 60.3625
}