{
    "distance_to_goal": 9.083741819582244,
    "success": 0.16367591082109842,
    "spl": 0.15324698101882447,
    "ndtw": 0.42964117224212794,
    "path_length": 6.996833301562695,
    "oracle_success": 0.2234910277324633,
    "steps_taken": 58.2131593257205
}