{
    "distance_to_goal": 8.446250763403343,
    "success": 0.2519280205655527,
    "spl": 0.2354164251783309,
    "ndtw": 0.46968753977921696,
    "path_length": 8.238789583921255,
    "oracle_success": 0.33676092544987146,
    "steps_taken": 62.58997429305913
}