{
    "distance_to_goal": 9.28811392535685,
    "success": 0.15388798259923872,
    "spl": 0.14375950998622178,
    "ndtw": 0.4062242597089227,
    "path_length": 7.343970713474541,
    "oracle_success": 0.22566612289287658,
    "steps_taken": 60.366503534529635
}