{
    "distance_to_goal": 8.694185636378824,
    "success": 0.275,
    "spl": 0.25295489128918924,
    "ndtw": 0.48678324379795723,
    "path_length": 8.215372671140358,
    "oracle_success": 0.3125,
    "steps_taken": 57.5625
}