{
    "distance_to_goal": 9.11529699265957,
    "success": 0.175,
    "spl": 0.16601884139674244,
    "ndtw": 0.41538527521917246,
    "path_length": 8.162472612370038,
    "oracle_success": 0.275,
    "steps_taken": 65.675
}