{
    "distance_to_goal": 8.613325922749937,
    "success": 0.25,
    "spl": 0.23624940152189353,
    "ndtw": 0.47416579228245015,
    "path_length": 7.863838234473951,
    "oracle_success": 0.3625,
    "steps_taken": 53.1125
}