{
    "distance_to_goal": 8.959742254018783,
    "success": 0.225,
    "spl": 0.2061285337156246,
    "ndtw": 0.45978462945631354,
    "path_length": 8.489166848897003,
    "oracle_success": 0.3125,
    "steps_taken": 62.15
}