{
    "distance_to_goal": 8.775611032545566,
    "success": 0.2,
    "spl": 0.185536994373095,
    "ndtw": 0.45411504355289767,
    "path_length": 8.422583142342045,
    "oracle_success": 0.35,
    "steps_taken": 61.8375
}