{
    "distance_to_goal": 8.789549682930993,
    "success": 0.2442159383033419,
    "spl": 0.2253215119972565,
    "ndtw": 0.4490871420953744,
    "path_length": 8.943637379260965,
    "oracle_success": 0.3496143958868895,
    "steps_taken": 61.587403598971726
}