{
    "distance_to_goal": 8.110241413488984,
    "success": 0.2375,
    "spl": 0.22704764530309562,
    "ndtw": 0.49713761897927145,
    "path_length": 7.844300908688456,
    "oracle_success": 0.3125,
    "steps_taken": 60.4375
}