{"length": 7.4199213480752775, "error": 10.013557015653666, "oracle success": 0.19307511737089203, "success": 0.12969483568075119, "spl": 0.12128392518345438}
