{
    "distance_to_goal": 9.34432766784657,
    "success": 0.14953779227841218,
    "spl": 0.13817393766782055,
    "ndtw": 0.40104469667684506,
    "path_length": 7.645803020885205,
    "oracle_success": 0.23164763458401305,
    "steps_taken": 65.40619902120717
}