{
    "distance_to_goal": 9.635694180428981,
    "success": 0.1625,
    "spl": 0.15160268129458015,
    "ndtw": 0.4299074817537332,
    "path_length": 7.879750590294134,
    "oracle_success": 0.2,
    "steps_taken": 50.1375
}