{
    "distance_to_goal": 8.323061580829572,
    "success": 0.2493573264781491,
    "spl": 0.23669275326356137,
    "ndtw": 0.4801050633564321,
    "path_length": 8.454289831729952,
    "oracle_success": 0.34832904884318766,
    "steps_taken": 58.062982005141386
}