{
    "distance_to_goal": 9.286497794836759,
    "success": 0.2,
    "spl": 0.18549545266248652,
    "ndtw": 0.42806928200686817,
    "path_length": 7.8573713398657405,
    "oracle_success": 0.275,
    "steps_taken": 59.0125
}