{
    "distance_to_goal": 9.378285781480372,
    "success": 0.1875,
    "spl": 0.18087150046901748,
    "ndtw": 0.42507679223992867,
    "path_length": 7.556543990306091,
    "oracle_success": 0.2375,
    "steps_taken": 56.6125
}