{
    "distance_to_goal": 8.831277620669809,
    "success": 0.20565552699228792,
    "spl": 0.19037969859875545,
    "ndtw": 0.4527713709098765,
    "path_length": 8.792292510050538,
    "oracle_success": 0.33676092544987146,
    "steps_taken": 61.173521850899746
}