{
    "distance_to_goal": 8.735250831581652,
    "success": 0.1875,
    "spl": 0.17442387255260838,
    "ndtw": 0.43472525353671054,
    "path_length": 8.582820026237362,
    "oracle_success": 0.2625,
    "steps_taken": 64.65
}