{
    "distance_to_goal": 9.220923124552746,
    "success": 0.14845024469820556,
    "spl": 0.13784855117501318,
    "ndtw": 0.4020116378818136,
    "path_length": 7.603808068739408,
    "oracle_success": 0.2495921696574225,
    "steps_taken": 59.598694942903755
}