{
    "distance_to_goal": 10.104273373074829,
    "success": 0.1375,
    "spl": 0.12970943232717616,
    "ndtw": 0.38871026489229965,
    "path_length": 8.662792028791591,
    "oracle_success": 0.225,
    "steps_taken": 61.6
}