{
    "distance_to_goal": 10.420734858512878,
    "success": 0.1125,
    "spl": 0.10605686400255059,
    "ndtw": 0.3836381175958994,
    "path_length": 9.156357628016849,
    "oracle_success": 0.2625,
    "steps_taken": 57.7375
}