{
    "distance_to_goal": 8.526561882528824,
    "success": 0.22236503856041132,
    "spl": 0.20649955347039015,
    "ndtw": 0.46341918168171115,
    "path_length": 7.896042913399488,
    "oracle_success": 0.2892030848329049,
    "steps_taken": 58.602827763496144
}