{
    "distance_to_goal": 10.002496402874758,
    "success": 0.1370309951060359,
    "spl": 0.12602671255381714,
    "ndtw": 0.37968181592246963,
    "path_length": 7.8399080618973125,
    "oracle_success": 0.19902120717781402,
    "steps_taken": 60.482327351821645
}