{
    "distance_to_goal": 8.41085885053352,
    "success": 0.19023136246786632,
    "spl": 0.18138683945549006,
    "ndtw": 0.46604136905637567,
    "path_length": 7.56955298278911,
    "oracle_success": 0.2737789203084833,
    "steps_taken": 54.624678663239074
}