{
    "distance_to_goal": 8.420187098986846,
    "success": 0.20051413881748073,
    "spl": 0.19123372040001058,
    "ndtw": 0.4636334483981786,
    "path_length": 8.133923602157138,
    "oracle_success": 0.30848329048843187,
    "steps_taken": 55.03984575835476
}