{
    "distance_to_goal": 9.240651858970523,
    "success": 0.1375,
    "spl": 0.12832555766631115,
    "ndtw": 0.4365304460492586,
    "path_length": 7.865769661264494,
    "oracle_success": 0.2375,
    "steps_taken": 51.675
}