{
    "distance_to_goal": 8.501408908329903,
    "success": 0.1625,
    "spl": 0.1597985927938665,
    "ndtw": 0.4690117318805128,
    "path_length": 8.241094186098781,
    "oracle_success": 0.2625,
    "steps_taken": 55.0125
}