{
    "distance_to_goal": 9.660221534017426,
    "success": 0.17737789203084833,
    "spl": 0.16336941527732415,
    "ndtw": 0.3974664280984566,
    "path_length": 9.230234984171911,
    "oracle_success": 0.2892030848329049,
    "steps_taken": 65.793059125964
}