{
    "distance_to_goal": 9.567923786491155,
    "success": 0.1625,
    "spl": 0.1590678198935454,
    "ndtw": 0.42445393546186744,
    "path_length": 8.114211488979345,
    "oracle_success": 0.225,
    "steps_taken": 58.65
}