{
    "distance_to_goal": 9.909307161346078,
    "success": 0.1625,
    "spl": 0.15460264901220538,
    "ndtw": 0.40752620473620027,
    "path_length": 8.425651259438382,
    "oracle_success": 0.225,
    "steps_taken": 64.0375
}