{
    "distance_to_goal": 9.643701739005579,
    "success": 0.15171288743882544,
    "spl": 0.14020255368747073,
    "ndtw": 0.39521747663927626,
    "path_length": 8.064955931827198,
    "oracle_success": 0.22838499184339314,
    "steps_taken": 65.11636759108211
}