{
    "distance_to_goal": 9.236214246600866,
    "success": 0.1375,
    "spl": 0.13046808616885264,
    "ndtw": 0.42042746580240464,
    "path_length": 8.048636334086769,
    "oracle_success": 0.2875,
    "steps_taken": 55.3625
}