{
    "distance_to_goal": 8.80401974037328,
    "success": 0.19665809768637532,
    "spl": 0.18533214899489472,
    "ndtw": 0.45323903852730735,
    "path_length": 8.498268389235268,
    "oracle_success": 0.30077120822622105,
    "steps_taken": 57.170951156812336
}