{
    "distance_to_goal": 9.698121047019958,
    "success": 0.1125,
    "spl": 0.10861201359889949,
    "ndtw": 0.415866082570183,
    "path_length": 8.099527892448531,
    "oracle_success": 0.2125,
    "steps_taken": 59.2375
}