{
    "distance_to_goal": 8.940905913710594,
    "success": 0.225,
    "spl": 0.21625755116724474,
    "ndtw": 0.4563742289622302,
    "path_length": 8.449853305215948,
    "oracle_success": 0.275,
    "steps_taken": 56.475
}