{
    "distance_to_goal": 9.11227785591036,
    "success": 0.1875,
    "spl": 0.17499330601703061,
    "ndtw": 0.4371523357871247,
    "path_length": 8.541694980137981,
    "oracle_success": 0.3125,
    "steps_taken": 61.45
}