{
    "distance_to_goal": 9.604856622282288,
    "success": 0.13866231647634583,
    "spl": 0.13053163621625,
    "ndtw": 0.39887158273983864,
    "path_length": 6.9093223204442324,
    "oracle_success": 0.19902120717781402,
    "steps_taken": 55.12017400761283
}