{
    "distance_to_goal": 9.512598579004408,
    "success": 0.1125,
    "spl": 0.10877150427117595,
    "ndtw": 0.39511378196950236,
    "path_length": 8.582734553448134,
    "oracle_success": 0.2,
    "steps_taken": 59.2375
}