{
    "distance_to_goal": 8.913453277937856,
    "success": 0.2120822622107969,
    "spl": 0.199972152183391,
    "ndtw": 0.4398466594861847,
    "path_length": 8.359399541041059,
    "oracle_success": 0.31233933161953725,
    "steps_taken": 62.501285347043705
}