{
    "distance_to_goal": 9.098520405218006,
    "success": 0.1,
    "spl": 0.08528660447496146,
    "ndtw": 0.4243794722449704,
    "path_length": 7.510658885294106,
    "oracle_success": 0.2375,
    "steps_taken": 51.5875
}