{
    "distance_to_goal": 9.705744095146656,
    "success": 0.1625,
    "spl": 0.14538124095400307,
    "ndtw": 0.40332668583034986,
    "path_length": 7.915893626341131,
    "oracle_success": 0.225,
    "steps_taken": 60.8625
}