{
    "distance_to_goal": 8.667677262314335,
    "success": 0.2120822622107969,
    "spl": 0.19581854729422749,
    "ndtw": 0.4492738955036513,
    "path_length": 8.153526682835693,
    "oracle_success": 0.30719794344473006,
    "steps_taken": 65.5051413881748
}