{
    "distance_to_goal": 9.263007664920325,
    "success": 0.1468189233278956,
    "spl": 0.13389800550626993,
    "ndtw": 0.3902185467506903,
    "path_length": 7.341536002446695,
    "oracle_success": 0.19902120717781402,
    "steps_taken": 62.1810766721044
}