{
    "distance_to_goal": 9.940782317519188,
    "success": 0.1125,
    "spl": 0.09366113975163078,
    "ndtw": 0.3800028193751325,
    "path_length": 9.440631379906552,
    "oracle_success": 0.25,
    "steps_taken": 79.3875
}