{
    "distance_to_goal": 9.234317682903729,
    "success": 0.18637532133676094,
    "spl": 0.16350768960161283,
    "ndtw": 0.412862864996649,
    "path_length": 9.028686387542711,
    "oracle_success": 0.3097686375321337,
    "steps_taken": 70.37789203084833
}