{
    "distance_to_goal": 8.715780232666697,
    "success": 0.17352185089974292,
    "spl": 0.16116222097804087,
    "ndtw": 0.43655978695130326,
    "path_length": 8.110295116498554,
    "oracle_success": 0.2814910025706941,
    "steps_taken": 62.254498714652954
}