{
    "distance_to_goal": 8.896106123924255,
    "success": 0.125,
    "spl": 0.11353709660469842,
    "ndtw": 0.4374409451880748,
    "path_length": 6.334628233499948,
    "oracle_success": 0.1625,
    "steps_taken": 49.5125
}