{
    "distance_to_goal": 8.530932137814464,
    "success": 0.1928020565552699,
    "spl": 0.1763111257428412,
    "ndtw": 0.4451916913859764,
    "path_length": 7.7928238484275445,
    "oracle_success": 0.2853470437017995,
    "steps_taken": 57.390745501285345
}