{
    "distance_to_goal": 9.229925607889891,
    "success": 0.1375,
    "spl": 0.12607745313034835,
    "ndtw": 0.417354223829126,
    "path_length": 7.152445553778671,
    "oracle_success": 0.25,
    "steps_taken": 52.2125
}