{
    "distance_to_goal": 9.901603539288043,
    "success": 0.125,
    "spl": 0.11796650768084356,
    "ndtw": 0.3807199913901646,
    "path_length": 7.329786067653913,
    "oracle_success": 0.2125,
    "steps_taken": 59.875
}