{
    "distance_to_goal": 10.122475301474333,
    "success": 0.0625,
    "spl": 0.05682136743951325,
    "ndtw": 0.36408250922038243,
    "path_length": 6.986388896481367,
    "oracle_success": 0.175,
    "steps_taken": 64.1125
}