{
    "distance_to_goal": 8.854565072701378,
    "success": 0.1500815660685155,
    "spl": 0.14052933241564367,
    "ndtw": 0.41966911269753043,
    "path_length": 6.5415544106850785,
    "oracle_success": 0.19575856443719414,
    "steps_taken": 56.766721044045674
}