{
    "distance_to_goal": 8.209838182710897,
    "success": 0.2249357326478149,
    "spl": 0.20614929395231077,
    "ndtw": 0.4613533035935869,
    "path_length": 7.524233088954229,
    "oracle_success": 0.2827763496143959,
    "steps_taken": 58.883033419023135
}