{
    "distance_to_goal": 9.965942570567131,
    "success": 0.125,
    "spl": 0.11187817977731658,
    "ndtw": 0.3717027056072244,
    "path_length": 7.719599405210465,
    "oracle_success": 0.1875,
    "steps_taken": 64.175
}