{
    "distance_to_goal": 9.577218331117184,
    "success": 0.1125,
    "spl": 0.09599627260260901,
    "ndtw": 0.40349979705145367,
    "path_length": 6.633599298474543,
    "oracle_success": 0.1625,
    "steps_taken": 58.35
}