{
    "distance_to_goal": 8.72269390488958,
    "success": 0.16066838046272494,
    "spl": 0.14998672267255758,
    "ndtw": 0.4352922082818813,
    "path_length": 7.423761439951467,
    "oracle_success": 0.2390745501285347,
    "steps_taken": 51.375321336760926
}