{
    "distance_to_goal": 9.308411025255918,
    "success": 0.125,
    "spl": 0.11558111027649294,
    "ndtw": 0.421630063757526,
    "path_length": 6.737936015697249,
    "oracle_success": 0.2,
    "steps_taken": 59.825
}