{
    "distance_to_goal": 8.194799908980306,
    "success": 0.2249357326478149,
    "spl": 0.2093380344900075,
    "ndtw": 0.46519086636266355,
    "path_length": 6.851166774781082,
    "oracle_success": 0.3059125964010283,
    "steps_taken": 54.768637532133674
}