{
    "distance_to_goal": 10.094431295245887,
    "success": 0.1625,
    "spl": 0.132901176498704,
    "ndtw": 0.3855371103606882,
    "path_length": 8.366746238304767,
    "oracle_success": 0.275,
    "steps_taken": 64.2375
}