{
    "distance_to_goal": 8.778885625395974,
    "success": 0.15606307775965197,
    "spl": 0.1469612562700325,
    "ndtw": 0.42127353339932505,
    "path_length": 6.445337967566531,
    "oracle_success": 0.19086460032626426,
    "steps_taken": 55.15280043501903
}