{
    "distance_to_goal": 9.368666370585562,
    "success": 0.175,
    "spl": 0.16403625850538514,
    "ndtw": 0.42799340357457927,
    "path_length": 7.055384601175319,
    "oracle_success": 0.2125,
    "steps_taken": 60.5
}