{
    "distance_to_goal": 9.5196428373456,
    "success": 0.1375,
    "spl": 0.12418178673434607,
    "ndtw": 0.41847000565066395,
    "path_length": 7.654702331539011,
    "oracle_success": 0.2375,
    "steps_taken": 56.975
}