{
    "distance_to_goal": 9.77630701023154,
    "success": 0.0625,
    "spl": 0.06006802401464891,
    "ndtw": 0.38520662398376926,
    "path_length": 7.081877926562447,
    "oracle_success": 0.1875,
    "steps_taken": 60.05
}