{
    "distance_to_goal": 8.079095064607332,
    "success": 0.2120822622107969,
    "spl": 0.19929204179126567,
    "ndtw": 0.47938700178318694,
    "path_length": 6.885874567659183,
    "oracle_success": 0.2699228791773779,
    "steps_taken": 51.84961439588689
}