{
    "distance_to_goal": 9.487493107465054,
    "success": 0.1468189233278956,
    "spl": 0.13539859149259476,
    "ndtw": 0.3872356702929562,
    "path_length": 8.148635238018334,
    "oracle_success": 0.210984230560087,
    "steps_taken": 73.50407830342577
}