{
    "distance_to_goal": 8.79898011162877,
    "success": 0.1625,
    "spl": 0.15636928001960254,
    "ndtw": 0.42298000177686423,
    "path_length": 8.028719968628138,
    "oracle_success": 0.2625,
    "steps_taken": 55.425
}