{
    "distance_to_goal": 8.350440307091779,
    "success": 0.2159383033419023,
    "spl": 0.2049641227649348,
    "ndtw": 0.47656828531682843,
    "path_length": 7.956466413067151,
    "oracle_success": 0.31233933161953725,
    "steps_taken": 56.88560411311054
}