{
    "distance_to_goal": 8.647627194970847,
    "success": 0.2625,
    "spl": 0.23566913134089354,
    "ndtw": 0.4508664276611631,
    "path_length": 8.998299094778485,
    "oracle_success": 0.3625,
    "steps_taken": 61.0875
}