{
    "distance_to_goal": 9.090339540690184,
    "success": 0.2125,
    "spl": 0.1968959589115683,
    "ndtw": 0.4345426663294365,
    "path_length": 9.067381332936929,
    "oracle_success": 0.3375,
    "steps_taken": 66.825
}