{
    "distance_to_goal": 8.328768039845256,
    "success": 0.2275064267352185,
    "spl": 0.21269234840253828,
    "ndtw": 0.468816882096354,
    "path_length": 8.388679785693155,
    "oracle_success": 0.32904884318766064,
    "steps_taken": 59.92416452442159
}