{
    "distance_to_goal": 8.162393439168488,
    "success": 0.2390745501285347,
    "spl": 0.21931225879090224,
    "ndtw": 0.47558895533931855,
    "path_length": 8.312891028010267,
    "oracle_success": 0.31748071979434445,
    "steps_taken": 58.9280205655527
}