{
    "distance_to_goal": 9.076183520281782,
    "success": 0.1375747688961392,
    "spl": 0.13062991825342313,
    "ndtw": 0.40873652587963005,
    "path_length": 7.024775386263116,
    "oracle_success": 0.20337139749864055,
    "steps_taken": 55.95758564437194
}