{
    "distance_to_goal": 10.802261912450195,
    "success": 0.1125,
    "spl": 0.1027237478902232,
    "ndtw": 0.34422238329013594,
    "path_length": 8.634375710512305,
    "oracle_success": 0.2,
    "steps_taken": 69.7375
}