{
    "distance_to_goal": 8.132836523477783,
    "success": 0.2467866323907455,
    "spl": 0.2314965648253108,
    "ndtw": 0.4853963777454315,
    "path_length": 8.076100182472333,
    "oracle_success": 0.34832904884318766,
    "steps_taken": 56.74935732647815
}