{
    "distance_to_goal": 9.390787067636847,
    "success": 0.15,
    "spl": 0.13594074365137004,
    "ndtw": 0.3729027768331651,
    "path_length": 9.854436448562385,
    "oracle_success": 0.2625,
    "steps_taken": 73.1875
}