{
    "distance_to_goal": 8.865500933579277,
    "success": 0.21079691516709512,
    "spl": 0.19585208887926375,
    "ndtw": 0.4320467000813236,
    "path_length": 8.397097327137118,
    "oracle_success": 0.3341902313624679,
    "steps_taken": 62.10025706940874
}