{
    "distance_to_goal": 8.272474626955459,
    "success": 0.23136246786632392,
    "spl": 0.21575917955092838,
    "ndtw": 0.46274853264876825,
    "path_length": 9.155479527745632,
    "oracle_success": 0.37146529562982006,
    "steps_taken": 69.09125964010283
}