{
    "distance_to_goal": 8.355673131319888,
    "success": 0.2390745501285347,
    "spl": 0.2242076566925639,
    "ndtw": 0.47480905309366866,
    "path_length": 8.80692593264899,
    "oracle_success": 0.34832904884318766,
    "steps_taken": 59.53856041131105
}