{
    "distance_to_goal": 9.87715562890816,
    "success": 0.13268080478520936,
    "spl": 0.12207840259343966,
    "ndtw": 0.3802636315653442,
    "path_length": 8.006235135960281,
    "oracle_success": 0.2137030995106036,
    "steps_taken": 63.56715606307776
}