{
    "distance_to_goal": 8.246586810052396,
    "success": 0.2375,
    "spl": 0.22522849939910286,
    "ndtw": 0.482773572584423,
    "path_length": 7.8904087760252875,
    "oracle_success": 0.3625,
    "steps_taken": 58.125
}