{
    "distance_to_goal": 9.314303374662995,
    "success": 0.1625,
    "spl": 0.1493120712484884,
    "ndtw": 0.4173726810072324,
    "path_length": 8.724386826797854,
    "oracle_success": 0.275,
    "steps_taken": 63.7125
}