{
    "distance_to_goal": 9.84724333245447,
    "success": 0.1212615551930397,
    "spl": 0.11353630943509117,
    "ndtw": 0.38003573130767593,
    "path_length": 7.7767372494126885,
    "oracle_success": 0.20880913539967375,
    "steps_taken": 69.66612289287656
}