{
    "distance_to_goal": 8.747121822834014,
    "success": 0.2125,
    "spl": 0.2004283381927056,
    "ndtw": 0.47340880971497734,
    "path_length": 8.340513962274418,
    "oracle_success": 0.375,
    "steps_taken": 56.65
}