{
    "distance_to_goal": 9.235192358866536,
    "success": 0.15823817292006526,
    "spl": 0.14411806837679608,
    "ndtw": 0.39316126357815273,
    "path_length": 7.957850212004941,
    "oracle_success": 0.2398042414355628,
    "steps_taken": 64.06253398586188
}