{
    "distance_to_goal": 8.611786387123379,
    "success": 0.2467866323907455,
    "spl": 0.22940410870593722,
    "ndtw": 0.45191732637876175,
    "path_length": 8.953664736846006,
    "oracle_success": 0.36632390745501286,
    "steps_taken": 62.573264781491005
}