{
    "distance_to_goal": 8.464944170042873,
    "success": 0.2375,
    "spl": 0.21973277980455755,
    "ndtw": 0.4666285497031738,
    "path_length": 8.22668598679708,
    "oracle_success": 0.3,
    "steps_taken": 54.85
}