{
    "distance_to_goal": 8.91573550105095,
    "success": 0.1875,
    "spl": 0.17094276929030908,
    "ndtw": 0.4543401479445534,
    "path_length": 8.330203739204444,
    "oracle_success": 0.3375,
    "steps_taken": 57.1
}