{
    "distance_to_goal": 9.01570588350296,
    "success": 0.2125,
    "spl": 0.1928186619956498,
    "ndtw": 0.43555133834518844,
    "path_length": 8.300029189209454,
    "oracle_success": 0.3125,
    "steps_taken": 58.4375
}