{
    "distance_to_goal": 8.365472978464588,
    "success": 0.22236503856041132,
    "spl": 0.2101186739949246,
    "ndtw": 0.45993575688070437,
    "path_length": 8.343638591427231,
    "oracle_success": 0.33161953727506427,
    "steps_taken": 57.56812339331619
}