{
    "distance_to_goal": 9.671016305685043,
    "success": 0.2125,
    "spl": 0.1984967075934554,
    "ndtw": 0.41634946842739656,
    "path_length": 8.556717541150734,
    "oracle_success": 0.2875,
    "steps_taken": 52.9375
}