{
    "distance_to_goal": 9.176331281661987,
    "success": 0.175,
    "spl": 0.16315152530961302,
    "ndtw": 0.4490728739972159,
    "path_length": 8.233147998608183,
    "oracle_success": 0.275,
    "steps_taken": 63.4125
}