{
    "distance_to_goal": 9.178550897400102,
    "success": 0.1533442088091354,
    "spl": 0.14097254966454956,
    "ndtw": 0.39802837823053633,
    "path_length": 7.69822271105818,
    "oracle_success": 0.2169657422512235,
    "steps_taken": 68.7063621533442
}