{
    "distance_to_goal": 9.581706929654127,
    "success": 0.1598694942903752,
    "spl": 0.1493929024832948,
    "ndtw": 0.40253929037889347,
    "path_length": 7.7543463128112355,
    "oracle_success": 0.22185970636215335,
    "steps_taken": 64.28167482327352
}