{
    "distance_to_goal": 8.404034751431494,
    "success": 0.2506426735218509,
    "spl": 0.23249963504336124,
    "ndtw": 0.4675067516630242,
    "path_length": 8.217555062152302,
    "oracle_success": 0.34704370179948585,
    "steps_taken": 56.739074550128535
}