{
    "distance_to_goal": 9.172397185117006,
    "success": 0.2125,
    "spl": 0.19619587612625325,
    "ndtw": 0.4184555217948713,
    "path_length": 8.327229867107235,
    "oracle_success": 0.275,
    "steps_taken": 59.975
}