{
    "distance_to_goal": 7.945536684733277,
    "success": 0.2442159383033419,
    "spl": 0.22603670895362296,
    "ndtw": 0.47611475277409476,
    "path_length": 8.432960840647183,
    "oracle_success": 0.36375321336760924,
    "steps_taken": 61.15167095115681
}