{
    "distance_to_goal": 9.396408060396444,
    "success": 0.15497553017944535,
    "spl": 0.14372587978296356,
    "ndtw": 0.40758167611342216,
    "path_length": 7.874217655733029,
    "oracle_success": 0.233278955954323,
    "steps_taken": 67.56498096791735
}