{
    "distance_to_goal": 9.054142031460076,
    "success": 0.15497553017944535,
    "spl": 0.14270175991472644,
    "ndtw": 0.41095984409969616,
    "path_length": 6.810262663995849,
    "oracle_success": 0.20554649265905384,
    "steps_taken": 60.82436106579663
}