{
    "distance_to_goal": 8.111951521456549,
    "success": 0.2544987146529563,
    "spl": 0.23546592358212454,
    "ndtw": 0.46885342144325454,
    "path_length": 8.111714772105241,
    "oracle_success": 0.3277634961439589,
    "steps_taken": 61.48843187660668
}