{
    "distance_to_goal": 8.320202643051744,
    "success": 0.225,
    "spl": 0.2214212355641593,
    "ndtw": 0.4945940531454892,
    "path_length": 7.251124132890254,
    "oracle_success": 0.3,
    "steps_taken": 56.75
}