{
    "distance_to_goal": 8.23591843607493,
    "success": 0.2480719794344473,
    "spl": 0.23086135817032843,
    "ndtw": 0.46988666268111695,
    "path_length": 8.099745298105734,
    "oracle_success": 0.3444730077120823,
    "steps_taken": 58.07840616966581
}