{
    "distance_to_goal": 7.870576881887367,
    "success": 0.2159383033419023,
    "spl": 0.20563898754139098,
    "ndtw": 0.4883872423449418,
    "path_length": 7.3956809225787055,
    "oracle_success": 0.2969151670951157,
    "steps_taken": 55.49228791773779
}