{
    "distance_to_goal": 8.030517471767483,
    "success": 0.2647814910025707,
    "spl": 0.2518142214274855,
    "ndtw": 0.4942329488519618,
    "path_length": 7.737919867376497,
    "oracle_success": 0.3226221079691517,
    "steps_taken": 56.580976863753214
}