{
    "distance_to_goal": 7.952817471214309,
    "success": 0.2442159383033419,
    "spl": 0.23099602338527128,
    "ndtw": 0.48063416646012513,
    "path_length": 8.061618272966196,
    "oracle_success": 0.35218508997429304,
    "steps_taken": 59.23393316195373
}