{
    "distance_to_goal": 8.903034309897293,
    "success": 0.2159383033419023,
    "spl": 0.20080059326627156,
    "ndtw": 0.43841963838881354,
    "path_length": 8.43949031837553,
    "oracle_success": 0.32390745501285345,
    "steps_taken": 65.86889460154242
}