{
    "distance_to_goal": 9.228746773057395,
    "success": 0.17737789203084833,
    "spl": 0.16699089434883008,
    "ndtw": 0.4143494911050362,
    "path_length": 7.9659391092381995,
    "oracle_success": 0.2699228791773779,
    "steps_taken": 64.47043701799485
}