{
    "distance_to_goal": 9.056118582841009,
    "success": 0.1875,
    "spl": 0.17697676315551428,
    "ndtw": 0.4181398530854327,
    "path_length": 8.120894560246962,
    "oracle_success": 0.2875,
    "steps_taken": 68.1125
}