{
    "distance_to_goal": 8.950779293477535,
    "success": 0.175,
    "spl": 0.1650474773177198,
    "ndtw": 0.45655732846228164,
    "path_length": 7.7791822934523225,
    "oracle_success": 0.25,
    "steps_taken": 58.4125
}