{
    "distance_to_goal": 8.797140846773981,
    "success": 0.225,
    "spl": 0.20698125963571656,
    "ndtw": 0.449489797274978,
    "path_length": 8.347506495425478,
    "oracle_success": 0.325,
    "steps_taken": 59.6375
}