{
    "distance_to_goal": 8.902670799038711,
    "success": 0.2043701799485861,
    "spl": 0.188461264649859,
    "ndtw": 0.4419941013434589,
    "path_length": 8.142992319059621,
    "oracle_success": 0.2969151670951157,
    "steps_taken": 60.30077120822622
}