{
    "distance_to_goal": 8.824057942256331,
    "success": 0.1375,
    "spl": 0.1254136837495344,
    "ndtw": 0.4550885107258177,
    "path_length": 8.801723832460898,
    "oracle_success": 0.2875,
    "steps_taken": 60.5875
}