{
    "distance_to_goal": 8.696993017449477,
    "success": 0.19665809768637532,
    "spl": 0.1849435185795212,
    "ndtw": 0.44916697777448406,
    "path_length": 8.354723693413165,
    "oracle_success": 0.31233933161953725,
    "steps_taken": 61.232647814910024
}