{
    "distance_to_goal": 9.645985925942659,
    "success": 0.125,
    "spl": 0.12095530870662108,
    "ndtw": 0.41272144389056875,
    "path_length": 8.954636456223671,
    "oracle_success": 0.2375,
    "steps_taken": 80.225
}