{
    "distance_to_goal": 8.999114385060967,
    "success": 0.2,
    "spl": 0.18072247334070085,
    "ndtw": 0.4385066727026598,
    "path_length": 8.601728283439297,
    "oracle_success": 0.3,
    "steps_taken": 63.3125
}