{
    "distance_to_goal": 9.208795410166745,
    "success": 0.16709511568123395,
    "spl": 0.1613658024770451,
    "ndtw": 0.4240156877651925,
    "path_length": 8.344500233387377,
    "oracle_success": 0.2943444730077121,
    "steps_taken": 65.72879177377892
}