{
    "distance_to_goal": 9.64710663025667,
    "success": 0.1468189233278956,
    "spl": 0.13236466644939193,
    "ndtw": 0.3884225338421219,
    "path_length": 7.668869104511259,
    "oracle_success": 0.2137030995106036,
    "steps_taken": 65.49755301794454
}