{
    "distance_to_goal": 9.124375078082085,
    "success": 0.1375,
    "spl": 0.13223941085621344,
    "ndtw": 0.41048483757656495,
    "path_length": 8.897760809334375,
    "oracle_success": 0.225,
    "steps_taken": 59.2125
}