{
    "distance_to_goal": 8.797658526882108,
    "success": 0.19023136246786632,
    "spl": 0.17860998911100512,
    "ndtw": 0.43660608927690003,
    "path_length": 8.317378123605227,
    "oracle_success": 0.3059125964010283,
    "steps_taken": 64.72622107969151
}