{
    "distance_to_goal": 8.900524962856254,
    "success": 0.2120822622107969,
    "spl": 0.20088282235149413,
    "ndtw": 0.4455797302110588,
    "path_length": 8.105320012485492,
    "oracle_success": 0.31233933161953725,
    "steps_taken": 59.5
}