{
    "distance_to_goal": 9.483000583683362,
    "success": 0.1468189233278956,
    "spl": 0.1338558110171262,
    "ndtw": 0.39440866145450815,
    "path_length": 7.8727834672412,
    "oracle_success": 0.22838499184339314,
    "steps_taken": 62.949972811310495
}