{
    "distance_to_goal": 8.752224163711071,
    "success": 0.1625,
    "spl": 0.14987178340127602,
    "ndtw": 0.4491119085923508,
    "path_length": 8.046744275838137,
    "oracle_success": 0.2625,
    "steps_taken": 57.9625
}