{
    "distance_to_goal": 9.156483225390353,
    "success": 0.16195372750642673,
    "spl": 0.14988153542498725,
    "ndtw": 0.42118442865859723,
    "path_length": 8.025757824085336,
    "oracle_success": 0.2776349614395887,
    "steps_taken": 59.03856041131105
}