{
    "distance_to_goal": 10.083895842731,
    "success": 0.075,
    "spl": 0.060810862738654305,
    "ndtw": 0.3788433634081743,
    "path_length": 8.644864346787653,
    "oracle_success": 0.1625,
    "steps_taken": 60.4
}