{
    "distance_to_goal": 9.876141079887748,
    "success": 0.175,
    "spl": 0.15911023978042682,
    "ndtw": 0.4081112787772603,
    "path_length": 8.683560556103476,
    "oracle_success": 0.275,
    "steps_taken": 62.5125
}