{
    "distance_to_goal": 9.62921248485758,
    "success": 0.13866231647634583,
    "spl": 0.12716873083046984,
    "ndtw": 0.3965144073325211,
    "path_length": 7.565307206748963,
    "oracle_success": 0.21044045676998369,
    "steps_taken": 69.63621533442088
}