{
    "distance_to_goal": 8.842051163315773,
    "success": 0.1375,
    "spl": 0.1226565800071225,
    "ndtw": 0.4305611483873576,
    "path_length": 8.703200372983702,
    "oracle_success": 0.3,
    "steps_taken": 61.2
}