{
    "distance_to_goal": 9.592470042614135,
    "success": 0.1370309951060359,
    "spl": 0.12630257946454668,
    "ndtw": 0.38647436271983127,
    "path_length": 7.227615844098854,
    "oracle_success": 0.21044045676998369,
    "steps_taken": 60.05111473626971
}