{
    "distance_to_goal": 2.8287553091843924,
    "success": 0.3333333333333333,
    "spl": 0.3289244301025363,
    "ndtw": 0.8150561399002267,
    "path_length": 10.06475225587686,
    "oracle_success": 0.3333333333333333,
    "steps_taken": 92.16666666666667
}