{
    "distance_to_goal": 8.662573128938675,
    "success": 0.3333333333333333,
    "spl": 0.30318454937271494,
    "ndtw": 0.555444943754751,
    "path_length": 8.564524807035923,
    "oracle_success": 0.3333333333333333,
    "steps_taken": 69.66666666666667
}