{
    "distance_to_goal": 8.378587823907024,
    "success": 0.20051413881748073,
    "spl": 0.1866485593068968,
    "ndtw": 0.46508234613564653,
    "path_length": 8.393830498728663,
    "oracle_success": 0.3213367609254499,
    "steps_taken": 56.94473007712082
}