{
    "distance_to_goal": 8.942076656134239,
    "success": 0.16580976863753213,
    "spl": 0.15038916731503235,
    "ndtw": 0.4230648045991994,
    "path_length": 8.711520640703634,
    "oracle_success": 0.2982005141388175,
    "steps_taken": 61.98586118251928
}