{
    "distance_to_goal": 10.096855504065752,
    "success": 0.1125,
    "spl": 0.10601491813292444,
    "ndtw": 0.3717234573427443,
    "path_length": 8.795320686115883,
    "oracle_success": 0.1875,
    "steps_taken": 63.025
}