{
    "distance_to_goal": 9.53259022475958,
    "success": 0.15171288743882544,
    "spl": 0.13625315203502456,
    "ndtw": 0.3933039268309929,
    "path_length": 8.275246909381945,
    "oracle_success": 0.24143556280587275,
    "steps_taken": 61.935834692767806
}