{
    "distance_to_goal": 10.199068642035126,
    "success": 0.075,
    "spl": 0.05833858826366165,
    "ndtw": 0.3409033756379043,
    "path_length": 10.005394249205711,
    "oracle_success": 0.25,
    "steps_taken": 78.85
}