{
    "distance_to_goal": 10.094784402314833,
    "success": 0.13110539845758354,
    "spl": 0.12680732641308198,
    "ndtw": 0.37884259398260933,
    "path_length": 9.663262755092836,
    "oracle_success": 0.3046272493573265,
    "steps_taken": 70.34447300771208
}