{
    "distance_to_goal": 9.59628339024294,
    "success": 0.14518760195758565,
    "spl": 0.13145605558454393,
    "ndtw": 0.3895227012147785,
    "path_length": 8.596964026345676,
    "oracle_success": 0.25938009787928223,
    "steps_taken": 67.43773790103317
}