{
    "distance_to_goal": 9.44850248247385,
    "success": 0.1375,
    "spl": 0.12537779603443208,
    "ndtw": 0.3981256772862043,
    "path_length": 8.208583470476762,
    "oracle_success": 0.2375,
    "steps_taken": 59.65
}