{
    "distance_to_goal": 11.035128545761108,
    "success": 0.05,
    "spl": 0.043773473374921774,
    "ndtw": 0.318575245768083,
    "path_length": 10.084559176018956,
    "oracle_success": 0.1875,
    "steps_taken": 82.7625
}