{
    "distance_to_goal": 9.32110762745142,
    "success": 0.1375,
    "spl": 0.12641088582107832,
    "ndtw": 0.41486756993257207,
    "path_length": 8.823540851386497,
    "oracle_success": 0.3375,
    "steps_taken": 64.5625
}