{
    "distance_to_goal": 8.968920347718928,
    "success": 0.16838046272493573,
    "spl": 0.15200812615808104,
    "ndtw": 0.42846935125415,
    "path_length": 9.15906671434946,
    "oracle_success": 0.3380462724935733,
    "steps_taken": 64.75192802056556
}