{
    "distance_to_goal": 9.708533345162868,
    "success": 0.125,
    "spl": 0.11059287741105917,
    "ndtw": 0.4141219239723973,
    "path_length": 7.945082710572751,
    "oracle_success": 0.225,
    "steps_taken": 51.0625
}