{
    "distance_to_goal": 9.673715653069127,
    "success": 0.16476345840130505,
    "spl": 0.14863575912907318,
    "ndtw": 0.39587873056688994,
    "path_length": 8.148679581170796,
    "oracle_success": 0.23817292006525284,
    "steps_taken": 58.34747145187602
}