{
    "distance_to_goal": 8.555378946382312,
    "success": 0.20565552699228792,
    "spl": 0.1933604006628816,
    "ndtw": 0.45663103063179034,
    "path_length": 8.557716410868718,
    "oracle_success": 0.33676092544987146,
    "steps_taken": 61.63367609254499
}