{
    "distance_to_goal": 9.757677041739225,
    "success": 0.075,
    "spl": 0.07101849249861539,
    "ndtw": 0.36109825401199963,
    "path_length": 8.59459214208764,
    "oracle_success": 0.2125,
    "steps_taken": 68.8875
}