{
    "distance_to_goal": 9.933667350560427,
    "success": 0.1375,
    "spl": 0.13209369300417723,
    "ndtw": 0.3870903180169262,
    "path_length": 8.423388633384992,
    "oracle_success": 0.2625,
    "steps_taken": 57.6625
}