{
    "distance_to_goal": 10.438849102519452,
    "success": 0.075,
    "spl": 0.06257632828126247,
    "ndtw": 0.3381063388601425,
    "path_length": 9.608315876816729,
    "oracle_success": 0.2125,
    "steps_taken": 69.375
}