{
    "distance_to_goal": 10.161546812206506,
    "success": 0.0875,
    "spl": 0.08062911491861435,
    "ndtw": 0.3893795684601465,
    "path_length": 8.832230989076198,
    "oracle_success": 0.175,
    "steps_taken": 58.4
}