{
    "distance_to_goal": 10.232256941869855,
    "success": 0.125,
    "spl": 0.12447429165327788,
    "ndtw": 0.3647707897645457,
    "path_length": 9.024780641439522,
    "oracle_success": 0.225,
    "steps_taken": 64.3875
}