{
    "distance_to_goal": 9.94553664690081,
    "success": 0.1533442088091354,
    "spl": 0.13696541287118266,
    "ndtw": 0.3766443160105042,
    "path_length": 8.308637960109415,
    "oracle_success": 0.21533442088091354,
    "steps_taken": 63.290918977705275
}