{
    "distance_to_goal": 8.994874906912447,
    "success": 0.1625,
    "spl": 0.15250174780967235,
    "ndtw": 0.4429771078405538,
    "path_length": 7.7741970638104245,
    "oracle_success": 0.275,
    "steps_taken": 59.6625
}