{
    "distance_to_goal": 9.123078750326732,
    "success": 0.15681233933161953,
    "spl": 0.14451370395567747,
    "ndtw": 0.4206339717141132,
    "path_length": 8.985383946339425,
    "oracle_success": 0.32904884318766064,
    "steps_taken": 65.31233933161954
}