{
    "distance_to_goal": 9.492181920932467,
    "success": 0.15938303341902313,
    "spl": 0.14523167416322927,
    "ndtw": 0.40291437440279726,
    "path_length": 8.742892780925082,
    "oracle_success": 0.2943444730077121,
    "steps_taken": 58.455012853470436
}