{
    "distance_to_goal": 10.110274516046047,
    "success": 0.125,
    "spl": 0.11771868465537583,
    "ndtw": 0.3905298894293347,
    "path_length": 8.641000644373708,
    "oracle_success": 0.2,
    "steps_taken": 54.5125
}