{
    "distance_to_goal": 9.1142034302717,
    "success": 0.17480719794344474,
    "spl": 0.1665932693678991,
    "ndtw": 0.4217527333586366,
    "path_length": 8.855722582944882,
    "oracle_success": 0.30205655526992287,
    "steps_taken": 60.02570694087404
}