{
    "distance_to_goal": 9.01475947318661,
    "success": 0.13753213367609254,
    "spl": 0.1346644121324203,
    "ndtw": 0.4102849763613434,
    "path_length": 5.790545562609317,
    "oracle_success": 0.17609254498714652,
    "steps_taken": 39.854755784061695
}