{
    "distance_to_goal": 11.02063010422307,
    "success": 0.07455012853470437,
    "spl": 0.06321194348083443,
    "ndtw": 0.32110743808579506,
    "path_length": 9.830517504407682,
    "oracle_success": 0.2352185089974293,
    "steps_taken": 83.66195372750643
}