{
    "distance_to_goal": 8.942376400157809,
    "success": 0.2125,
    "spl": 0.2013232860441349,
    "ndtw": 0.4603154025565315,
    "path_length": 7.5788242986076515,
    "oracle_success": 0.2875,
    "steps_taken": 48.8125
}