{
    "distance_to_goal": 8.209522288478912,
    "success": 0.25,
    "spl": 0.24437085668299702,
    "ndtw": 0.4992873535959509,
    "path_length": 7.778927154839039,
    "oracle_success": 0.3125,
    "steps_taken": 51.35
}