{
    "distance_to_goal": 8.969199476406068,
    "success": 0.1500815660685155,
    "spl": 0.1420220900655506,
    "ndtw": 0.42551868550608524,
    "path_length": 6.549598390406008,
    "oracle_success": 0.1984774333877107,
    "steps_taken": 52.991299619358344
}