{
    "distance_to_goal": 8.82340876441449,
    "success": 0.2375,
    "spl": 0.21427476463492484,
    "ndtw": 0.4527328309221133,
    "path_length": 7.605777120142011,
    "oracle_success": 0.2625,
    "steps_taken": 51.375
}