{
    "distance_to_goal": 8.329630991071463,
    "success": 0.2375,
    "spl": 0.22581998905605455,
    "ndtw": 0.47291755080194553,
    "path_length": 7.133144980244106,
    "oracle_success": 0.25,
    "steps_taken": 53.575
}