{
    "distance_to_goal": 8.771526361140562,
    "success": 0.16204458945078848,
    "spl": 0.15256850325598698,
    "ndtw": 0.42827764394990203,
    "path_length": 6.721875605236212,
    "oracle_success": 0.2240348015225666,
    "steps_taken": 56.26536160957042
}