{
    "distance_to_goal": 8.621420416980982,
    "success": 0.2125,
    "spl": 0.18684004209205018,
    "ndtw": 0.4519858720024546,
    "path_length": 8.029477026204404,
    "oracle_success": 0.2875,
    "steps_taken": 53.5625
}