{
    "distance_to_goal": 8.700458998605608,
    "success": 0.2125,
    "spl": 0.20372330414474563,
    "ndtw": 0.45906392614278835,
    "path_length": 7.6365435486193745,
    "oracle_success": 0.275,
    "steps_taken": 55.6375
}