{
    "distance_to_goal": 9.22036528680119,
    "success": 0.1375747688961392,
    "spl": 0.12758529240600963,
    "ndtw": 0.40923008719031484,
    "path_length": 7.106564533949006,
    "oracle_success": 0.2115280043501903,
    "steps_taken": 58.05709624796085
}