{
    "distance_to_goal": 8.220012320298702,
    "success": 0.2375,
    "spl": 0.21923460017956425,
    "ndtw": 0.4756915683426272,
    "path_length": 7.533462333283387,
    "oracle_success": 0.2875,
    "steps_taken": 53.9625
}