{
    "distance_to_goal": 8.402316656155191,
    "success": 0.21079691516709512,
    "spl": 0.1978328168529434,
    "ndtw": 0.46601251880905303,
    "path_length": 7.010722333063477,
    "oracle_success": 0.2853470437017995,
    "steps_taken": 53.12082262210797
}