{
    "distance_to_goal": 8.926148787327111,
    "success": 0.2375,
    "spl": 0.23222497625551056,
    "ndtw": 0.45460727630913295,
    "path_length": 6.789934979152167,
    "oracle_success": 0.25,
    "steps_taken": 50.9125
}