{
    "distance_to_goal": 8.76938029732555,
    "success": 0.175,
    "spl": 0.16006074577863816,
    "ndtw": 0.4546800521758939,
    "path_length": 7.463990779015876,
    "oracle_success": 0.225,
    "steps_taken": 52.2375
}