{
    "distance_to_goal": 8.354694338893676,
    "success": 0.2133676092544987,
    "spl": 0.20484989189564665,
    "ndtw": 0.4741775122329298,
    "path_length": 7.587332261386197,
    "oracle_success": 0.2917737789203085,
    "steps_taken": 51.62596401028278
}