{
    "distance_to_goal": 8.503526219480449,
    "success": 0.20308483290488433,
    "spl": 0.19407401325371015,
    "ndtw": 0.46133308537420237,
    "path_length": 7.22098423158311,
    "oracle_success": 0.2750642673521851,
    "steps_taken": 54.93830334190231
}