{
    "distance_to_goal": 8.19439689491356,
    "success": 0.19665809768637532,
    "spl": 0.18786907986104595,
    "ndtw": 0.4809252775192444,
    "path_length": 7.0438513093276365,
    "oracle_success": 0.2596401028277635,
    "steps_taken": 50.93573264781491
}