{
    "distance_to_goal": 8.56462914571166,
    "success": 0.2375,
    "spl": 0.22909713231906448,
    "ndtw": 0.48191438454361524,
    "path_length": 7.347504653513897,
    "oracle_success": 0.2625,
    "steps_taken": 56.075
}