{
    "distance_to_goal": 8.945020258426666,
    "success": 0.2125,
    "spl": 0.19918677712196348,
    "ndtw": 0.4583575701248823,
    "path_length": 7.674616310902638,
    "oracle_success": 0.2375,
    "steps_taken": 51.6125
}