{
    "distance_to_goal": 8.95773653500261,
    "success": 0.19151670951156813,
    "spl": 0.1792792032081959,
    "ndtw": 0.4372052581129623,
    "path_length": 7.597849794532741,
    "oracle_success": 0.2532133676092545,
    "steps_taken": 53.9280205655527
}