{
    "distance_to_goal": 8.808476029336452,
    "success": 0.1625,
    "spl": 0.1567322906314934,
    "ndtw": 0.44908938314750807,
    "path_length": 7.646352704218589,
    "oracle_success": 0.25,
    "steps_taken": 51.8625
}