{
    "distance_to_goal": 9.571776066720485,
    "success": 0.15,
    "spl": 0.1486989580333139,
    "ndtw": 0.4261518926684763,
    "path_length": 7.352069484000094,
    "oracle_success": 0.2125,
    "steps_taken": 49.4875
}