{
    "distance_to_goal": 8.457698592509127,
    "success": 0.2262210796915167,
    "spl": 0.2111359666760372,
    "ndtw": 0.46344035746214135,
    "path_length": 8.012471453223938,
    "oracle_success": 0.3277634961439589,
    "steps_taken": 57.494858611825194
}