{
    "distance_to_goal": 9.040038554742932,
    "success": 0.175,
    "spl": 0.16725711223835613,
    "ndtw": 0.4489586534037455,
    "path_length": 7.508334491233109,
    "oracle_success": 0.2375,
    "steps_taken": 49.7625
}