{
    "distance_to_goal": 9.021048046741635,
    "success": 0.1875,
    "spl": 0.18241595786970036,
    "ndtw": 0.44962067278801915,
    "path_length": 6.973989223618991,
    "oracle_success": 0.225,
    "steps_taken": 49.3
}