{
    "distance_to_goal": 8.601943722861439,
    "success": 0.19665809768637532,
    "spl": 0.18910544062160425,
    "ndtw": 0.45766087594238863,
    "path_length": 6.591809998646125,
    "oracle_success": 0.2583547557840617,
    "steps_taken": 50.79177377892031
}