{
    "distance_to_goal": 8.92706349119544,
    "success": 0.225,
    "spl": 0.21443724380495807,
    "ndtw": 0.44414713424977526,
    "path_length": 7.521584408776834,
    "oracle_success": 0.3125,
    "steps_taken": 51.7875
}