{
    "distance_to_goal": 8.705888045579195,
    "success": 0.1875,
    "spl": 0.17796148677005919,
    "ndtw": 0.4666155959747445,
    "path_length": 7.141895312536508,
    "oracle_success": 0.225,
    "steps_taken": 52.5125
}