{
    "distance_to_goal": 9.227676974748256,
    "success": 0.14355628058727568,
    "spl": 0.13460560674055827,
    "ndtw": 0.4097202006554583,
    "path_length": 6.646469000428285,
    "oracle_success": 0.19412724306688417,
    "steps_taken": 51.566612289287654
}