{
    "distance_to_goal": 9.66876241862774,
    "success": 0.1625,
    "spl": 0.14714953866310967,
    "ndtw": 0.41583507601713465,
    "path_length": 8.077384000708117,
    "oracle_success": 0.25,
    "steps_taken": 54.2875
}