{
    "distance_to_goal": 8.445564319565893,
    "success": 0.1875,
    "spl": 0.1762239768402945,
    "ndtw": 0.46090267592297457,
    "path_length": 7.866667997988406,
    "oracle_success": 0.2625,
    "steps_taken": 52.925
}