{
    "distance_to_goal": 8.541471283137799,
    "success": 0.225,
    "spl": 0.20805803862982847,
    "ndtw": 0.4826167844633943,
    "path_length": 7.777272774529635,
    "oracle_success": 0.2875,
    "steps_taken": 51.35
}