{
    "distance_to_goal": 8.150763197373456,
    "success": 0.17866323907455012,
    "spl": 0.1699732273421901,
    "ndtw": 0.4771977969123132,
    "path_length": 7.134371764507216,
    "oracle_success": 0.2544987146529563,
    "steps_taken": 54.9305912596401
}