{
    "distance_to_goal": 4.474999720851581,
    "success": 0.6666666666666666,
    "spl": 0.6530571622211719,
    "ndtw": 0.7362825470284381,
    "path_length": 8.805117556204399,
    "oracle_success": 0.6666666666666666,
    "steps_taken": 58.333333333333336
}