{
    "distance_to_goal": 5.844636032978694,
    "success": 0.5,
    "spl": 0.5,
    "ndtw": 0.6439459459585658,
    "path_length": 9.387796394526958,
    "oracle_success": 0.6666666666666666,
    "steps_taken": 59.666666666666664
}