{
    "distance_to_goal": 8.86408791618443,
    "success": 0.18433931484502447,
    "spl": 0.17308707811494525,
    "ndtw": 0.4369731460039872,
    "path_length": 6.641409158768673,
    "oracle_success": 0.2267536704730832,
    "steps_taken": 49.34910277324633
}