{
    "distance_to_goal": 8.635773079977241,
    "success": 0.1598694942903752,
    "spl": 0.15440657976522223,
    "ndtw": 0.43840900154961815,
    "path_length": 5.533945645128199,
    "oracle_success": 0.18107667210440456,
    "steps_taken": 47.92006525285481
}