{
    "distance_to_goal": 8.035951459239259,
    "success": 0.21979434447300772,
    "spl": 0.2023822535515483,
    "ndtw": 0.48562105167129926,
    "path_length": 6.97983997605279,
    "oracle_success": 0.2737789203084833,
    "steps_taken": 49.2853470437018
}