{
    "distance_to_goal": 8.872955209761859,
    "success": 0.2,
    "spl": 0.18043676368607603,
    "ndtw": 0.47856525597982114,
    "path_length": 7.209523598605301,
    "oracle_success": 0.2875,
    "steps_taken": 49.2625
}