{
    "distance_to_goal": 8.247499196603894,
    "success": 0.2,
    "spl": 0.18583355195386606,
    "ndtw": 0.49522305144635836,
    "path_length": 6.397295872215182,
    "oracle_success": 0.225,
    "steps_taken": 47.9875
}