{
    "distance_to_goal": 7.961216935595847,
    "success": 0.18894601542416453,
    "spl": 0.17853846613961144,
    "ndtw": 0.48909210142544357,
    "path_length": 6.135773033560655,
    "oracle_success": 0.2159383033419023,
    "steps_taken": 47.82133676092545
}