{
    "distance_to_goal": 8.175896323001094,
    "success": 0.20822622107969152,
    "spl": 0.1887841440594008,
    "ndtw": 0.4815890167395594,
    "path_length": 7.208401551816294,
    "oracle_success": 0.2622107969151671,
    "steps_taken": 49.304627249357324
}