{
    "distance_to_goal": 8.908161735534668,
    "success": 0.1875,
    "spl": 0.16101789201651376,
    "ndtw": 0.47769454616528906,
    "path_length": 7.32409116954077,
    "oracle_success": 0.2375,
    "steps_taken": 49.2375
}