{
    "distance_to_goal": 9.223929887632432,
    "success": 0.16802610114192496,
    "spl": 0.15536319331097523,
    "ndtw": 0.42295193553523214,
    "path_length": 6.827940844284279,
    "oracle_success": 0.2169657422512235,
    "steps_taken": 49.3605220228385
}