{
    "distance_to_goal": 8.875814139842987,
    "success": 0.15,
    "spl": 0.1389402425645392,
    "ndtw": 0.4149215938032585,
    "path_length": 9.4415136155847,
    "oracle_success": 0.3375,
    "steps_taken": 69.6625
}