{
    "distance_to_goal": 9.621818783645917,
    "success": 0.12996193583469276,
    "spl": 0.11256328525330628,
    "ndtw": 0.37387237855144534,
    "path_length": 9.362991458359419,
    "oracle_success": 0.26101141924959215,
    "steps_taken": 79.6237085372485
}