{
    "distance_to_goal": 10.121649762087863,
    "success": 0.11147362697117999,
    "spl": 0.09889978827134073,
    "ndtw": 0.34329029125088234,
    "path_length": 9.34735311340114,
    "oracle_success": 0.2425231103860794,
    "steps_taken": 80.84665579119087
}