{
    "distance_to_goal": 8.782391049906343,
    "success": 0.20051413881748073,
    "spl": 0.1851010137700996,
    "ndtw": 0.42980351192101945,
    "path_length": 9.753231210050988,
    "oracle_success": 0.37789203084832906,
    "steps_taken": 76.68766066838046
}