{
    "distance_to_goal": 9.698863174766302,
    "success": 0.1375,
    "spl": 0.13269134881678774,
    "ndtw": 0.38214045140342257,
    "path_length": 9.92975353160286,
    "oracle_success": 0.3125,
    "steps_taken": 80.9625
}