{
    "distance_to_goal": 10.324541641026736,
    "success": 0.1125,
    "spl": 0.0959632203710599,
    "ndtw": 0.3489971739987845,
    "path_length": 10.679257829906419,
    "oracle_success": 0.225,
    "steps_taken": 76.075
}