{
    "distance_to_goal": 9.384762415772538,
    "success": 0.16966580976863754,
    "spl": 0.15168429994395902,
    "ndtw": 0.3941850301944484,
    "path_length": 10.741569399519957,
    "oracle_success": 0.36503856041131105,
    "steps_taken": 85.11568123393316
}