{
    "distance_to_goal": 10.232018500566483,
    "success": 0.1875,
    "spl": 0.16238898753207573,
    "ndtw": 0.34627410451853835,
    "path_length": 11.233948186296038,
    "oracle_success": 0.3375,
    "steps_taken": 100.4875
}