{
    "distance_to_goal": 9.720592098830187,
    "success": 0.11636759108210984,
    "spl": 0.10071305486267859,
    "ndtw": 0.3725589459101501,
    "path_length": 8.514830801951742,
    "oracle_success": 0.22838499184339314,
    "steps_taken": 73.95704187058183
}