{
    "distance_to_goal": 9.535511549934744,
    "success": 0.1375,
    "spl": 0.12309027194257108,
    "ndtw": 0.364173146252782,
    "path_length": 9.583152601265464,
    "oracle_success": 0.2875,
    "steps_taken": 72.2125
}