{
    "distance_to_goal": 9.749352772258089,
    "success": 0.13881748071979436,
    "spl": 0.12167106642353889,
    "ndtw": 0.3650318365077739,
    "path_length": 11.114916023492645,
    "oracle_success": 0.37532133676092544,
    "steps_taken": 91.27120822622108
}