{
    "distance_to_goal": 9.80648145584421,
    "success": 0.13539967373572595,
    "spl": 0.11689301142256411,
    "ndtw": 0.37158368994122243,
    "path_length": 8.723328136462028,
    "oracle_success": 0.24306688417618272,
    "steps_taken": 74.29961935834693
}