{
    "distance_to_goal": 9.601786415278912,
    "success": 0.2,
    "spl": 0.17597187617545615,
    "ndtw": 0.39123620639507284,
    "path_length": 10.814071247563698,
    "oracle_success": 0.3625,
    "steps_taken": 93.6625
}