{
    "distance_to_goal": 9.575690010562539,
    "success": 0.1625,
    "spl": 0.13822616862587117,
    "ndtw": 0.4073043432396222,
    "path_length": 9.694250849683302,
    "oracle_success": 0.2875,
    "steps_taken": 65.275
}