{
    "distance_to_goal": 9.346234673261643,
    "success": 0.175,
    "spl": 0.16193296165429322,
    "ndtw": 0.4082336963653678,
    "path_length": 9.483674007689114,
    "oracle_success": 0.325,
    "steps_taken": 72.3125
}