{
    "distance_to_goal": 9.231853077933192,
    "success": 0.2375,
    "spl": 0.20974890840295438,
    "ndtw": 0.4131742002016671,
    "path_length": 9.88652046514908,
    "oracle_success": 0.3625,
    "steps_taken": 73.9125
}