{
    "distance_to_goal": 8.982579904687436,
    "success": 0.18123393316195371,
    "spl": 0.16631554972756002,
    "ndtw": 0.41619615106774877,
    "path_length": 8.9421011545843,
    "oracle_success": 0.32005141388174807,
    "steps_taken": 63.376606683804624
}