{
    "distance_to_goal": 9.407438569143414,
    "success": 0.1125,
    "spl": 0.10906431964342551,
    "ndtw": 0.4216506978614235,
    "path_length": 9.080743687070207,
    "oracle_success": 0.275,
    "steps_taken": 62.5875
}