{
    "distance_to_goal": 9.543517776578664,
    "success": 0.2375,
    "spl": 0.2063535193788757,
    "ndtw": 0.3974636384111939,
    "path_length": 10.595941762420114,
    "oracle_success": 0.375,
    "steps_taken": 85.6125
}