{
    "distance_to_goal": 9.274557870005887,
    "success": 0.17223650385604114,
    "spl": 0.1507506440075979,
    "ndtw": 0.4052804783674512,
    "path_length": 10.15389701123395,
    "oracle_success": 0.34704370179948585,
    "steps_taken": 81.2892030848329
}