{
    "distance_to_goal": 9.25353601127863,
    "success": 0.15,
    "spl": 0.13808461734179622,
    "ndtw": 0.40701315081512063,
    "path_length": 9.34854127962608,
    "oracle_success": 0.2875,
    "steps_taken": 73.0375
}