{
    "distance_to_goal": 10.286655732244252,
    "success": 0.1125,
    "spl": 0.10522970558129834,
    "ndtw": 0.3645267389311355,
    "path_length": 10.913922787611046,
    "oracle_success": 0.2875,
    "steps_taken": 80.775
}