{
    "distance_to_goal": 8.689129563637442,
    "success": 0.2390745501285347,
    "spl": 0.21617460187930257,
    "ndtw": 0.45334058875903405,
    "path_length": 9.364711468634175,
    "oracle_success": 0.39588688946015427,
    "steps_taken": 73.44858611825192
}