{
    "distance_to_goal": 9.609839043208902,
    "success": 0.14524421593830333,
    "spl": 0.12438212620091336,
    "ndtw": 0.36418838138710546,
    "path_length": 11.18186746287022,
    "oracle_success": 0.38817480719794345,
    "steps_taken": 97.08226221079691
}