{
    "distance_to_goal": 9.902161905914545,
    "success": 0.1875,
    "spl": 0.16249025721393082,
    "ndtw": 0.3562975959927351,
    "path_length": 11.048245641449466,
    "oracle_success": 0.35,
    "steps_taken": 85.475
}