{
    "distance_to_goal": 9.933202588558197,
    "success": 0.1375,
    "spl": 0.12092968912524797,
    "ndtw": 0.35014783226500557,
    "path_length": 9.709682258183214,
    "oracle_success": 0.25,
    "steps_taken": 80.7375
}