{
    "distance_to_goal": 9.041685367706963,
    "success": 0.18508997429305912,
    "spl": 0.16925551603751918,
    "ndtw": 0.41567195254751665,
    "path_length": 9.47690237704375,
    "oracle_success": 0.33547557840616965,
    "steps_taken": 77.62339331619538
}