{
    "distance_to_goal": 10.202620512247085,
    "success": 0.125,
    "spl": 0.11041254134788706,
    "ndtw": 0.32432735704216004,
    "path_length": 11.2975473103259,
    "oracle_success": 0.35,
    "steps_taken": 85.4625
}