{
    "distance_to_goal": 8.885823076590896,
    "success": 0.1375,
    "spl": 0.12010107641861374,
    "ndtw": 0.39914289979403306,
    "path_length": 9.431801076419651,
    "oracle_success": 0.2375,
    "steps_taken": 69.775
}