{
    "distance_to_goal": 8.23427008446306,
    "success": 0.125,
    "spl": 0.11180139303080416,
    "ndtw": 0.4784209071189012,
    "path_length": 6.0830404741805975,
    "oracle_success": 0.1625,
    "steps_taken": 41.725
}