{
    "distance_to_goal": 8.104652367345988,
    "success": 0.2125,
    "spl": 0.203777599042647,
    "ndtw": 0.48640340201794385,
    "path_length": 6.012170500849781,
    "oracle_success": 0.2375,
    "steps_taken": 43.025
}