{
    "distance_to_goal": 8.893214326165616,
    "success": 0.1625,
    "spl": 0.14839171390363964,
    "ndtw": 0.44522466741105554,
    "path_length": 7.1598400303977545,
    "oracle_success": 0.225,
    "steps_taken": 48.1
}