{
    "distance_to_goal": 8.571143285743892,
    "success": 0.1375,
    "spl": 0.12805004268363276,
    "ndtw": 0.45935763311695943,
    "path_length": 6.104892669649954,
    "oracle_success": 0.175,
    "steps_taken": 43.9
}