{
    "distance_to_goal": 8.868167680688202,
    "success": 0.15,
    "spl": 0.13976422546871553,
    "ndtw": 0.44452757539149135,
    "path_length": 6.5806515917590644,
    "oracle_success": 0.2125,
    "steps_taken": 43.3375
}