{
    "distance_to_goal": 8.531019104272128,
    "success": 0.1625,
    "spl": 0.1479650404359417,
    "ndtw": 0.46492873014855085,
    "path_length": 7.148445867421105,
    "oracle_success": 0.2125,
    "steps_taken": 45.5875
}