{
    "distance_to_goal": 8.715821045823395,
    "success": 0.15,
    "spl": 0.14680066826783494,
    "ndtw": 0.45288484750934366,
    "path_length": 6.382042947411537,
    "oracle_success": 0.175,
    "steps_taken": 44.6875
}