{
    "distance_to_goal": 8.577364221960305,
    "success": 0.125,
    "spl": 0.11096637915147864,
    "ndtw": 0.4516953354585659,
    "path_length": 6.986998177598368,
    "oracle_success": 0.1625,
    "steps_taken": 69.925
}