{
    "distance_to_goal": 8.137155985832214,
    "success": 0.175,
    "spl": 0.16144048612507095,
    "ndtw": 0.48497391071531537,
    "path_length": 6.924203703796957,
    "oracle_success": 0.225,
    "steps_taken": 49.8375
}