{
    "distance_to_goal": 7.745713734036853,
    "success": 0.23136246786632392,
    "spl": 0.22064632762667086,
    "ndtw": 0.5082014286776811,
    "path_length": 6.949145866722611,
    "oracle_success": 0.2892030848329049,
    "steps_taken": 49.325192802056556
}