{
    "distance_to_goal": 8.73163980524987,
    "success": 0.1625,
    "spl": 0.1541346270832611,
    "ndtw": 0.4647551004081486,
    "path_length": 6.7023359416145825,
    "oracle_success": 0.2625,
    "steps_taken": 47.3375
}