{
    "distance_to_goal": 7.696477807368748,
    "success": 0.2390745501285347,
    "spl": 0.23068992102334515,
    "ndtw": 0.5040641299645843,
    "path_length": 5.967641105212706,
    "oracle_success": 0.2660668380462725,
    "steps_taken": 44.088688946015424
}