{
    "distance_to_goal": 7.80701997037977,
    "success": 0.1625,
    "spl": 0.15762180556488858,
    "ndtw": 0.49771557041154174,
    "path_length": 5.834687237103935,
    "oracle_success": 0.2125,
    "steps_taken": 39.7125
}