{
    "distance_to_goal": 8.443208311311901,
    "success": 0.15,
    "spl": 0.14649374382716232,
    "ndtw": 0.4828251440143786,
    "path_length": 6.021896623878274,
    "oracle_success": 0.2375,
    "steps_taken": 41.775
}