{
    "distance_to_goal": 8.203430117480456,
    "success": 0.225,
    "spl": 0.2130361218288967,
    "ndtw": 0.4893015436255812,
    "path_length": 7.330576684320112,
    "oracle_success": 0.2875,
    "steps_taken": 49.8375
}