{
    "distance_to_goal": 8.405420997552573,
    "success": 0.1875,
    "spl": 0.17241092207742104,
    "ndtw": 0.46222899666071926,
    "path_length": 6.750170527142473,
    "oracle_success": 0.2125,
    "steps_taken": 50.1
}