{
    "distance_to_goal": 8.304138582758606,
    "success": 0.1625,
    "spl": 0.1546870480799607,
    "ndtw": 0.4729467419726924,
    "path_length": 6.213608194191072,
    "oracle_success": 0.2125,
    "steps_taken": 45.75
}