{
    "distance_to_goal": 8.232274865545332,
    "success": 0.1375,
    "spl": 0.13728486060546966,
    "ndtw": 0.47874420491788083,
    "path_length": 5.83439585887827,
    "oracle_success": 0.1875,
    "steps_taken": 42.9875
}