{
    "distance_to_goal": 8.666020752303302,
    "success": 0.1125,
    "spl": 0.10778162620478535,
    "ndtw": 0.45579750537041297,
    "path_length": 6.038990559673403,
    "oracle_success": 0.1375,
    "steps_taken": 42.275
}