{
    "distance_to_goal": 8.599487934820354,
    "success": 0.175,
    "spl": 0.1615029138964098,
    "ndtw": 0.4655776750828041,
    "path_length": 7.036465916019303,
    "oracle_success": 0.2375,
    "steps_taken": 46.0125
}