{
    "distance_to_goal": 8.77601947914809,
    "success": 0.1625,
    "spl": 0.15300113168594526,
    "ndtw": 0.45876242120458527,
    "path_length": 7.017570103733239,
    "oracle_success": 0.2375,
    "steps_taken": 46.475
}