{
    "distance_to_goal": 8.303657153807581,
    "success": 0.1875,
    "spl": 0.17467807934645513,
    "ndtw": 0.4737542883213529,
    "path_length": 7.011683534039184,
    "oracle_success": 0.25,
    "steps_taken": 48.7
}