{
    "distance_to_goal": 8.302417900413275,
    "success": 0.225,
    "spl": 0.21439302122652365,
    "ndtw": 0.5024756188563587,
    "path_length": 6.403298729675589,
    "oracle_success": 0.2625,
    "steps_taken": 44.3875
}