{
    "distance_to_goal": 7.944692996112692,
    "success": 0.23136246786632392,
    "spl": 0.21542533078547263,
    "ndtw": 0.5015289654003118,
    "path_length": 7.385216480788169,
    "oracle_success": 0.2853470437017995,
    "steps_taken": 50.78020565552699
}