{
    "distance_to_goal": 8.845010157488286,
    "success": 0.1375,
    "spl": 0.13024152596790542,
    "ndtw": 0.4680084520355412,
    "path_length": 6.1773606708090725,
    "oracle_success": 0.1875,
    "steps_taken": 44.725
}