{
    "distance_to_goal": 8.361446360601168,
    "success": 0.15823817292006526,
    "spl": 0.1530720874676176,
    "ndtw": 0.44897584239201177,
    "path_length": 5.361536075084369,
    "oracle_success": 0.18107667210440456,
    "steps_taken": 45.092441544317566
}