{
    "distance_to_goal": 8.218181817233562,
    "success": 0.25,
    "spl": 0.23749139265667854,
    "ndtw": 0.49330177855879676,
    "path_length": 6.542765856639017,
    "oracle_success": 0.275,
    "steps_taken": 48.6375
}