{
    "distance_to_goal": 9.07796356137842,
    "success": 0.1625,
    "spl": 0.15271744024075617,
    "ndtw": 0.4573675927420018,
    "path_length": 6.691852253314574,
    "oracle_success": 0.225,
    "steps_taken": 45.0125
}