{
    "distance_to_goal": 8.526952876895667,
    "success": 0.1625,
    "spl": 0.15288584663620988,
    "ndtw": 0.45273783693815145,
    "path_length": 6.863842502076295,
    "oracle_success": 0.225,
    "steps_taken": 48.35
}