{
    "distance_to_goal": 7.72260473139948,
    "success": 0.2390745501285347,
    "spl": 0.2284924283045668,
    "ndtw": 0.5147510387162613,
    "path_length": 6.568583072157835,
    "oracle_success": 0.2814910025706941,
    "steps_taken": 46.26221079691517
}