{
    "distance_to_goal": 7.902183779503355,
    "success": 0.2275064267352185,
    "spl": 0.21445232894217123,
    "ndtw": 0.49868361803665223,
    "path_length": 7.053414039435369,
    "oracle_success": 0.2853470437017995,
    "steps_taken": 46.9293059125964
}