{
    "distance_to_goal": 8.57502566326598,
    "success": 0.16965742251223492,
    "spl": 0.16113112933108836,
    "ndtw": 0.44720853944599104,
    "path_length": 6.009718818179582,
    "oracle_success": 0.19249592169657423,
    "steps_taken": 48.56769983686786
}