{
    "distance_to_goal": 8.796411696635186,
    "success": 0.1625,
    "spl": 0.15412922554458622,
    "ndtw": 0.4536404221716951,
    "path_length": 6.614902881032322,
    "oracle_success": 0.2125,
    "steps_taken": 52.2625
}