{
    "distance_to_goal": 8.198755641654135,
    "success": 0.1875,
    "spl": 0.16390340100604908,
    "ndtw": 0.4825608734617662,
    "path_length": 6.549003539828118,
    "oracle_success": 0.225,
    "steps_taken": 50.5125
}