{
    "distance_to_goal": 8.70719581041485,
    "success": 0.225,
    "spl": 0.20645564886334541,
    "ndtw": 0.46900025985620875,
    "path_length": 6.871429534221534,
    "oracle_success": 0.2625,
    "steps_taken": 45.4125
}