{
    "distance_to_goal": 9.120644946210087,
    "success": 0.15,
    "spl": 0.13734641145013166,
    "ndtw": 0.44313292138978333,
    "path_length": 6.684205984591972,
    "oracle_success": 0.1875,
    "steps_taken": 50.575
}