{
    "distance_to_goal": 8.57358750384301,
    "success": 0.175,
    "spl": 0.1655118678986335,
    "ndtw": 0.4771501087384643,
    "path_length": 6.540594476193656,
    "oracle_success": 0.1875,
    "steps_taken": 43.9875
}