{
    "distance_to_goal": 8.82875232230872,
    "success": 0.1625,
    "spl": 0.14924334078146276,
    "ndtw": 0.45925054946868815,
    "path_length": 6.490849661324172,
    "oracle_success": 0.2125,
    "steps_taken": 48.0625
}