{
    "distance_to_goal": 8.25297238472849,
    "success": 0.1875,
    "spl": 0.18086253740215327,
    "ndtw": 0.4863098605309717,
    "path_length": 5.939077414938152,
    "oracle_success": 0.2375,
    "steps_taken": 40.1625
}