{
    "distance_to_goal": 8.838941956311464,
    "success": 0.125,
    "spl": 0.11352580832308753,
    "ndtw": 0.4394500560836542,
    "path_length": 7.398941879195627,
    "oracle_success": 0.1625,
    "steps_taken": 59.125
}