{
    "distance_to_goal": 8.937605013168412,
    "success": 0.17781402936378465,
    "spl": 0.16302699793438244,
    "ndtw": 0.42299467102823185,
    "path_length": 7.167472683142973,
    "oracle_success": 0.2463295269168026,
    "steps_taken": 54.93311582381729
}