{
    "distance_to_goal": 8.465586778335274,
    "success": 0.175,
    "spl": 0.15934841313924045,
    "ndtw": 0.47183679945027457,
    "path_length": 6.694768337897257,
    "oracle_success": 0.2125,
    "steps_taken": 52.4
}