{
    "distance_to_goal": 8.76207244489342,
    "success": 0.1375,
    "spl": 0.13198693726816488,
    "ndtw": 0.45639359657887424,
    "path_length": 5.746138494629783,
    "oracle_success": 0.15,
    "steps_taken": 37.5875
}