{
    "distance_to_goal": 8.420993410982192,
    "success": 0.1625,
    "spl": 0.14855433187146627,
    "ndtw": 0.4649689445797721,
    "path_length": 6.672166285768617,
    "oracle_success": 0.2375,
    "steps_taken": 46.475
}