{
    "distance_to_goal": 8.760861895792186,
    "success": 0.2125,
    "spl": 0.19496662019459668,
    "ndtw": 0.4510997737426156,
    "path_length": 7.3223827218054796,
    "oracle_success": 0.2625,
    "steps_taken": 46.925
}