{
    "distance_to_goal": 8.901662785559893,
    "success": 0.1625,
    "spl": 0.14733277518649956,
    "ndtw": 0.45375126367309937,
    "path_length": 6.747021831010412,
    "oracle_success": 0.175,
    "steps_taken": 50.1375
}