{
    "distance_to_goal": 8.696290434896946,
    "success": 0.15,
    "spl": 0.13574626645195223,
    "ndtw": 0.4614947842207961,
    "path_length": 6.788061967674663,
    "oracle_success": 0.2125,
    "steps_taken": 45.2375
}