{
    "distance_to_goal": 8.04005566051656,
    "success": 0.2480719794344473,
    "spl": 0.23282325530168368,
    "ndtw": 0.493913078490869,
    "path_length": 7.599052341299008,
    "oracle_success": 0.3097686375321337,
    "steps_taken": 50.04627249357326
}