{
    "distance_to_goal": 8.283048685267568,
    "success": 0.15,
    "spl": 0.13515197670694237,
    "ndtw": 0.4832160431534593,
    "path_length": 6.598012243263656,
    "oracle_success": 0.2125,
    "steps_taken": 47.5375
}