{
    "distance_to_goal": 8.620419605635107,
    "success": 0.125,
    "spl": 0.11421136987927243,
    "ndtw": 0.45381019490673535,
    "path_length": 6.4560664309355404,
    "oracle_success": 0.2,
    "steps_taken": 42.85
}