{
    "distance_to_goal": 8.309633662551642,
    "success": 0.1875,
    "spl": 0.1735860288105068,
    "ndtw": 0.4691108611661101,
    "path_length": 6.377303445048165,
    "oracle_success": 0.2625,
    "steps_taken": 45.8875
}