{
    "distance_to_goal": 8.702331747114659,
    "success": 0.1875,
    "spl": 0.17675924787731942,
    "ndtw": 0.46615772976435776,
    "path_length": 6.874909484554452,
    "oracle_success": 0.225,
    "steps_taken": 48.85
}