{
    "distance_to_goal": 8.461799386702477,
    "success": 0.175,
    "spl": 0.15886220959846667,
    "ndtw": 0.4702044519712447,
    "path_length": 6.6559755118214525,
    "oracle_success": 0.225,
    "steps_taken": 44.35
}