{
    "distance_to_goal": 8.37936261952604,
    "success": 0.16639477977161501,
    "spl": 0.15933641360697534,
    "ndtw": 0.446852642647438,
    "path_length": 5.796080233088786,
    "oracle_success": 0.20228384991843393,
    "steps_taken": 47.574225122349105
}