{
    "distance_to_goal": 8.406938931159676,
    "success": 0.125,
    "spl": 0.11455237704332825,
    "ndtw": 0.47967143715150834,
    "path_length": 6.235301374271512,
    "oracle_success": 0.1875,
    "steps_taken": 43.9125
}