{
    "distance_to_goal": 8.263069868087769,
    "success": 0.225,
    "spl": 0.21201528279394183,
    "ndtw": 0.49380266261514416,
    "path_length": 6.5391948555712585,
    "oracle_success": 0.2875,
    "steps_taken": 49.6125
}