{
    "distance_to_goal": 8.501597213000059,
    "success": 0.1375,
    "spl": 0.12002373514202684,
    "ndtw": 0.4691995097107152,
    "path_length": 6.858361279487144,
    "oracle_success": 0.225,
    "steps_taken": 46.875
}