{
    "distance_to_goal": 7.696644763627441,
    "success": 0.2467866323907455,
    "spl": 0.23336165186310606,
    "ndtw": 0.5100144215040515,
    "path_length": 6.6843179455360175,
    "oracle_success": 0.30077120822622105,
    "steps_taken": 48.52442159383033
}