{
    "distance_to_goal": 8.574344853684305,
    "success": 0.1875,
    "spl": 0.18091683310538714,
    "ndtw": 0.47116172257914635,
    "path_length": 6.433416285103091,
    "oracle_success": 0.225,
    "steps_taken": 45.425
}