{
    "distance_to_goal": 8.459822182171047,
    "success": 0.15,
    "spl": 0.14161015677739092,
    "ndtw": 0.4694021955585261,
    "path_length": 6.411003489198629,
    "oracle_success": 0.2125,
    "steps_taken": 46.6625
}