{
    "distance_to_goal": 8.86523965895176,
    "success": 0.1375,
    "spl": 0.12371853653669625,
    "ndtw": 0.4485596867263796,
    "path_length": 7.163952427399392,
    "oracle_success": 0.1875,
    "steps_taken": 49.6125
}