{
    "distance_to_goal": 9.178044209443033,
    "success": 0.075,
    "spl": 0.07446991013603023,
    "ndtw": 0.4185651038460108,
    "path_length": 6.559510726656299,
    "oracle_success": 0.15,
    "steps_taken": 56.2875
}