{
    "distance_to_goal": 8.798877251707017,
    "success": 0.125,
    "spl": 0.11550256200459627,
    "ndtw": 0.45490800140381393,
    "path_length": 6.666897751681972,
    "oracle_success": 0.1875,
    "steps_taken": 45.05
}