{
    "distance_to_goal": 7.947718553359986,
    "success": 0.2365038560411311,
    "spl": 0.22908363774452886,
    "ndtw": 0.4993897551741447,
    "path_length": 6.488878576777936,
    "oracle_success": 0.2853470437017995,
    "steps_taken": 44.57969151670951
}