{
    "distance_to_goal": 8.684471574425697,
    "success": 0.2,
    "spl": 0.1768627894708085,
    "ndtw": 0.43323104600647594,
    "path_length": 7.7866928476204835,
    "oracle_success": 0.2875,
    "steps_taken": 68.7125
}