{
    "distance_to_goal": 7.81677015312016,
    "success": 0.2125,
    "spl": 0.19975349606845044,
    "ndtw": 0.5049142005374844,
    "path_length": 7.132520678370952,
    "oracle_success": 0.275,
    "steps_taken": 58.8875
}