{
    "distance_to_goal": 8.075783014479441,
    "success": 0.21079691516709512,
    "spl": 0.195184658008825,
    "ndtw": 0.4784710510368967,
    "path_length": 6.801162286104443,
    "oracle_success": 0.2622107969151671,
    "steps_taken": 60.19280205655527
}