{
    "distance_to_goal": 8.300829301379947,
    "success": 0.17866323907455012,
    "spl": 0.17354330279217234,
    "ndtw": 0.46224518875132636,
    "path_length": 5.583384956386107,
    "oracle_success": 0.20565552699228792,
    "steps_taken": 43.084832904884315
}