{
    "distance_to_goal": 8.406968024729304,
    "success": 0.19665809768637532,
    "spl": 0.1846967026650476,
    "ndtw": 0.46342593243517893,
    "path_length": 7.464629256706064,
    "oracle_success": 0.2879177377892031,
    "steps_taken": 59.652956298200515
}