{
    "distance_to_goal": 9.378374546766281,
    "success": 0.2125,
    "spl": 0.19436582617334036,
    "ndtw": 0.43372965395065943,
    "path_length": 8.55866079164405,
    "oracle_success": 0.325,
    "steps_taken": 65.3125
}