{
    "distance_to_goal": 11.022257497906685,
    "success": 0.0375,
    "spl": 0.03180198954909201,
    "ndtw": 0.32117074519139105,
    "path_length": 7.925242140848423,
    "oracle_success": 0.1,
    "steps_taken": 66.3125
}