{
    "distance_to_goal": 9.358670095726847,
    "success": 0.1125,
    "spl": 0.10305742724998215,
    "ndtw": 0.4068524267483521,
    "path_length": 6.68483775901841,
    "oracle_success": 0.15,
    "steps_taken": 58.7125
}