{
    "distance_to_goal": 9.100073998421431,
    "success": 0.175,
    "spl": 0.16133392393596704,
    "ndtw": 0.4509351702515657,
    "path_length": 7.573488327395975,
    "oracle_success": 0.2375,
    "steps_taken": 58.4625
}