{
    "distance_to_goal": 8.877784384042025,
    "success": 0.175,
    "spl": 0.16077620268063736,
    "ndtw": 0.4435267596507999,
    "path_length": 7.2199067693444565,
    "oracle_success": 0.225,
    "steps_taken": 50.3875
}