{
    "distance_to_goal": 9.32586561782714,
    "success": 0.13050570962479607,
    "spl": 0.12179851316377192,
    "ndtw": 0.3922049986845837,
    "path_length": 6.472044778068474,
    "oracle_success": 0.1729200652528548,
    "steps_taken": 59.008700380641656
}