{
    "distance_to_goal": 8.994320081174374,
    "success": 0.1375,
    "spl": 0.12890019546358342,
    "ndtw": 0.42720643697604643,
    "path_length": 7.451920563513484,
    "oracle_success": 0.25,
    "steps_taken": 59.2625
}