{
    "distance_to_goal": 9.499265866726637,
    "success": 0.1625,
    "spl": 0.14604985367436468,
    "ndtw": 0.4190037858836174,
    "path_length": 8.227984704307968,
    "oracle_success": 0.275,
    "steps_taken": 70.825
}