{
    "distance_to_goal": 10.032028145343066,
    "success": 0.175,
    "spl": 0.15701784946724953,
    "ndtw": 0.39679171649976214,
    "path_length": 8.821413944092935,
    "oracle_success": 0.275,
    "steps_taken": 71.425
}