{
    "distance_to_goal": 8.236158954798409,
    "success": 0.18123393316195371,
    "spl": 0.17069531014180322,
    "ndtw": 0.4645059299074932,
    "path_length": 7.001577469699755,
    "oracle_success": 0.2493573264781491,
    "steps_taken": 56.11439588688946
}