{
    "distance_to_goal": 9.284647952742944,
    "success": 0.11854268624252311,
    "spl": 0.1111366722516207,
    "ndtw": 0.40285301293742354,
    "path_length": 6.560723638590705,
    "oracle_success": 0.15715062533985863,
    "steps_taken": 55.58618814573138
}