{
    "distance_to_goal": 9.572826061397791,
    "success": 0.1125,
    "spl": 0.10091783448484204,
    "ndtw": 0.4066271041202737,
    "path_length": 6.5517007624993555,
    "oracle_success": 0.1625,
    "steps_taken": 58.0875
}