{
    "distance_to_goal": 9.180891428142786,
    "success": 0.1375,
    "spl": 0.13303968429090163,
    "ndtw": 0.4214252005188195,
    "path_length": 7.639704551804684,
    "oracle_success": 0.2,
    "steps_taken": 57.1625
}