{
    "distance_to_goal": 8.271597125383147,
    "success": 0.20822622107969152,
    "spl": 0.19546362873175133,
    "ndtw": 0.4693907099177899,
    "path_length": 7.242209249114381,
    "oracle_success": 0.2827763496143959,
    "steps_taken": 58.109254498714655
}