{
    "distance_to_goal": 9.743850246071815,
    "success": 0.075,
    "spl": 0.0676008225853231,
    "ndtw": 0.36523684180415494,
    "path_length": 7.788514345404735,
    "oracle_success": 0.2125,
    "steps_taken": 81.3375
}