{
    "distance_to_goal": 8.370217143895541,
    "success": 0.19922879177377892,
    "spl": 0.18403406700280872,
    "ndtw": 0.4630359745962218,
    "path_length": 7.229102475875382,
    "oracle_success": 0.2570694087403599,
    "steps_taken": 55.012853470437015
}