{
    "distance_to_goal": 9.320731034732306,
    "success": 0.10984230560087004,
    "spl": 0.10129300006547895,
    "ndtw": 0.39307918472048214,
    "path_length": 6.3153086036992665,
    "oracle_success": 0.15878194671016857,
    "steps_taken": 60.84502446982056
}