{
    "distance_to_goal": 9.421894971653819,
    "success": 0.1625,
    "spl": 0.15493302781778434,
    "ndtw": 0.40122683087335814,
    "path_length": 7.848673567932546,
    "oracle_success": 0.2625,
    "steps_taken": 73.075
}