{
    "distance_to_goal": 9.507756745442748,
    "success": 0.125,
    "spl": 0.11387628380700965,
    "ndtw": 0.40335993567493145,
    "path_length": 7.287258943774875,
    "oracle_success": 0.225,
    "steps_taken": 61.0
}