{
    "distance_to_goal": 9.33322743310625,
    "success": 0.13811854268624252,
    "spl": 0.12999440565613843,
    "ndtw": 0.40391317514026065,
    "path_length": 6.718256363325357,
    "oracle_success": 0.1914083741163676,
    "steps_taken": 64.4768896139206
}