{
    "distance_to_goal": 8.843888465841815,
    "success": 0.17352185089974292,
    "spl": 0.1581870274068705,
    "ndtw": 0.4318990792256067,
    "path_length": 7.774455868258322,
    "oracle_success": 0.27249357326478146,
    "steps_taken": 67.44087403598972
}