{
    "distance_to_goal": 8.758679559957093,
    "success": 0.1953727506426735,
    "spl": 0.1802418351052419,
    "ndtw": 0.4483716489245565,
    "path_length": 7.812678194930607,
    "oracle_success": 0.30077120822622105,
    "steps_taken": 66.47557840616966
}