{
    "distance_to_goal": 9.237261770665645,
    "success": 0.125,
    "spl": 0.10645234227367588,
    "ndtw": 0.43102640146450916,
    "path_length": 7.534488687595226,
    "oracle_success": 0.25,
    "steps_taken": 57.7125
}