{
    "distance_to_goal": 10.267670372501016,
    "success": 0.15,
    "spl": 0.13810954031733472,
    "ndtw": 0.3739616556801687,
    "path_length": 8.551364646712319,
    "oracle_success": 0.25,
    "steps_taken": 70.5125
}