{
    "distance_to_goal": 7.99111575685001,
    "success": 0.2480719794344473,
    "spl": 0.22895927546118985,
    "ndtw": 0.4870698392996894,
    "path_length": 7.741434413570074,
    "oracle_success": 0.32390745501285345,
    "steps_taken": 57.37146529562982
}