{
    "distance_to_goal": 8.697759898751974,
    "success": 0.2125,
    "spl": 0.20060426019815109,
    "ndtw": 0.4682495888023242,
    "path_length": 6.879841144921374,
    "oracle_success": 0.2625,
    "steps_taken": 49.85
}