{
    "distance_to_goal": 8.157573552057148,
    "success": 0.2875,
    "spl": 0.26719482137067774,
    "ndtw": 0.48929791636484676,
    "path_length": 7.76665325720096,
    "oracle_success": 0.3625,
    "steps_taken": 57.5125
}