{
    "distance_to_goal": 8.159397887875228,
    "success": 0.2249357326478149,
    "spl": 0.21308873569762224,
    "ndtw": 0.4869586158924649,
    "path_length": 7.288336456190809,
    "oracle_success": 0.29048843187660667,
    "steps_taken": 52.023136246786635
}