{
    "distance_to_goal": 9.03639447355725,
    "success": 0.15551930396954866,
    "spl": 0.14385719766981298,
    "ndtw": 0.41593128430510906,
    "path_length": 6.943712551049147,
    "oracle_success": 0.2142468733007069,
    "steps_taken": 59.7373572593801
}