{
    "distance_to_goal": 8.256853082090386,
    "success": 0.21979434447300772,
    "spl": 0.20625857363845418,
    "ndtw": 0.4739607476071621,
    "path_length": 7.883484083123984,
    "oracle_success": 0.33161953727506427,
    "steps_taken": 59.06812339331619
}