{
    "distance_to_goal": 8.183303049951792,
    "success": 0.175,
    "spl": 0.1652389326857236,
    "ndtw": 0.49461285203769245,
    "path_length": 6.9912454667617565,
    "oracle_success": 0.25,
    "steps_taken": 51.425
}