{
    "distance_to_goal": 8.740223382205144,
    "success": 0.13539967373572595,
    "spl": 0.13051072913835168,
    "ndtw": 0.43175859759468116,
    "path_length": 5.884903763143752,
    "oracle_success": 0.17346383904295812,
    "steps_taken": 50.958129418162045
}