{
    "distance_to_goal": 8.153615031017896,
    "success": 0.18380462724935734,
    "spl": 0.17297337397995252,
    "ndtw": 0.4748159249606488,
    "path_length": 6.7395416132726975,
    "oracle_success": 0.2262210796915167,
    "steps_taken": 51.77377892030848
}