{
    "distance_to_goal": 7.919075165757943,
    "success": 0.2210796915167095,
    "spl": 0.20650940458114098,
    "ndtw": 0.4873660722103041,
    "path_length": 7.85988429103254,
    "oracle_success": 0.3393316195372751,
    "steps_taken": 59.72750642673522
}