{
    "distance_to_goal": 8.418862022832036,
    "success": 0.225,
    "spl": 0.21126112261400615,
    "ndtw": 0.4858101103714487,
    "path_length": 7.313258219555427,
    "oracle_success": 0.275,
    "steps_taken": 55.6375
}