{
    "distance_to_goal": 9.187876115366816,
    "success": 0.1375,
    "spl": 0.12458468761903982,
    "ndtw": 0.43657944729882764,
    "path_length": 7.03891130022821,
    "oracle_success": 0.2125,
    "steps_taken": 55.15
}