{
    "distance_to_goal": 8.405495335161685,
    "success": 0.2375,
    "spl": 0.22712883883916732,
    "ndtw": 0.4757290329904496,
    "path_length": 7.506529813428642,
    "oracle_success": 0.3375,
    "steps_taken": 57.4375
}