{
    "distance_to_goal": 8.085773519060758,
    "success": 0.20822622107969152,
    "spl": 0.19819435403053295,
    "ndtw": 0.4776313594647707,
    "path_length": 7.26348036723665,
    "oracle_success": 0.2892030848329049,
    "steps_taken": 51.81748071979435
}