{
    "distance_to_goal": 8.030642780669245,
    "success": 0.21465295629820053,
    "spl": 0.2019607132808754,
    "ndtw": 0.4920222449907272,
    "path_length": 7.599550239692565,
    "oracle_success": 0.2994858611825193,
    "steps_taken": 52.48457583547558
}