{
    "distance_to_goal": 9.058196930884261,
    "success": 0.16204458945078848,
    "spl": 0.14982171957408416,
    "ndtw": 0.4201609066164149,
    "path_length": 7.310752358497258,
    "oracle_success": 0.2495921696574225,
    "steps_taken": 62.71179989124524
}