{
    "distance_to_goal": 9.406393118348538,
    "success": 0.14573137574768896,
    "spl": 0.13598548116082915,
    "ndtw": 0.4109066300329692,
    "path_length": 6.848342303875422,
    "oracle_success": 0.20663404023926046,
    "steps_taken": 54.5078847199565
}