{
    "distance_to_goal": 8.155409526242694,
    "success": 0.21979434447300772,
    "spl": 0.20819082035501443,
    "ndtw": 0.47742986959217115,
    "path_length": 6.746719952736506,
    "oracle_success": 0.2750642673521851,
    "steps_taken": 51.710796915167094
}