{
    "distance_to_goal": 8.746817101258785,
    "success": 0.2,
    "spl": 0.1882542013555227,
    "ndtw": 0.46369651787027494,
    "path_length": 7.574342872170382,
    "oracle_success": 0.275,
    "steps_taken": 54.8125
}