{
    "distance_to_goal": 8.823066434264183,
    "success": 0.1625,
    "spl": 0.15115224883403405,
    "ndtw": 0.4598451259188773,
    "path_length": 7.347793910990004,
    "oracle_success": 0.275,
    "steps_taken": 52.05
}