{
    "distance_to_goal": 8.172984648495913,
    "success": 0.225,
    "spl": 0.21103366219021327,
    "ndtw": 0.48626515999179193,
    "path_length": 7.93815343635506,
    "oracle_success": 0.325,
    "steps_taken": 58.3875
}