{
    "distance_to_goal": 8.853483637049795,
    "success": 0.1625,
    "spl": 0.15493709251927656,
    "ndtw": 0.4426276611658798,
    "path_length": 6.633809258441033,
    "oracle_success": 0.2125,
    "steps_taken": 52.525
}