{
    "distance_to_goal": 8.854462922364473,
    "success": 0.1625,
    "spl": 0.1514658987703294,
    "ndtw": 0.45983863464280816,
    "path_length": 7.67507256225367,
    "oracle_success": 0.2875,
    "steps_taken": 55.7625
}