{
    "distance_to_goal": 8.518645515991375,
    "success": 0.275,
    "spl": 0.2568459179206853,
    "ndtw": 0.4875972259040463,
    "path_length": 7.312065253849141,
    "oracle_success": 0.3125,
    "steps_taken": 51.1125
}