{
    "distance_to_goal": 8.698006295785309,
    "success": 0.175,
    "spl": 0.16652657295883128,
    "ndtw": 0.4620878870941013,
    "path_length": 7.032384910552355,
    "oracle_success": 0.2625,
    "steps_taken": 51.675
}