{
    "distance_to_goal": 8.271710146963596,
    "success": 0.25,
    "spl": 0.24217939267238386,
    "ndtw": 0.4894942433439854,
    "path_length": 7.584525803528959,
    "oracle_success": 0.325,
    "steps_taken": 51.9875
}