{
    "distance_to_goal": 8.448603165149688,
    "success": 0.15,
    "spl": 0.14779305048022276,
    "ndtw": 0.47847391173373355,
    "path_length": 5.284733816748485,
    "oracle_success": 0.1625,
    "steps_taken": 35.9875
}