{
    "distance_to_goal": 8.948263339422818,
    "success": 0.1370309951060359,
    "spl": 0.13435731787360908,
    "ndtw": 0.4268491408518656,
    "path_length": 5.516558853999837,
    "oracle_success": 0.16856987493202827,
    "steps_taken": 40.723219140837415
}