{
    "distance_to_goal": 8.170251730829477,
    "success": 0.175,
    "spl": 0.1726813217010522,
    "ndtw": 0.48248855645850897,
    "path_length": 4.8868456607218835,
    "oracle_success": 0.175,
    "steps_taken": 32.5875
}