{
    "distance_to_goal": 8.241417826984106,
    "success": 0.19665809768637532,
    "spl": 0.19319135062893625,
    "ndtw": 0.4731906862488191,
    "path_length": 5.74560030612269,
    "oracle_success": 0.2120822622107969,
    "steps_taken": 40.98586118251928
}