{
    "distance_to_goal": 9.5030403876573,
    "success": 0.18508997429305912,
    "spl": 0.16526638112164965,
    "ndtw": 0.39610724879905185,
    "path_length": 8.473619288298584,
    "oracle_success": 0.2776349614395887,
    "steps_taken": 68.33290488431876
}