{
    "distance_to_goal": 8.296975387437485,
    "success": 0.19408740359897173,
    "spl": 0.19169026435231554,
    "ndtw": 0.45710004651370445,
    "path_length": 5.80146507058568,
    "oracle_success": 0.2159383033419023,
    "steps_taken": 48.7866323907455
}