{
    "distance_to_goal": 8.566229911148548,
    "success": 0.1375,
    "spl": 0.13477422288845706,
    "ndtw": 0.4578125648249253,
    "path_length": 5.189284214028158,
    "oracle_success": 0.15,
    "steps_taken": 33.7125
}