{
    "distance_to_goal": 8.895353195816279,
    "success": 0.1375,
    "spl": 0.13609044327823222,
    "ndtw": 0.43334393522935866,
    "path_length": 4.667361758364132,
    "oracle_success": 0.1375,
    "steps_taken": 33.3125
}