{
    "distance_to_goal": 8.755588920414448,
    "success": 0.15,
    "spl": 0.14687941741709723,
    "ndtw": 0.43918806084841056,
    "path_length": 5.615197665285086,
    "oracle_success": 0.1625,
    "steps_taken": 40.65
}