{
    "distance_to_goal": 8.312739332223305,
    "success": 0.13496143958868895,
    "spl": 0.13296577861776168,
    "ndtw": 0.45225976690123615,
    "path_length": 4.792235049145033,
    "oracle_success": 0.14652956298200515,
    "steps_taken": 35.72365038560411
}