{
    "distance_to_goal": 8.967371468618513,
    "success": 0.175,
    "spl": 0.1736064987918213,
    "ndtw": 0.4419753754357004,
    "path_length": 5.977166378562331,
    "oracle_success": 0.1875,
    "steps_taken": 40.3375
}