{
    "distance_to_goal": 10.295778158307076,
    "success": 0.0625,
    "spl": 0.05791753385651066,
    "ndtw": 0.33993778388895746,
    "path_length": 9.242378390041996,
    "oracle_success": 0.1875,
    "steps_taken": 67.725
}