{
    "distance_to_goal": 8.110100427024776,
    "success": 0.15424164524421594,
    "spl": 0.1532002984651183,
    "ndtw": 0.4711698542865837,
    "path_length": 4.885620610752012,
    "oracle_success": 0.16966580976863754,
    "steps_taken": 35.05526992287918
}