{
    "distance_to_goal": 8.774024674572686,
    "success": 0.11745513866231648,
    "spl": 0.1124712374781329,
    "ndtw": 0.4199612060254732,
    "path_length": 5.6060966080120345,
    "oracle_success": 0.14845024469820556,
    "steps_taken": 42.225122349102776
}