{
    "distance_to_goal": 8.4728359952569,
    "success": 0.17737789203084833,
    "spl": 0.17321708601006208,
    "ndtw": 0.4650500586692882,
    "path_length": 5.8273751441222545,
    "oracle_success": 0.20051413881748073,
    "steps_taken": 44.01799485861183
}