{
    "distance_to_goal": 8.875558547379855,
    "success": 0.14518760195758565,
    "spl": 0.1405211980116617,
    "ndtw": 0.41533206836424463,
    "path_length": 5.839129216386055,
    "oracle_success": 0.17672648178357803,
    "steps_taken": 45.63458401305057
}