{
    "distance_to_goal": 8.367117122560739,
    "success": 0.1375,
    "spl": 0.1341729902490725,
    "ndtw": 0.4659814254590759,
    "path_length": 4.827113708737306,
    "oracle_success": 0.15,
    "steps_taken": 31.8875
}