{
    "distance_to_goal": 8.921114401220303,
    "success": 0.12887438825448613,
    "spl": 0.12061021714243135,
    "ndtw": 0.40759540744085127,
    "path_length": 6.055238241775712,
    "oracle_success": 0.17074497009244155,
    "steps_taken": 48.668297988036976
}