{
    "distance_to_goal": 8.187402031128235,
    "success": 0.18508997429305912,
    "spl": 0.1820232227563544,
    "ndtw": 0.4762021242594187,
    "path_length": 5.547014616914378,
    "oracle_success": 0.20822622107969152,
    "steps_taken": 39.16195372750643
}