{
    "distance_to_goal": 8.714478326961398,
    "success": 0.1375,
    "spl": 0.1351813221054622,
    "ndtw": 0.44723077000987244,
    "path_length": 5.0912549427128395,
    "oracle_success": 0.1375,
    "steps_taken": 34.85
}