{
    "distance_to_goal": 8.533309963203795,
    "success": 0.17480719794344474,
    "spl": 0.1731458406403851,
    "ndtw": 0.4530594191646064,
    "path_length": 5.59921097067632,
    "oracle_success": 0.20051413881748073,
    "steps_taken": 38.70565552699229
}