{
    "distance_to_goal": 4.797777146100998,
    "success": 0.3333333333333333,
    "spl": 0.3333333333333333,
    "ndtw": 0.5745574563118901,
    "path_length": 12.092050859258356,
    "oracle_success": 0.3333333333333333,
    "steps_taken": 85.5
}