{
    "distance_to_goal": 9.51433006922404,
    "success": 0.0,
    "spl": 0.0,
    "ndtw": 0.4358171188975708,
    "path_length": 7.153375322620074,
    "oracle_success": 0.16666666666666666,
    "steps_taken": 102.5
}