{
    "distance_to_goal": 11.72913189008832,
    "success": 0.075,
    "spl": 0.041623834532541405,
    "ndtw": 0.19646204647798557,
    "path_length": 16.547334548068886,
    "oracle_success": 0.375,
    "steps_taken": 166.2125
}