{
    "distance_to_goal": 11.391465705633163,
    "success": 0.075,
    "spl": 0.04751823544972666,
    "ndtw": 0.2527476348526746,
    "path_length": 13.811023055976111,
    "oracle_success": 0.325,
    "steps_taken": 133.6875
}