{
    "distance_to_goal": 12.557122340798378,
    "success": 0.0375,
    "spl": 0.019128169398448816,
    "ndtw": 0.15579052792317288,
    "path_length": 17.22230641088065,
    "oracle_success": 0.425,
    "steps_taken": 167.1
}