{
    "distance_to_goal": 12.709878845512867,
    "success": 0.05,
    "spl": 0.0368294109792875,
    "ndtw": 0.16641501901286143,
    "path_length": 17.90859496785939,
    "oracle_success": 0.35,
    "steps_taken": 170.175
}