{
    "distance_to_goal": 12.660070400312543,
    "success": 0.0875,
    "spl": 0.048007058514511494,
    "ndtw": 0.19861673835791,
    "path_length": 14.991484522205429,
    "oracle_success": 0.35,
    "steps_taken": 153.4875
}