{
    "distance_to_goal": 11.023363037868451,
    "success": 0.0734094616639478,
    "spl": 0.043670903750552464,
    "ndtw": 0.20392061169697875,
    "path_length": 15.446877992376272,
    "oracle_success": 0.3278955954323002,
    "steps_taken": 156.8874388254486
}