{
    "distance_to_goal": 11.825300430506468,
    "success": 0.075,
    "spl": 0.047322615413161434,
    "ndtw": 0.21402984345531295,
    "path_length": 14.497948337174511,
    "oracle_success": 0.325,
    "steps_taken": 154.625
}