{
    "distance_to_goal": 11.055958905379386,
    "success": 0.09254498714652956,
    "spl": 0.06255570509562162,
    "ndtw": 0.25596036512037307,
    "path_length": 13.625899834665516,
    "oracle_success": 0.3444730077120823,
    "steps_taken": 137.0706940874036
}