{
    "distance_to_goal": 11.058015618042345,
    "success": 0.07326478149100257,
    "spl": 0.04241241423577892,
    "ndtw": 0.21985596345092814,
    "path_length": 15.92667040287747,
    "oracle_success": 0.38946015424164526,
    "steps_taken": 160.11953727506426
}