{
    "distance_to_goal": 11.53960426338017,
    "success": 0.0625,
    "spl": 0.03392645818344624,
    "ndtw": 0.22995277219120291,
    "path_length": 15.487319037417555,
    "oracle_success": 0.375,
    "steps_taken": 150.5
}