{
    "distance_to_goal": 11.253860019147396,
    "success": 0.0875,
    "spl": 0.06983528643695937,
    "ndtw": 0.24195195664943112,
    "path_length": 15.961223216361248,
    "oracle_success": 0.4375,
    "steps_taken": 164.725
}