{
    "distance_to_goal": 10.987113931682721,
    "success": 0.0929853181076672,
    "spl": 0.05523527175959444,
    "ndtw": 0.21601785088839265,
    "path_length": 16.20814882721139,
    "oracle_success": 0.3637846655791191,
    "steps_taken": 167.9853181076672
}