{
    "distance_to_goal": 11.619223126255761,
    "success": 0.09254498714652956,
    "spl": 0.05696898442353724,
    "ndtw": 0.18403274238890108,
    "path_length": 16.83540126400863,
    "oracle_success": 0.41259640102827766,
    "steps_taken": 164.85089974293058
}