{
    "distance_to_goal": 11.069800140656971,
    "success": 0.06812339331619537,
    "spl": 0.046512320645326816,
    "ndtw": 0.23205113092219157,
    "path_length": 15.895518172917413,
    "oracle_success": 0.43573264781491,
    "steps_taken": 150.72493573264782
}