{
    "distance_to_goal": 11.965414288640023,
    "success": 0.075,
    "spl": 0.044858110437128604,
    "ndtw": 0.24914791162305758,
    "path_length": 15.282266864873236,
    "oracle_success": 0.3375,
    "steps_taken": 152.7125
}