{
    "distance_to_goal": 11.514550231397152,
    "success": 0.075,
    "spl": 0.05242277784124586,
    "ndtw": 0.20192036600925767,
    "path_length": 15.78681892590438,
    "oracle_success": 0.4,
    "steps_taken": 144.8625
}