{
    "distance_to_goal": 12.689102102071047,
    "success": 0.075,
    "spl": 0.044665942547673775,
    "ndtw": 0.17640405818372198,
    "path_length": 17.01579553096962,
    "oracle_success": 0.35,
    "steps_taken": 161.3
}