{
    "distance_to_goal": 10.457359697400324,
    "success": 0.08863512778684067,
    "spl": 0.0631073810421687,
    "ndtw": 0.2648770584913913,
    "path_length": 13.867324157517967,
    "oracle_success": 0.3295269168026101,
    "steps_taken": 151.58673191952147
}