{
    "distance_to_goal": 11.54839996919036,
    "success": 0.0625,
    "spl": 0.03657317615075879,
    "ndtw": 0.1956075076603276,
    "path_length": 15.224916262904387,
    "oracle_success": 0.3625,
    "steps_taken": 154.725
}