{
    "distance_to_goal": 10.836922392249107,
    "success": 0.125,
    "spl": 0.07964196155463828,
    "ndtw": 0.23775841381354668,
    "path_length": 14.61727631838546,
    "oracle_success": 0.3875,
    "steps_taken": 152.85
}