{
    "distance_to_goal": 11.51016058176756,
    "success": 0.075,
    "spl": 0.0461794834239708,
    "ndtw": 0.22082871465013604,
    "path_length": 15.67140574454433,
    "oracle_success": 0.4,
    "steps_taken": 145.6125
}