{
    "distance_to_goal": 12.135987891256809,
    "success": 0.1375,
    "spl": 0.07186020076637487,
    "ndtw": 0.14109268739809183,
    "path_length": 17.458916240070533,
    "oracle_success": 0.4,
    "steps_taken": 167.45
}