{
    "distance_to_goal": 12.48288377672434,
    "success": 0.05,
    "spl": 0.03587173613173438,
    "ndtw": 0.21615865526806766,
    "path_length": 15.81972439489754,
    "oracle_success": 0.3625,
    "steps_taken": 151.55
}