{
    "distance_to_goal": 11.912362821400166,
    "success": 0.075,
    "spl": 0.050845350207492854,
    "ndtw": 0.18079098851464898,
    "path_length": 17.80005227673745,
    "oracle_success": 0.4,
    "steps_taken": 161.7625
}