{
    "distance_to_goal": 11.273498626053334,
    "success": 0.0625,
    "spl": 0.04131205618698828,
    "ndtw": 0.20647008862681196,
    "path_length": 16.326644975233787,
    "oracle_success": 0.375,
    "steps_taken": 157.4125
}