{
    "distance_to_goal": 11.449269621446728,
    "success": 0.0875,
    "spl": 0.05427722841172252,
    "ndtw": 0.22235569412220016,
    "path_length": 15.767909677048738,
    "oracle_success": 0.4,
    "steps_taken": 147.6875
}