{
    "distance_to_goal": 11.271955967485752,
    "success": 0.09640102827763496,
    "spl": 0.06615635043154122,
    "ndtw": 0.22231496285615787,
    "path_length": 16.17105697234846,
    "oracle_success": 0.43958868894601544,
    "steps_taken": 166.23393316195373
}