{
    "distance_to_goal": 11.289412909953603,
    "success": 0.07449700924415444,
    "spl": 0.05339040701334877,
    "ndtw": 0.24101392404568886,
    "path_length": 13.873982328972406,
    "oracle_success": 0.31049483414899404,
    "steps_taken": 138.758020663404
}