{
    "distance_to_goal": 11.621060699224472,
    "success": 0.0875,
    "spl": 0.06512513507033915,
    "ndtw": 0.25946163417456536,
    "path_length": 14.902532228736693,
    "oracle_success": 0.35,
    "steps_taken": 149.95
}