{
    "distance_to_goal": 11.293356761834309,
    "success": 0.08868894601542417,
    "spl": 0.05567169003276359,
    "ndtw": 0.23913754016497868,
    "path_length": 15.8254177278057,
    "oracle_success": 0.4074550128534704,
    "steps_taken": 150.03341902313625
}