{
    "distance_to_goal": 10.797845272117494,
    "success": 0.08611825192802057,
    "spl": 0.06289800210494045,
    "ndtw": 0.2604219552920456,
    "path_length": 14.857502660523926,
    "oracle_success": 0.41131105398457585,
    "steps_taken": 150.10154241645245
}