{
    "distance_to_goal": 10.373815750330687,
    "success": 0.1625,
    "spl": 0.10512762566919816,
    "ndtw": 0.2642266684718684,
    "path_length": 13.60592161520617,
    "oracle_success": 0.3625,
    "steps_taken": 139.7875
}