{
    "distance_to_goal": 11.146154227573184,
    "success": 0.12082262210796915,
    "spl": 0.07746964224915477,
    "ndtw": 0.21470040611710514,
    "path_length": 16.56994258535905,
    "oracle_success": 0.4601542416452442,
    "steps_taken": 151.40616966580976
}