{
    "distance_to_goal": 12.561802373826504,
    "success": 0.0375,
    "spl": 0.027832740760966767,
    "ndtw": 0.21701025955345407,
    "path_length": 14.40913561580237,
    "oracle_success": 0.3375,
    "steps_taken": 134.7875
}