{
    "distance_to_goal": 12.278622807562352,
    "success": 0.125,
    "spl": 0.07970708954944923,
    "ndtw": 0.1928982380904319,
    "path_length": 16.765952610496697,
    "oracle_success": 0.4375,
    "steps_taken": 147.7
}